ID	Timestamp	Emitter	Resources	Buildups	Text	Annotation	Comment
1	19:46:30:720	ztime	clay=0; ore=0; sheep=0; wheat=0; wood=0; unknown=0; knights=0; dev-cards=0		hello	 	 
2	19:47:40:695	ztime	clay=0; ore=0; sheep=0; wheat=0; wood=0; unknown=0; knights=0; dev-cards=0		hi again...	 	 
3	19:47:49:745	Shawnus	clay=0; ore=0; sheep=0; wheat=0; wood=0; unknown=0; knights=0; dev-cards=0		Bonjour	 	 
4	19:47:54:648	ztime	clay=0; ore=0; sheep=0; wheat=0; wood=0; unknown=0; knights=0; dev-cards=0		Bonjourno!	 	 
5	19:48:34:273	Shawnus	clay=0; ore=0; sheep=0; wheat=0; wood=0; unknown=0; knights=0; dev-cards=0		got my pizza and tea so i'm in my happy place	 	 
6	19:48:39:836	ztime	clay=0; ore=0; sheep=0; wheat=0; wood=0; unknown=0; knights=0; dev-cards=0		nice..	 	 
7	19:51:01:512	WoodnSheep	clay=0; ore=0; sheep=0; wheat=0; wood=0; unknown=0; knights=0; dev-cards=0		Fingers crossed this time	 	 
8	19:51:06:210	ztime	clay=0; ore=0; sheep=0; wheat=0; wood=0; unknown=0; knights=0; dev-cards=0		cool..	 	 
9	19:51:10:208	Shawnus	clay=0; ore=0; sheep=0; wheat=0; wood=0; unknown=0; knights=0; dev-cards=0		yah	 	 
10	19:51:23:214	ztime	clay=0; ore=0; sheep=0; wheat=0; wood=0; unknown=0; knights=0; dev-cards=0		ok let's get going..	 	 
11	19:52:09:474	Server	 		WoodnSheep built a settlement.	 	 
12	19:52:16:972	Server	 		WoodnSheep built a road.	 	 
13	19:52:18:645	Server	 		ztime built a settlement.	 	 
14	19:52:19:663	Server	 		ztime built a road.	 	 
15	19:52:35:467	Server	 		Shawnus built a settlement.	 	 
16	19:52:41:591	Server	 		Shawnus built a road.	 	 
17	19:53:02:607	Server	 		Shawnus built a settlement.	 	 
18	19:53:10:757	Server	 		Shawnus built a road.	 	 
19	19:53:17:715	Server	 		ztime built a settlement.	 	 
20	19:53:20:991	Server	 		ztime built a road.	 	 
21	19:54:15:406	ztime	clay=1; ore=0; sheep=0; wheat=2; wood=0; unknown=0; knights=0; dev-cards=0	roads=[88,134]; settlements=[105,150]	....hello...?	 	 
22	19:54:17:741	Shawnus	clay=1; ore=0; sheep=1; wheat=0; wood=1; unknown=0; knights=0; dev-cards=0	roads=[137,69]; settlements=[137,86]	hehehe	 	 
23	19:54:30:918	ztime	clay=1; ore=0; sheep=0; wheat=2; wood=0; unknown=0; knights=0; dev-cards=0	roads=[88,134]; settlements=[105,150]	uuuhhhh ohhhhh... same place...	 	 
24	19:54:44:483	Shawnus	clay=1; ore=0; sheep=1; wheat=0; wood=1; unknown=0; knights=0; dev-cards=0	roads=[137,69]; settlements=[137,86]	coincidence?	 	 
25	19:54:48:765	ztime	clay=1; ore=0; sheep=0; wheat=2; wood=0; unknown=0; knights=0; dev-cards=0	roads=[88,134]; settlements=[105,150]	weird...	 	 
26	19:54:57:480	Server	 		WoodnSheep built a settlement.	 	 
27	19:54:57:482	WoodnSheep	clay=0; ore=0; sheep=1; wheat=1; wood=1; unknown=0; knights=0; dev-cards=0	settlements=[116,139]	Not letting me place :(	 	 
28	19:54:58:349	Server	 		WoodnSheep built a road.	 	 
29	19:55:08:900	Server	 		WoodnSheep rolled a 2 and a 5.	 	 
30	19:55:11:886	ztime	clay=1; ore=0; sheep=0; wheat=2; wood=0; unknown=0; knights=0; dev-cards=0	roads=[88,134]; settlements=[105,150]	that's weird..	 	 
31	19:55:15:059	Shawnus	clay=1; ore=0; sheep=1; wheat=0; wood=1; unknown=0; knights=0; dev-cards=0	roads=[137,69]; settlements=[137,86]	looks like it caught up	 	 
32	19:55:20:264	ztime	clay=1; ore=0; sheep=0; wheat=2; wood=0; unknown=0; knights=0; dev-cards=0	roads=[88,134]; settlements=[105,150]	ok.. seems like it's working	 	 
33	19:55:53:762	Server	 		ztime rolled a 1 and a 2.	 	 
34	19:55:53:763	Server	 		Shawnus gets 1 clay.	 	 
35	19:56:18:439	ztime	clay=1; ore=0; sheep=0; wheat=1; wood=0; unknown=0; knights=0; dev-cards=0	roads=[88,134]; settlements=[105,150]	anyone want wheat? I'm after wood	 	 
36	19:56:27:955	WoodnSheep	clay=0; ore=0; sheep=1; wheat=2; wood=1; unknown=0; knights=0; dev-cards=0	roads=[99,139]; settlements=[116,139]	can't help, sorry	 	 
37	19:56:35:126	Shawnus	clay=2; ore=0; sheep=1; wheat=0; wood=1; unknown=0; knights=0; dev-cards=0	roads=[137,69]; settlements=[137,86]	Not spare sorry	 	 
38	19:56:38:233	ztime	clay=1; ore=0; sheep=0; wheat=1; wood=0; unknown=0; knights=0; dev-cards=0	roads=[88,134]; settlements=[105,150]	o	 	 
39	19:56:39:149	ztime	clay=1; ore=0; sheep=0; wheat=1; wood=0; unknown=0; knights=0; dev-cards=0	roads=[88,134]; settlements=[105,150]	k	 	 
40	19:56:42:529	Shawnus	clay=2; ore=0; sheep=1; wheat=0; wood=1; unknown=0; knights=0; dev-cards=0	roads=[137,69]; settlements=[137,86]	(how polite we all are)	 	 
41	19:56:46:404	Server	 		Shawnus rolled a 5 and a 6.	 	 
42	19:56:46:404	Server	 		Shawnus gets 1 ore, 1 sheep.	 	 
43	19:56:47:185	WoodnSheep	clay=0; ore=0; sheep=1; wheat=2; wood=1; unknown=0; knights=0; dev-cards=0	roads=[99,139]; settlements=[116,139]	haha	 	 
44	19:56:47:446	ztime	clay=1; ore=0; sheep=0; wheat=1; wood=0; unknown=0; knights=0; dev-cards=0	roads=[88,134]; settlements=[105,150]	yarp	 	 
45	19:57:19:121	Server	 		Shawnus built a road.	 	 
46	19:57:32:761	Server	 		WoodnSheep rolled a 3 and a 6.	 	 
47	19:57:32:761	Server	 		ztime gets 1 clay, 1 wheat.	 	 
48	19:58:00:620	WoodnSheep	clay=0; ore=0; sheep=1; wheat=2; wood=1; unknown=0; knights=0; dev-cards=0	roads=[99,139]; settlements=[116,139]	I'd like some clay	 	 
49	19:58:05:796	ztime	clay=2; ore=0; sheep=0; wheat=2; wood=0; unknown=0; knights=0; dev-cards=0	roads=[88,134]; settlements=[105,150]	for...?	 	 
50	19:58:08:328	WoodnSheep	clay=0; ore=0; sheep=1; wheat=2; wood=1; unknown=0; knights=0; dev-cards=0	roads=[99,139]; settlements=[116,139]	I have wheat	 	 
51	19:58:08:508	ztime	clay=2; ore=0; sheep=0; wheat=2; wood=0; unknown=0; knights=0; dev-cards=0	roads=[88,134]; settlements=[105,150]	wood?	 	 
52	19:58:11:936	WoodnSheep	clay=0; ore=0; sheep=1; wheat=2; wood=1; unknown=0; knights=0; dev-cards=0	roads=[99,139]; settlements=[116,139]	maybe sheep	 	 
53	19:58:16:733	ztime	clay=2; ore=0; sheep=0; wheat=2; wood=0; unknown=0; knights=0; dev-cards=0	roads=[88,134]; settlements=[105,150]	ok	 	 
54	19:58:17:237	WoodnSheep	clay=0; ore=0; sheep=1; wheat=2; wood=1; unknown=0; knights=0; dev-cards=0	roads=[99,139]; settlements=[116,139]	no wood sorry	 	 
55	19:58:21:177	ztime	clay=2; ore=0; sheep=0; wheat=2; wood=0; unknown=0; knights=0; dev-cards=0	roads=[88,134]; settlements=[105,150]	ok 1 sheep	 	 
56	19:58:26:707	ztime	clay=2; ore=0; sheep=0; wheat=2; wood=0; unknown=0; knights=0; dev-cards=0	roads=[88,134]; settlements=[105,150]	for 1 clay	 	 
57	19:58:47:652	Server	 		ztime rolled a 2 and a 2.	 	 
58	19:58:47:654	Server	 		Shawnus gets 1 sheep.	 	 
59	19:58:54:572	ztime	clay=2; ore=0; sheep=0; wheat=2; wood=0; unknown=0; knights=0; dev-cards=0	roads=[88,134]; settlements=[105,150]	?	 	 
60	19:59:03:693	WoodnSheep	clay=0; ore=0; sheep=1; wheat=2; wood=1; unknown=0; knights=0; dev-cards=0	roads=[99,139]; settlements=[116,139]	not sure what happened there	 	 
61	19:59:08:688	WoodnSheep	clay=0; ore=0; sheep=1; wheat=2; wood=1; unknown=0; knights=0; dev-cards=0	roads=[99,139]; settlements=[116,139]	This game doesn't like me	 	 
62	19:59:13:580	ztime	clay=2; ore=0; sheep=0; wheat=2; wood=0; unknown=0; knights=0; dev-cards=0	roads=[88,134]; settlements=[105,150]	anyone want clay.. I'm after wood..	 	 
63	19:59:19:990	ztime	clay=2; ore=0; sheep=0; wheat=2; wood=0; unknown=0; knights=0; dev-cards=0	roads=[88,134]; settlements=[105,150]	or sheep	 	 
64	19:59:30:145	Shawnus	clay=1; ore=1; sheep=3; wheat=0; wood=0; unknown=0; knights=0; dev-cards=0	roads=[137,69; 69,68]; settlements=[137,86]	I have spare sheep	 	 
65	19:59:32:779	ztime	clay=2; ore=0; sheep=0; wheat=2; wood=0; unknown=0; knights=0; dev-cards=0	roads=[88,134]; settlements=[105,150]	ok	 	 
66	19:59:45:186	WoodnSheep	clay=0; ore=0; sheep=1; wheat=2; wood=1; unknown=0; knights=0; dev-cards=0	roads=[99,139]; settlements=[116,139]	my settlement didn't end up where it was supposed to either	 	 
67	19:59:49:264	Server	 		ztime made an offer to trade 1 clay for 1 sheep.	 	 
68	19:59:53:587	ztime	clay=2; ore=0; sheep=0; wheat=2; wood=0; unknown=0; knights=0; dev-cards=0	roads=[88,134]; settlements=[105,150]	huh?	 	 
69	19:59:53:939	Server	 		ztime traded 1 clay for 1 sheep from Shawnus.	 	 
70	19:59:56:573	ztime	clay=1; ore=0; sheep=1; wheat=2; wood=0; unknown=0; knights=0; dev-cards=0	roads=[88,134]; settlements=[105,150]	weird...	 	 
71	20:00:11:557	ztime	clay=1; ore=0; sheep=1; wheat=2; wood=0; unknown=0; knights=0; dev-cards=0	roads=[88,134]; settlements=[105,150]	thanks for the trade	 	 
72	20:00:19:351	Server	 		Shawnus rolled a 1 and a 3.	 	 
73	20:00:19:352	Server	 		Shawnus gets 1 sheep.	 	 
74	20:00:27:765	WoodnSheep	clay=0; ore=0; sheep=1; wheat=2; wood=1; unknown=0; knights=0; dev-cards=0	roads=[99,139]; settlements=[116,139]	I clicked where I wanted it a couple of times, then out of fraustration clicked somewhere else, at w	 	 
75	20:00:37:840	WoodnSheep	clay=0; ore=0; sheep=1; wheat=2; wood=1; unknown=0; knights=0; dev-cards=0	roads=[99,139]; settlements=[116,139]	which isn't such a huge issue, but is a little strange	 	 
76	20:00:46:184	Shawnus	clay=2; ore=1; sheep=3; wheat=0; wood=0; unknown=0; knights=0; dev-cards=0	roads=[137,69; 69,68]; settlements=[137,86]	might be web lag?	 	 
77	20:00:51:975	ztime	clay=1; ore=0; sheep=1; wheat=2; wood=0; unknown=0; knights=0; dev-cards=0	roads=[88,134]; settlements=[105,150]	do you have flatmates downloading lots of data???	 	 
78	20:00:57:756	ztime	clay=1; ore=0; sheep=1; wheat=2; wood=0; unknown=0; knights=0; dev-cards=0	roads=[88,134]; settlements=[105,150]	eating up the bandwidth?	 	 
79	20:00:59:677	WoodnSheep	clay=0; ore=0; sheep=1; wheat=2; wood=1; unknown=0; knights=0; dev-cards=0	roads=[99,139]; settlements=[116,139]	Thats what I'm thinking	 	 
80	20:01:04:795	Server	 		WoodnSheep rolled a 5 and a 2.	 	 
81	20:01:27:632	Shawnus	clay=2; ore=1; sheep=3; wheat=0; wood=0; unknown=0; knights=0; dev-cards=0	roads=[137,69; 69,68]; settlements=[137,86]	damn internet sharing *shakes fist*	 	 
82	20:01:56:307	ztime	clay=1; ore=0; sheep=0; wheat=2; wood=0; unknown=0; knights=0; dev-cards=0	roads=[88,134]; settlements=[105,150]	damn...	 	 
83	20:02:03:179	WoodnSheep	clay=0; ore=0; sheep=2; wheat=2; wood=1; unknown=0; knights=0; dev-cards=0	roads=[99,139]; settlements=[116,139]	nope, they are watching dvds downstiars to avoid said internet problem	 	 
84	20:02:11:742	ztime	clay=1; ore=0; sheep=0; wheat=2; wood=0; unknown=0; knights=0; dev-cards=0	roads=[88,134]; settlements=[105,150]	how very nice of them...	 	 
85	20:02:14:234	WoodnSheep	clay=0; ore=0; sheep=2; wheat=2; wood=1; unknown=0; knights=0; dev-cards=0	roads=[99,139]; settlements=[116,139]	er sheep for clay attempt 2?	 	 
86	20:02:28:751	ztime	clay=1; ore=0; sheep=0; wheat=2; wood=0; unknown=0; knights=0; dev-cards=0	roads=[88,134]; settlements=[105,150]	no sorry.. you just stole my sheep	 	 
87	20:02:33:004	Shawnus	clay=2; ore=1; sheep=3; wheat=0; wood=0; unknown=0; knights=0; dev-cards=0	roads=[137,69; 69,68]; settlements=[137,86]	hahaha	 	 
88	20:02:36:570	WoodnSheep	clay=0; ore=0; sheep=2; wheat=2; wood=1; unknown=0; knights=0; dev-cards=0	roads=[99,139]; settlements=[116,139]	ahh my semi appologies	 	 
89	20:02:39:970	ztime	clay=1; ore=0; sheep=0; wheat=2; wood=0; unknown=0; knights=0; dev-cards=0	roads=[88,134]; settlements=[105,150]	haha	 	 
90	20:02:48:608	WoodnSheep	clay=0; ore=0; sheep=2; wheat=2; wood=1; unknown=0; knights=0; dev-cards=0	roads=[99,139]; settlements=[116,139]	shawnus, any clay for me?	 	 
91	20:03:16:701	Shawnus	clay=2; ore=1; sheep=3; wheat=0; wood=0; unknown=0; knights=0; dev-cards=0	roads=[137,69; 69,68]; settlements=[137,86]	For anything but sheep?	 	 
92	20:03:23:844	WoodnSheep	clay=0; ore=0; sheep=2; wheat=2; wood=1; unknown=0; knights=0; dev-cards=0	roads=[99,139]; settlements=[116,139]	wheat?	 	 
93	20:03:26:429	Shawnus	clay=2; ore=1; sheep=3; wheat=0; wood=0; unknown=0; knights=0; dev-cards=0	roads=[137,69; 69,68]; settlements=[137,86]	sure	 	 
94	20:03:42:428	Server	 		WoodnSheep made an offer to trade 1 wheat for 1 clay.	 	 
95	20:03:45:035	Server	 		WoodnSheep traded 1 wheat for 1 clay from Shawnus.	 	 
96	20:03:49:018	ztime	clay=1; ore=0; sheep=0; wheat=2; wood=0; unknown=0; knights=0; dev-cards=0	roads=[88,134]; settlements=[105,150]	how's that pizza?	 	 
97	20:03:57:600	Server	 		WoodnSheep built a road.	 	 
98	20:04:08:479	Shawnus	clay=1; ore=1; sheep=3; wheat=1; wood=0; unknown=0; knights=0; dev-cards=0	roads=[137,69; 69,68]; settlements=[137,86]	it was a good concept...	 	 
99	20:04:08:561	Server	 		ztime rolled a 5 and a 6.	 	 
100	20:04:08:562	Server	 		Shawnus gets 1 ore, 1 sheep.	 	 
101	20:04:21:917	Server	 		Shawnus rolled a 3 and a 3.	 	 
102	20:04:21:917	Server	 		ztime gets 1 wood. Shawnus gets 1 wood.	 	 
103	20:04:24:628	WoodnSheep	clay=0; ore=0; sheep=2; wheat=1; wood=0; unknown=0; knights=0; dev-cards=0	roads=[99,139; 139,156]; settlements=[116,139]	now I really want pizza...	 	 
104	20:04:35:575	WoodnSheep	clay=0; ore=0; sheep=2; wheat=1; wood=0; unknown=0; knights=0; dev-cards=0	roads=[99,139; 139,156]; settlements=[116,139]	or some good dice rolls	 	 
105	20:04:52:918	Server	 		Shawnus built a settlement.	 	 
106	20:04:53:380	WoodnSheep	clay=0; ore=0; sheep=2; wheat=1; wood=0; unknown=0; knights=0; dev-cards=0	roads=[99,139; 139,156]; settlements=[116,139]	preferbly dice rolls	 	 
107	20:04:56:480	ztime	clay=1; ore=0; sheep=0; wheat=2; wood=1; unknown=0; knights=0; dev-cards=0	roads=[88,134]; settlements=[105,150]	look into my eyes, not around the eyes, not around the eyes.. you're under..	 	 
108	20:05:02:214	Shawnus	clay=0; ore=2; sheep=3; wheat=0; wood=0; unknown=0; knights=0; dev-cards=0	roads=[137,69; 69,68]; settlements=[137,86; 86,84]	hahaha	 	 
109	20:05:03:690	ztime	clay=1; ore=0; sheep=0; wheat=2; wood=1; unknown=0; knights=0; dev-cards=0	roads=[88,134]; settlements=[105,150]	you will give me all your resources..	 	 
110	20:05:10:054	Server	 		WoodnSheep rolled a 6 and a 6.	 	 
111	20:05:10:055	Server	 		No player gets anything.	 	 
112	20:05:27:126	Shawnus	clay=0; ore=2; sheep=3; wheat=0; wood=0; unknown=0; knights=0; dev-cards=0	roads=[137,69; 69,68]; settlements=[137,86; 86,84]	oh i fully expect people to take my resources so I have to spend them quick!	 	 
113	20:05:28:702	Server	 		ztime rolled a 1 and a 6.	 	 
114	20:05:47:072	WoodnSheep	clay=0; ore=0; sheep=2; wheat=1; wood=0; unknown=0; knights=0; dev-cards=0	roads=[99,139; 139,156]; settlements=[116,139]	If only I had some to spend!	 	 
115	20:06:00:221	ztime	clay=1; ore=0; sheep=0; wheat=2; wood=1; unknown=0; knights=0; dev-cards=0	roads=[88,134]; settlements=[105,150]	this is weird.. I have material but can't buy	 	 
116	20:06:10:057	Shawnus	clay=0; ore=2; sheep=3; wheat=0; wood=0; unknown=0; knights=0; dev-cards=0	roads=[137,69; 69,68]; settlements=[137,86; 86,84]	have to move robber first?	 	 
117	20:06:11:706	ztime	clay=1; ore=0; sheep=0; wheat=2; wood=1; unknown=0; knights=0; dev-cards=0	roads=[88,134]; settlements=[105,150]	oh.. 7	 	 
118	20:06:13:168	ztime	clay=1; ore=0; sheep=0; wheat=2; wood=1; unknown=0; knights=0; dev-cards=0	roads=[88,134]; settlements=[105,150]	thanks	 	 
119	20:06:17:333	Shawnus	clay=0; ore=2; sheep=3; wheat=0; wood=0; unknown=0; knights=0; dev-cards=0	roads=[137,69; 69,68]; settlements=[137,86; 86,84]	np :)	 	 
120	20:06:22:427	ztime	clay=1; ore=0; sheep=0; wheat=3; wood=1; unknown=0; knights=0; dev-cards=0	roads=[88,134]; settlements=[105,150]	:-)	 	 
121	20:06:33:507	WoodnSheep	clay=0; ore=0; sheep=2; wheat=0; wood=0; unknown=0; knights=0; dev-cards=0	roads=[99,139; 139,156]; settlements=[116,139]	:(	 	 
122	20:06:36:551	Server	 		ztime built a road.	 	 
123	20:06:43:829	ztime	clay=0; ore=0; sheep=0; wheat=3; wood=0; unknown=0; knights=0; dev-cards=0	roads=[88,134; 134,118]; settlements=[105,150]	thanks	 	 
124	20:06:46:404	Server	 		Shawnus rolled a 5 and a 6.	 	 
125	20:06:46:405	Server	 		Shawnus gets 1 ore, 1 sheep.	 	 
126	20:06:48:580	Shawnus	clay=0; ore=3; sheep=4; wheat=0; wood=0; unknown=0; knights=0; dev-cards=0	roads=[137,69; 69,68]; settlements=[137,86; 86,84]	thought with your lag you wouldnt notice for two turns :D	 	 
127	20:07:11:625	WoodnSheep	clay=0; ore=0; sheep=2; wheat=0; wood=0; unknown=0; knights=0; dev-cards=0	roads=[99,139; 139,156]; settlements=[116,139]	ha	 	 
128	20:07:15:452	WoodnSheep	clay=0; ore=0; sheep=2; wheat=0; wood=0; unknown=0; knights=0; dev-cards=0	roads=[99,139; 139,156]; settlements=[116,139]	Its not that bad	 	 
129	20:07:22:520	Shawnus	clay=0; ore=3; sheep=4; wheat=0; wood=0; unknown=0; knights=0; dev-cards=0	roads=[137,69; 69,68]; settlements=[137,86; 86,84]	anyone want to trade sheep for wheat?	 	 
130	20:07:31:727	ztime	clay=0; ore=0; sheep=0; wheat=3; wood=0; unknown=0; knights=0; dev-cards=0	roads=[88,134; 134,118]; settlements=[105,150]	you giving wheat?	 	 
131	20:07:37:379	WoodnSheep	clay=0; ore=0; sheep=2; wheat=0; wood=0; unknown=0; knights=0; dev-cards=0	roads=[99,139; 139,156]; settlements=[116,139]	my resources all got stolen...	 	 
132	20:07:39:211	Shawnus	clay=0; ore=3; sheep=4; wheat=0; wood=0; unknown=0; knights=0; dev-cards=0	roads=[137,69; 69,68]; settlements=[137,86; 86,84]	need wheat	 	 
133	20:07:47:670	ztime	clay=0; ore=0; sheep=0; wheat=3; wood=0; unknown=0; knights=0; dev-cards=0	roads=[88,134; 134,118]; settlements=[105,150]	ok I can give 1 wheat	 	 
134	20:08:00:669	WoodnSheep	clay=0; ore=0; sheep=2; wheat=0; wood=0; unknown=0; knights=0; dev-cards=0	roads=[99,139; 139,156]; settlements=[116,139]	my wheat might I point out :p	 	 
135	20:08:07:215	ztime	clay=0; ore=0; sheep=0; wheat=3; wood=0; unknown=0; knights=0; dev-cards=0	roads=[88,134; 134,118]; settlements=[105,150]	my sheep!	 	 
136	20:08:13:366	ztime	clay=0; ore=0; sheep=0; wheat=3; wood=0; unknown=0; knights=0; dev-cards=0	roads=[88,134; 134,118]; settlements=[105,150]	:-)	 	 
137	20:08:20:483	Server	 		Shawnus made an offer to trade 1 sheep for 1 wheat.	 	 
138	20:08:24:109	Server	 		Shawnus traded 1 sheep for 1 wheat from ztime.	 	 
139	20:08:43:374	Server	 		WoodnSheep rolled a 1 and a 6.	 	 
140	20:09:10:882	ztime	clay=0; ore=0; sheep=1; wheat=2; wood=0; unknown=0; knights=0; dev-cards=0	roads=[88,134; 134,118]; settlements=[105,150]	haha	 	 
141	20:09:12:683	Shawnus	clay=0; ore=3; sheep=2; wheat=1; wood=0; unknown=0; knights=0; dev-cards=0	roads=[137,69; 69,68]; settlements=[137,86; 86,84]	4th robber move?	 	 
142	20:09:24:108	ztime	clay=0; ore=0; sheep=1; wheat=2; wood=0; unknown=0; knights=0; dev-cards=0	roads=[88,134; 134,118]; settlements=[105,150]	lucky 7s	 	 
143	20:09:25:749	WoodnSheep	clay=0; ore=0; sheep=3; wheat=0; wood=0; unknown=0; knights=0; dev-cards=0	roads=[99,139; 139,156]; settlements=[116,139]	Sooo, anyone want sheep?	 	 
144	20:09:32:498	ztime	clay=0; ore=0; sheep=1; wheat=2; wood=0; unknown=0; knights=0; dev-cards=0	roads=[88,134; 134,118]; settlements=[105,150]	no thanks	 	 
145	20:09:34:905	WoodnSheep	clay=0; ore=0; sheep=3; wheat=0; wood=0; unknown=0; knights=0; dev-cards=0	roads=[99,139; 139,156]; settlements=[116,139]	I'm open to suggestions as to what for	 	 
146	20:09:39:920	ztime	clay=0; ore=0; sheep=1; wheat=2; wood=0; unknown=0; knights=0; dev-cards=0	roads=[88,134; 134,118]; settlements=[105,150]	sheep	 	 
147	20:09:41:915	Shawnus	clay=0; ore=3; sheep=2; wheat=1; wood=0; unknown=0; knights=0; dev-cards=0	roads=[137,69; 69,68]; settlements=[137,86; 86,84]	oh my...my poor sheep. Should be called WolfnSheep	 	 
148	20:09:50:224	Shawnus	clay=0; ore=3; sheep=2; wheat=1; wood=0; unknown=0; knights=0; dev-cards=0	roads=[137,69; 69,68]; settlements=[137,86; 86,84]	haha	 	 
149	20:09:59:181	WoodnSheep	clay=0; ore=0; sheep=3; wheat=0; wood=0; unknown=0; knights=0; dev-cards=0	roads=[99,139; 139,156]; settlements=[116,139]	haha	 	 
150	20:10:02:313	Shawnus	clay=0; ore=3; sheep=2; wheat=1; wood=0; unknown=0; knights=0; dev-cards=0	roads=[137,69; 69,68]; settlements=[137,86; 86,84]	dont want it...it's dirty now	 	 
151	20:10:07:176	Server	 		ztime rolled a 3 and a 4.	 	 
152	20:10:21:809	ztime	clay=0; ore=0; sheep=1; wheat=2; wood=0; unknown=0; knights=0; dev-cards=0	roads=[88,134; 134,118]; settlements=[105,150]	anyone have ore? I'm giving away a sheep	 	 
153	20:10:35:413	WoodnSheep	clay=0; ore=0; sheep=3; wheat=0; wood=0; unknown=0; knights=0; dev-cards=0	roads=[99,139; 139,156]; settlements=[116,139]	ha	 	 
154	20:10:43:981	WoodnSheep	clay=0; ore=0; sheep=3; wheat=0; wood=0; unknown=0; knights=0; dev-cards=0	roads=[99,139; 139,156]; settlements=[116,139]	nothing short of a miracle will result in me owning ore	 	 
155	20:11:00:107	ztime	clay=0; ore=0; sheep=2; wheat=2; wood=0; unknown=0; knights=0; dev-cards=0	roads=[88,134; 134,118]; settlements=[105,150]	I'll nick something then...	 	 
156	20:11:02:263	WoodnSheep	clay=0; ore=0; sheep=2; wheat=0; wood=0; unknown=0; knights=0; dev-cards=0	roads=[99,139; 139,156]; settlements=[116,139]	or anything by the looks of this robber	 	 
157	20:11:09:597	Server	 		Shawnus rolled a 4 and a 3.	 	 
158	20:11:23:178	ztime	clay=0; ore=0; sheep=2; wheat=2; wood=0; unknown=0; knights=0; dev-cards=0	roads=[88,134; 134,118]; settlements=[105,150]	7 again...	 	 
159	20:11:28:950	ztime	clay=0; ore=0; sheep=2; wheat=2; wood=0; unknown=0; knights=0; dev-cards=0	roads=[88,134; 134,118]; settlements=[105,150]	what's happened to randomness	 	 
160	20:11:32:705	WoodnSheep	clay=0; ore=0; sheep=2; wheat=0; wood=0; unknown=0; knights=0; dev-cards=0	roads=[99,139; 139,156]; settlements=[116,139]	ha	 	 
161	20:11:38:483	WoodnSheep	clay=0; ore=0; sheep=1; wheat=0; wood=0; unknown=0; knights=0; dev-cards=0	roads=[99,139; 139,156]; settlements=[116,139]	technically it is the most likely number I guess	 	 
162	20:11:41:119	WoodnSheep	clay=0; ore=0; sheep=1; wheat=0; wood=0; unknown=0; knights=0; dev-cards=0	roads=[99,139; 139,156]; settlements=[116,139]	grrrr	 	 
163	20:11:41:191	Shawnus	clay=0; ore=3; sheep=3; wheat=1; wood=0; unknown=0; knights=0; dev-cards=0	roads=[137,69; 69,68]; settlements=[137,86; 86,84]	:D	 	 
164	20:11:50:795	WoodnSheep	clay=0; ore=0; sheep=1; wheat=0; wood=0; unknown=0; knights=0; dev-cards=0	roads=[99,139; 139,156]; settlements=[116,139]	I am hemouraging resources here!	 	 
165	20:11:52:345	Shawnus	clay=0; ore=3; sheep=3; wheat=1; wood=0; unknown=0; knights=0; dev-cards=0	roads=[137,69; 69,68]; settlements=[137,86; 86,84]	oh..this is the dirty one..	 	 
166	20:12:24:455	Server	 		WoodnSheep rolled a 2 and a 1.	 	 
167	20:12:24:456	Server	 		Shawnus gets 2 clay.	 	 
168	20:12:33:639	Server	 		ztime rolled a 6 and a 1.	 	 
169	20:12:51:897	ztime	clay=0; ore=0; sheep=2; wheat=2; wood=0; unknown=0; knights=0; dev-cards=0	roads=[88,134; 134,118]; settlements=[105,150]	anyone want wheat? I'm after clay.. or wood	 	 
170	20:13:06:822	Shawnus	clay=2; ore=2; sheep=2; wheat=0; wood=0; unknown=0; knights=0; dev-cards=1	roads=[137,69; 69,68]; settlements=[137,86; 86,84]	ok, after you move the dude	 	 
171	20:13:14:100	Shawnus	clay=2; ore=2; sheep=2; wheat=0; wood=0; unknown=0; knights=0; dev-cards=1	roads=[137,69; 69,68]; settlements=[137,86; 86,84]	clay for wheat	 	 
172	20:13:14:970	ztime	clay=0; ore=0; sheep=2; wheat=2; wood=0; unknown=0; knights=0; dev-cards=0	roads=[88,134; 134,118]; settlements=[105,150]	7... damn. thanks	 	 
173	20:13:25:870	Shawnus	clay=2; ore=2; sheep=2; wheat=0; wood=0; unknown=0; knights=0; dev-cards=1	roads=[137,69; 69,68]; settlements=[137,86; 86,84]	hahahaha	 	 
174	20:13:37:528	WoodnSheep	clay=0; ore=0; sheep=0; wheat=0; wood=0; unknown=0; knights=0; dev-cards=0	roads=[99,139; 139,156]; settlements=[116,139]	one of these days someone other than me will get stolen from	 	 
175	20:13:40:332	Shawnus	clay=2; ore=2; sheep=2; wheat=0; wood=0; unknown=0; knights=0; dev-cards=1	roads=[137,69; 69,68]; settlements=[137,86; 86,84]	sitting on my pown at the table laughing my arse off	 	 
176	20:13:40:794	ztime	clay=0; ore=0; sheep=3; wheat=2; wood=0; unknown=0; knights=0; dev-cards=0	roads=[88,134; 134,118]; settlements=[105,150]	anyone (Shawnus) want wheat?	 	 
177	20:13:48:789	Shawnus	clay=2; ore=2; sheep=2; wheat=0; wood=0; unknown=0; knights=0; dev-cards=1	roads=[137,69; 69,68]; settlements=[137,86; 86,84]	yes	 	 
178	20:13:50:951	Shawnus	clay=2; ore=2; sheep=2; wheat=0; wood=0; unknown=0; knights=0; dev-cards=1	roads=[137,69; 69,68]; settlements=[137,86; 86,84]	for clay?	 	 
179	20:13:53:590	ztime	clay=0; ore=0; sheep=3; wheat=2; wood=0; unknown=0; knights=0; dev-cards=0	roads=[88,134; 134,118]; settlements=[105,150]	yep	 	 
180	20:13:56:294	Shawnus	clay=2; ore=2; sheep=2; wheat=0; wood=0; unknown=0; knights=0; dev-cards=1	roads=[137,69; 69,68]; settlements=[137,86; 86,84]	k	 	 
181	20:14:03:640	Server	 		ztime made an offer to trade 1 wheat for 1 clay.	 	 
182	20:14:04:684	WoodnSheep	clay=0; ore=0; sheep=0; wheat=0; wood=0; unknown=0; knights=0; dev-cards=0	roads=[99,139; 139,156]; settlements=[116,139]	the good news is I now have no resources, and therefore no need to steel from me :D	 	 
183	20:14:11:503	Server	 		ztime traded 1 wheat for 1 clay from Shawnus.	 	 
184	20:14:21:316	Shawnus	clay=1; ore=2; sheep=2; wheat=1; wood=0; unknown=0; knights=0; dev-cards=1	roads=[137,69; 69,68]; settlements=[137,86; 86,84]	you are safe...for now...mwahahahaha	 	 
185	20:14:25:491	Server	 		Shawnus rolled a 4 and a 2.	 	 
186	20:14:25:492	Server	 		ztime gets 1 wood. Shawnus gets 1 wood.	 	 
187	20:15:11:904	Server	 		Shawnus built a road.	 	 
188	20:15:19:276	Server	 		WoodnSheep rolled a 1 and a 4.	 	 
189	20:15:19:277	Server	 		ztime gets 1 wood. Shawnus gets 1 wood. WoodnSheep gets 1 wheat, 1 wood.	 	 
190	20:15:36:686	Server	 		ztime rolled a 6 and a 4.	 	 
191	20:15:36:687	Server	 		ztime gets 1 clay. WoodnSheep gets 1 clay, 1 sheep.	 	 
192	20:15:40:866	Server	 		ztime built a settlement.	 	 
193	20:15:50:868	Server	 		ztime built a road.	 	 
194	20:15:56:958	Shawnus	clay=0; ore=2; sheep=2; wheat=1; wood=1; unknown=0; knights=0; dev-cards=1	roads=[137,69; 69,68; 68,86]; settlements=[137,86; 86,84]	going to corner the clay market? ;)	 	 
195	20:15:59:712	Server	 		Shawnus rolled a 6 and a 3.	 	 
196	20:15:59:713	Server	 		ztime gets 1 clay, 1 wheat.	 	 
197	20:16:07:976	ztime	clay=1; ore=0; sheep=2; wheat=1; wood=0; unknown=0; knights=0; dev-cards=0	roads=[88,134; 134,118; 118,150]; settlements=[105,150; 150,118]	always useful....	 	 
198	20:16:17:198	Server	 		WoodnSheep rolled a 4 and a 2.	 	 
199	20:16:17:199	Server	 		ztime gets 1 wood. Shawnus gets 1 wood.	 	 
200	20:16:26:895	Server	 		WoodnSheep built a settlement.	 	 
201	20:16:35:378	Server	 		ztime rolled a 6 and a 2.	 	 
202	20:16:35:379	Server	 		Shawnus gets 1 wood. WoodnSheep gets 1 wood.	 	 
203	20:16:51:161	Server	 		ztime built a road.	 	 
204	20:16:59:060	Server	 		Shawnus rolled a 5 and a 1.	 	 
205	20:16:59:060	Server	 		ztime gets 1 wood. Shawnus gets 1 wood.	 	 
206	20:17:11:879	Shawnus	clay=0; ore=2; sheep=2; wheat=1; wood=4; unknown=0; knights=0; dev-cards=1	roads=[137,69; 69,68; 68,86]; settlements=[137,86; 86,84]	anyone need wood?	 	 
207	20:17:17:007	ztime	clay=0; ore=0; sheep=2; wheat=1; wood=1; unknown=0; knights=0; dev-cards=0	roads=[88,134; 134,118; 118,150; 150,166]; settlements=[105,150; 150,118]	no sorry	 	 
208	20:17:33:807	WoodnSheep	clay=0; ore=0; sheep=0; wheat=0; wood=1; unknown=0; knights=0; dev-cards=0	roads=[99,139; 139,156]; settlements=[116,139; 139,173]	no sorry	 	 
209	20:17:35:115	Shawnus	clay=0; ore=2; sheep=2; wheat=1; wood=4; unknown=0; knights=0; dev-cards=1	roads=[137,69; 69,68; 68,86]; settlements=[137,86; 86,84]	Wolfie?	 	 
210	20:17:36:787	Shawnus	clay=0; ore=2; sheep=2; wheat=1; wood=4; unknown=0; knights=0; dev-cards=1	roads=[137,69; 69,68; 68,86]; settlements=[137,86; 86,84]	ok	 	 
211	20:17:52:701	Server	 		WoodnSheep rolled a 5 and a 2.	 	 
212	20:17:55:258	WoodnSheep	clay=0; ore=0; sheep=0; wheat=0; wood=1; unknown=0; knights=0; dev-cards=0	roads=[99,139; 139,156]; settlements=[116,139; 139,173]	friend of mine has an incredibly beautiful dog called wolfie	 	 
213	20:18:04:505	Shawnus	clay=0; ore=1; sheep=1; wheat=0; wood=4; unknown=0; knights=0; dev-cards=2	roads=[137,69; 69,68; 68,86]; settlements=[137,86; 86,84]	Is it a wolf?	 	 
214	20:18:06:449	ztime	clay=0; ore=0; sheep=2; wheat=1; wood=1; unknown=0; knights=0; dev-cards=0	roads=[88,134; 134,118; 118,150; 150,166]; settlements=[105,150; 150,118]	7 ha haha	 	 
215	20:18:19:371	WoodnSheep	clay=0; ore=0; sheep=0; wheat=1; wood=1; unknown=0; knights=0; dev-cards=0	roads=[99,139; 139,156]; settlements=[116,139; 139,173]	I'd like a clay	 	 
216	20:18:19:953	Shawnus	clay=0; ore=1; sheep=1; wheat=0; wood=4; unknown=0; knights=0; dev-cards=2	roads=[137,69; 69,68; 68,86]; settlements=[137,86; 86,84]	shouldn't have laughed..	 	 
217	20:18:26:633	WoodnSheep	clay=0; ore=0; sheep=0; wheat=1; wood=1; unknown=0; knights=0; dev-cards=0	roads=[99,139; 139,156]; settlements=[116,139; 139,173]	I have a wheat?	 	 
218	20:18:30:686	Shawnus	clay=0; ore=1; sheep=1; wheat=0; wood=4; unknown=0; knights=0; dev-cards=2	roads=[137,69; 69,68; 68,86]; settlements=[137,86; 86,84]	i just have wood	 	 
219	20:18:40:870	ztime	clay=0; ore=0; sheep=2; wheat=0; wood=1; unknown=0; knights=0; dev-cards=0	roads=[88,134; 134,118; 118,150; 150,166]; settlements=[105,150; 150,118]	I had wheat once...	 	 
220	20:18:53:917	Server	 		ztime rolled a 4 and a 6.	 	 
221	20:18:53:918	Server	 		ztime gets 2 clay. WoodnSheep gets 1 clay, 1 sheep.	 	 
222	20:19:01:080	Server	 		ztime built a road.	 	 
223	20:19:22:850	WoodnSheep	clay=1; ore=0; sheep=1; wheat=1; wood=1; unknown=0; knights=0; dev-cards=0	roads=[99,139; 139,156]; settlements=[116,139; 139,173]	Its a husky cross alsation, so its about as close to being a wolf as you get in London	 	 
224	20:19:31:568	Server	 		Shawnus rolled a 2 and a 2.	 	 
225	20:19:31:569	Server	 		Shawnus gets 1 sheep, 1 wood.	 	 
226	20:19:40:198	Shawnus	clay=1; ore=1; sheep=2; wheat=0; wood=5; unknown=0; knights=1; dev-cards=1	roads=[137,69; 69,68; 68,86]; settlements=[137,86; 86,84]	i want a husky :(	 	 
227	20:19:42:886	ztime	clay=1; ore=0; sheep=2; wheat=0; wood=0; unknown=0; knights=0; dev-cards=0	roads=[88,134; 134,118; 118,150; 150,166; 166,102]; settlements=[105,150; 150,118]	do they live in a flat?	 	 
228	20:19:48:814	Server	 		Shawnus built a road.	 	 
229	20:19:55:798	WoodnSheep	clay=0; ore=0; sheep=1; wheat=1; wood=1; unknown=0; knights=0; dev-cards=0	roads=[99,139; 139,156]; settlements=[116,139; 139,173]	I've only just noticed the word 'victim' that describes choosing someone	 	 
230	20:19:57:458	ztime	clay=1; ore=0; sheep=2; wheat=0; wood=0; unknown=0; knights=0; dev-cards=0	roads=[88,134; 134,118; 118,150; 150,166; 166,102]; settlements=[105,150; 150,118]	Always feel a bit sorry for pets who live in flats..	 	 
231	20:20:00:751	Server	 		WoodnSheep rolled a 3 and a 1.	 	 
232	20:20:00:751	Server	 		Shawnus gets 1 sheep, 1 wood.	 	 
233	20:20:21:079	WoodnSheep	clay=0; ore=0; sheep=1; wheat=1; wood=1; unknown=0; knights=0; dev-cards=0	roads=[99,139; 139,156]; settlements=[116,139; 139,173]	Clay anyone?	 	 
234	20:20:29:313	Shawnus	clay=0; ore=1; sheep=3; wheat=0; wood=5; unknown=0; knights=1; dev-cards=1	roads=[137,69; 69,68; 68,86; 86,103]; settlements=[137,86; 86,84]	i live in a house with some people, the landlady has a dog. Right now cat sitting in a basement flat	 	 
235	20:20:37:128	Shawnus	clay=0; ore=1; sheep=3; wheat=0; wood=5; unknown=0; knights=1; dev-cards=1	roads=[137,69; 69,68; 68,86; 86,103]; settlements=[137,86; 86,84]	i need clay..	 	 
236	20:20:52:824	Server	 		ztime rolled a 5 and a 2.	 	 
237	20:21:08:735	WoodnSheep	clay=0; ore=0; sheep=1; wheat=1; wood=1; unknown=0; knights=0; dev-cards=0	roads=[99,139; 139,156]; settlements=[116,139; 139,173]	about time too!	 	 
238	20:21:17:601	Shawnus	clay=0; ore=1; sheep=0; wheat=0; wood=3; unknown=0; knights=1; dev-cards=1	roads=[137,69; 69,68; 68,86; 86,103]; settlements=[137,86; 86,84]	i just lost 4 cards..	 	 
239	20:21:27:691	Shawnus	clay=0; ore=1; sheep=0; wheat=0; wood=3; unknown=0; knights=1; dev-cards=1	roads=[137,69; 69,68; 68,86; 86,103]; settlements=[137,86; 86,84]	5 cards..	 	 
240	20:21:30:760	ztime	clay=1; ore=0; sheep=3; wheat=0; wood=0; unknown=0; knights=0; dev-cards=0	roads=[88,134; 134,118; 118,150; 150,166; 166,102]; settlements=[105,150; 150,118]	sorry	 	 
241	20:21:38:056	ztime	clay=1; ore=0; sheep=3; wheat=0; wood=0; unknown=0; knights=0; dev-cards=0	roads=[88,134; 134,118; 118,150; 150,166; 166,102]; settlements=[105,150; 150,118]	anyone want a clean sheep?	 	 
242	20:21:41:379	ztime	clay=1; ore=0; sheep=3; wheat=0; wood=0; unknown=0; knights=0; dev-cards=0	roads=[88,134; 134,118; 118,150; 150,166; 166,102]; settlements=[105,150; 150,118]	I'm after wood	 	 
243	20:21:45:241	Shawnus	clay=0; ore=1; sheep=0; wheat=0; wood=3; unknown=0; knights=1; dev-cards=1	roads=[137,69; 69,68; 68,86; 86,103]; settlements=[137,86; 86,84]	hahahah	 	 
244	20:21:49:751	WoodnSheep	clay=0; ore=0; sheep=1; wheat=1; wood=1; unknown=0; knights=0; dev-cards=0	roads=[99,139; 139,156]; settlements=[116,139; 139,173]	no ta	 	 
245	20:21:52:714	ztime	clay=1; ore=0; sheep=3; wheat=0; wood=0; unknown=0; knights=0; dev-cards=0	roads=[88,134; 134,118; 118,150; 150,166; 166,102]; settlements=[105,150; 150,118]	ok	 	 
246	20:21:53:050	Shawnus	clay=0; ore=1; sheep=0; wheat=0; wood=3; unknown=0; knights=1; dev-cards=1	roads=[137,69; 69,68; 68,86; 86,103]; settlements=[137,86; 86,84]	ok	 	 
247	20:21:56:552	ztime	clay=1; ore=0; sheep=3; wheat=0; wood=0; unknown=0; knights=0; dev-cards=0	roads=[88,134; 134,118; 118,150; 150,166; 166,102]; settlements=[105,150; 150,118]	thanks	 	 
248	20:22:05:627	Server	 		ztime made an offer to trade 1 sheep for 1 wood.	 	 
249	20:22:09:275	Server	 		ztime traded 1 sheep for 1 wood from Shawnus.	 	 
250	20:22:21:822	Server	 		ztime built a road.	 	 
251	20:22:45:321	Server	 		Shawnus rolled a 5 and a 1.	 	 
252	20:22:45:321	Server	 		ztime gets 1 wood. Shawnus gets 1 wood.	 	 
253	20:22:58:558	Server	 		WoodnSheep rolled a 4 and a 1.	 	 
254	20:22:58:559	Server	 		ztime gets 1 wood. Shawnus gets 1 wood. WoodnSheep gets 1 wheat, 1 wood.	 	 
255	20:23:15:485	WoodnSheep	clay=0; ore=0; sheep=0; wheat=2; wood=2; unknown=0; knights=0; dev-cards=0	roads=[99,139; 139,156]; settlements=[116,139; 139,173]	Clay for me?	 	 
256	20:23:27:205	ztime	clay=0; ore=0; sheep=2; wheat=0; wood=2; unknown=0; knights=0; dev-cards=0	roads=[88,134; 134,118; 118,150; 150,166; 166,102; 102,72]; settlements=[105,150; 150,118]	sorry no can do	 	 
257	20:23:28:869	Shawnus	clay=0; ore=1; sheep=2; wheat=0; wood=4; unknown=0; knights=2; dev-cards=0	roads=[137,69; 69,68; 68,86; 86,103]; settlements=[137,86; 86,84]	oh...i'm on 2 forests..no wonder i keep getting wood	 	 
258	20:23:32:393	Shawnus	clay=0; ore=1; sheep=2; wheat=0; wood=4; unknown=0; knights=2; dev-cards=0	roads=[137,69; 69,68; 68,86; 86,103]; settlements=[137,86; 86,84]	no clay	 	 
259	20:23:38:462	Server	 		ztime rolled a 3 and a 3.	 	 
260	20:23:38:462	Server	 		ztime gets 1 wood. Shawnus gets 1 wood.	 	 
261	20:24:01:134	ztime	clay=0; ore=0; sheep=2; wheat=0; wood=3; unknown=0; knights=0; dev-cards=0	roads=[88,134; 134,118; 118,150; 150,166; 166,102; 102,72]; settlements=[105,150; 150,118]	anyone after wood...	 	 
262	20:24:10:680	Shawnus	clay=0; ore=1; sheep=2; wheat=0; wood=5; unknown=0; knights=2; dev-cards=0	roads=[137,69; 69,68; 68,86; 86,103]; settlements=[137,86; 86,84]	defininetly not	 	 
263	20:24:14:275	ztime	clay=0; ore=0; sheep=2; wheat=0; wood=3; unknown=0; knights=0; dev-cards=0	roads=[88,134; 134,118; 118,150; 150,166; 166,102; 102,72]; settlements=[105,150; 150,118]	:-)	 	 
264	20:24:25:018	Server	 		Shawnus rolled a 5 and a 1.	 	 
265	20:24:25:019	Server	 		ztime gets 1 wood. Shawnus gets 1 wood.	 	 
266	20:24:50:564	Shawnus	clay=0; ore=1; sheep=2; wheat=0; wood=6; unknown=0; knights=2; dev-cards=0	roads=[137,69; 69,68; 68,86; 86,103]; settlements=[137,86; 86,84]	so no one wants wood right?	 	 
267	20:24:55:106	ztime	clay=0; ore=0; sheep=2; wheat=0; wood=4; unknown=0; knights=0; dev-cards=0	roads=[88,134; 134,118; 118,150; 150,166; 166,102; 102,72]; settlements=[105,150; 150,118]	na	 	 
268	20:25:00:708	WoodnSheep	clay=0; ore=0; sheep=0; wheat=2; wood=2; unknown=0; knights=0; dev-cards=0	roads=[99,139; 139,156]; settlements=[116,139; 139,173]	nah	 	 
269	20:25:27:729	Server	 		Shawnus traded 4 wood for 1 clay from the bank.	 	 
270	20:25:33:332	ztime	clay=0; ore=0; sheep=2; wheat=0; wood=4; unknown=0; knights=0; dev-cards=0	roads=[88,134; 134,118; 118,150; 150,166; 166,102; 102,72]; settlements=[105,150; 150,118]	costly	 	 
271	20:25:33:890	WoodnSheep	clay=0; ore=0; sheep=0; wheat=2; wood=2; unknown=0; knights=0; dev-cards=0	roads=[99,139; 139,156]; settlements=[116,139; 139,173]	If people wanted wood I'd be in a better situation	 	 
272	20:25:37:033	Server	 		Shawnus built a road.	 	 
273	20:25:49:440	ztime	clay=0; ore=0; sheep=2; wheat=0; wood=4; unknown=0; knights=0; dev-cards=0	roads=[88,134; 134,118; 118,150; 150,166; 166,102; 102,72]; settlements=[105,150; 150,118]	nice move	 	 
274	20:26:07:280	Server	 		WoodnSheep rolled a 6 and a 1.	 	 
275	20:26:09:484	Shawnus	clay=0; ore=1; sheep=2; wheat=0; wood=1; unknown=0; knights=2; dev-cards=0	roads=[137,69; 69,68; 68,86; 86,103; 103,120]; settlements=[137,86; 86,84]	sorry - keep forgetting to hit done	 	 
276	20:26:12:543	ztime	clay=0; ore=0; sheep=2; wheat=0; wood=4; unknown=0; knights=0; dev-cards=0	roads=[88,134; 134,118; 118,150; 150,166; 166,102; 102,72]; settlements=[105,150; 150,118]	7	 	 
277	20:26:15:895	ztime	clay=0; ore=0; sheep=2; wheat=0; wood=4; unknown=0; knights=0; dev-cards=0	roads=[88,134; 134,118; 118,150; 150,166; 166,102; 102,72]; settlements=[105,150; 150,118]	again...	 	 
278	20:26:23:498	Shawnus	clay=0; ore=1; sheep=2; wheat=0; wood=1; unknown=0; knights=2; dev-cards=0	roads=[137,69; 69,68; 68,86; 86,103; 103,120]; settlements=[137,86; 86,84]	glad i got rid of some cards!	 	 
279	20:26:41:873	WoodnSheep	clay=0; ore=0; sheep=0; wheat=2; wood=3; unknown=0; knights=0; dev-cards=0	roads=[99,139; 139,156]; settlements=[116,139; 139,173]	any clay?	 	 
280	20:26:51:391	ztime	clay=0; ore=0; sheep=2; wheat=0; wood=3; unknown=0; knights=0; dev-cards=0	roads=[88,134; 134,118; 118,150; 150,166; 166,102; 102,72]; settlements=[105,150; 150,118]	nope soz	 	 
281	20:26:55:945	Shawnus	clay=0; ore=1; sheep=2; wheat=0; wood=1; unknown=0; knights=2; dev-cards=0	roads=[137,69; 69,68; 68,86; 86,103; 103,120]; settlements=[137,86; 86,84]	nope	 	 
282	20:26:57:022	WoodnSheep	clay=0; ore=0; sheep=0; wheat=2; wood=3; unknown=0; knights=0; dev-cards=0	roads=[99,139; 139,156]; settlements=[116,139; 139,173]	any sheep?	 	 
283	20:27:01:378	Shawnus	clay=0; ore=1; sheep=2; wheat=0; wood=1; unknown=0; knights=2; dev-cards=0	roads=[137,69; 69,68; 68,86; 86,103; 103,120]; settlements=[137,86; 86,84]	for?	 	 
284	20:27:12:055	Shawnus	clay=0; ore=1; sheep=2; wheat=0; wood=1; unknown=0; knights=2; dev-cards=0	roads=[137,69; 69,68; 68,86; 86,103; 103,120]; settlements=[137,86; 86,84]	dont say wood..	 	 
285	20:27:17:702	WoodnSheep	clay=0; ore=0; sheep=0; wheat=2; wood=3; unknown=0; knights=0; dev-cards=0	roads=[99,139; 139,156]; settlements=[116,139; 139,173]	woo...	 	 
286	20:27:22:256	ztime	clay=0; ore=0; sheep=2; wheat=0; wood=3; unknown=0; knights=0; dev-cards=0	roads=[88,134; 134,118; 118,150; 150,166; 166,102; 102,72]; settlements=[105,150; 150,118]	l	 	 
287	20:27:30:098	Shawnus	clay=0; ore=1; sheep=2; wheat=0; wood=1; unknown=0; knights=2; dev-cards=0	roads=[137,69; 69,68; 68,86; 86,103; 103,120]; settlements=[137,86; 86,84]	:P no thanks	 	 
288	20:27:42:753	ztime	clay=0; ore=0; sheep=2; wheat=0; wood=3; unknown=0; knights=0; dev-cards=0	roads=[88,134; 134,118; 118,150; 150,166; 166,102; 102,72]; settlements=[105,150; 150,118]	no ta	 	 
289	20:28:00:228	Server	 		WoodnSheep traded 2 wheat for 1 clay from a port.	 	 
290	20:28:06:051	Server	 		WoodnSheep built a road.	 	 
291	20:28:13:006	Server	 		ztime rolled a 5 and a 4.	 	 
292	20:28:13:007	Server	 		ztime gets 1 clay, 1 wheat.	 	 
293	20:28:18:042	Server	 		ztime built a settlement.	 	 
294	20:28:25:500	Server	 		Shawnus rolled a 2 and a 4.	 	 
295	20:28:25:502	Server	 		No player gets anything.	 	 
296	20:28:39:095	Server	 		WoodnSheep rolled a 3 and a 6.	 	 
297	20:28:39:095	Server	 		ztime gets 2 clay, 1 wheat.	 	 
298	20:29:10:960	WoodnSheep	clay=0; ore=0; sheep=0; wheat=0; wood=2; unknown=0; knights=0; dev-cards=0	roads=[99,139; 139,156; 156,122]; settlements=[116,139; 139,173]	clay for me?	 	 
299	20:29:15:244	ztime	clay=2; ore=0; sheep=1; wheat=1; wood=2; unknown=0; knights=0; dev-cards=0	roads=[88,134; 134,118; 118,150; 150,166; 166,102; 102,72]; settlements=[105,150; 150,118; 118,73]	for?	 	 
300	20:29:20:189	WoodnSheep	clay=0; ore=0; sheep=0; wheat=0; wood=2; unknown=0; knights=0; dev-cards=0	roads=[99,139; 139,156; 156,122]; settlements=[116,139; 139,173]	In return for wo*d?	 	 
301	20:29:30:302	ztime	clay=2; ore=0; sheep=1; wheat=1; wood=2; unknown=0; knights=0; dev-cards=0	roads=[88,134; 134,118; 118,150; 150,166; 166,102; 102,72]; settlements=[105,150; 150,118; 118,73]	errr... no sorry	 	 
302	20:29:38:992	ztime	clay=2; ore=0; sheep=1; wheat=1; wood=2; unknown=0; knights=0; dev-cards=0	roads=[88,134; 134,118; 118,150; 150,166; 166,102; 102,72]; settlements=[105,150; 150,118; 118,73]	anything else?	 	 
303	20:29:45:436	Server	 		ztime rolled a 1 and a 1.	 	 
304	20:29:45:437	Server	 		ztime gets 1 wheat.	 	 
305	20:29:46:259	Shawnus	clay=0; ore=1; sheep=2; wheat=0; wood=1; unknown=0; knights=2; dev-cards=0	roads=[137,69; 69,68; 68,86; 86,103; 103,120]; settlements=[137,86; 86,84]	why cant i make wooden settlements?	 	 
306	20:29:48:640	WoodnSheep	clay=0; ore=0; sheep=0; wheat=0; wood=2; unknown=0; knights=0; dev-cards=0	roads=[99,139; 139,156; 156,122]; settlements=[116,139; 139,173]	I have nothing else	 	 
307	20:29:52:828	Server	 		ztime built a settlement.	 	 
308	20:29:55:739	Server	 		ztime built a road.	 	 
309	20:30:04:117	Server	 		Shawnus rolled a 5 and a 1.	 	 
310	20:30:04:117	Server	 		ztime gets 1 ore.	 	 
311	20:30:15:658	Server	 		WoodnSheep rolled a 2 and a 6.	 	 
312	20:30:15:659	Server	 		Shawnus gets 1 wood. WoodnSheep gets 2 wheat, 1 wood.	 	 
313	20:30:29:395	WoodnSheep	clay=0; ore=0; sheep=0; wheat=2; wood=3; unknown=0; knights=0; dev-cards=0	roads=[99,139; 139,156; 156,122]; settlements=[116,139; 139,173]	clay for wheat?	 	 
314	20:30:38:148	ztime	clay=0; ore=1; sheep=0; wheat=1; wood=0; unknown=0; knights=0; dev-cards=0	roads=[88,134; 134,118; 118,150; 150,166; 166,102; 102,72; 72,182]; settlements=[105,150; 150,118; 118,73; 73,182]	no sorry	 	 
315	20:30:38:476	Shawnus	clay=0; ore=1; sheep=2; wheat=0; wood=2; unknown=0; knights=2; dev-cards=0	roads=[137,69; 69,68; 68,86; 86,103; 103,120]; settlements=[137,86; 86,84]	i dont have any	 	 
316	20:30:54:005	Server	 		WoodnSheep traded 2 wheat for 1 clay from a port.	 	 
317	20:31:04:090	Server	 		WoodnSheep built a road.	 	 
318	20:31:11:133	Server	 		ztime rolled a 6 and a 4.	 	 
319	20:31:11:134	Server	 		ztime gets 2 clay. WoodnSheep gets 1 clay, 1 sheep.	 	 
320	20:31:21:833	ztime	clay=2; ore=1; sheep=0; wheat=1; wood=0; unknown=0; knights=0; dev-cards=0	roads=[88,134; 134,118; 118,150; 150,166; 166,102; 102,72; 72,182]; settlements=[105,150; 150,118; 118,73; 73,182]	ok anyone want a clay now?	 	 
321	20:31:29:849	WoodnSheep	clay=1; ore=0; sheep=1; wheat=0; wood=2; unknown=0; knights=0; dev-cards=0	roads=[99,139; 139,156; 156,122; 122,106]; settlements=[116,139; 139,173]	no thanks	 	 
322	20:31:30:189	Shawnus	clay=0; ore=1; sheep=2; wheat=0; wood=2; unknown=0; knights=2; dev-cards=0	roads=[137,69; 69,68; 68,86; 86,103; 103,120]; settlements=[137,86; 86,84]	haha for?	 	 
323	20:31:37:078	ztime	clay=2; ore=1; sheep=0; wheat=1; wood=0; unknown=0; knights=0; dev-cards=0	roads=[88,134; 134,118; 118,150; 150,166; 166,102; 102,72; 72,182]; settlements=[105,150; 150,118; 118,73; 73,182]	I'm after sheep	 	 
324	20:31:40:576	Shawnus	clay=0; ore=1; sheep=2; wheat=0; wood=2; unknown=0; knights=2; dev-cards=0	roads=[137,69; 69,68; 68,86; 86,103; 103,120]; settlements=[137,86; 86,84]	ok	 	 
325	20:31:42:896	ztime	clay=2; ore=1; sheep=0; wheat=1; wood=0; unknown=0; knights=0; dev-cards=0	roads=[88,134; 134,118; 118,150; 150,166; 166,102; 102,72; 72,182]; settlements=[105,150; 150,118; 118,73; 73,182]	ta	 	 
326	20:31:50:473	Server	 		ztime made an offer to trade 1 clay for 1 sheep.	 	 
327	20:31:52:653	Server	 		ztime traded 1 clay for 1 sheep from Shawnus.	 	 
328	20:32:14:858	ztime	clay=1; ore=1; sheep=1; wheat=1; wood=0; unknown=0; knights=0; dev-cards=0	roads=[88,134; 134,118; 118,150; 150,166; 166,102; 102,72; 72,182]; settlements=[105,150; 150,118; 118,73; 73,182]	anyone want ore?	 	 
329	20:32:18:465	ztime	clay=1; ore=1; sheep=1; wheat=1; wood=0; unknown=0; knights=0; dev-cards=0	roads=[88,134; 134,118; 118,150; 150,166; 166,102; 102,72; 72,182]; settlements=[105,150; 150,118; 118,73; 73,182]	I'm after wood	 	 
330	20:32:23:499	WoodnSheep	clay=1; ore=0; sheep=1; wheat=0; wood=2; unknown=0; knights=0; dev-cards=0	roads=[99,139; 139,156; 156,122; 122,106]; settlements=[116,139; 139,173]	no thanks	 	 
331	20:32:29:218	Shawnus	clay=1; ore=1; sheep=1; wheat=0; wood=2; unknown=0; knights=2; dev-cards=0	roads=[137,69; 69,68; 68,86; 86,103; 103,120]; settlements=[137,86; 86,84]	nope	 	 
332	20:32:30:936	ztime	clay=1; ore=1; sheep=1; wheat=1; wood=0; unknown=0; knights=0; dev-cards=0	roads=[88,134; 134,118; 118,150; 150,166; 166,102; 102,72; 72,182]; settlements=[105,150; 150,118; 118,73; 73,182]	ok	 	 
333	20:32:36:914	Server	 		Shawnus rolled a 1 and a 5.	 	 
334	20:32:36:914	Server	 		ztime gets 1 ore.	 	 
335	20:32:49:557	Server	 		Shawnus built a road.	 	 
336	20:33:06:611	Server	 		WoodnSheep rolled a 2 and a 5.	 	 
337	20:33:32:631	WoodnSheep	clay=2; ore=0; sheep=1; wheat=0; wood=2; unknown=0; knights=0; dev-cards=0	roads=[99,139; 139,156; 156,122; 122,106]; settlements=[116,139; 139,173]	I'd like some wheat?	 	 
338	20:33:37:975	ztime	clay=0; ore=1; sheep=0; wheat=0; wood=0; unknown=0; knights=0; dev-cards=1	roads=[88,134; 134,118; 118,150; 150,166; 166,102; 102,72; 72,182]; settlements=[105,150; 150,118; 118,73; 73,182]	I'm noticing a trend... :-(	 	 
339	20:33:40:063	WoodnSheep	clay=2; ore=0; sheep=1; wheat=0; wood=2; unknown=0; knights=0; dev-cards=0	roads=[99,139; 139,156; 156,122; 122,106]; settlements=[116,139; 139,173]	I have wood...	 	 
340	20:33:44:232	Shawnus	clay=0; ore=1; sheep=1; wheat=0; wood=1; unknown=0; knights=2; dev-cards=0	roads=[137,69; 69,68; 68,86; 86,103; 103,120; 120,154]; settlements=[137,86; 86,84]	me too	 	 
341	20:33:45:413	ztime	clay=0; ore=1; sheep=0; wheat=0; wood=0; unknown=0; knights=0; dev-cards=1	roads=[88,134; 134,118; 118,150; 150,166; 166,102; 102,72; 72,182]; settlements=[105,150; 150,118; 118,73; 73,182]	yer you do...	 	 
342	20:34:03:903	WoodnSheep	clay=2; ore=0; sheep=1; wheat=0; wood=2; unknown=0; knights=0; dev-cards=0	roads=[99,139; 139,156; 156,122; 122,106]; settlements=[116,139; 139,173]	clay?	 	 
343	20:34:10:892	ztime	clay=0; ore=1; sheep=0; wheat=0; wood=0; unknown=0; knights=0; dev-cards=1	roads=[88,134; 134,118; 118,150; 150,166; 166,102; 102,72; 72,182]; settlements=[105,150; 150,118; 118,73; 73,182]	no can do..	 	 
344	20:34:11:081	Shawnus	clay=0; ore=1; sheep=1; wheat=0; wood=1; unknown=0; knights=2; dev-cards=0	roads=[137,69; 69,68; 68,86; 86,103; 103,120; 120,154]; settlements=[137,86; 86,84]	got none	 	 
345	20:34:25:983	WoodnSheep	clay=2; ore=0; sheep=1; wheat=0; wood=2; unknown=0; knights=0; dev-cards=0	roads=[99,139; 139,156; 156,122; 122,106]; settlements=[116,139; 139,173]	no one has wheat?	 	 
346	20:34:31:547	ztime	clay=0; ore=1; sheep=0; wheat=0; wood=0; unknown=0; knights=0; dev-cards=1	roads=[88,134; 134,118; 118,150; 150,166; 166,102; 102,72; 72,182]; settlements=[105,150; 150,118; 118,73; 73,182]	no	 	 
347	20:34:31:778	Shawnus	clay=0; ore=1; sheep=1; wheat=0; wood=1; unknown=0; knights=2; dev-cards=0	roads=[137,69; 69,68; 68,86; 86,103; 103,120; 120,154]; settlements=[137,86; 86,84]	nope	 	 
348	20:34:49:355	WoodnSheep	clay=2; ore=0; sheep=1; wheat=0; wood=2; unknown=0; knights=0; dev-cards=0	roads=[99,139; 139,156; 156,122; 122,106]; settlements=[116,139; 139,173]	sad times	 	 
349	20:35:13:032	Server	 		WoodnSheep built a road.	 	 
350	20:35:14:460	ztime	clay=0; ore=1; sheep=0; wheat=0; wood=0; unknown=0; knights=0; dev-cards=1	roads=[88,134; 134,118; 118,150; 150,166; 166,102; 102,72; 72,182]; settlements=[105,150; 150,118; 118,73; 73,182]	time for a brew...	 	 
351	20:35:20:766	Server	 		ztime rolled a 6 and a 6.	 	 
352	20:35:20:767	Server	 		ztime gets 1 ore.	 	 
353	20:35:31:074	Shawnus	clay=0; ore=1; sheep=1; wheat=0; wood=1; unknown=0; knights=2; dev-cards=0	roads=[137,69; 69,68; 68,86; 86,103; 103,120; 120,154]; settlements=[137,86; 86,84]	k	 	 
354	20:35:42:374	Shawnus	clay=0; ore=1; sheep=1; wheat=0; wood=1; unknown=0; knights=2; dev-cards=0	roads=[137,69; 69,68; 68,86; 86,103; 103,120; 120,154]; settlements=[137,86; 86,84]	haha	 	 
355	20:35:45:561	ztime	clay=0; ore=2; sheep=1; wheat=0; wood=0; unknown=0; knights=1; dev-cards=0	roads=[88,134; 134,118; 118,150; 150,166; 166,102; 102,72; 72,182]; settlements=[105,150; 150,118; 118,73; 73,182]	:-)	 	 
356	20:35:46:570	WoodnSheep	clay=1; ore=0; sheep=0; wheat=0; wood=1; unknown=0; knights=0; dev-cards=0	roads=[99,139; 139,156; 156,122; 122,106; 106,82]; settlements=[116,139; 139,173]	I have 3 points!!	 	 
357	20:35:51:044	ztime	clay=0; ore=2; sheep=1; wheat=0; wood=0; unknown=0; knights=1; dev-cards=0	roads=[88,134; 134,118; 118,150; 150,166; 166,102; 102,72; 72,182]; settlements=[105,150; 150,118; 118,73; 73,182]	nice..	 	 
358	20:35:55:365	WoodnSheep	clay=1; ore=0; sheep=0; wheat=0; wood=1; unknown=0; knights=0; dev-cards=0	roads=[99,139; 139,156; 156,122; 122,106; 106,82]; settlements=[116,139; 139,173]	attack those closest to winning!	 	 
359	20:36:00:199	Shawnus	clay=0; ore=1; sheep=1; wheat=0; wood=1; unknown=0; knights=2; dev-cards=0	roads=[137,69; 69,68; 68,86; 86,103; 103,120; 120,154]; settlements=[137,86; 86,84]	maybe you two would like some privacy??	 	 
360	20:36:09:753	ztime	clay=0; ore=2; sheep=1; wheat=0; wood=0; unknown=0; knights=1; dev-cards=0	roads=[88,134; 134,118; 118,150; 150,166; 166,102; 102,72; 72,182]; settlements=[105,150; 150,118; 118,73; 73,182]	last time you won...	 	 
361	20:36:12:297	ztime	clay=0; ore=2; sheep=1; wheat=0; wood=0; unknown=0; knights=1; dev-cards=0	roads=[88,134; 134,118; 118,150; 150,166; 166,102; 102,72; 72,182]; settlements=[105,150; 150,118; 118,73; 73,182]	I lost..	 	 
362	20:36:14:908	ztime	clay=0; ore=2; sheep=1; wheat=0; wood=0; unknown=0; knights=1; dev-cards=0	roads=[88,134; 134,118; 118,150; 150,166; 166,102; 102,72; 72,182]; settlements=[105,150; 150,118; 118,73; 73,182]	by a long way..	 	 
363	20:36:28:571	WoodnSheep	clay=1; ore=0; sheep=0; wheat=0; wood=1; unknown=0; knights=0; dev-cards=0	roads=[99,139; 139,156; 156,122; 122,106; 106,82]; settlements=[116,139; 139,173]	no danger of me winning here	 	 
364	20:36:35:654	Server	 		Shawnus rolled a 5 and a 3.	 	 
365	20:36:35:655	Server	 		WoodnSheep gets 2 wheat.	 	 
366	20:36:38:190	ztime	clay=0; ore=2; sheep=1; wheat=0; wood=0; unknown=0; knights=1; dev-cards=0	roads=[88,134; 134,118; 118,150; 150,166; 166,102; 102,72; 72,182]; settlements=[105,150; 150,118; 118,73; 73,182]	expect the unexpected..	 	 
367	20:36:42:818	ztime	clay=0; ore=2; sheep=1; wheat=0; wood=0; unknown=0; knights=1; dev-cards=0	roads=[88,134; 134,118; 118,150; 150,166; 166,102; 102,72; 72,182]; settlements=[105,150; 150,118; 118,73; 73,182]	I'm a robot...	 	 
368	20:36:47:734	ztime	clay=0; ore=2; sheep=1; wheat=0; wood=0; unknown=0; knights=1; dev-cards=0	roads=[88,134; 134,118; 118,150; 150,166; 166,102; 102,72; 72,182]; settlements=[105,150; 150,118; 118,73; 73,182]	part of the experiment..	 	 
369	20:36:55:705	Server	 		WoodnSheep rolled a 2 and a 3.	 	 
370	20:36:55:706	Server	 		ztime gets 1 wood. Shawnus gets 1 wood. WoodnSheep gets 1 wheat, 1 wood.	 	 
371	20:36:59:526	WoodnSheep	clay=1; ore=0; sheep=0; wheat=3; wood=2; unknown=0; knights=0; dev-cards=0	roads=[99,139; 139,156; 156,122; 122,106; 106,82]; settlements=[116,139; 139,173]	hehe	 	 
372	20:37:12:676	WoodnSheep	clay=1; ore=0; sheep=0; wheat=3; wood=2; unknown=0; knights=0; dev-cards=0	roads=[99,139; 139,156; 156,122; 122,106; 106,82]; settlements=[116,139; 139,173]	sheep for me?	 	 
373	20:37:22:268	ztime	clay=0; ore=2; sheep=1; wheat=0; wood=1; unknown=0; knights=1; dev-cards=0	roads=[88,134; 134,118; 118,150; 150,166; 166,102; 102,72; 72,182]; settlements=[105,150; 150,118; 118,73; 73,182]	sorry	 	 
374	20:37:30:779	Shawnus	clay=0; ore=1; sheep=1; wheat=0; wood=2; unknown=0; knights=2; dev-cards=0	roads=[137,69; 69,68; 68,86; 86,103; 103,120; 120,154]; settlements=[137,86; 86,84]	nope sorry	 	 
375	20:37:40:652	Server	 		WoodnSheep traded 2 wheat for 1 sheep from a port.	 	 
376	20:38:07:338	Server	 		WoodnSheep built a road.	 	 
377	20:38:22:556	WoodnSheep	clay=0; ore=0; sheep=1; wheat=1; wood=1; unknown=0; knights=0; dev-cards=0	roads=[99,139; 139,156; 156,122; 122,106; 106,82; 82,98]; settlements=[116,139; 139,173]	well that was epically stupid on the part of me/ my computer/ my internet	 	 
378	20:38:30:563	WoodnSheep	clay=0; ore=0; sheep=1; wheat=1; wood=1; unknown=0; knights=0; dev-cards=0	roads=[99,139; 139,156; 156,122; 122,106; 106,82; 82,98]; settlements=[116,139; 139,173]	that was not supposed to be a peice of road :(	 	 
379	20:38:39:916	Shawnus	clay=0; ore=1; sheep=1; wheat=0; wood=2; unknown=0; knights=2; dev-cards=0	roads=[137,69; 69,68; 68,86; 86,103; 103,120; 120,154]; settlements=[137,86; 86,84]	i think it's part of some brilliant show stealing tactic	 	 
380	20:38:48:032	ztime	clay=0; ore=2; sheep=1; wheat=0; wood=1; unknown=0; knights=1; dev-cards=0	roads=[88,134; 134,118; 118,150; 150,166; 166,102; 102,72; 72,182]; settlements=[105,150; 150,118; 118,73; 73,182]	ctrl z	 	 
381	20:38:55:522	WoodnSheep	clay=0; ore=0; sheep=1; wheat=1; wood=1; unknown=0; knights=0; dev-cards=0	roads=[99,139; 139,156; 156,122; 122,106; 106,82; 82,98]; settlements=[116,139; 139,173]	oh really? that works	 	 
382	20:38:59:311	ztime	clay=0; ore=2; sheep=1; wheat=0; wood=1; unknown=0; knights=1; dev-cards=0	roads=[88,134; 134,118; 118,150; 150,166; 166,102; 102,72; 72,182]; settlements=[105,150; 150,118; 118,73; 73,182]	naa dunno	 	 
383	20:39:07:184	Shawnus	clay=0; ore=1; sheep=1; wheat=0; wood=2; unknown=0; knights=2; dev-cards=0	roads=[137,69; 69,68; 68,86; 86,103; 103,120; 120,154]; settlements=[137,86; 86,84]	hahaha	 	 
384	20:39:09:759	ztime	clay=0; ore=2; sheep=1; wheat=0; wood=1; unknown=0; knights=1; dev-cards=0	roads=[88,134; 134,118; 118,150; 150,166; 166,102; 102,72; 72,182]; settlements=[105,150; 150,118; 118,73; 73,182]	if only in life there was a ctrl z	 	 
385	20:39:19:560	WoodnSheep	clay=0; ore=0; sheep=1; wheat=1; wood=1; unknown=0; knights=0; dev-cards=0	roads=[99,139; 139,156; 156,122; 122,106; 106,82; 82,98]; settlements=[116,139; 139,173]	ahh, I'm aiming to not do it again, but if there is i'll try that next time	 	 
386	20:39:34:651	Server	 		ztime rolled a 1 and a 4.	 	 
387	20:39:34:652	Server	 		ztime gets 1 wood. Shawnus gets 1 wood. WoodnSheep gets 1 wheat, 1 wood.	 	 
388	20:39:52:109	ztime	clay=0; ore=2; sheep=1; wheat=0; wood=2; unknown=0; knights=1; dev-cards=0	roads=[88,134; 134,118; 118,150; 150,166; 166,102; 102,72; 72,182]; settlements=[105,150; 150,118; 118,73; 73,182]	anyone want wood?	 	 
389	20:39:57:623	Shawnus	clay=0; ore=1; sheep=1; wheat=0; wood=3; unknown=0; knights=2; dev-cards=0	roads=[137,69; 69,68; 68,86; 86,103; 103,120; 120,154]; settlements=[137,86; 86,84]	nope	 	 
390	20:40:00:761	WoodnSheep	clay=0; ore=0; sheep=1; wheat=2; wood=2; unknown=0; knights=0; dev-cards=0	roads=[99,139; 139,156; 156,122; 122,106; 106,82; 82,98]; settlements=[116,139; 139,173]	no thanks	 	 
391	20:40:07:391	ztime	clay=0; ore=2; sheep=1; wheat=0; wood=2; unknown=0; knights=1; dev-cards=0	roads=[88,134; 134,118; 118,150; 150,166; 166,102; 102,72; 72,182]; settlements=[105,150; 150,118; 118,73; 73,182]	ok ta	 	 
392	20:40:12:210	Server	 		Shawnus rolled a 2 and a 4.	 	 
393	20:40:12:210	Server	 		ztime gets 1 ore, 1 wood. Shawnus gets 1 wood.	 	 
394	20:40:42:748	Server	 		WoodnSheep rolled a 6 and a 2.	 	 
395	20:40:42:749	Server	 		WoodnSheep gets 2 wheat.	 	 
396	20:41:00:873	Server	 		WoodnSheep traded 2 wheat for 1 clay from a port.	 	 
397	20:41:03:708	ztime	clay=0; ore=3; sheep=1; wheat=0; wood=3; unknown=0; knights=1; dev-cards=0	roads=[88,134; 134,118; 118,150; 150,166; 166,102; 102,72; 72,182]; settlements=[105,150; 150,118; 118,73; 73,182]	I wonder if this thing has any secret keywords to enable cheat mode?	 	 
398	20:41:10:933	Server	 		WoodnSheep built a settlement.	 	 
399	20:41:15:835	ztime	clay=0; ore=3; sheep=1; wheat=0; wood=3; unknown=0; knights=1; dev-cards=0	roads=[88,134; 134,118; 118,150; 150,166; 166,102; 102,72; 72,182]; settlements=[105,150; 150,118; 118,73; 73,182]	jeff	 	 
400	20:41:19:045	ztime	clay=0; ore=3; sheep=1; wheat=0; wood=3; unknown=0; knights=1; dev-cards=0	roads=[88,134; 134,118; 118,150; 150,166; 166,102; 102,72; 72,182]; settlements=[105,150; 150,118; 118,73; 73,182]	jefty jeff	 	 
401	20:41:31:676	Server	 		ztime rolled a 5 and a 1.	 	 
402	20:41:31:677	Server	 		ztime gets 1 ore, 1 wood. Shawnus gets 1 wood.	 	 
403	20:41:33:593	WoodnSheep	clay=0; ore=0; sheep=0; wheat=1; wood=1; unknown=0; knights=0; dev-cards=0	roads=[99,139; 139,156; 156,122; 122,106; 106,82; 82,98]; settlements=[116,139; 139,173; 173,107]	we haven't had to type time yet or whatever it is that extends the time	 	 
404	20:41:41:332	ztime	clay=0; ore=4; sheep=1; wheat=0; wood=4; unknown=0; knights=1; dev-cards=0	roads=[88,134; 134,118; 118,150; 150,166; 166,102; 102,72; 72,182]; settlements=[105,150; 150,118; 118,73; 73,182]	addtime	 	 
405	20:41:44:202	ztime	clay=0; ore=4; sheep=1; wheat=0; wood=4; unknown=0; knights=1; dev-cards=0	roads=[88,134; 134,118; 118,150; 150,166; 166,102; 102,72; 72,182]; settlements=[105,150; 150,118; 118,73; 73,182]	woops	 	 
406	20:41:50:382	Shawnus	clay=0; ore=1; sheep=1; wheat=0; wood=5; unknown=0; knights=2; dev-cards=0	roads=[137,69; 69,68; 68,86; 86,103; 103,120; 120,154]; settlements=[137,86; 86,84]	i remember playing this football by post game once...you sent tactics in and there was a chat sectio	 	 
407	20:42:00:902	ztime	clay=0; ore=4; sheep=1; wheat=0; wood=4; unknown=0; knights=1; dev-cards=0	roads=[88,134; 134,118; 118,150; 150,166; 166,102; 102,72; 72,182]; settlements=[105,150; 150,118; 118,73; 73,182]	nice story.	 	 
408	20:42:08:710	ztime	clay=0; ore=4; sheep=1; wheat=0; wood=4; unknown=0; knights=1; dev-cards=0	roads=[88,134; 134,118; 118,150; 150,166; 166,102; 102,72; 72,182]; settlements=[105,150; 150,118; 118,73; 73,182]	memories.. ahhh...	 	 
409	20:42:20:214	ztime	clay=0; ore=4; sheep=1; wheat=0; wood=4; unknown=0; knights=1; dev-cards=0	roads=[88,134; 134,118; 118,150; 150,166; 166,102; 102,72; 72,182]; settlements=[105,150; 150,118; 118,73; 73,182]	anyone want wood?	 	 
410	20:42:24:423	WoodnSheep	clay=0; ore=0; sheep=0; wheat=1; wood=1; unknown=0; knights=0; dev-cards=0	roads=[99,139; 139,156; 156,122; 122,106; 106,82; 82,98]; settlements=[116,139; 139,173; 173,107]	no thanks	 	 
411	20:42:24:464	Shawnus	clay=0; ore=1; sheep=1; wheat=0; wood=5; unknown=0; knights=2; dev-cards=0	roads=[137,69; 69,68; 68,86; 86,103; 103,120; 120,154]; settlements=[137,86; 86,84]	if you type cash cash cash in the board gave you money	 	 
412	20:42:32:989	Shawnus	clay=0; ore=1; sheep=1; wheat=0; wood=5; unknown=0; knights=2; dev-cards=0	roads=[137,69; 69,68; 68,86; 86,103; 103,120; 120,154]; settlements=[137,86; 86,84]	didn't realise limited characters..	 	 
413	20:42:37:124	ztime	clay=0; ore=4; sheep=1; wheat=0; wood=4; unknown=0; knights=1; dev-cards=0	roads=[88,134; 134,118; 118,150; 150,166; 166,102; 102,72; 72,182]; settlements=[105,150; 150,118; 118,73; 73,182]	haha	 	 
414	20:42:44:533	WoodnSheep	clay=0; ore=0; sheep=0; wheat=1; wood=1; unknown=0; knights=0; dev-cards=0	roads=[99,139; 139,156; 156,122; 122,106; 106,82; 82,98]; settlements=[116,139; 139,173; 173,107]	I've been caught out a couple of times	 	 
415	20:42:59:394	ztime	clay=0; ore=4; sheep=1; wheat=0; wood=4; unknown=0; knights=1; dev-cards=0	roads=[88,134; 134,118; 118,150; 150,166; 166,102; 102,72; 72,182]; settlements=[105,150; 150,118; 118,73; 73,182]	err. anyone want ore?	 	 
416	20:43:04:643	ztime	clay=0; ore=4; sheep=1; wheat=0; wood=4; unknown=0; knights=1; dev-cards=0	roads=[88,134; 134,118; 118,150; 150,166; 166,102; 102,72; 72,182]; settlements=[105,150; 150,118; 118,73; 73,182]	I'm after wheat	 	 
417	20:43:13:365	Shawnus	clay=0; ore=1; sheep=1; wheat=0; wood=5; unknown=0; knights=2; dev-cards=0	roads=[137,69; 69,68; 68,86; 86,103; 103,120; 120,154]; settlements=[137,86; 86,84]	no thanks	 	 
418	20:43:28:469	WoodnSheep	clay=0; ore=0; sheep=0; wheat=1; wood=1; unknown=0; knights=0; dev-cards=0	roads=[99,139; 139,156; 156,122; 122,106; 106,82; 82,98]; settlements=[116,139; 139,173; 173,107]	can you chuck in a peice of wood?	 	 
419	20:43:33:076	WoodnSheep	clay=0; ore=0; sheep=0; wheat=1; wood=1; unknown=0; knights=0; dev-cards=0	roads=[99,139; 139,156; 156,122; 122,106; 106,82; 82,98]; settlements=[116,139; 139,173; 173,107]	as well that is	 	 
420	20:43:35:971	ztime	clay=0; ore=4; sheep=1; wheat=0; wood=4; unknown=0; knights=1; dev-cards=0	roads=[88,134; 134,118; 118,150; 150,166; 166,102; 102,72; 72,182]; settlements=[105,150; 150,118; 118,73; 73,182]	yer	 	 
421	20:43:45:240	ztime	clay=0; ore=4; sheep=1; wheat=0; wood=4; unknown=0; knights=1; dev-cards=0	roads=[88,134; 134,118; 118,150; 150,166; 166,102; 102,72; 72,182]; settlements=[105,150; 150,118; 118,73; 73,182]	1 wood and 1 ore.. for a wheat..	 	 
422	20:43:55:023	WoodnSheep	clay=0; ore=0; sheep=0; wheat=1; wood=1; unknown=0; knights=0; dev-cards=0	roads=[99,139; 139,156; 156,122; 122,106; 106,82; 82,98]; settlements=[116,139; 139,173; 173,107]	cool	 	 
423	20:43:55:318	Shawnus	clay=0; ore=1; sheep=1; wheat=0; wood=5; unknown=0; knights=2; dev-cards=0	roads=[137,69; 69,68; 68,86; 86,103; 103,120; 120,154]; settlements=[137,86; 86,84]	it's got to that part of the game..	 	 
424	20:44:03:759	Server	 		ztime made an offer to trade 1 ore, 1 wood for 1 sheep.	 	 
425	20:44:20:042	WoodnSheep	clay=0; ore=0; sheep=0; wheat=1; wood=1; unknown=0; knights=0; dev-cards=0	roads=[99,139; 139,156; 156,122; 122,106; 106,82; 82,98]; settlements=[116,139; 139,173; 173,107]	how do I confirm?	 	 
426	20:44:27:534	WoodnSheep	clay=0; ore=0; sheep=0; wheat=1; wood=1; unknown=0; knights=0; dev-cards=0	roads=[99,139; 139,156; 156,122; 122,106; 106,82; 82,98]; settlements=[116,139; 139,173; 173,107]	I can only see reject?	 	 
427	20:44:41:683	ztime	clay=0; ore=4; sheep=1; wheat=0; wood=4; unknown=0; knights=1; dev-cards=0	roads=[88,134; 134,118; 118,150; 150,166; 166,102; 102,72; 72,182]; settlements=[105,150; 150,118; 118,73; 73,182]	err... that probably means you don't have the resources I was after	 	 
428	20:44:43:438	Shawnus	clay=0; ore=1; sheep=1; wheat=0; wood=5; unknown=0; knights=2; dev-cards=0	roads=[137,69; 69,68; 68,86; 86,103; 103,120; 120,154]; settlements=[137,86; 86,84]	do you have a sheep to trade?	 	 
429	20:44:51:507	ztime	clay=0; ore=4; sheep=1; wheat=0; wood=4; unknown=0; knights=1; dev-cards=0	roads=[88,134; 134,118; 118,150; 150,166; 166,102; 102,72; 72,182]; settlements=[105,150; 150,118; 118,73; 73,182]	I was after wood	 	 
430	20:44:55:726	WoodnSheep	clay=0; ore=0; sheep=0; wheat=1; wood=1; unknown=0; knights=0; dev-cards=0	roads=[99,139; 139,156; 156,122; 122,106; 106,82; 82,98]; settlements=[116,139; 139,173; 173,107]	I thought you wanted wheat?	 	 
431	20:44:58:813	ztime	clay=0; ore=4; sheep=1; wheat=0; wood=4; unknown=0; knights=1; dev-cards=0	roads=[88,134; 134,118; 118,150; 150,166; 166,102; 102,72; 72,182]; settlements=[105,150; 150,118; 118,73; 73,182]	oopp wheat	 	 
432	20:45:01:655	ztime	clay=0; ore=4; sheep=1; wheat=0; wood=4; unknown=0; knights=1; dev-cards=0	roads=[88,134; 134,118; 118,150; 150,166; 166,102; 102,72; 72,182]; settlements=[105,150; 150,118; 118,73; 73,182]	yer sorry..	 	 
433	20:45:05:482	ztime	clay=0; ore=4; sheep=1; wheat=0; wood=4; unknown=0; knights=1; dev-cards=0	roads=[88,134; 134,118; 118,150; 150,166; 166,102; 102,72; 72,182]; settlements=[105,150; 150,118; 118,73; 73,182]	I was after wheat..	 	 
434	20:45:07:850	ztime	clay=0; ore=4; sheep=1; wheat=0; wood=4; unknown=0; knights=1; dev-cards=0	roads=[88,134; 134,118; 118,150; 150,166; 166,102; 102,72; 72,182]; settlements=[105,150; 150,118; 118,73; 73,182]	I'll try again..	 	 
435	20:45:11:686	Shawnus	clay=0; ore=1; sheep=1; wheat=0; wood=5; unknown=0; knights=2; dev-cards=0	roads=[137,69; 69,68; 68,86; 86,103; 103,120; 120,154]; settlements=[137,86; 86,84]	hahaha	 	 
436	20:45:24:369	Server	 		ztime made an offer to trade 1 ore, 1 wood for 1 wheat.	 	 
437	20:45:27:176	ztime	clay=0; ore=4; sheep=1; wheat=0; wood=4; unknown=0; knights=1; dev-cards=0	roads=[88,134; 134,118; 118,150; 150,166; 166,102; 102,72; 72,182]; settlements=[105,150; 150,118; 118,73; 73,182]	that right?	 	 
438	20:45:33:987	Shawnus	clay=0; ore=1; sheep=1; wheat=0; wood=5; unknown=0; knights=2; dev-cards=0	roads=[137,69; 69,68; 68,86; 86,103; 103,120; 120,154]; settlements=[137,86; 86,84]	better	 	 
439	20:45:36:539	Server	 		ztime traded 1 ore, 1 wood for 1 wheat from WoodnSheep.	 	 
440	20:45:40:888	WoodnSheep	clay=0; ore=1; sheep=0; wheat=0; wood=2; unknown=0; knights=0; dev-cards=0	roads=[99,139; 139,156; 156,122; 122,106; 106,82; 82,98]; settlements=[116,139; 139,173; 173,107]	:)	 	 
441	20:45:44:798	ztime	clay=0; ore=3; sheep=1; wheat=1; wood=3; unknown=0; knights=1; dev-cards=0	roads=[88,134; 134,118; 118,150; 150,166; 166,102; 102,72; 72,182]; settlements=[105,150; 150,118; 118,73; 73,182]	great thanks..	 	 
442	20:45:56:694	Server	 		Shawnus rolled a 6 and a 3.	 	 
443	20:45:56:695	Server	 		ztime gets 2 clay, 1 wheat. WoodnSheep gets 1 clay.	 	 
444	20:46:43:196	Shawnus	clay=0; ore=1; sheep=1; wheat=0; wood=5; unknown=0; knights=2; dev-cards=0	roads=[137,69; 69,68; 68,86; 86,103; 103,120; 120,154]; settlements=[137,86; 86,84]	anyone want to trade my lovely wood for some wheat?	 	 
445	20:46:50:218	ztime	clay=2; ore=2; sheep=0; wheat=1; wood=3; unknown=0; knights=1; dev-cards=1	roads=[88,134; 134,118; 118,150; 150,166; 166,102; 102,72; 72,182]; settlements=[105,150; 150,118; 118,73; 73,182]	sorry	 	 
446	20:47:05:326	WoodnSheep	clay=1; ore=1; sheep=0; wheat=0; wood=2; unknown=0; knights=0; dev-cards=0	roads=[99,139; 139,156; 156,122; 122,106; 106,82; 82,98]; settlements=[116,139; 139,173; 173,107]	sorry	 	 
447	20:47:10:313	Server	 		Shawnus traded 4 wood for 1 wheat from the bank.	 	 
448	20:47:13:449	WoodnSheep	clay=1; ore=1; sheep=0; wheat=0; wood=2; unknown=0; knights=0; dev-cards=0	roads=[99,139; 139,156; 156,122; 122,106; 106,82; 82,98]; settlements=[116,139; 139,173; 173,107]	couldn't if I wanted to	 	 
449	20:47:33:950	Server	 		WoodnSheep rolled a 5 and a 3.	 	 
450	20:47:33:950	Server	 		WoodnSheep gets 2 wheat.	 	 
451	20:47:52:020	WoodnSheep	clay=1; ore=1; sheep=0; wheat=2; wood=2; unknown=0; knights=0; dev-cards=0	roads=[99,139; 139,156; 156,122; 122,106; 106,82; 82,98]; settlements=[116,139; 139,173; 173,107]	I'd like some sheep?	 	 
452	20:47:58:362	ztime	clay=2; ore=2; sheep=0; wheat=1; wood=3; unknown=0; knights=1; dev-cards=1	roads=[88,134; 134,118; 118,150; 150,166; 166,102; 102,72; 72,182]; settlements=[105,150; 150,118; 118,73; 73,182]	srry can't help	 	 
453	20:48:10:639	Shawnus	clay=0; ore=1; sheep=1; wheat=1; wood=1; unknown=0; knights=2; dev-cards=0	roads=[137,69; 69,68; 68,86; 86,103; 103,120; 120,154]; settlements=[137,86; 86,84]	nope sorry	 	 
454	20:48:44:230	Server	 		WoodnSheep traded 2 wheat for 1 ore from a port.	 	 
455	20:48:50:515	Server	 		ztime rolled a 5 and a 5.	 	 
456	20:48:50:517	Server	 		ztime gets 2 clay. WoodnSheep gets 1 clay, 2 sheep.	 	 
457	20:49:03:295	Server	 		ztime built a road.	 	 
458	20:49:13:120	Server	 		ztime built a road.	 	 
459	20:49:18:115	Server	 		ztime built a road.	 	 
460	20:49:26:807	WoodnSheep	clay=2; ore=2; sheep=2; wheat=0; wood=2; unknown=0; knights=0; dev-cards=0	roads=[99,139; 139,156; 156,122; 122,106; 106,82; 82,98]; settlements=[116,139; 139,173; 173,107]	longest road much?	 	 
461	20:49:41:768	Shawnus	clay=0; ore=1; sheep=0; wheat=1; wood=1; unknown=0; knights=2; dev-cards=0	roads=[137,69; 69,68; 68,86; 86,103; 103,120; 120,154]; settlements=[137,86; 86,84]	ouch	 	 
462	20:49:46:602	ztime	clay=1; ore=1; sheep=0; wheat=0; wood=0; unknown=0; knights=2; dev-cards=1	roads=[88,134; 134,118; 118,150; 150,166; 166,102; 102,72; 72,182; 182,199; 199,200; 200,201]; settlements=[105,150; 150,118; 118,73; 73,182]	ta :-)	 	 
463	20:49:48:202	Server	 		Shawnus rolled a 4 and a 5.	 	 
464	20:49:48:203	Server	 		ztime gets 2 clay, 1 wheat. WoodnSheep gets 1 clay.	 	 
465	20:50:00:672	Server	 		WoodnSheep rolled a 2 and a 1.	 	 
466	20:50:00:673	Server	 		ztime gets 1 clay. Shawnus gets 2 clay.	 	 
467	20:50:41:216	WoodnSheep	clay=3; ore=2; sheep=2; wheat=0; wood=2; unknown=0; knights=0; dev-cards=0	roads=[99,139; 139,156; 156,122; 122,106; 106,82; 82,98]; settlements=[116,139; 139,173; 173,107]	I'd like a wheat?	 	 
468	20:50:48:719	ztime	clay=4; ore=1; sheep=0; wheat=1; wood=0; unknown=0; knights=2; dev-cards=1	roads=[88,134; 134,118; 118,150; 150,166; 166,102; 102,72; 72,182; 182,199; 199,200; 200,201]; settlements=[105,150; 150,118; 118,73; 73,182]	for?	 	 
469	20:50:55:415	WoodnSheep	clay=3; ore=2; sheep=2; wheat=0; wood=2; unknown=0; knights=0; dev-cards=0	roads=[99,139; 139,156; 156,122; 122,106; 106,82; 82,98]; settlements=[116,139; 139,173; 173,107]	wood?	 	 
470	20:51:01:457	WoodnSheep	clay=3; ore=2; sheep=2; wheat=0; wood=2; unknown=0; knights=0; dev-cards=0	roads=[99,139; 139,156; 156,122; 122,106; 106,82; 82,98]; settlements=[116,139; 139,173; 173,107]	or maybe sheep?	 	 
471	20:51:06:015	ztime	clay=4; ore=1; sheep=0; wheat=1; wood=0; unknown=0; knights=2; dev-cards=1	roads=[88,134; 134,118; 118,150; 150,166; 166,102; 102,72; 72,182; 182,199; 199,200; 200,201]; settlements=[105,150; 150,118; 118,73; 73,182]	sheep	 	 
472	20:51:09:342	ztime	clay=4; ore=1; sheep=0; wheat=1; wood=0; unknown=0; knights=2; dev-cards=1	roads=[88,134; 134,118; 118,150; 150,166; 166,102; 102,72; 72,182; 182,199; 199,200; 200,201]; settlements=[105,150; 150,118; 118,73; 73,182]	ok	 	 
473	20:51:42:505	Server	 		WoodnSheep made an offer to trade 1 sheep for 1 wheat.	 	 
474	20:51:46:636	Server	 		WoodnSheep traded 1 sheep for 1 wheat from ztime.	 	 
475	20:51:59:503	WoodnSheep	clay=3; ore=2; sheep=1; wheat=1; wood=2; unknown=0; knights=0; dev-cards=0	roads=[99,139; 139,156; 156,122; 122,106; 106,82; 82,98]; settlements=[116,139; 139,173; 173,107]	hmm so that development card could be a victory point	 	 
476	20:52:05:156	WoodnSheep	clay=3; ore=2; sheep=1; wheat=1; wood=2; unknown=0; knights=0; dev-cards=0	roads=[99,139; 139,156; 156,122; 122,106; 106,82; 82,98]; settlements=[116,139; 139,173; 173,107]	thus putting ztime on 8...	 	 
477	20:52:13:583	ztime	clay=4; ore=1; sheep=1; wheat=0; wood=0; unknown=0; knights=2; dev-cards=1	roads=[88,134; 134,118; 118,150; 150,166; 166,102; 102,72; 72,182; 182,199; 199,200; 200,201]; settlements=[105,150; 150,118; 118,73; 73,182]	hmm...	 	 
478	20:52:13:704	Server	 		WoodnSheep built a settlement.	 	 
479	20:52:17:221	Shawnus	clay=2; ore=1; sheep=0; wheat=1; wood=1; unknown=0; knights=2; dev-cards=0	roads=[137,69; 69,68; 68,86; 86,103; 103,120; 120,154]; settlements=[137,86; 86,84]	could be	 	 
480	20:52:17:399	ztime	clay=4; ore=1; sheep=1; wheat=0; wood=0; unknown=0; knights=2; dev-cards=1	roads=[88,134; 134,118; 118,150; 150,166; 166,102; 102,72; 72,182; 182,199; 199,200; 200,201]; settlements=[105,150; 150,118; 118,73; 73,182]	you're thinking out loud..	 	 
481	20:52:28:283	Server	 		ztime rolled a 4 and a 4.	 	 
482	20:52:28:284	Server	 		Shawnus gets 1 wood. WoodnSheep gets 2 wheat, 1 wood.	 	 
483	20:52:32:941	Shawnus	clay=2; ore=1; sheep=0; wheat=1; wood=2; unknown=0; knights=2; dev-cards=0	roads=[137,69; 69,68; 68,86; 86,103; 103,120; 120,154]; settlements=[137,86; 86,84]	not much i can do about it right now	 	 
484	20:52:49:856	Server	 		ztime built a road.	 	 
485	20:52:56:700	Server	 		Shawnus rolled a 3 and a 5.	 	 
486	20:52:56:701	Server	 		Shawnus gets 1 wood. WoodnSheep gets 2 wheat, 1 wood.	 	 
487	20:53:16:175	Shawnus	clay=2; ore=1; sheep=0; wheat=1; wood=3; unknown=0; knights=2; dev-cards=0	roads=[137,69; 69,68; 68,86; 86,103; 103,120; 120,154]; settlements=[137,86; 86,84]	anyone got a sheep to trade?	 	 
488	20:53:25:275	ztime	clay=3; ore=1; sheep=1; wheat=0; wood=0; unknown=0; knights=3; dev-cards=0	roads=[88,134; 134,118; 118,150; 150,166; 166,102; 102,72; 72,182; 182,199; 199,200; 200,201; 201,202]; settlements=[105,150; 150,118; 118,73; 73,182]	for?	 	 
489	20:53:36:796	Shawnus	clay=2; ore=1; sheep=0; wheat=1; wood=3; unknown=0; knights=2; dev-cards=0	roads=[137,69; 69,68; 68,86; 86,103; 103,120; 120,154]; settlements=[137,86; 86,84]	a wood or a clay?	 	 
490	20:53:43:199	ztime	clay=3; ore=1; sheep=1; wheat=0; wood=0; unknown=0; knights=3; dev-cards=0	roads=[88,134; 134,118; 118,150; 150,166; 166,102; 102,72; 72,182; 182,199; 199,200; 200,201; 201,202]; settlements=[105,150; 150,118; 118,73; 73,182]	no sorry	 	 
491	20:54:28:280	ztime	clay=3; ore=1; sheep=1; wheat=0; wood=0; unknown=0; knights=3; dev-cards=0	roads=[88,134; 134,118; 118,150; 150,166; 166,102; 102,72; 72,182; 182,199; 199,200; 200,201; 201,202]; settlements=[105,150; 150,118; 118,73; 73,182]	haven't had a 7 in ages...	 	 
492	20:54:43:468	Shawnus	clay=2; ore=1; sheep=0; wheat=1; wood=3; unknown=0; knights=2; dev-cards=0	roads=[137,69; 69,68; 68,86; 86,103; 103,120; 120,154]; settlements=[137,86; 86,84]	hahaha	 	 
493	20:55:12:124	Shawnus	clay=2; ore=1; sheep=0; wheat=1; wood=3; unknown=0; knights=2; dev-cards=0	roads=[137,69; 69,68; 68,86; 86,103; 103,120; 120,154]; settlements=[137,86; 86,84]	why isn't it autorolling...	 	 
494	20:55:20:535	ztime	clay=3; ore=1; sheep=1; wheat=0; wood=0; unknown=0; knights=3; dev-cards=0	roads=[88,134; 134,118; 118,150; 150,166; 166,102; 102,72; 72,182; 182,199; 199,200; 200,201; 201,202]; settlements=[105,150; 150,118; 118,73; 73,182]	it was..	 	 
495	20:55:34:719	Shawnus	clay=2; ore=1; sheep=0; wheat=1; wood=3; unknown=0; knights=2; dev-cards=0	roads=[137,69; 69,68; 68,86; 86,103; 103,120; 120,154]; settlements=[137,86; 86,84]	yeah, and now Wolfie is quiet and it isn't rolling..	 	 
496	20:55:40:332	ztime	clay=3; ore=1; sheep=1; wheat=0; wood=0; unknown=0; knights=3; dev-cards=0	roads=[88,134; 134,118; 118,150; 150,166; 166,102; 102,72; 72,182; 182,199; 199,200; 200,201; 201,202]; settlements=[105,150; 150,118; 118,73; 73,182]	oh no...	 	 
497	20:55:44:380	ztime	clay=3; ore=1; sheep=1; wheat=0; wood=0; unknown=0; knights=3; dev-cards=0	roads=[88,134; 134,118; 118,150; 150,166; 166,102; 102,72; 72,182; 182,199; 199,200; 200,201; 201,202]; settlements=[105,150; 150,118; 118,73; 73,182]	hello wolfie?	 	 
498	20:55:51:243	ztime	clay=3; ore=1; sheep=1; wheat=0; wood=0; unknown=0; knights=3; dev-cards=0	roads=[88,134; 134,118; 118,150; 150,166; 166,102; 102,72; 72,182; 182,199; 199,200; 200,201; 201,202]; settlements=[105,150; 150,118; 118,73; 73,182]	earth to wolf pack?	 	 
499	20:56:17:116	ztime	clay=3; ore=1; sheep=1; wheat=0; wood=0; unknown=0; knights=3; dev-cards=0	roads=[88,134; 134,118; 118,150; 150,166; 166,102; 102,72; 72,182; 182,199; 199,200; 200,201; 201,202]; settlements=[105,150; 150,118; 118,73; 73,182]	email from her..	 	 
500	20:59:30:461	Server	 		ztime rolled a 4 and a 4.	 	 
501	20:59:30:461	Server	 		Shawnus gets 1 wood.	 	 
502	20:59:33:284	Shawnus	clay=2; ore=1; sheep=0; wheat=1; wood=4; unknown=0; knights=2; dev-cards=0	roads=[137,69; 69,68; 68,86; 86,103; 103,120; 120,154]; settlements=[137,86; 86,84]	urgh...this is annoying..	 	 
503	20:59:34:157	ztime	clay=3; ore=1; sheep=1; wheat=0; wood=0; unknown=0; knights=3; dev-cards=0	roads=[88,134; 134,118; 118,150; 150,166; 166,102; 102,72; 72,182; 182,199; 199,200; 200,201; 201,202]; settlements=[105,150; 150,118; 118,73; 73,182]	oh hello?	 	 
504	20:59:37:713	ztime	clay=3; ore=1; sheep=1; wheat=0; wood=0; unknown=0; knights=3; dev-cards=0	roads=[88,134; 134,118; 118,150; 150,166; 166,102; 102,72; 72,182; 182,199; 199,200; 200,201; 201,202]; settlements=[105,150; 150,118; 118,73; 73,182]	she left..	 	 
505	20:59:41:369	ztime	clay=3; ore=1; sheep=1; wheat=0; wood=0; unknown=0; knights=3; dev-cards=0	roads=[88,134; 134,118; 118,150; 150,166; 166,102; 102,72; 72,182; 182,199; 199,200; 200,201; 201,202]; settlements=[105,150; 150,118; 118,73; 73,182]	just us 2 now...	 	 
506	20:59:48:625	ztime	clay=3; ore=1; sheep=1; wheat=0; wood=0; unknown=0; knights=3; dev-cards=0	roads=[88,134; 134,118; 118,150; 150,166; 166,102; 102,72; 72,182; 182,199; 199,200; 200,201; 201,202]; settlements=[105,150; 150,118; 118,73; 73,182]	should we wait a bit...?	 	 
507	20:59:53:048	Shawnus	clay=2; ore=1; sheep=0; wheat=1; wood=4; unknown=0; knights=2; dev-cards=0	roads=[137,69; 69,68; 68,86; 86,103; 103,120; 120,154]; settlements=[137,86; 86,84]	yeah	 	 
508	20:59:56:152	Shawnus	clay=2; ore=1; sheep=0; wheat=1; wood=4; unknown=0; knights=2; dev-cards=0	roads=[137,69; 69,68; 68,86; 86,103; 103,120; 120,154]; settlements=[137,86; 86,84]	will make a brew	 	 
509	21:00:01:624	ztime	clay=3; ore=1; sheep=1; wheat=0; wood=0; unknown=0; knights=3; dev-cards=0	roads=[88,134; 134,118; 118,150; 150,166; 166,102; 102,72; 72,182; 182,199; 199,200; 200,201; 201,202]; settlements=[105,150; 150,118; 118,73; 73,182]	me too.. back in 2 mins	 	 
510	21:06:03:078	ztime	clay=3; ore=1; sheep=1; wheat=0; wood=0; unknown=0; knights=3; dev-cards=0	roads=[88,134; 134,118; 118,150; 150,166; 166,102; 102,72; 72,182; 182,199; 199,200; 200,201; 201,202]; settlements=[105,150; 150,118; 118,73; 73,182]	I'm back here..	 	 
511	21:06:57:599	Shawnus	clay=2; ore=1; sheep=0; wheat=1; wood=4; unknown=0; knights=2; dev-cards=0	roads=[137,69; 69,68; 68,86; 86,103; 103,120; 120,154]; settlements=[137,86; 86,84]	k	 	 
512	21:08:57:020	ztime	clay=3; ore=1; sheep=1; wheat=0; wood=0; unknown=0; knights=3; dev-cards=0	roads=[88,134; 134,118; 118,150; 150,166; 166,102; 102,72; 72,182; 182,199; 199,200; 200,201; 201,202]; settlements=[105,150; 150,118; 118,73; 73,182]	ok	 	 
513	21:09:01:319	ztime	clay=3; ore=1; sheep=1; wheat=0; wood=0; unknown=0; knights=3; dev-cards=0	roads=[88,134; 134,118; 118,150; 150,166; 166,102; 102,72; 72,182; 182,199; 199,200; 200,201; 201,202]; settlements=[105,150; 150,118; 118,73; 73,182]	seems we'll carry on..	 	 
514	21:09:08:329	Server	 		Shawnus rolled a 6 and a 3.	 	 
515	21:09:08:329	Server	 		ztime gets 2 clay, 1 wheat.	 	 
516	21:09:15:638	Shawnus	clay=2; ore=1; sheep=0; wheat=1; wood=4; unknown=0; knights=2; dev-cards=0	roads=[137,69; 69,68; 68,86; 86,103; 103,120; 120,154]; settlements=[137,86; 86,84]	ok	 	 
517	21:10:12:109	Shawnus	clay=2; ore=1; sheep=0; wheat=1; wood=4; unknown=0; knights=2; dev-cards=0	roads=[137,69; 69,68; 68,86; 86,103; 103,120; 120,154]; settlements=[137,86; 86,84]	so let me add that to the screenshot figures...	 	 
518	21:10:17:154	ztime	clay=5; ore=1; sheep=1; wheat=1; wood=0; unknown=0; knights=3; dev-cards=0	roads=[88,134; 134,118; 118,150; 150,166; 166,102; 102,72; 72,182; 182,199; 199,200; 200,201; 201,202]; settlements=[105,150; 150,118; 118,73; 73,182]	haha	 	 
519	21:10:19:823	ztime	clay=5; ore=1; sheep=1; wheat=1; wood=0; unknown=0; knights=3; dev-cards=0	roads=[88,134; 134,118; 118,150; 150,166; 166,102; 102,72; 72,182; 182,199; 199,200; 200,201; 201,202]; settlements=[105,150; 150,118; 118,73; 73,182]	woops..	 	 
520	21:10:56:682	Server	 		ztime rolled a 4 and a 2.	 	 
521	21:10:56:682	Server	 		ztime gets 1 ore, 1 wood. Shawnus gets 1 wood.	 	 
522	21:11:05:966	ztime	clay=5; ore=2; sheep=1; wheat=1; wood=1; unknown=0; knights=3; dev-cards=0	roads=[88,134; 134,118; 118,150; 150,166; 166,102; 102,72; 72,182; 182,199; 199,200; 200,201; 201,202]; settlements=[105,150; 150,118; 118,73; 73,182]	how would you like to have some of my clay?	 	 
523	21:11:11:855	ztime	clay=5; ore=2; sheep=1; wheat=1; wood=1; unknown=0; knights=3; dev-cards=0	roads=[88,134; 134,118; 118,150; 150,166; 166,102; 102,72; 72,182; 182,199; 199,200; 200,201; 201,202]; settlements=[105,150; 150,118; 118,73; 73,182]	for ore?	 	 
524	21:11:17:373	Shawnus	clay=2; ore=1; sheep=0; wheat=1; wood=5; unknown=0; knights=2; dev-cards=0	roads=[137,69; 69,68; 68,86; 86,103; 103,120; 120,154]; settlements=[137,86; 86,84]	hahaha	 	 
525	21:11:20:914	ztime	clay=5; ore=2; sheep=1; wheat=1; wood=1; unknown=0; knights=3; dev-cards=0	roads=[88,134; 134,118; 118,150; 150,166; 166,102; 102,72; 72,182; 182,199; 199,200; 200,201; 201,202]; settlements=[105,150; 150,118; 118,73; 73,182]	or wheat?	 	 
526	21:11:26:196	ztime	clay=5; ore=2; sheep=1; wheat=1; wood=1; unknown=0; knights=3; dev-cards=0	roads=[88,134; 134,118; 118,150; 150,166; 166,102; 102,72; 72,182; 182,199; 199,200; 200,201; 201,202]; settlements=[105,150; 150,118; 118,73; 73,182]	look into my eyes.. not around.. etc	 	 
527	21:11:35:025	Shawnus	clay=2; ore=1; sheep=0; wheat=1; wood=5; unknown=0; knights=2; dev-cards=0	roads=[137,69; 69,68; 68,86; 86,103; 103,120; 120,154]; settlements=[137,86; 86,84]	i dont have enough sorry	 	 
528	21:11:35:459	ztime	clay=5; ore=2; sheep=1; wheat=1; wood=1; unknown=0; knights=3; dev-cards=0	roads=[88,134; 134,118; 118,150; 150,166; 166,102; 102,72; 72,182; 182,199; 199,200; 200,201; 201,202]; settlements=[105,150; 150,118; 118,73; 73,182]	if only I was Derren Brown..	 	 
529	21:11:53:237	Server	 		ztime traded 4 clay for 1 ore from the bank.	 	 
530	21:12:02:524	Server	 		Shawnus rolled a 5 and a 4.	 	 
531	21:12:02:525	Server	 		ztime gets 2 clay, 1 wheat.	 	 
532	21:12:20:135	Server	 		ztime rolled a 5 and a 4.	 	 
533	21:12:20:135	Server	 		ztime gets 2 clay, 1 wheat.	 	 
534	21:12:24:777	Server	 		ztime built a city.	 	 
535	21:12:26:287	Shawnus	clay=2; ore=1; sheep=0; wheat=1; wood=5; unknown=0; knights=2; dev-cards=0	roads=[137,69; 69,68; 68,86; 86,103; 103,120; 120,154]; settlements=[137,86; 86,84]	damn	 	 
536	21:12:32:935	ztime	clay=5; ore=0; sheep=1; wheat=1; wood=1; unknown=0; knights=3; dev-cards=0	roads=[88,134; 134,118; 118,150; 150,166; 166,102; 102,72; 72,182; 182,199; 199,200; 200,201; 201,202]; settlements=[105,150; 150,118; 118,73]	thanks for the game...	 	 
537	21:12:38:105	ztime	clay=5; ore=0; sheep=1; wheat=1; wood=1; unknown=0; knights=3; dev-cards=0	roads=[88,134; 134,118; 118,150; 150,166; 166,102; 102,72; 72,182; 182,199; 199,200; 200,201; 201,202]; settlements=[105,150; 150,118; 118,73]	enjoy your brew!	 	 
538	21:12:42:540	Shawnus	clay=2; ore=1; sheep=0; wheat=1; wood=5; unknown=0; knights=2; dev-cards=0	roads=[137,69; 69,68; 68,86; 86,103; 103,120; 120,154]; settlements=[137,86; 86,84]	hahaha	 	 
539	21:12:44:571	Shawnus	clay=2; ore=1; sheep=0; wheat=1; wood=5; unknown=0; knights=2; dev-cards=0	roads=[137,69; 69,68; 68,86; 86,103; 103,120; 120,154]; settlements=[137,86; 86,84]	thanks	 	 
540	21:12:48:020	Shawnus	clay=2; ore=1; sheep=0; wheat=1; wood=5; unknown=0; knights=2; dev-cards=0	roads=[137,69; 69,68; 68,86; 86,103; 103,120; 120,154]; settlements=[137,86; 86,84]	see you later	 	 
541	21:12:58:418	ztime	clay=5; ore=0; sheep=1; wheat=1; wood=1; unknown=0; knights=3; dev-cards=0	roads=[88,134; 134,118; 118,150; 150,166; 166,102; 102,72; 72,182; 182,199; 199,200; 200,201; 201,202]; settlements=[105,150; 150,118; 118,73]	yarp.. see you next time..	 	 
