ID	Timestamp	Emitter	Resources	Buildups	Text	Annotation	Comment
1	20:24:30:452	Server	 		Tyrant Lord built a settlement.	 	 
2	20:24:34:417	Server	 		Tyrant Lord built a road.	 	 
3	20:25:06:828	Server	 		nelsen built a settlement.	 	 
4	20:25:08:956	Server	 		nelsen built a road.	 	 
5	20:25:16:233	Server	 		Kersti built a settlement.	 	 
6	20:25:20:341	Server	 		Kersti built a road.	 	 
7	20:26:02:195	Server	 		sparkles built a settlement.	 	 
8	20:26:03:411	Server	 		sparkles built a road.	 	 
9	20:26:07:147	Server	 		sparkles built a settlement.	 	 
10	20:26:11:620	Server	 		sparkles built a road.	 	 
11	20:26:18:981	Server	 		Kersti built a settlement.	 	 
12	20:26:25:661	Server	 		Kersti built a road.	 	 
13	20:27:04:934	Server	 		nelsen built a settlement.	 	 
14	20:27:06:285	Server	 		nelsen built a road.	 	 
15	20:27:21:631	Server	 		Tyrant Lord built a settlement.	 	 
16	20:27:22:548	Server	 		Tyrant Lord built a road.	 	 
17	20:27:27:802	Server	 		Tyrant Lord rolled a 2 and a 4.	 	 
18	20:27:27:809	Server	 		nelsen gets 1 wood. sparkles gets 1 ore. Tyrant Lord gets 1 wood.	 	 
19	20:27:42:222	Server	 		nelsen rolled a 5 and a 5.	 	 
20	20:27:42:228	Server	 		Kersti gets 2 ore.	 	 
21	20:27:56:931	Server	 		Kersti rolled a 4 and a 4.	 	 
22	20:27:56:938	Server	 		nelsen gets 1 wood. Kersti gets 1 wheat. sparkles gets 1 wheat. Tyrant Lord gets 1 wheat.	 	 
23	20:28:10:510	Kersti	clay=1; ore=3; sheep=1; wheat=1; wood=0; unknown=0; knights=0; dev-cards=0	roads=[100,118]; settlements=[116,135]	anyone got a spare wheat or wood?	 	 
24	20:28:25:289	nelsen	clay=0; ore=0; sheep=2; wheat=0; wood=3; unknown=0; knights=0; dev-cards=0	roads=[154,86]; settlements=[154,103]	I've got spare wood for wheat or clay	 	 
25	20:28:35:878	Tyrant Lord	clay=0; ore=0; sheep=0; wheat=2; wood=1; unknown=0; knights=0; dev-cards=0	roads=[104,66]; settlements=[105,82]	i have some wheat	 	 
26	20:28:44:594	sparkles	clay=1; ore=2; sheep=0; wheat=1; wood=1; unknown=0; knights=0; dev-cards=0	roads=[84,152]; settlements=[84,169]	nope	 	 
27	20:29:00:513	Kersti	clay=1; ore=3; sheep=1; wheat=1; wood=0; unknown=0; knights=0; dev-cards=0	roads=[100,118]; settlements=[116,135]	tyrant, I can give you either clay or sheep for wheat -& nelson I can only give sheep for wood :)	 	 
28	20:29:12:940	nelsen	clay=0; ore=0; sheep=2; wheat=0; wood=3; unknown=0; knights=0; dev-cards=0	roads=[154,86]; settlements=[154,103]	Ah,& then no thanks :)	 	 
29	20:29:19:672	Tyrant Lord	clay=0; ore=0; sheep=0; wheat=2; wood=1; unknown=0; knights=0; dev-cards=0	roads=[104,66]; settlements=[105,82]	sheep would be good?	 	 
30	20:29:36:244	Server	 		Kersti made an offer to trade 1 sheep for 1 wheat.	 	 
31	20:29:41:433	Server	 		Kersti traded 1 sheep for 1 wheat from Tyrant Lord.	 	 
32	20:29:48:342	Server	 		Kersti built a city.	 	 
33	20:29:55:681	Server	 		sparkles rolled a 5 and a 2.	 	 
34	20:30:17:746	Server	 		sparkles built a road.	 	 
35	20:30:27:467	Server	 		Tyrant Lord rolled a 3 and a 3.	 	 
36	20:30:27:472	Server	 		nelsen gets 1 wood. sparkles gets 1 ore. Tyrant Lord gets 1 wood.	 	 
37	20:31:01:040	Tyrant Lord	clay=0; ore=0; sheep=1; wheat=1; wood=2; unknown=0; knights=0; dev-cards=0	roads=[104,66]; settlements=[105,82]	anyone wanna trade some of their clay/ore for some wood?	 	 
38	20:31:09:587	nelsen	clay=0; ore=0; sheep=2; wheat=0; wood=4; unknown=0; knights=0; dev-cards=0	roads=[154,86]; settlements=[154,103]	No can do	 	 
39	20:31:34:927	Kersti	clay=0; ore=0; sheep=0; wheat=0; wood=0; unknown=0; knights=0; dev-cards=0	roads=[100,118]	sorry	 	 
40	20:31:41:672	sparkles	clay=1; ore=3; sheep=0; wheat=1; wood=0; unknown=0; knights=0; dev-cards=0	roads=[84,152; 152,68]; settlements=[84,169]	I have no wood,& but I want my clay and ore more.& So another nope.	 	 
41	20:31:53:079	Tyrant Lord	clay=0; ore=0; sheep=1; wheat=1; wood=2; unknown=0; knights=0; dev-cards=0	roads=[104,66]; settlements=[105,82]	fair enough	 	 
42	20:32:00:403	Server	 		nelsen rolled a 4 and a 3.	 	 
43	20:32:42:919	Server	 		nelsen built a road.	 	 
44	20:32:52:237	Server	 		Kersti rolled a 3 and a 1.	 	 
45	20:32:52:242	Server	 		nelsen gets 1 wood. sparkles gets 2 wood.	 	 
46	20:34:13:995	Server	 		sparkles rolled a 3 and a 4.	 	 
47	20:35:32:081	sparkles	clay=0; ore=3; sheep=0; wheat=1; wood=3; unknown=0; knights=0; dev-cards=0	roads=[84,152; 152,68]; settlements=[84,169]	anyone want wood for either wheat or clay?	 	 
48	20:35:38:998	Kersti	clay=0; ore=0; sheep=0; wheat=0; wood=0; unknown=0; knights=0; dev-cards=0	roads=[100,118]	I have nothing	 	 
49	20:35:52:293	Tyrant Lord	clay=0; ore=0; sheep=1; wheat=1; wood=2; unknown=0; knights=0; dev-cards=0	roads=[104,66]; settlements=[105,82]	no& sorry	 	 
50	20:36:02:127	nelsen	clay=0; ore=0; sheep=2; wheat=0; wood=3; unknown=0; knights=0; dev-cards=0	roads=[154,86; 86,138]; settlements=[154,103]	nope,& sorry	 	 
51	20:36:20:928	Server	 		Tyrant Lord rolled a 1 and a 1.	 	 
52	20:36:20:933	Server	 		No player gets anything.	 	 
53	20:36:34:926	Server	 		nelsen rolled a 5 and a 3.	 	 
54	20:36:34:932	Server	 		nelsen gets 1 wood. Kersti gets 2 wheat. sparkles gets 1 wheat. Tyrant Lord gets 1 wheat.	 	 
55	20:36:47:079	Server	 		Kersti rolled a 2 and a 3.	 	 
56	20:36:47:084	Server	 		Kersti gets 2 sheep.	 	 
57	20:36:56:851	Server	 		sparkles rolled a 3 and a 4.	 	 
58	20:37:39:923	sparkles	clay=0; ore=3; sheep=0; wheat=1; wood=0; unknown=0; knights=0; dev-cards=0	roads=[84,152; 152,68]; settlements=[84,169]	I should have offered up wood for free& /hindsight :)	 	 
59	20:38:05:266	Server	 		Tyrant Lord rolled a 2 and a 4.	 	 
60	20:38:05:271	Server	 		nelsen gets 1 wood. sparkles gets 1 ore. Tyrant Lord gets 1 wood.	 	 
61	20:38:27:720	Tyrant Lord	clay=0; ore=0; sheep=1; wheat=2; wood=3; unknown=0; knights=0; dev-cards=0	roads=[104,66]; settlements=[105,82]	my wood or wheat for caly or ore anyone?	 	 
62	20:38:42:352	nelsen	clay=0; ore=0; sheep=2; wheat=0; wood=5; unknown=0; knights=0; dev-cards=0	roads=[154,86; 86,138]; settlements=[154,103]	nope,& sorry	 	 
63	20:38:44:686	Kersti	clay=0; ore=0; sheep=1; wheat=2; wood=0; unknown=0; knights=0; dev-cards=0	roads=[100,118]	sorry	 	 
64	20:38:58:452	sparkles	clay=0; ore=3; sheep=0; wheat=0; wood=0; unknown=0; knights=0; dev-cards=1	roads=[84,152; 152,68]; settlements=[84,169]	can do wheat for ore	 	 
65	20:39:06:501	Tyrant Lord	clay=0; ore=0; sheep=1; wheat=2; wood=3; unknown=0; knights=0; dev-cards=0	roads=[104,66]; settlements=[105,82]	sounds good	 	 
66	20:39:22:008	Server	 		Tyrant Lord made an offer to trade 1 wheat for 1 ore.	 	 
67	20:39:25:089	Server	 		Tyrant Lord traded 1 wheat for 1 ore from sparkles.	 	 
68	20:39:35:173	Server	 		nelsen rolled a 2 and a 5.	 	 
69	20:40:35:967	nelsen	clay=0; ore=0; sheep=3; wheat=0; wood=5; unknown=0; knights=0; dev-cards=0	roads=[154,86; 86,138]; settlements=[154,103]	I assume no-one will give me clay for wood?	 	 
70	20:40:52:272	sparkles	clay=0; ore=2; sheep=0; wheat=1; wood=0; unknown=0; knights=0; dev-cards=1	roads=[84,152; 152,68]; settlements=[84,169]	none to give	 	 
71	20:40:54:284	Tyrant Lord	clay=0; ore=0; sheep=0; wheat=0; wood=3; unknown=0; knights=0; dev-cards=1	roads=[104,66]; settlements=[105,82]	sorry& got none	 	 
72	20:40:57:002	Kersti	clay=0; ore=0; sheep=0; wheat=2; wood=0; unknown=0; knights=0; dev-cards=0	roads=[100,118]	have none to give& (and it keeps getting robbed)	 	 
73	20:41:09:827	Server	 		nelsen traded 4 wood for 1 clay from the bank.	 	 
74	20:41:13:570	Server	 		nelsen built a road.	 	 
75	20:41:21:411	Server	 		Kersti rolled a 6 and a 1.	 	 
76	20:41:49:338	sparkles	clay=0; ore=2; sheep=0; wheat=1; wood=0; unknown=0; knights=0; dev-cards=1	roads=[84,152; 152,68]; settlements=[84,169]	i could swear the dice probabilities are off in this.	 	 
77	20:41:51:524	Server	 		sparkles rolled a 3 and a 3.	 	 
78	20:41:51:529	Server	 		sparkles gets 1 ore.	 	 
79	20:42:02:397	Kersti	clay=0; ore=0; sheep=0; wheat=2; wood=1; unknown=0; knights=0; dev-cards=0	roads=[100,118]	it's a ghastly interface	 	 
80	20:42:19:232	Server	 		sparkles built a city.	 	 
81	20:42:35:378	Server	 		Tyrant Lord rolled a 3 and a 5.	 	 
82	20:42:35:384	Server	 		nelsen gets 1 wood. Kersti gets 2 wheat. sparkles gets 1 wheat. Tyrant Lord gets 1 wheat.	 	 
83	20:43:12:004	Server	 		nelsen rolled a 4 and a 6.	 	 
84	20:43:12:010	Server	 		Kersti gets 3 ore.	 	 
85	20:43:21:814	Server	 		Kersti rolled a 4 and a 3.	 	 
86	20:44:05:078	Kersti	clay=0; ore=3; sheep=1; wheat=2; wood=1; unknown=0; knights=0; dev-cards=0	roads=[100,118]	anyone have clay for my sheep?	 	 
87	20:44:12:841	nelsen	clay=0; ore=0; sheep=2; wheat=0; wood=1; unknown=0; knights=0; dev-cards=0	roads=[154,86; 86,138; 138,70]; settlements=[154,103]	nope	 	 
88	20:44:23:033	sparkles	clay=0; ore=0; sheep=0; wheat=1; wood=0; unknown=0; knights=0; dev-cards=0	roads=[84,152; 152,68]	nope	 	 
89	20:44:38:696	Tyrant Lord	clay=0; ore=0; sheep=0; wheat=2; wood=2; unknown=0; knights=1; dev-cards=0	roads=[104,66]; settlements=[105,82]	sorry& no	 	 
90	20:44:41:122	Server	 		Kersti built a city.	 	 
91	20:44:46:809	Server	 		sparkles rolled a 2 and a 5.	 	 
92	20:45:16:423	Server	 		Tyrant Lord rolled a 1 and a 4.	 	 
93	20:45:16:429	Server	 		nelsen gets 1 clay. Kersti gets 2 sheep. Tyrant Lord gets 1 clay.	 	 
94	20:46:05:450	Server	 		Tyrant Lord built a road.	 	 
95	20:46:21:925	Server	 		nelsen rolled a 2 and a 6.	 	 
96	20:46:21:931	Server	 		nelsen gets 1 wood. Kersti gets 2 wheat. sparkles gets 1 wheat. Tyrant Lord gets 1 wheat.	 	 
97	20:46:40:483	nelsen	clay=1; ore=0; sheep=2; wheat=0; wood=2; unknown=0; knights=0; dev-cards=0	roads=[154,86; 86,138; 138,70]; settlements=[154,103]	anyone got wheat for wood or sheep?	 	 
98	20:46:59:173	Kersti	clay=0; ore=0; sheep=3; wheat=2; wood=0; unknown=0; knights=0; dev-cards=0	roads=[100,118]; cities=[116,135]	I can give you wheat for wood	 	 
99	20:47:01:864	sparkles	clay=0; ore=0; sheep=0; wheat=2; wood=1; unknown=0; knights=0; dev-cards=0	roads=[84,152; 152,68]	i can do wheat for sheep	 	 
100	20:47:08:870	Tyrant Lord	clay=0; ore=0; sheep=0; wheat=3; wood=1; unknown=0; knights=1; dev-cards=0	roads=[104,66; 66,82]; settlements=[105,82]	i have wheat& if you want?	 	 
101	20:47:28:272	Server	 		nelsen made an offer to trade 1 wood for 1 wheat.	 	 
102	20:47:32:911	Server	 		nelsen traded 1 wood for 1 wheat from Kersti.	 	 
103	20:47:37:272	nelsen	clay=1; ore=0; sheep=2; wheat=1; wood=1; unknown=0; knights=0; dev-cards=0	roads=[154,86; 86,138; 138,70]; settlements=[154,103]	Kersti was first :)	 	 
104	20:47:40:776	Server	 		nelsen built a settlement.	 	 
105	20:47:44:632	Server	 		Kersti rolled a 1 and a 5.	 	 
106	20:47:44:637	Server	 		nelsen gets 2 wood. sparkles gets 2 ore. Tyrant Lord gets 1 wood.	 	 
107	20:47:58:618	Kersti	clay=0; ore=0; sheep=3; wheat=1; wood=1; unknown=0; knights=0; dev-cards=0	roads=[100,118]; cities=[116,135]	anyone have clay for sheep or wheat?	 	 
108	20:48:06:244	sparkles	clay=0; ore=2; sheep=0; wheat=2; wood=1; unknown=0; knights=0; dev-cards=0	roads=[84,152; 152,68]	nope	 	 
109	20:48:18:632	Tyrant Lord	clay=0; ore=0; sheep=0; wheat=3; wood=2; unknown=0; knights=1; dev-cards=0	roads=[104,66; 66,82]; settlements=[105,82]	no& sorry	 	 
110	20:48:39:047	Kersti	clay=0; ore=0; sheep=3; wheat=1; wood=1; unknown=0; knights=0; dev-cards=0	roads=[100,118]; cities=[116,135]	how about ore for sheep?	 	 
111	20:48:49:810	Tyrant Lord	clay=0; ore=0; sheep=0; wheat=3; wood=2; unknown=0; knights=1; dev-cards=0	roads=[104,66; 66,82]; settlements=[105,82]	nope	 	 
112	20:48:52:771	sparkles	clay=0; ore=2; sheep=0; wheat=2; wood=1; unknown=0; knights=0; dev-cards=0	roads=[84,152; 152,68]	yes	 	 
113	20:49:02:936	Server	 		Kersti made an offer to trade 1 sheep for 1 ore.	 	 
114	20:49:09:189	Server	 		Kersti traded 1 sheep for 1 ore from sparkles.	 	 
115	20:49:21:472	Server	 		sparkles rolled a 6 and a 4.	 	 
116	20:49:21:477	Server	 		No player gets anything.	 	 
117	20:49:33:945	Server	 		Tyrant Lord rolled a 2 and a 6.	 	 
118	20:49:33:950	Server	 		nelsen gets 1 wood. Kersti gets 2 wheat. sparkles gets 1 wheat. Tyrant Lord gets 1 wheat.	 	 
119	20:50:09:507	Server	 		nelsen rolled a 4 and a 2.	 	 
120	20:50:09:512	Server	 		nelsen gets 2 wood. sparkles gets 2 ore. Tyrant Lord gets 1 wood.	 	 
121	20:50:23:205	nelsen	clay=0; ore=0; sheep=1; wheat=0; wood=5; unknown=0; knights=0; dev-cards=0	roads=[154,86; 86,138; 138,70]; settlements=[154,103; 103,71]	anyone got clay?	 	 
122	20:50:29:506	Kersti	clay=0; ore=0; sheep=1; wheat=2; wood=1; unknown=0; knights=0; dev-cards=1	roads=[100,118]; cities=[116,135]	no	 	 
123	20:50:30:948	sparkles	clay=0; ore=2; sheep=0; wheat=2; wood=1; unknown=0; knights=0; dev-cards=1	roads=[84,152; 152,68]	i don't think so	 	 
124	20:50:59:800	Tyrant Lord	clay=0; ore=0; sheep=0; wheat=4; wood=3; unknown=0; knights=1; dev-cards=0	roads=[104,66; 66,82]; settlements=[105,82]	nope	 	 
125	20:51:10:650	Server	 		nelsen traded 4 wood for 1 clay from the bank.	 	 
126	20:51:19:900	Server	 		Kersti rolled a 5 and a 6.	 	 
127	20:51:19:906	Server	 		nelsen gets 1 sheep, 1 wheat. Kersti gets 2 sheep.	 	 
128	20:51:57:235	Kersti	clay=0; ore=0; sheep=3; wheat=3; wood=1; unknown=0; knights=1; dev-cards=0	roads=[100,118]; cities=[116,135]	anyone have clay or ore?	 	 
129	20:52:05:523	Tyrant Lord	clay=0; ore=0; sheep=0; wheat=3; wood=3; unknown=0; knights=1; dev-cards=0	roads=[104,66; 66,82]; settlements=[105,82]	nope	 	 
130	20:52:09:988	sparkles	clay=0; ore=2; sheep=0; wheat=2; wood=1; unknown=0; knights=0; dev-cards=1	roads=[84,152; 152,68]	i have ore	 	 
131	20:52:19:743	nelsen	clay=1; ore=0; sheep=2; wheat=1; wood=1; unknown=0; knights=0; dev-cards=0	roads=[154,86; 86,138; 138,70]; settlements=[154,103; 103,71]	nope neither	 	 
132	20:52:39:522	Kersti	clay=0; ore=0; sheep=3; wheat=3; wood=1; unknown=0; knights=1; dev-cards=0	roads=[100,118]; cities=[116,135]	sparkles would you like sheep or wheat for ore?	 	 
133	20:53:17:257	sparkles	clay=0; ore=2; sheep=0; wheat=2; wood=1; unknown=0; knights=0; dev-cards=1	roads=[84,152; 152,68]	...no,& sorry	 	 
134	20:53:32:310	Server	 		sparkles rolled a 6 and a 4.	 	 
135	20:53:32:314	Server	 		No player gets anything.	 	 
136	20:53:53:545	Server	 		Tyrant Lord rolled a 6 and a 1.	 	 
137	20:54:33:848	Server	 		nelsen rolled a 2 and a 6.	 	 
138	20:54:33:853	Server	 		nelsen gets 1 wood. Kersti gets 2 wheat. sparkles gets 1 wheat. Tyrant Lord gets 1 wheat.	 	 
139	20:54:59:761	Server	 		Kersti rolled a 5 and a 6.	 	 
140	20:54:59:766	Server	 		nelsen gets 1 sheep, 1 wheat. Kersti gets 2 sheep.	 	 
141	20:55:25:809	Kersti	clay=0; ore=0; sheep=3; wheat=5; wood=1; unknown=0; knights=1; dev-cards=0	roads=[100,118]; cities=[116,135]	I have wheat or sheep& and would like some wood or clay	 	 
142	20:55:54:299	nelsen	clay=1; ore=0; sheep=3; wheat=2; wood=2; unknown=0; knights=0; dev-cards=0	roads=[154,86; 86,138; 138,70]; settlements=[154,103; 103,71]	no can do,& sorry	 	 
143	20:55:54:794	Tyrant Lord	clay=0; ore=0; sheep=1; wheat=4; wood=3; unknown=0; knights=1; dev-cards=0	roads=[104,66; 66,82]; settlements=[105,82]	i have pleny wood for sheep?	 	 
144	20:56:10:930	Server	 		Kersti made an offer to trade 1 sheep for 1 wood.	 	 
145	20:56:14:298	Server	 		Kersti traded 1 sheep for 1 wood from Tyrant Lord.	 	 
146	20:56:21:687	Kersti	clay=0; ore=0; sheep=2; wheat=5; wood=2; unknown=0; knights=1; dev-cards=0	roads=[100,118]; cities=[116,135]	Thanks :)	 	 
147	20:56:51:463	Server	 		Kersti traded 4 wheat for 1 clay from the bank.	 	 
148	20:57:26:234	Server	 		sparkles rolled a 5 and a 2.	 	 
149	20:58:11:603	Server	 		Tyrant Lord rolled a 3 and a 1.	 	 
150	20:58:11:608	Server	 		nelsen gets 1 wood. sparkles gets 3 wood.	 	 
151	20:58:20:982	Server	 		nelsen rolled a 4 and a 5.	 	 
152	20:58:20:987	Server	 		Kersti gets 2 clay. sparkles gets 2 clay. Tyrant Lord gets 1 ore.	 	 
153	20:58:28:153	sparkles	clay=2; ore=0; sheep=0; wheat=2; wood=4; unknown=0; knights=2; dev-cards=1	roads=[84,152; 152,68]	sorry kersti,& you just seem to be well-positioned	 	 
154	20:58:44:496	nelsen	clay=1; ore=0; sheep=1; wheat=1; wood=2; unknown=0; knights=0; dev-cards=0	roads=[154,86; 86,138; 138,70]; settlements=[154,103; 103,71]	anyone give me a clay for wood?	 	 
155	20:58:44:714	Kersti	clay=3; ore=0; sheep=1; wheat=0; wood=2; unknown=0; knights=1; dev-cards=0	roads=[100,118]; cities=[116,135]	not if i can;t earn anything cos of robbers& I'm not!	 	 
156	20:58:50:672	Kersti	clay=3; ore=0; sheep=1; wheat=0; wood=2; unknown=0; knights=1; dev-cards=0	roads=[100,118]; cities=[116,135]	sorry	 	 
157	20:58:51:211	sparkles	clay=2; ore=0; sheep=0; wheat=2; wood=4; unknown=0; knights=2; dev-cards=1	roads=[84,152; 152,68]	precisely ;)	 	 
158	20:59:08:608	Tyrant Lord	clay=0; ore=1; sheep=2; wheat=1; wood=1; unknown=0; knights=1; dev-cards=0	roads=[104,66; 66,82]; settlements=[105,82]	none& sorry	 	 
159	20:59:27:138	Server	 		Kersti rolled a 1 and a 6.	 	 
160	21:00:06:423	Server	 		Kersti built a road.	 	 
161	21:00:11:558	Server	 		Kersti built a road.	 	 
162	21:00:20:913	Server	 		sparkles rolled a 1 and a 4.	 	 
163	21:00:20:918	Server	 		nelsen gets 1 clay. Kersti gets 2 sheep. Tyrant Lord gets 1 clay.	 	 
164	21:00:30:336	Server	 		sparkles built a road.	 	 
165	21:00:42:709	Server	 		Tyrant Lord rolled a 1 and a 4.	 	 
166	21:00:42:714	Server	 		nelsen gets 1 clay. Kersti gets 2 sheep. Tyrant Lord gets 1 clay.	 	 
167	21:01:07:341	Server	 		Tyrant Lord built a road.	 	 
168	21:01:14:183	Server	 		nelsen rolled a 6 and a 5.	 	 
169	21:01:14:188	Server	 		nelsen gets 1 sheep, 1 wheat. Kersti gets 2 sheep.	 	 
170	21:01:35:228	Server	 		nelsen built a road.	 	 
171	21:01:39:860	Server	 		nelsen built a settlement.	 	 
172	21:01:47:164	Server	 		Kersti rolled a 6 and a 5.	 	 
173	21:01:47:170	Server	 		nelsen gets 1 sheep, 1 wheat. Kersti gets 2 sheep.	 	 
174	21:02:11:443	Kersti	clay=1; ore=0; sheep=10; wheat=0; wood=0; unknown=0; knights=1; dev-cards=0	roads=[100,118; 118,99; 99,98]; cities=[116,135]	anyone need sheep?&I have a large quantity of them& and could do with wheat/wood instead	 	 
175	21:02:22:603	Tyrant Lord	clay=1; ore=0; sheep=0; wheat=0; wood=0; unknown=0; knights=1; dev-cards=1	roads=[104,66; 66,82; 82,105]; settlements=[105,82]	no& sorry	 	 
176	21:02:35:490	Kersti	clay=1; ore=0; sheep=10; wheat=0; wood=0; unknown=0; knights=1; dev-cards=0	roads=[100,118; 118,99; 99,98]; cities=[116,135]	it's good quality wool this season!	 	 
177	21:02:52:557	sparkles	clay=1; ore=0; sheep=0; wheat=0; wood=1; unknown=0; knights=2; dev-cards=1	roads=[84,152; 152,68; 68,52]	i do want sheep,& but I need all my resources.& I might want to trade after I roll...	 	 
178	21:02:58:969	Server	 		Kersti traded 8 sheep for 1 wheat, 1 wood from the bank.	 	 
179	21:03:04:559	Server	 		Kersti built a settlement.	 	 
180	21:03:06:714	sparkles	clay=1; ore=0; sheep=0; wheat=0; wood=1; unknown=0; knights=2; dev-cards=1	roads=[84,152; 152,68; 68,52]	sorry for being rubbish!	 	 
181	21:03:17:423	Kersti	clay=0; ore=0; sheep=1; wheat=0; wood=0; unknown=0; knights=1; dev-cards=0	roads=[100,118; 118,99; 99,98]; cities=[116,135]	LOL!& That's fine :)	 	 
182	21:03:26:402	Server	 		sparkles rolled a 4 and a 2.	 	 
183	21:03:26:406	Server	 		sparkles gets 2 ore.	 	 
184	21:03:57:559	sparkles	clay=1; ore=2; sheep=0; wheat=0; wood=1; unknown=0; knights=2; dev-cards=1	roads=[84,152; 152,68; 68,52]	Anyone want to trade sheep/wheat for ore?	 	 
185	21:04:08:409	Tyrant Lord	clay=1; ore=0; sheep=0; wheat=0; wood=0; unknown=0; knights=1; dev-cards=1	roads=[104,66; 66,82; 82,105]; settlements=[105,82]	none of either& sorry	 	 
186	21:04:17:440	nelsen	clay=1; ore=0; sheep=2; wheat=2; wood=0; unknown=0; knights=0; dev-cards=0	roads=[154,86; 86,138; 138,70; 70,139]; settlements=[154,103; 103,71; 71,156]	I'll give you a sheep for ore	 	 
187	21:04:39:712	Server	 		sparkles made an offer to trade 1 ore for 1 sheep.	 	 
188	21:04:46:703	Server	 		sparkles traded 1 ore for 1 sheep from nelsen.	 	 
189	21:05:30:851	Server	 		Tyrant Lord rolled a 2 and a 2.	 	 
190	21:05:30:855	Server	 		nelsen gets 1 wood. sparkles gets 3 wood.	 	 
191	21:05:41:322	Server	 		nelsen rolled a 2 and a 2.	 	 
192	21:05:41:326	Server	 		nelsen gets 1 wood. sparkles gets 3 wood.	 	 
193	21:06:34:450	sparkles	clay=1; ore=0; sheep=2; wheat=0; wood=7; unknown=0; knights=3; dev-cards=0	roads=[84,152; 152,68; 68,52]	if anyone wants wood,& I will trade it for any other resource :/	 	 
194	21:06:43:294	Kersti	clay=0; ore=0; sheep=0; wheat=0; wood=0; unknown=0; knights=1; dev-cards=0	roads=[100,118; 118,99; 99,98]; cities=[116,135]	I've been cleaned out again!	 	 
195	21:06:51:882	Tyrant Lord	clay=1; ore=1; sheep=0; wheat=0; wood=0; unknown=0; knights=2; dev-cards=0	roads=[104,66; 66,82; 82,105]; settlements=[105,82]	i have spare ore?	 	 
196	21:06:55:007	nelsen	clay=1; ore=1; sheep=1; wheat=2; wood=2; unknown=0; knights=0; dev-cards=0	roads=[154,86; 86,138; 138,70; 70,139]; settlements=[154,103; 103,71; 71,156]	don't need the wood,& sorry :)	 	 
197	21:06:58:834	sparkles	clay=1; ore=0; sheep=2; wheat=0; wood=7; unknown=0; knights=3; dev-cards=0	roads=[84,152; 152,68; 68,52]	fair	 	 
198	21:07:06:891	nelsen	clay=1; ore=1; sheep=1; wheat=2; wood=2; unknown=0; knights=0; dev-cards=0	roads=[154,86; 86,138; 138,70; 70,139]; settlements=[154,103; 103,71; 71,156]	what do you want for the ore?	 	 
199	21:07:14:514	sparkles	clay=1; ore=0; sheep=2; wheat=0; wood=7; unknown=0; knights=3; dev-cards=0	roads=[84,152; 152,68; 68,52]	can't imagine who keeps stealing all your stuff, kersti...	 	 
200	21:07:19:511	Tyrant Lord	clay=1; ore=1; sheep=0; wheat=0; wood=0; unknown=0; knights=2; dev-cards=0	roads=[104,66; 66,82; 82,105]; settlements=[105,82]	wood?	 	 
201	21:07:23:616	nelsen	clay=1; ore=1; sheep=1; wheat=2; wood=2; unknown=0; knights=0; dev-cards=0	roads=[154,86; 86,138; 138,70; 70,139]; settlements=[154,103; 103,71; 71,156]	ooh	 	 
202	21:07:23:738	Kersti	clay=0; ore=0; sheep=0; wheat=0; wood=0; unknown=0; knights=1; dev-cards=0	roads=[100,118; 118,99; 99,98]; cities=[116,135]	I'm at a loss I tell ya!	 	 
203	21:07:33:149	Server	 		nelsen made an offer to trade 1 wood for 1 ore.	 	 
204	21:07:35:279	Server	 		nelsen traded 1 wood for 1 ore from Tyrant Lord.	 	 
205	21:07:57:460	Server	 		nelsen built a road.	 	 
206	21:08:56:260	Server	 		Kersti rolled a 3 and a 3.	 	 
207	21:08:56:265	Server	 		nelsen gets 2 wood. sparkles gets 2 ore. Tyrant Lord gets 1 wood.	 	 
208	21:09:07:655	Server	 		sparkles rolled a 5 and a 6.	 	 
209	21:09:07:660	Server	 		nelsen gets 1 sheep, 1 wheat. Kersti gets 2 sheep.	 	 
210	21:09:19:826	sparkles	clay=1; ore=2; sheep=2; wheat=0; wood=7; unknown=0; knights=3; dev-cards=0	roads=[84,152; 152,68; 68,52]	wood for wheat?	 	 
211	21:09:28:355	Kersti	clay=0; ore=0; sheep=2; wheat=0; wood=0; unknown=0; knights=1; dev-cards=0	roads=[100,118; 118,99; 99,98]; cities=[116,135]	nope	 	 
212	21:09:28:581	sparkles	clay=1; ore=2; sheep=2; wheat=0; wood=7; unknown=0; knights=3; dev-cards=0	roads=[84,152; 152,68; 68,52]	(my wood, obvs)	 	 
213	21:09:39:831	Tyrant Lord	clay=1; ore=0; sheep=0; wheat=0; wood=2; unknown=0; knights=2; dev-cards=0	roads=[104,66; 66,82; 82,105]; settlements=[105,82]	none	 	 
214	21:09:51:790	nelsen	clay=0; ore=2; sheep=2; wheat=3; wood=2; unknown=0; knights=0; dev-cards=0	roads=[154,86; 86,138; 138,70; 70,139; 139,170]; settlements=[154,103; 103,71; 71,156]	sorry	 	 
215	21:09:56:376	Server	 		sparkles traded 4 wood for 1 wheat from the bank.	 	 
216	21:10:03:920	Server	 		sparkles built a settlement.	 	 
217	21:10:14:173	Server	 		sparkles traded 2 wood for 1 wheat from a port.	 	 
218	21:10:23:699	Server	 		Tyrant Lord rolled a 4 and a 5.	 	 
219	21:10:23:704	Server	 		Tyrant Lord gets 1 ore.	 	 
220	21:10:28:780	Server	 		Tyrant Lord built a road.	 	 
221	21:10:37:484	Server	 		nelsen rolled a 1 and a 1.	 	 
222	21:10:37:488	Server	 		No player gets anything.	 	 
223	21:11:02:936	nelsen	clay=0; ore=2; sheep=2; wheat=3; wood=2; unknown=0; knights=0; dev-cards=0	roads=[154,86; 86,138; 138,70; 70,139; 139,170]; settlements=[154,103; 103,71; 71,156]	anyone got an ore?& I can give anything except clay	 	 
224	21:11:10:615	Kersti	clay=0; ore=0; sheep=2; wheat=0; wood=0; unknown=0; knights=1; dev-cards=0	roads=[100,118; 118,99; 99,98]; cities=[116,135]	nope	 	 
225	21:11:20:889	Tyrant Lord	clay=0; ore=1; sheep=0; wheat=0; wood=1; unknown=0; knights=2; dev-cards=0	roads=[104,66; 66,82; 82,105; 105,106]; settlements=[105,82]	ore fro sheep?	 	 
226	21:11:21:023	sparkles	clay=0; ore=1; sheep=0; wheat=0; wood=0; unknown=0; knights=3; dev-cards=1	roads=[84,152; 152,68; 68,52]; settlements=[84,52]	nope	 	 
227	21:11:30:916	Server	 		nelsen made an offer to trade 1 sheep for 1 ore.	 	 
228	21:11:33:210	Server	 		nelsen traded 1 sheep for 1 ore from Tyrant Lord.	 	 
229	21:11:42:050	Server	 		nelsen built a city.	 	 
230	21:11:49:885	nelsen	clay=0; ore=0; sheep=1; wheat=1; wood=2; unknown=0; knights=0; dev-cards=0	roads=[154,86; 86,138; 138,70; 70,139; 139,170]; settlements=[103,71; 71,156]	thanks :)	 	 
231	21:11:50:759	Server	 		Kersti rolled a 4 and a 4.	 	 
232	21:11:50:763	Server	 		nelsen gets 3 wood. Kersti gets 2 wheat. sparkles gets 1 wheat. Tyrant Lord gets 1 wheat.	 	 
233	21:12:05:035	Server	 		sparkles rolled a 2 and a 3.	 	 
234	21:12:05:037	Server	 		nelsen gets 2 clay. Kersti gets 3 sheep. Tyrant Lord gets 1 clay.	 	 
235	21:12:23:851	Server	 		Tyrant Lord rolled a 6 and a 5.	 	 
236	21:12:23:856	Server	 		nelsen gets 1 sheep, 1 wheat. Kersti gets 2 sheep. sparkles gets 1 wheat.	 	 
237	21:12:27:929	Server	 		Tyrant Lord built a settlement.	 	 
238	21:12:34:640	Server	 		nelsen rolled a 5 and a 2.	 	 
239	21:13:08:063	Server	 		nelsen built a road.	 	 
240	21:13:11:950	Server	 		nelsen built a settlement.	 	 
241	21:13:16:124	Server	 		Kersti rolled a 3 and a 4.	 	 
242	21:13:48:897	Server	 		sparkles rolled a 5 and a 1.	 	 
243	21:13:48:901	Server	 		nelsen gets 1 ore. sparkles gets 2 ore.	 	 
244	21:14:03:392	Server	 		Tyrant Lord rolled a 1 and a 6.	 	 
245	21:14:19:803	Server	 		nelsen rolled a 5 and a 1.	 	 
246	21:14:19:808	Server	 		nelsen gets 1 ore, 2 wood. sparkles gets 2 ore. Tyrant Lord gets 1 wood.	 	 
247	21:14:35:416	Server	 		Kersti rolled a 2 and a 2.	 	 
248	21:14:35:421	Server	 		nelsen gets 2 wood. sparkles gets 4 wood.	 	 
249	21:15:00:839	Server	 		sparkles rolled a 6 and a 3.	 	 
250	21:15:00:845	Server	 		Tyrant Lord gets 2 ore.	 	 
251	21:15:20:670	Server	 		sparkles traded 4 wood for 2 wheat from a port.	 	 
252	21:15:24:409	Server	 		sparkles built a city.	 	 
253	21:15:34:419	Server	 		Tyrant Lord rolled a 1 and a 1.	 	 
254	21:15:34:423	Server	 		No player gets anything.	 	 
255	21:16:04:796	Tyrant Lord	clay=0; ore=2; sheep=1; wheat=0; wood=1; unknown=0; knights=2; dev-cards=0	roads=[104,66; 66,82; 82,105; 105,106]; settlements=[105,82; 82,107]	anyone want ore for their wheat?	 	 
256	21:16:11:298	Kersti	clay=0; ore=0; sheep=1; wheat=3; wood=0; unknown=0; knights=1; dev-cards=0	roads=[100,118; 118,99; 99,98]; cities=[116,135]	sure	 	 
257	21:16:18:274	sparkles	clay=0; ore=1; sheep=0; wheat=0; wood=0; unknown=0; knights=4; dev-cards=1	roads=[84,152; 152,68; 68,52]; cities=[169,84]	no wheat	 	 
258	21:16:29:509	Server	 		Tyrant Lord made an offer to trade 1 ore for 1 wheat.	 	 
259	21:16:32:241	Server	 		Tyrant Lord traded 1 ore for 1 wheat from Kersti.	 	 
260	21:16:41:382	Server	 		nelsen rolled a 2 and a 4.	 	 
261	21:16:41:387	Server	 		nelsen gets 1 ore, 2 wood. sparkles gets 2 ore. Tyrant Lord gets 1 wood.	 	 
262	21:17:02:866	nelsen	clay=0; ore=3; sheep=0; wheat=0; wood=6; unknown=0; knights=0; dev-cards=0	roads=[154,86; 86,138; 138,70; 70,139; 139,170; 170,186]; settlements=[103,71; 71,156; 156,203]	will anyone give me wheat for wood?	 	 
263	21:17:08:155	Kersti	clay=0; ore=1; sheep=1; wheat=2; wood=0; unknown=0; knights=1; dev-cards=0	roads=[100,118; 118,99; 99,98]; cities=[116,135]	yep	 	 
264	21:17:10:125	sparkles	clay=0; ore=3; sheep=0; wheat=0; wood=0; unknown=0; knights=4; dev-cards=1	roads=[84,152; 152,68; 68,52]; cities=[169,84]	nope	 	 
265	21:17:19:080	Server	 		nelsen made an offer to trade 1 wood for 1 wheat.	 	 
266	21:17:31:443	Server	 		nelsen made an offer to trade 1 wood for 1 wheat.	 	 
267	21:17:32:878	Server	 		nelsen traded 1 wood for 1 wheat from Kersti.	 	 
268	21:17:37:445	nelsen	clay=0; ore=3; sheep=0; wheat=1; wood=5; unknown=0; knights=0; dev-cards=0	roads=[154,86; 86,138; 138,70; 70,139; 139,170; 170,186]; settlements=[103,71; 71,156; 156,203]	Sorry,& wrong player	 	 
269	21:17:51:684	Server	 		Kersti rolled a 1 and a 4.	 	 
270	21:17:51:689	Server	 		nelsen gets 2 clay. Kersti gets 3 sheep. Tyrant Lord gets 1 clay.	 	 
271	21:18:10:604	Kersti	clay=0; ore=1; sheep=4; wheat=1; wood=1; unknown=0; knights=1; dev-cards=0	roads=[100,118; 118,99; 99,98]; cities=[116,135]	anyone have clay for my sheep?	 	 
272	21:18:17:061	nelsen	clay=2; ore=3; sheep=0; wheat=1; wood=5; unknown=0; knights=0; dev-cards=0	roads=[154,86; 86,138; 138,70; 70,139; 139,170; 170,186]; settlements=[103,71; 71,156; 156,203]	sorry	 	 
273	21:18:17:214	sparkles	clay=0; ore=3; sheep=0; wheat=0; wood=0; unknown=0; knights=4; dev-cards=1	roads=[84,152; 152,68; 68,52]; cities=[169,84]	nope	 	 
274	21:18:36:485	Tyrant Lord	clay=1; ore=0; sheep=0; wheat=0; wood=2; unknown=0; knights=2; dev-cards=1	roads=[104,66; 66,82; 82,105; 105,106]; settlements=[105,82; 82,107]	sorry	 	 
275	21:18:43:679	Server	 		sparkles rolled a 2 and a 3.	 	 
276	21:18:43:683	Server	 		nelsen gets 2 clay. Kersti gets 3 sheep. Tyrant Lord gets 1 clay.	 	 
277	21:19:09:691	Server	 		Tyrant Lord rolled a 3 and a 1.	 	 
278	21:19:09:695	Server	 		nelsen gets 2 wood. sparkles gets 5 wood.	 	 
279	21:19:17:585	Server	 		Tyrant Lord built a road.	 	 
280	21:19:23:343	Server	 		Tyrant Lord built a road.	 	 
281	21:19:28:727	Server	 		nelsen rolled a 2 and a 3.	 	 
282	21:19:28:731	Server	 		nelsen gets 2 clay. Kersti gets 3 sheep. Tyrant Lord gets 1 clay.	 	 
283	21:19:40:277	nelsen	clay=6; ore=3; sheep=0; wheat=1; wood=7; unknown=0; knights=0; dev-cards=0	roads=[154,86; 86,138; 138,70; 70,139; 139,170; 170,186]; settlements=[103,71; 71,156; 156,203]	anyone give me sheep for wood?	 	 
284	21:19:44:221	sparkles	clay=0; ore=3; sheep=0; wheat=0; wood=5; unknown=0; knights=4; dev-cards=1	roads=[84,152; 152,68; 68,52]; cities=[169,84]	nope	 	 
285	21:19:53:806	Kersti	clay=0; ore=0; sheep=8; wheat=0; wood=1; unknown=0; knights=1; dev-cards=1	roads=[100,118; 118,99; 99,98]; cities=[116,135]	yes	 	 
286	21:20:04:382	Server	 		nelsen made an offer to trade 1 wood for 1 sheep.	 	 
287	21:20:05:729	Server	 		nelsen traded 1 wood for 1 sheep from Kersti.	 	 
288	21:20:11:748	Server	 		nelsen built a road.	 	 
289	21:20:14:120	Server	 		nelsen built a road.	 	 
290	21:20:17:835	Server	 		nelsen built a settlement.	 	 
291	21:20:43:963	Server	 		nelsen traded 3 clay, 3 wood for 2 wheat from a port.	 	 
292	21:20:48:394	Server	 		nelsen built a city.	 	 
293	21:20:54:202	Kersti	clay=0; ore=0; sheep=7; wheat=0; wood=2; unknown=0; knights=1; dev-cards=1	roads=[100,118; 118,99; 99,98]; cities=[116,135]	thanks	 	 
294	21:21:02:160	sparkles	clay=0; ore=3; sheep=0; wheat=0; wood=5; unknown=0; knights=4; dev-cards=1	roads=[84,152; 152,68; 68,52]; cities=[169,84]	nicely done	 	 
295	21:21:06:366	nelsen	clay=0; ore=0; sheep=0; wheat=0; wood=0; unknown=0; knights=0; dev-cards=0	roads=[154,86; 86,138; 138,70; 70,139; 139,170; 170,186; 186,202; 202,201]; settlements=[71,156; 156,203; 203,201]; cities=[154,103]	hehe	 	 
296	21:21:11:023	nelsen	clay=0; ore=0; sheep=0; wheat=0; wood=0; unknown=0; knights=0; dev-cards=0	roads=[154,86; 86,138; 138,70; 70,139; 139,170; 170,186; 186,202; 202,201]; settlements=[71,156; 156,203; 203,201]; cities=[154,103]	I was dreading a 7 there	 	 
297	21:21:13:304	Tyrant Lord	clay=1; ore=0; sheep=1; wheat=0; wood=0; unknown=0; knights=3; dev-cards=0	roads=[104,66; 66,82; 82,105; 105,106; 106,90; 90,73]; settlements=[105,82; 82,107]	good game guys :)	 	 
298	21:21:29:445	sparkles	clay=0; ore=3; sheep=0; wheat=0; wood=5; unknown=0; knights=4; dev-cards=1	roads=[84,152; 152,68; 68,52]; cities=[169,84]	gg	 	 
299	21:21:33:813	nelsen	clay=0; ore=0; sheep=0; wheat=0; wood=0; unknown=0; knights=0; dev-cards=0	roads=[154,86; 86,138; 138,70; 70,139; 139,170; 170,186; 186,202; 202,201]; settlements=[71,156; 156,203; 203,201]; cities=[154,103]	see you next time	 	 
