ID	Timestamp	Emitter	Resources	Buildups	Text	Annotation	Comment
1	20:54:07:118	amycharl	clay=0; ore=0; sheep=0; wheat=0; wood=0; unknown=0; knights=0; dev-cards=0		heya	 	 
2	20:54:09:568	amycharl	clay=0; ore=0; sheep=0; wheat=0; wood=0; unknown=0; knights=0; dev-cards=0		yey	 	 
3	20:54:22:824	dmm	clay=0; ore=0; sheep=0; wheat=0; wood=0; unknown=0; knights=0; dev-cards=0		hello!	 	 
4	20:54:34:939	dmm	clay=0; ore=0; sheep=0; wheat=0; wood=0; unknown=0; knights=0; dev-cards=0		are we still waiting for one more?	 	 
5	20:54:36:577	amycharl	clay=0; ore=0; sheep=0; wheat=0; wood=0; unknown=0; knights=0; dev-cards=0		i made it	 	 
6	20:54:41:652	amycharl	clay=0; ore=0; sheep=0; wheat=0; wood=0; unknown=0; knights=0; dev-cards=0		i assume so	 	 
7	20:55:50:615	amycharl	clay=0; ore=0; sheep=0; wheat=0; wood=0; unknown=0; knights=0; dev-cards=0		who has said they can play?	 	 
8	20:58:02:711	sabercat	clay=0; ore=0; sheep=0; wheat=0; wood=0; unknown=0; knights=0; dev-cards=0		yes, the two guys from yesterday said they could	 	 
9	20:58:14:346	sabercat	clay=0; ore=0; sheep=0; wheat=0; wood=0; unknown=0; knights=0; dev-cards=0		(so I guess one of them will come	 	 
10	20:59:11:906	amycharl	clay=0; ore=0; sheep=0; wheat=0; wood=0; unknown=0; knights=0; dev-cards=0		at 9 tho, not half 9	 	 
11	20:59:14:793	amycharl	clay=0; ore=0; sheep=0; wheat=0; wood=0; unknown=0; knights=0; dev-cards=0		?	 	 
12	20:59:30:930	sabercat	clay=0; ore=0; sheep=0; wheat=0; wood=0; unknown=0; knights=0; dev-cards=0		I guess...	 	 
13	21:00:52:879	sabercat	clay=0; ore=0; sheep=0; wheat=0; wood=0; unknown=0; knights=0; dev-cards=0		I think we should start playing anyway...  they should have seen the mail	 	 
14	21:01:14:193	amycharl	clay=0; ore=0; sheep=0; wheat=0; wood=0; unknown=0; knights=0; dev-cards=0		well its only just 9	 	 
15	21:01:18:615	dmm	clay=0; ore=0; sheep=0; wheat=0; wood=0; unknown=0; knights=0; dev-cards=0		we could at least wait a little longer	 	 
16	21:01:22:899	amycharl	clay=0; ore=0; sheep=0; wheat=0; wood=0; unknown=0; knights=0; dev-cards=0		we could wait a few mins	 	 
17	21:01:25:010	dmm	clay=0; ore=0; sheep=0; wheat=0; wood=0; unknown=0; knights=0; dev-cards=0		since 9:30 was the original time	 	 
18	21:01:38:941	sabercat	clay=0; ore=0; sheep=0; wheat=0; wood=0; unknown=0; knights=0; dev-cards=0		okay :)	 	 
19	21:02:21:405	amycharl	clay=0; ore=0; sheep=0; wheat=0; wood=0; unknown=0; knights=0; dev-cards=0		ill send a quick email	 	 
20	21:06:09:936	IG	clay=0; ore=0; sheep=0; wheat=0; wood=0; unknown=0; knights=0; dev-cards=0		Hello all	 	 
21	21:06:18:215	amycharl	clay=0; ore=0; sheep=0; wheat=0; wood=0; unknown=0; knights=0; dev-cards=0		yey	 	 
22	21:06:26:554	amycharl	clay=0; ore=0; sheep=0; wheat=0; wood=0; unknown=0; knights=0; dev-cards=0		look 4 people,  it finally happened	 	 
23	21:06:32:576	dmm	clay=0; ore=0; sheep=0; wheat=0; wood=0; unknown=0; knights=0; dev-cards=0		:D	 	 
24	21:06:37:795	sabercat	clay=0; ore=0; sheep=0; wheat=0; wood=0; unknown=0; knights=0; dev-cards=0		:D	 	 
25	21:07:03:056	Server	 		sabercat built a settlement.	 	 
26	21:07:19:836	Server	 		sabercat built a road.	 	 
27	21:07:25:943	Server	 		dmm built a settlement.	 	 
28	21:07:27:116	Server	 		dmm built a road.	 	 
29	21:08:12:949	Server	 		amycharl built a settlement.	 	 
30	21:08:15:065	Server	 		amycharl built a road.	 	 
31	21:08:22:340	Server	 		IG built a settlement.	 	 
32	21:08:34:173	Server	 		IG built a road.	 	 
33	21:08:59:193	Server	 		IG built a settlement.	 	 
34	21:09:06:084	Server	 		IG built a road.	 	 
35	21:09:35:567	Server	 		amycharl built a settlement.	 	 
36	21:09:46:013	Server	 		amycharl built a road.	 	 
37	21:10:01:420	Server	 		dmm built a settlement.	 	 
38	21:10:03:474	Server	 		dmm built a road.	 	 
39	21:10:15:226	Server	 		sabercat built a settlement.	 	 
40	21:10:20:340	Server	 		sabercat built a road.	 	 
41	21:10:23:768	Server	 		sabercat rolled a 1 and a 2.	 	 
42	21:10:23:768	Server	 		amycharl gets 1 ore. IG gets 1 wheat.	 	 
43	21:10:39:369	Server	 		sabercat built a road.	 	 
44	21:10:44:196	Server	 		dmm rolled a 3 and a 5.	 	 
45	21:10:44:197	Server	 		sabercat gets 1 ore. amycharl gets 1 sheep.	 	 
46	21:10:55:627	Server	 		amycharl rolled a 6 and a 6.	 	 
47	21:10:55:627	Server	 		IG gets 1 sheep.	 	 
48	21:11:13:555	Server	 		IG rolled a 1 and a 6.	 	 
49	21:11:48:372	Server	 		sabercat rolled a 3 and a 5.	 	 
50	21:11:48:373	Server	 		sabercat gets 1 ore. amycharl gets 1 sheep.	 	 
51	21:11:57:158	Server	 		dmm rolled a 6 and a 4.	 	 
52	21:11:57:158	Server	 		sabercat gets 1 clay. amycharl gets 1 clay.	 	 
53	21:12:24:238	dmm	clay=1; ore=0; sheep=1; wheat=0; wood=0; unknown=0; knights=0; dev-cards=0	roads=[105,52]; settlements=[105,52]	would anybody like a sheep for one wood?	 	 
54	21:12:32:685	amycharl	clay=1; ore=2; sheep=2; wheat=0; wood=2; unknown=0; knights=0; dev-cards=0	roads=[100,103]; settlements=[116,103]	nope	 	 
55	21:12:36:828	sabercat	clay=1; ore=2; sheep=0; wheat=0; wood=0; unknown=0; knights=0; dev-cards=0	roads=[154,135; 135,136]; settlements=[171,135]	nope	 	 
56	21:12:37:014	IG	clay=1; ore=0; sheep=1; wheat=4; wood=0; unknown=0; knights=0; dev-cards=0	roads=[70,168]; settlements=[71,184]	sorry	 	 
57	21:12:48:882	dmm	clay=1; ore=0; sheep=1; wheat=0; wood=0; unknown=0; knights=0; dev-cards=0	roads=[105,52]; settlements=[105,52]	oh well!	 	 
58	21:12:55:581	Server	 		amycharl rolled a 6 and a 3.	 	 
59	21:12:55:582	Server	 		sabercat gets 1 wheat. dmm gets 1 wheat. IG gets 1 wheat.	 	 
60	21:13:35:087	Server	 		amycharl built a road.	 	 
61	21:13:53:899	Server	 		IG rolled a 6 and a 1.	 	 
62	21:14:05:917	amycharl	clay=0; ore=2; sheep=1; wheat=0; wood=1; unknown=0; knights=0; dev-cards=0	roads=[100,103; 103,120]; settlements=[116,103]	damn you	 	 
63	21:14:17:594	IG	clay=1; ore=0; sheep=2; wheat=5; wood=0; unknown=0; knights=0; dev-cards=0	roads=[70,168]; settlements=[71,184]	haha sorry	 	 
64	21:14:25:861	IG	clay=1; ore=0; sheep=2; wheat=5; wood=0; unknown=0; knights=0; dev-cards=0	roads=[70,168]; settlements=[71,184]	by the way, anyone willing to part with wood?	 	 
65	21:14:40:195	amycharl	clay=0; ore=2; sheep=1; wheat=0; wood=1; unknown=0; knights=0; dev-cards=0	roads=[100,103; 103,120]; settlements=[116,103]	you got wheat?	 	 
66	21:14:43:553	IG	clay=1; ore=0; sheep=2; wheat=5; wood=0; unknown=0; knights=0; dev-cards=0	roads=[70,168]; settlements=[71,184]	yes	 	 
67	21:14:52:415	amycharl	clay=0; ore=2; sheep=1; wheat=0; wood=1; unknown=0; knights=0; dev-cards=0	roads=[100,103; 103,120]; settlements=[116,103]	give me two for a wood?	 	 
68	21:15:04:241	sabercat	clay=1; ore=2; sheep=0; wheat=1; wood=0; unknown=0; knights=0; dev-cards=0	roads=[154,135; 135,136]; settlements=[171,135]	I will give you wheat and ore for wood	 	 
69	21:15:09:306	IG	clay=1; ore=0; sheep=2; wheat=5; wood=0; unknown=0; knights=0; dev-cards=0	roads=[70,168]; settlements=[71,184]	harsh but alright	 	 
70	21:15:10:199	amycharl	clay=0; ore=2; sheep=1; wheat=0; wood=1; unknown=0; knights=0; dev-cards=0	roads=[100,103; 103,120]; settlements=[116,103]	coz you stole my sheep	 	 
71	21:15:12:201	amycharl	clay=0; ore=2; sheep=1; wheat=0; wood=1; unknown=0; knights=0; dev-cards=0	roads=[100,103; 103,120]; settlements=[116,103]	:)	 	 
72	21:15:20:324	sabercat	clay=1; ore=2; sheep=0; wheat=1; wood=0; unknown=0; knights=0; dev-cards=0	roads=[154,135; 135,136]; settlements=[171,135]	when its my turn...	 	 
73	21:15:20:451	Server	 		IG made an offer to trade 2 wheat for 1 wood.	 	 
74	21:15:29:677	Server	 		IG traded 2 wheat for 1 wood from amycharl.	 	 
75	21:15:35:225	IG	clay=1; ore=0; sheep=2; wheat=3; wood=1; unknown=0; knights=0; dev-cards=0	roads=[70,168]; settlements=[71,184]	cheers	 	 
76	21:15:54:568	Server	 		IG built a road.	 	 
77	21:16:16:976	Server	 		sabercat rolled a 4 and a 2.	 	 
78	21:16:16:977	Server	 		dmm gets 1 wood. amycharl gets 1 wood. IG gets 1 clay, 1 wood.	 	 
78.1	21:16:41:961	skinnylinny	 	 	Oh! OK, never mind...	 	 
79	21:16:43:065	sabercat	clay=1; ore=2; sheep=0; wheat=1; wood=0; unknown=0; knights=0; dev-cards=0	roads=[154,135; 135,136]; settlements=[171,135]	can anyone trade wood?	 	 
80	21:16:49:741	sabercat	clay=1; ore=2; sheep=0; wheat=1; wood=0; unknown=0; knights=0; dev-cards=0	roads=[154,135; 135,136]; settlements=[171,135]	for ore?	 	 
81	21:16:57:613	IG	clay=1; ore=0; sheep=2; wheat=3; wood=1; unknown=0; knights=0; dev-cards=0	roads=[70,168; 168,184]; settlements=[71,184]	sry	 	 
82	21:17:04:773	dmm	clay=1; ore=0; sheep=1; wheat=1; wood=1; unknown=0; knights=0; dev-cards=0	roads=[105,52]; settlements=[105,52]	can't help you there i'm afraid	 	 
83	21:17:26:123	amycharl	clay=0; ore=2; sheep=1; wheat=2; wood=1; unknown=0; knights=0; dev-cards=0	roads=[100,103; 103,120]; settlements=[116,103]	you wanna do that ore and wheat for wood offer?	 	 
84	21:17:31:911	Server	 		dmm rolled a 6 and a 5.	 	 
85	21:17:31:912	Server	 		sabercat gets 1 wood. dmm gets 1 clay. amycharl gets 1 wood. IG gets 1 clay.	 	 
86	21:17:43:065	amycharl	clay=0; ore=2; sheep=1; wheat=2; wood=2; unknown=0; knights=0; dev-cards=0	roads=[100,103; 103,120]; settlements=[116,103]	oh, too late	 	 
87	21:17:47:862	Server	 		dmm built a road.	 	 
88	21:17:48:102	sabercat	clay=1; ore=2; sheep=0; wheat=1; wood=1; unknown=0; knights=0; dev-cards=0	roads=[154,135; 135,136]; settlements=[171,135]	now you givee me wood?	 	 
89	21:17:51:621	sabercat	clay=1; ore=2; sheep=0; wheat=1; wood=1; unknown=0; knights=0; dev-cards=0	roads=[154,135; 135,136]; settlements=[171,135]	:D	 	 
90	21:18:00:089	Server	 		amycharl rolled a 2 and a 6.	 	 
91	21:18:00:090	Server	 		sabercat gets 1 ore. amycharl gets 1 sheep.	 	 
92	21:19:03:189	Server	 		IG rolled a 5 and a 5.	 	 
93	21:19:03:190	Server	 		sabercat gets 1 clay, 1 wood. amycharl gets 1 clay.	 	 
94	21:19:28:571	amycharl	clay=1; ore=2; sheep=2; wheat=2; wood=2; unknown=0; knights=0; dev-cards=0	roads=[100,103; 103,120]; settlements=[116,103]	on your next turn mybe	 	 
95	21:20:04:869	Server	 		IG built a road.	 	 
96	21:20:19:478	IG	clay=1; ore=0; sheep=2; wheat=3; wood=0; unknown=0; knights=0; dev-cards=0	roads=[70,168; 168,184; 184,201]; settlements=[71,184]	need ore?	 	 
97	21:20:31:512	IG	clay=1; ore=0; sheep=2; wheat=3; wood=0; unknown=0; knights=0; dev-cards=0	roads=[70,168; 168,184; 184,201]; settlements=[71,184]	That is I need ore  and have sheep and wheat to trade	 	 
98	21:20:45:170	amycharl	clay=1; ore=2; sheep=2; wheat=2; wood=2; unknown=0; knights=0; dev-cards=0	roads=[100,103; 103,120]; settlements=[116,103]	nah	 	 
99	21:20:56:927	IG	clay=1; ore=0; sheep=2; wheat=3; wood=0; unknown=0; knights=0; dev-cards=0	roads=[70,168; 168,184; 184,201]; settlements=[71,184]	or clay?	 	 
100	21:21:08:183	IG	clay=1; ore=0; sheep=2; wheat=3; wood=0; unknown=0; knights=0; dev-cards=0	roads=[70,168; 168,184; 184,201]; settlements=[71,184]	ah well	 	 
101	21:22:07:593	sabercat	clay=2; ore=3; sheep=0; wheat=1; wood=2; unknown=0; knights=0; dev-cards=0	roads=[154,135; 135,136]; settlements=[171,135]	am I still connected?	 	 
102	21:22:17:558	IG	clay=1; ore=0; sheep=2; wheat=3; wood=0; unknown=0; knights=0; dev-cards=0	roads=[70,168; 168,184; 184,201]; settlements=[71,184]	Yeah,  why?	 	 
103	21:22:19:995	amycharl	clay=1; ore=2; sheep=2; wheat=2; wood=2; unknown=0; knights=0; dev-cards=0	roads=[100,103; 103,120]; settlements=[116,103]	i dont know why it isnt rolling	 	 
104	21:22:33:877	IG	clay=1; ore=0; sheep=2; wheat=3; wood=0; unknown=0; knights=0; dev-cards=0	roads=[70,168; 168,184; 184,201]; settlements=[71,184]	hmm	 	 
105	21:23:18:476	dmm	clay=1; ore=0; sheep=1; wheat=1; wood=0; unknown=0; knights=0; dev-cards=0	roads=[105,52; 52,68]; settlements=[105,52]	is there anything else the client is wanting you to do  before you can roll, maybe?	 	 
106	21:24:58:889	Server	 		sabercat rolled a 1 and a 3.	 	 
107	21:24:58:890	Server	 		sabercat gets 1 sheep. dmm gets 1 sheep.	 	 
108	21:25:11:226	Server	 		sabercat built a settlement.	 	 
109	21:25:25:310	Server	 		sabercat built a road.	 	 
110	21:25:33:884	Server	 		dmm rolled a 3 and a 5.	 	 
111	21:25:33:885	Server	 		sabercat gets 1 ore. amycharl gets 1 sheep.	 	 
112	21:25:42:752	dmm	clay=1; ore=0; sheep=2; wheat=1; wood=0; unknown=0; knights=0; dev-cards=0	roads=[105,52; 52,68]; settlements=[105,52]	did you manage to play the turn?	 	 
113	21:26:03:087	sabercat	clay=0; ore=4; sheep=0; wheat=0; wood=0; unknown=0; knights=0; dev-cards=0	roads=[154,135; 135,136; 136,137]; settlements=[171,135; 135,137]	sorry guys... its crazy,  it just froze for a while	 	 
114	21:26:11:929	dmm	clay=1; ore=0; sheep=2; wheat=1; wood=0; unknown=0; knights=0; dev-cards=0	roads=[105,52; 52,68]; settlements=[105,52]	ohh, okay.	 	 
115	21:26:25:036	dmm	clay=1; ore=0; sheep=2; wheat=1; wood=0; unknown=0; knights=0; dev-cards=0	roads=[105,52; 52,68]; settlements=[105,52]	by the way, does anybody want a sheep?  i'm looking for one wood.	 	 
116	21:26:36:609	IG	clay=1; ore=0; sheep=2; wheat=3; wood=0; unknown=0; knights=0; dev-cards=0	roads=[70,168; 168,184; 184,201]; settlements=[71,184]	sorryt	 	 
117	21:26:44:311	sabercat	clay=0; ore=4; sheep=0; wheat=0; wood=0; unknown=0; knights=0; dev-cards=0	roads=[154,135; 135,136; 136,137]; settlements=[171,135; 135,137]	Nope,  no sheep	 	 
118	21:26:45:699	amycharl	clay=1; ore=2; sheep=3; wheat=2; wood=2; unknown=0; knights=0; dev-cards=0	roads=[100,103; 103,120]; settlements=[116,103]	no	 	 
119	21:26:57:846	dmm	clay=1; ore=0; sheep=2; wheat=1; wood=0; unknown=0; knights=0; dev-cards=0	roads=[105,52; 52,68]; settlements=[105,52]	ahh, oh well	 	 
120	21:27:03:659	Server	 		dmm traded 2 sheep for 1 wood from a port.	 	 
121	21:27:12:337	Server	 		amycharl rolled a 2 and a 1.	 	 
122	21:27:12:338	Server	 		amycharl gets 1 ore. IG gets 1 wheat.	 	 
123	21:27:34:357	Server	 		amycharl built a city.	 	 
124	21:28:06:929	Server	 		amycharl built a road.	 	 
125	21:28:30:543	Server	 		IG rolled a 4 and a 6.	 	 
126	21:28:30:544	Server	 		sabercat gets 1 clay, 1 wood. amycharl gets 2 clay.	 	 
127	21:28:44:562	IG	clay=1; ore=0; sheep=2; wheat=4; wood=0; unknown=0; knights=0; dev-cards=0	roads=[70,168; 168,184; 184,201]; settlements=[71,184]	hey, giving wheat/sheep for wood	 	 
128	21:28:54:537	sabercat	clay=1; ore=4; sheep=0; wheat=0; wood=1; unknown=0; knights=0; dev-cards=0	roads=[154,135; 135,136; 136,137]; settlements=[171,135; 135,137]	both?	 	 
129	21:28:58:718	IG	clay=1; ore=0; sheep=2; wheat=4; wood=0; unknown=0; knights=0; dev-cards=0	roads=[70,168; 168,184; 184,201]; settlements=[71,184]	sure	 	 
130	21:29:05:191	Server	 		IG made an offer to trade 1 sheep, 1 wheat for 1 wood.	 	 
131	21:29:08:684	Server	 		IG traded 1 sheep, 1 wheat for 1 wood from sabercat.	 	 
132	21:29:16:514	sabercat	clay=1; ore=4; sheep=1; wheat=1; wood=0; unknown=0; knights=0; dev-cards=0	roads=[154,135; 135,136; 136,137]; settlements=[171,135; 135,137]	okay, thanks!	 	 
133	21:29:17:086	IG	clay=1; ore=0; sheep=1; wheat=3; wood=1; unknown=0; knights=0; dev-cards=0	roads=[70,168; 168,184; 184,201]; settlements=[71,184]	cheers	 	 
134	21:29:22:853	Server	 		IG built a settlement.	 	 
135	21:29:32:163	Server	 		sabercat rolled a 6 and a 3.	 	 
136	21:29:32:163	Server	 		sabercat gets 1 wheat. dmm gets 1 wheat. IG gets 1 wheat.	 	 
137	21:30:04:603	Server	 		sabercat built a city.	 	 
138	21:30:14:287	Server	 		dmm rolled a 1 and a 6.	 	 
139	21:30:55:513	Server	 		amycharl rolled a 3 and a 3.	 	 
140	21:30:55:514	Server	 		dmm gets 1 wood. amycharl gets 1 wood. IG gets 1 clay, 1 wood.	 	 
141	21:31:17:053	Server	 		amycharl built a road.	 	 
142	21:31:36:684	Server	 		IG rolled a 2 and a 6.	 	 
143	21:31:36:684	Server	 		sabercat gets 1 ore. amycharl gets 2 sheep.	 	 
144	21:31:45:756	Server	 		IG built a road.	 	 
145	21:31:51:676	Server	 		sabercat rolled a 4 and a 2.	 	 
146	21:31:51:676	Server	 		dmm gets 1 wood. amycharl gets 1 wood. IG gets 1 clay, 1 wood.	 	 
147	21:32:03:098	sabercat	clay=1; ore=1; sheep=1; wheat=0; wood=0; unknown=0; knights=0; dev-cards=0	roads=[154,135; 135,136; 136,137]; settlements=[171,137]	can anyone trade wheat for clay?	 	 
148	21:32:15:740	IG	clay=1; ore=0; sheep=0; wheat=3; wood=1; unknown=0; knights=0; dev-cards=0	roads=[70,168; 168,184; 184,201; 201,167]; settlements=[71,184; 184,218]	which do you want?	 	 
149	21:32:19:607	sabercat	clay=1; ore=1; sheep=1; wheat=0; wood=0; unknown=0; knights=0; dev-cards=0	roads=[154,135; 135,136; 136,137]; settlements=[171,137]	wheat	 	 
150	21:32:21:885	sabercat	clay=1; ore=1; sheep=1; wheat=0; wood=0; unknown=0; knights=0; dev-cards=0	roads=[154,135; 135,136; 136,137]; settlements=[171,137]	:)	 	 
151	21:32:22:757	IG	clay=1; ore=0; sheep=0; wheat=3; wood=1; unknown=0; knights=0; dev-cards=0	roads=[70,168; 168,184; 184,201; 201,167]; settlements=[71,184; 184,218]	sure	 	 
152	21:32:39:575	Server	 		sabercat made an offer to trade 1 clay for 1 wheat.	 	 
153	21:32:42:830	Server	 		sabercat traded 1 clay for 1 wheat from IG.	 	 
154	21:32:46:540	IG	clay=2; ore=0; sheep=0; wheat=2; wood=1; unknown=0; knights=0; dev-cards=0	roads=[70,168; 168,184; 184,201; 201,167]; settlements=[71,184; 184,218]	:)	 	 
155	21:32:50:348	Server	 		dmm rolled a 6 and a 6.	 	 
156	21:32:50:348	Server	 		IG gets 1 sheep.	 	 
157	21:32:56:073	sabercat	clay=0; ore=0; sheep=0; wheat=0; wood=0; unknown=0; knights=0; dev-cards=1	roads=[154,135; 135,136; 136,137]; settlements=[171,137]	cheers!	 	 
158	21:33:12:648	dmm	clay=1; ore=1; sheep=0; wheat=2; wood=3; unknown=0; knights=0; dev-cards=0	roads=[105,52; 52,68]; settlements=[105,52]	does anybody want a wood or a wheat?  i could do with a sheep   if possible...	 	 
159	21:33:18:185	amycharl	clay=1; ore=0; sheep=5; wheat=0; wood=2; unknown=0; knights=0; dev-cards=0	roads=[100,103; 103,120; 120,116; 116,132]	yup	 	 
160	21:33:23:014	IG	clay=2; ore=0; sheep=1; wheat=2; wood=1; unknown=0; knights=0; dev-cards=0	roads=[70,168; 168,184; 184,201; 201,167]; settlements=[71,184; 184,218]	ill take wood	 	 
161	21:33:25:365	amycharl	clay=1; ore=0; sheep=5; wheat=0; wood=2; unknown=0; knights=0; dev-cards=0	roads=[100,103; 103,120; 120,116; 116,132]	ill give you a couple	 	 
162	21:33:33:155	amycharl	clay=1; ore=0; sheep=5; wheat=0; wood=2; unknown=0; knights=0; dev-cards=0	roads=[100,103; 103,120; 120,116; 116,132]	ill take wheat	 	 
163	21:33:35:178	dmm	clay=1; ore=1; sheep=0; wheat=2; wood=3; unknown=0; knights=0; dev-cards=0	roads=[105,52; 52,68]; settlements=[105,52]	i just need one	 	 
164	21:33:44:457	amycharl	clay=1; ore=0; sheep=5; wheat=0; wood=2; unknown=0; knights=0; dev-cards=0	roads=[100,103; 103,120; 120,116; 116,132]	sheep for a what is fine	 	 
165	21:33:52:348	Server	 		dmm made an offer to trade 1 wheat for 1 sheep.	 	 
166	21:33:57:990	Server	 		dmm traded 1 wheat for 1 sheep from amycharl.	 	 
167	21:34:01:982	Server	 		dmm built a settlement.	 	 
168	21:34:11:889	Server	 		amycharl rolled a 6 and a 4.	 	 
169	21:34:11:890	Server	 		sabercat gets 2 clay, 1 wood. amycharl gets 2 clay.	 	 
170	21:34:29:593	Server	 		amycharl built a road.	 	 
171	21:34:36:809	Server	 		amycharl built a road.	 	 
172	21:34:53:891	amycharl	clay=1; ore=0; sheep=4; wheat=1; wood=0; unknown=0; knights=0; dev-cards=0	roads=[100,103; 103,120; 120,116; 116,132; 132,148; 148,165]	anyone want some sheep?	 	 
173	21:34:59:921	IG	clay=2; ore=0; sheep=1; wheat=2; wood=1; unknown=0; knights=0; dev-cards=0	roads=[70,168; 168,184; 184,201; 201,167]; settlements=[71,184; 184,218]	nah	 	 
174	21:35:00:602	sabercat	clay=2; ore=0; sheep=0; wheat=0; wood=1; unknown=0; knights=0; dev-cards=1	roads=[154,135; 135,136; 136,137]; settlements=[171,137]	no	 	 
175	21:35:16:691	dmm	clay=0; ore=1; sheep=0; wheat=0; wood=2; unknown=0; knights=0; dev-cards=0	roads=[105,52; 52,68]; settlements=[105,52; 52,84]	Nope,   i'm okay now	 	 
176	21:35:21:046	Server	 		IG rolled a 6 and a 3.	 	 
177	21:35:21:046	Server	 		dmm gets 1 wheat.	 	 
178	21:35:36:509	Server	 		IG built a road.	 	 
179	21:36:06:592	IG	clay=1; ore=0; sheep=1; wheat=2; wood=0; unknown=0; knights=0; dev-cards=0	roads=[70,168; 168,184; 184,201; 201,167; 167,150]; settlements=[71,184; 184,218]	anyone want to give me one wheat for one clay?	 	 
180	21:36:14:527	amycharl	clay=1; ore=0; sheep=4; wheat=1; wood=0; unknown=0; knights=0; dev-cards=0	roads=[100,103; 103,120; 120,116; 116,132; 132,148; 148,165]	no	 	 
181	21:36:16:399	sabercat	clay=2; ore=0; sheep=0; wheat=0; wood=1; unknown=0; knights=0; dev-cards=1	roads=[154,135; 135,136; 136,137]; settlements=[171,137]	no wheat	 	 
182	21:36:42:518	Server	 		sabercat rolled a 2 and a 1.	 	 
183	21:36:42:519	Server	 		dmm gets 1 ore. amycharl gets 1 ore. IG gets 2 wheat.	 	 
184	21:36:58:381	amycharl	clay=0; ore=1; sheep=4; wheat=1; wood=0; unknown=0; knights=0; dev-cards=0	roads=[100,103; 103,120; 120,116; 116,132; 132,148; 148,165]	god damn	 	 
185	21:37:06:406	Server	 		sabercat built a road.	 	 
186	21:37:12:929	Server	 		dmm rolled a 6 and a 5.	 	 
187	21:37:12:930	Server	 		sabercat gets 3 wood. dmm gets 1 clay. amycharl gets 1 wood. IG gets 1 clay.	 	 
188	21:37:21:175	sabercat	clay=2; ore=0; sheep=0; wheat=0; wood=3; unknown=0; knights=1; dev-cards=0	roads=[154,135; 135,136; 136,137; 137,171]; settlements=[171,137]	sorry, I needed it away...	 	 
189	21:37:33:075	Server	 		dmm built a road.	 	 
190	21:37:40:182	Server	 		amycharl rolled a 2 and a 3.	 	 
191	21:37:40:182	Server	 		sabercat gets 1 ore. dmm gets 1 ore.	 	 
192	21:38:05:889	amycharl	clay=0; ore=0; sheep=3; wheat=0; wood=1; unknown=0; knights=0; dev-cards=1	roads=[100,103; 103,120; 120,116; 116,132; 132,148; 148,165]	anyone want a sheep	 	 
193	21:38:08:403	amycharl	clay=0; ore=0; sheep=3; wheat=0; wood=1; unknown=0; knights=0; dev-cards=1	roads=[100,103; 103,120; 120,116; 116,132; 132,148; 148,165]	?	 	 
194	21:38:12:413	IG	clay=2; ore=0; sheep=1; wheat=4; wood=0; unknown=0; knights=0; dev-cards=0	roads=[70,168; 168,184; 184,201; 201,167; 167,150]; settlements=[71,184; 184,218]	sry	 	 
195	21:38:16:985	sabercat	clay=2; ore=1; sheep=0; wheat=0; wood=3; unknown=0; knights=1; dev-cards=0	roads=[154,135; 135,136; 136,137; 137,171]; settlements=[171,137]	for what?	 	 
196	21:38:27:225	amycharl	clay=0; ore=0; sheep=3; wheat=0; wood=1; unknown=0; knights=0; dev-cards=1	roads=[100,103; 103,120; 120,116; 116,132; 132,148; 148,165]	wheat preferably	 	 
197	21:38:35:258	sabercat	clay=2; ore=1; sheep=0; wheat=0; wood=3; unknown=0; knights=1; dev-cards=0	roads=[154,135; 135,136; 136,137; 137,171]; settlements=[171,137]	dont have that :D	 	 
198	21:38:46:650	amycharl	clay=0; ore=0; sheep=3; wheat=0; wood=1; unknown=0; knights=0; dev-cards=1	roads=[100,103; 103,120; 120,116; 116,132; 132,148; 148,165]	anything else is fine	 	 
199	21:38:49:651	sabercat	clay=2; ore=1; sheep=0; wheat=0; wood=3; unknown=0; knights=1; dev-cards=0	roads=[154,135; 135,136; 136,137; 137,171]; settlements=[171,137]	wood?	 	 
200	21:39:03:305	amycharl	clay=0; ore=0; sheep=3; wheat=0; wood=1; unknown=0; knights=0; dev-cards=1	roads=[100,103; 103,120; 120,116; 116,132; 132,148; 148,165]	yer sure	 	 
201	21:39:09:334	sabercat	clay=2; ore=1; sheep=0; wheat=0; wood=3; unknown=0; knights=1; dev-cards=0	roads=[154,135; 135,136; 136,137; 137,171]; settlements=[171,137]	then go ahead	 	 
202	21:39:11:155	sabercat	clay=2; ore=1; sheep=0; wheat=0; wood=3; unknown=0; knights=1; dev-cards=0	roads=[154,135; 135,136; 136,137; 137,171]; settlements=[171,137]	:)	 	 
203	21:39:27:525	Server	 		IG rolled a 5 and a 4.	 	 
204	21:39:27:526	Server	 		sabercat gets 2 wheat. dmm gets 1 wheat. IG gets 1 wheat.	 	 
205	21:39:30:823	amycharl	clay=0; ore=0; sheep=3; wheat=0; wood=1; unknown=0; knights=0; dev-cards=1	roads=[100,103; 103,120; 120,116; 116,132; 132,148; 148,165]	oops	 	 
206	21:39:37:239	sabercat	clay=2; ore=1; sheep=0; wheat=2; wood=3; unknown=0; knights=1; dev-cards=0	roads=[154,135; 135,136; 136,137; 137,171]; settlements=[171,137]	where is my sheep??	 	 
207	21:39:40:804	sabercat	clay=2; ore=1; sheep=0; wheat=2; wood=3; unknown=0; knights=1; dev-cards=0	roads=[154,135; 135,136; 136,137; 137,171]; settlements=[171,137]	:D	 	 
208	21:39:41:653	amycharl	clay=0; ore=0; sheep=3; wheat=0; wood=1; unknown=0; knights=0; dev-cards=1	roads=[100,103; 103,120; 120,116; 116,132; 132,148; 148,165]	i may have clicked done instead of trade....	 	 
209	21:39:49:613	amycharl	clay=0; ore=0; sheep=3; wheat=0; wood=1; unknown=0; knights=0; dev-cards=1	roads=[100,103; 103,120; 120,116; 116,132; 132,148; 148,165]	:)	 	 
210	21:39:56:517	sabercat	clay=2; ore=1; sheep=0; wheat=2; wood=3; unknown=0; knights=1; dev-cards=0	roads=[154,135; 135,136; 136,137; 137,171]; settlements=[171,137]	I will trade with you when its my turn,   okay?	 	 
211	21:40:00:072	dmm	clay=0; ore=3; sheep=0; wheat=2; wood=1; unknown=0; knights=0; dev-cards=0	roads=[105,52; 52,68; 68,122]; settlements=[105,52; 52,84]	i've done that in practice so many times!	 	 
212	21:40:00:208	amycharl	clay=0; ore=0; sheep=3; wheat=0; wood=1; unknown=0; knights=0; dev-cards=1	roads=[100,103; 103,120; 120,116; 116,132; 132,148; 148,165]	you can hav it on your turn	 	 
213	21:40:15:882	amycharl	clay=0; ore=0; sheep=3; wheat=0; wood=1; unknown=0; knights=0; dev-cards=1	roads=[100,103; 103,120; 120,116; 116,132; 132,148; 148,165]	:)	 	 
214	21:40:21:340	Server	 		sabercat rolled a 3 and a 4.	 	 
215	21:41:32:298	Server	 		sabercat built a road.	 	 
216	21:41:45:549	Server	 		dmm rolled a 3 and a 3.	 	 
217	21:41:45:550	Server	 		IG gets 1 clay.	 	 
218	21:41:50:855	Server	 		dmm built a city.	 	 
219	21:41:59:256	Server	 		amycharl rolled a 1 and a 2.	 	 
220	21:41:59:256	Server	 		dmm gets 2 ore. amycharl gets 1 ore. IG gets 2 wheat.	 	 
221	21:42:19:776	amycharl	clay=0; ore=1; sheep=2; wheat=0; wood=1; unknown=0; knights=0; dev-cards=1	roads=[100,103; 103,120; 120,116; 116,132; 132,148; 148,165]	i will give a sheep for a clay	 	 
222	21:42:27:026	amycharl	clay=0; ore=1; sheep=2; wheat=0; wood=1; unknown=0; knights=0; dev-cards=1	roads=[100,103; 103,120; 120,116; 116,132; 132,148; 148,165]	anyone up for that?	 	 
223	21:42:31:153	IG	clay=2; ore=0; sheep=1; wheat=4; wood=0; unknown=0; knights=0; dev-cards=0	roads=[70,168; 168,184; 184,201; 201,167; 167,150]; settlements=[71,184; 184,218]	nah	 	 
224	21:42:40:972	sabercat	clay=0; ore=0; sheep=0; wheat=0; wood=0; unknown=0; knights=1; dev-cards=1	roads=[154,135; 135,136; 136,137; 137,171; 171,188]; settlements=[171,137]	nope	 	 
225	21:42:47:915	amycharl	clay=0; ore=1; sheep=2; wheat=0; wood=1; unknown=0; knights=0; dev-cards=1	roads=[100,103; 103,120; 120,116; 116,132; 132,148; 148,165]	or a wheat actually	 	 
226	21:42:53:150	dmm	clay=0; ore=2; sheep=0; wheat=0; wood=1; unknown=0; knights=0; dev-cards=0	roads=[105,52; 52,68; 68,122]; settlements=[105,52]	i have neither	 	 
227	21:42:58:606	sabercat	clay=0; ore=0; sheep=0; wheat=0; wood=0; unknown=0; knights=1; dev-cards=1	roads=[154,135; 135,136; 136,137; 137,171; 171,188]; settlements=[171,137]	(I would, but I have nothing...)	 	 
228	21:43:05:603	amycharl	clay=0; ore=1; sheep=2; wheat=0; wood=1; unknown=0; knights=0; dev-cards=1	roads=[100,103; 103,120; 120,116; 116,132; 132,148; 148,165]	true :)	 	 
229	21:43:15:422	IG	clay=2; ore=0; sheep=1; wheat=4; wood=0; unknown=0; knights=0; dev-cards=0	roads=[70,168; 168,184; 184,201; 201,167; 167,150]; settlements=[71,184; 184,218]	sorry	 	 
230	21:43:18:706	Server	 		IG rolled a 5 and a 4.	 	 
231	21:43:18:707	Server	 		sabercat gets 2 wheat. dmm gets 1 wheat. IG gets 1 wheat.	 	 
232	21:43:31:226	Server	 		IG traded 2 wheat for 1 wood from a port.	 	 
233	21:44:02:330	Server	 		IG traded 2 wheat for 1 wood from a port.	 	 
234	21:44:12:923	Server	 		IG built a road.	 	 
235	21:44:15:961	Server	 		IG built a road.	 	 
236	21:44:27:728	Server	 		sabercat rolled a 6 and a 3.	 	 
237	21:44:27:729	Server	 		sabercat gets 2 wheat. dmm gets 1 wheat. IG gets 1 wheat.	 	 
238	21:44:46:208	sabercat	clay=0; ore=0; sheep=0; wheat=4; wood=0; unknown=0; knights=1; dev-cards=1	roads=[154,135; 135,136; 136,137; 137,171; 171,188]; settlements=[171,137]	amy? still want wheat for a sheep?	 	 
239	21:44:53:924	amycharl	clay=0; ore=1; sheep=2; wheat=0; wood=1; unknown=0; knights=0; dev-cards=1	roads=[100,103; 103,120; 120,116; 116,132; 132,148; 148,165]	yup	 	 
240	21:45:07:064	sabercat	clay=0; ore=0; sheep=0; wheat=4; wood=0; unknown=0; knights=1; dev-cards=1	roads=[154,135; 135,136; 136,137; 137,171; 171,188]; settlements=[171,137]	and can anyone give me ore for wheat?	 	 
241	21:45:26:582	Server	 		sabercat made an offer to trade 1 wheat for 1 sheep.	 	 
242	21:45:33:606	Server	 		sabercat traded 1 wheat for 1 sheep from amycharl.	 	 
243	21:45:58:858	amycharl	clay=0; ore=1; sheep=1; wheat=1; wood=1; unknown=0; knights=0; dev-cards=1	roads=[100,103; 103,120; 120,116; 116,132; 132,148; 148,165]	ill giv you ore for clay	 	 
244	21:46:06:547	sabercat	clay=0; ore=0; sheep=1; wheat=3; wood=0; unknown=0; knights=1; dev-cards=1	roads=[154,135; 135,136; 136,137; 137,171; 171,188]; settlements=[171,137]	if I had it...	 	 
245	21:46:36:773	Server	 		dmm rolled a 4 and a 6.	 	 
246	21:46:36:774	Server	 		sabercat gets 2 clay, 1 wood. amycharl gets 2 clay.	 	 
247	21:46:57:838	dmm	clay=0; ore=2; sheep=0; wheat=2; wood=1; unknown=0; knights=0; dev-cards=0	roads=[105,52; 52,68; 68,122]; settlements=[105,52]	can anybody give me an ore? i can offer one wood.	 	 
248	21:47:08:962	sabercat	clay=2; ore=0; sheep=1; wheat=3; wood=2; unknown=0; knights=2; dev-cards=0	roads=[154,135; 135,136; 136,137; 137,171; 171,188]; settlements=[171,137]	nope, no ore...	 	 
249	21:47:46:418	Server	 		amycharl rolled a 5 and a 1.	 	 
250	21:47:46:418	Server	 		dmm gets 1 wood. amycharl gets 1 wood. IG gets 1 clay, 1 wood.	 	 
251	21:47:55:888	Server	 		amycharl built a settlement.	 	 
252	21:48:21:090	Server	 		IG rolled a 3 and a 5.	 	 
253	21:48:21:091	Server	 		sabercat gets 1 ore. dmm gets 2 sheep. amycharl gets 2 sheep.	 	 
254	21:48:42:498	Server	 		IG built a settlement.	 	 
255	21:48:54:999	sabercat	clay=2; ore=1; sheep=1; wheat=3; wood=2; unknown=0; knights=2; dev-cards=0	roads=[154,135; 135,136; 136,137; 137,171; 171,188]; settlements=[171,137]	oh no! thats my place IG!	 	 
256	21:48:57:197	sabercat	clay=2; ore=1; sheep=1; wheat=3; wood=2; unknown=0; knights=2; dev-cards=0	roads=[154,135; 135,136; 136,137; 137,171; 171,188]; settlements=[171,137]	:D	 	 
257	21:49:03:804	IG	clay=0; ore=0; sheep=0; wheat=1; wood=0; unknown=0; knights=0; dev-cards=0	roads=[70,168; 168,184; 184,201; 201,167; 167,150; 150,202; 202,203]; settlements=[71,184; 184,218; 218,220]	oops ;)	 	 
258	21:49:30:925	Server	 		sabercat rolled a 3 and a 1.	 	 
259	21:49:30:926	Server	 		sabercat gets 2 sheep. dmm gets 3 sheep.	 	 
260	21:49:41:506	Server	 		sabercat built a road.	 	 
261	21:49:47:174	Server	 		sabercat built a settlement.	 	 
262	21:49:57:854	dmm	clay=0; ore=2; sheep=5; wheat=2; wood=2; unknown=0; knights=0; dev-cards=0	roads=[105,52; 52,68; 68,122]; settlements=[105,52]	that was mine! :(	 	 
263	21:49:59:670	Server	 		dmm rolled a 4 and a 4.	 	 
264	21:49:59:670	Server	 		sabercat gets 1 ore. dmm gets 2 sheep. amycharl gets 2 sheep. IG gets 1 ore.	 	 
265	21:50:28:845	Server	 		dmm traded 2 sheep for 1 ore from a port.	 	 
266	21:50:31:898	sabercat	clay=0; ore=1; sheep=1; wheat=1; wood=0; unknown=0; knights=2; dev-cards=1	roads=[154,135; 135,136; 136,137; 137,171; 171,188; 188,172]; settlements=[171,137; 137,173]	you can still build along the way though...	 	 
267	21:50:33:028	Server	 		dmm built a city.	 	 
268	21:50:53:211	dmm	clay=0; ore=0; sheep=5; wheat=0; wood=2; unknown=0; knights=0; dev-cards=0	roads=[105,52; 52,68; 68,122]; cities=[84,105]	but i can't get the port now...	 	 
269	21:51:05:105	Server	 		dmm traded 4 sheep for 1 clay, 1 wheat from a port.	 	 
270	21:51:07:705	Server	 		dmm built a settlement.	        
271	21:51:09:701	dmm	clay=0; ore=0; sheep=0; wheat=0; wood=1; unknown=0; knights=0; dev-cards=0	roads=[105,52; 52,68; 68,122]; settlements=[52,139]; cities=[84,105]	oh well.	 	 
272	21:51:16:546	Server	 		amycharl rolled a 3 and a 6.	 	 
273	21:51:16:547	Server	 		sabercat gets 2 wheat. dmm gets 2 wheat. IG gets 1 wheat.	 	 
274	21:52:52:230	amycharl	clay=1; ore=1; sheep=4; wheat=0; wood=0; unknown=0; knights=0; dev-cards=1	roads=[100,103; 103,120; 120,116; 116,132; 132,148; 148,165]; settlements=[103,182]	anyone want sheep for wehat or wood?	 	 
275	21:53:00:947	sabercat	clay=0; ore=1; sheep=1; wheat=3; wood=0; unknown=0; knights=2; dev-cards=1	roads=[154,135; 135,136; 136,137; 137,171; 171,188; 188,172]; settlements=[171,137; 137,173]	yep	 	 
276	21:53:04:203	sabercat	clay=0; ore=1; sheep=1; wheat=3; wood=0; unknown=0; knights=2; dev-cards=1	roads=[154,135; 135,136; 136,137; 137,171; 171,188; 188,172]; settlements=[171,137; 137,173]	wheat	 	 
277	21:53:31:020	sabercat	clay=0; ore=1; sheep=1; wheat=3; wood=0; unknown=0; knights=2; dev-cards=1	roads=[154,135; 135,136; 136,137; 137,171; 171,188; 188,172]; settlements=[171,137; 137,173]	(I am giving the wheat though...)	 	 
278	21:53:40:452	Server	 		amycharl made an offer to trade 1 sheep for 1 wheat.	 	 
279	21:54:00:724	amycharl	clay=1; ore=1; sheep=4; wheat=0; wood=0; unknown=0; knights=0; dev-cards=1	roads=[100,103; 103,120; 120,116; 116,132; 132,148; 148,165]; settlements=[103,182]	oh	 	 
280	21:54:05:565	sabercat	clay=0; ore=1; sheep=1; wheat=3; wood=0; unknown=0; knights=2; dev-cards=1	roads=[154,135; 135,136; 136,137; 137,171; 171,188; 188,172]; settlements=[171,137; 137,173]	sorry	 	 
281	21:54:07:858	amycharl	clay=1; ore=1; sheep=4; wheat=0; wood=0; unknown=0; knights=0; dev-cards=1	roads=[100,103; 103,120; 120,116; 116,132; 132,148; 148,165]; settlements=[103,182]	no i mean i want to give a sheep	 	 
282	21:54:08:903	sabercat	clay=0; ore=1; sheep=1; wheat=3; wood=0; unknown=0; knights=2; dev-cards=1	roads=[154,135; 135,136; 136,137; 137,171; 171,188; 188,172]; settlements=[171,137; 137,173]	no wood :D	 	 
283	21:54:42:662	Server	 		IG rolled a 1 and a 1.	 	 
284	21:54:42:663	Server	 		amycharl gets 1 wheat.	 	 
285	21:55:01:453	IG	clay=0; ore=1; sheep=0; wheat=2; wood=0; unknown=0; knights=0; dev-cards=0	roads=[70,168; 168,184; 184,201; 201,167; 167,150; 150,202; 202,203]; settlements=[71,184; 184,218; 218,220]	need clay or wood,  giving ore	 	 
286	21:55:15:727	dmm	clay=0; ore=0; sheep=0; wheat=2; wood=1; unknown=0; knights=0; dev-cards=0	roads=[105,52; 52,68; 68,122]; settlements=[52,139]; cities=[84,105]	i have a wood	 	 
287	21:55:23:219	dmm	clay=0; ore=0; sheep=0; wheat=2; wood=1; unknown=0; knights=0; dev-cards=0	roads=[105,52; 52,68; 68,122]; settlements=[52,139]; cities=[84,105]	would that be enough for you?	 	 
288	21:55:25:809	Server	 		IG made an offer to trade 1 ore for 1 wood.	 	 
289	21:55:31:545	Server	 		IG traded 1 ore for 1 wood from dmm.	 	 
290	21:55:35:177	IG	clay=0; ore=0; sheep=0; wheat=2; wood=1; unknown=0; knights=0; dev-cards=0	roads=[70,168; 168,184; 184,201; 201,167; 167,150; 150,202; 202,203]; settlements=[71,184; 184,218; 218,220]	cheers	 	 
291	21:55:43:034	Server	 		IG traded 2 wheat for 1 clay from a port.	 	 
292	21:55:52:329	Server	 		IG built a road.	 	 
293	21:56:04:841	Server	 		sabercat rolled a 1 and a 6.	 	 
294	21:56:46:551	sabercat	clay=0; ore=1; sheep=1; wheat=4; wood=0; unknown=0; knights=2; dev-cards=1	roads=[154,135; 135,136; 136,137; 137,171; 171,188; 188,172]; settlements=[171,137; 137,173]	anyone has ore?	 	 
295	21:56:58:710	dmm	clay=0; ore=1; sheep=0; wheat=1; wood=0; unknown=0; knights=0; dev-cards=0	roads=[105,52; 52,68; 68,122]; settlements=[52,139]; cities=[84,105]	i only just got the one i have...	 	 
296	21:56:59:167	IG	clay=0; ore=0; sheep=0; wheat=0; wood=0; unknown=0; knights=0; dev-cards=0	roads=[70,168; 168,184; 184,201; 201,167; 167,150; 150,202; 202,203; 203,133]; settlements=[71,184; 184,218; 218,220]	Ive got nothing...	 	 
297	21:57:08:177	dmm	clay=0; ore=1; sheep=0; wheat=1; wood=0; unknown=0; knights=0; dev-cards=0	roads=[105,52; 52,68; 68,122]; settlements=[52,139]; cities=[84,105]	so i'd like to hold onto it!	 	 
298	21:57:15:595	sabercat	clay=0; ore=1; sheep=1; wheat=4; wood=0; unknown=0; knights=2; dev-cards=1	roads=[154,135; 135,136; 136,137; 137,171; 171,188; 188,172]; settlements=[171,137; 137,173]	amy? do you have ore?	 	 
299	21:57:23:460	amycharl	clay=1; ore=1; sheep=4; wheat=1; wood=0; unknown=0; knights=0; dev-cards=1	roads=[100,103; 103,120; 120,116; 116,132; 132,148; 148,165]; settlements=[103,182]	i have one	 	 
300	21:57:33:297	sabercat	clay=0; ore=1; sheep=1; wheat=4; wood=0; unknown=0; knights=2; dev-cards=1	roads=[154,135; 135,136; 136,137; 137,171; 171,188; 188,172]; settlements=[171,137; 137,173]	oh well	 	 
301	21:57:41:240	sabercat	clay=0; ore=1; sheep=1; wheat=4; wood=0; unknown=0; knights=2; dev-cards=1	roads=[154,135; 135,136; 136,137; 137,171; 171,188; 188,172]; settlements=[171,137; 137,173]	ore needed :D	 	 
302	21:57:46:306	amycharl	clay=1; ore=1; sheep=4; wheat=1; wood=0; unknown=0; knights=0; dev-cards=1	roads=[100,103; 103,120; 120,116; 116,132; 132,148; 148,165]; settlements=[103,182]	if you gave me two of something	 	 
303	21:57:54:915	Server	 		dmm rolled a 4 and a 4.	 	 
304	21:57:54:916	Server	 		sabercat gets 1 ore. dmm gets 2 sheep. amycharl gets 2 sheep. IG gets 1 ore.	 	 
305	21:58:05:490	sabercat	clay=0; ore=1; sheep=0; wheat=3; wood=0; unknown=0; knights=2; dev-cards=2	roads=[154,135; 135,136; 136,137; 137,171; 171,188; 188,172]; settlements=[171,137; 137,173]	I hope someone will roll well	 	 
306	21:58:07:152	Server	 		amycharl rolled a 4 and a 5.	 	 
307	21:58:07:153	Server	 		sabercat gets 2 wheat. dmm gets 2 wheat. IG gets 1 wheat.	 	 
308	21:58:24:284	amycharl	clay=1; ore=1; sheep=6; wheat=1; wood=0; unknown=0; knights=0; dev-cards=1	roads=[100,103; 103,120; 120,116; 116,132; 132,148; 148,165]; settlements=[103,182]	anyone want sheep	 	 
309	21:58:26:154	amycharl	clay=1; ore=1; sheep=6; wheat=1; wood=0; unknown=0; knights=0; dev-cards=1	roads=[100,103; 103,120; 120,116; 116,132; 132,148; 148,165]; settlements=[103,182]	?	 	 
310	21:58:36:780	amycharl	clay=1; ore=1; sheep=6; wheat=1; wood=0; unknown=0; knights=0; dev-cards=1	roads=[100,103; 103,120; 120,116; 116,132; 132,148; 148,165]; settlements=[103,182]	usual offer	 	 
311	21:58:39:210	IG	clay=0; ore=1; sheep=0; wheat=1; wood=0; unknown=0; knights=0; dev-cards=0	roads=[70,168; 168,184; 184,201; 201,167; 167,150; 150,202; 202,203; 203,133]; settlements=[71,184; 184,218; 218,220]	sorry	 	 
312	21:58:42:020	amycharl	clay=1; ore=1; sheep=6; wheat=1; wood=0; unknown=0; knights=0; dev-cards=1	roads=[100,103; 103,120; 120,116; 116,132; 132,148; 148,165]; settlements=[103,182]	:)	 	 
313	21:58:46:875	sabercat	clay=0; ore=1; sheep=0; wheat=5; wood=0; unknown=0; knights=2; dev-cards=2	roads=[154,135; 135,136; 136,137; 137,171; 171,188; 188,172]; settlements=[171,137; 137,173]	I may, in my turn...	 	 
314	21:59:40:186	Server	 		amycharl traded 3 sheep for 1 wood from a port.	 	 
315	22:00:04:318	Server	 		amycharl built a road.	 	 
316	22:00:09:847	dmm	clay=0; ore=0; sheep=1; wheat=2; wood=0; unknown=0; knights=0; dev-cards=1	roads=[105,52; 52,68; 68,122]; settlements=[52,139]; cities=[84,105]	i'm not needing sheep right now	 	 
317	22:00:24:208	Server	 		IG rolled a 6 and a 4.	 	 
318	22:00:24:209	Server	 		sabercat gets 2 clay, 2 wood. dmm gets 1 wood. amycharl gets 2 clay.	 	 
319	22:00:53:186	Server	 		sabercat rolled a 4 and a 6.	 	 
320	22:00:53:186	Server	 		sabercat gets 2 clay, 2 wood. dmm gets 1 wood. amycharl gets 2 clay.	 	 
321	22:01:11:607	sabercat	clay=4; ore=1; sheep=0; wheat=5; wood=4; unknown=0; knights=2; dev-cards=2	roads=[154,135; 135,136; 136,137; 137,171; 171,188; 188,172]; settlements=[171,137; 137,173]	okay, do you people have ore?	 	 
322	22:01:17:758	amycharl	clay=4; ore=0; sheep=2; wheat=0; wood=0; unknown=0; knights=0; dev-cards=2	roads=[100,103; 103,120; 120,116; 116,132; 132,148; 148,165; 165,102]; settlements=[103,182]	nope	 	 
323	22:01:18:413	dmm	clay=0; ore=0; sheep=1; wheat=2; wood=2; unknown=0; knights=0; dev-cards=1	roads=[105,52; 52,68; 68,122]; settlements=[52,139]; cities=[84,105]	nope	 	 
324	22:01:18:891	IG	clay=0; ore=1; sheep=0; wheat=1; wood=0; unknown=0; knights=0; dev-cards=0	roads=[70,168; 168,184; 184,201; 201,167; 167,150; 150,202; 202,203; 203,133]; settlements=[71,184; 184,218; 218,220]	what are you offering?	 	 
325	22:01:29:322	sabercat	clay=4; ore=1; sheep=0; wheat=5; wood=4; unknown=0; knights=2; dev-cards=2	roads=[154,135; 135,136; 136,137; 137,171; 171,188; 188,172]; settlements=[171,137; 137,173]	how much do you have?	 	 
326	22:01:32:946	IG	clay=0; ore=1; sheep=0; wheat=1; wood=0; unknown=0; knights=0; dev-cards=0	roads=[70,168; 168,184; 184,201; 201,167; 167,150; 150,202; 202,203; 203,133]; settlements=[71,184; 184,218; 218,220]	1	 	 
327	22:01:55:154	IG	clay=0; ore=1; sheep=0; wheat=1; wood=0; unknown=0; knights=0; dev-cards=0	roads=[70,168; 168,184; 184,201; 201,167; 167,150; 150,202; 202,203; 203,133]; settlements=[71,184; 184,218; 218,220]	actually, sorry, im going to hang on to it	 	 
328	22:02:09:698	sabercat	clay=4; ore=1; sheep=0; wheat=5; wood=4; unknown=0; knights=2; dev-cards=2	roads=[154,135; 135,136; 136,137; 137,171; 171,188; 188,172]; settlements=[171,137; 137,173]	you might not have the choice :D I	 	 
329	22:02:18:475	Server	 		sabercat built a road.	 	 
330	22:02:21:547	Server	 		sabercat built a road.	 	 
331	22:02:36:969	IG	clay=0; ore=1; sheep=0; wheat=1; wood=0; unknown=0; knights=0; dev-cards=0	roads=[70,168; 168,184; 184,201; 201,167; 167,150; 150,202; 202,203; 203,133]; settlements=[71,184; 184,218; 218,220]	haha ouch	 	 
332	22:02:44:515	dmm	clay=0; ore=0; sheep=1; wheat=2; wood=1; unknown=0; knights=0; dev-cards=1	roads=[105,52; 52,68; 68,122]; settlements=[52,139]; cities=[84,105]	saw that coming	 	 
333	22:03:17:173	Server	 		sabercat traded 3 wood for 1 ore from a port.	 	 
334	22:03:43:584	Server	 		sabercat traded 3 wheat for 1 ore from a port.	 	 
335	22:03:47:195	Server	 		sabercat built a city.	 	 
336	22:03:50:986	amycharl	clay=4; ore=0; sheep=2; wheat=0; wood=0; unknown=0; knights=0; dev-cards=2	roads=[100,103; 103,120; 120,116; 116,132; 132,148; 148,165; 165,102]; settlements=[103,182]	boo	 	 
337	22:03:56:544	IG	clay=0; ore=1; sheep=0; wheat=1; wood=0; unknown=0; knights=0; dev-cards=0	roads=[70,168; 168,184; 184,201; 201,167; 167,150; 150,202; 202,203; 203,133]; settlements=[71,184; 184,218; 218,220]	nice one.	 	 
338	22:03:57:433	sabercat	clay=2; ore=0; sheep=0; wheat=0; wood=0; unknown=0; knights=3; dev-cards=1	roads=[154,135; 135,136; 136,137; 137,171; 171,188; 188,172; 172,118; 118,101]; settlements=[137,173]; cities=[135,171]	:D	 	 
339	22:03:59:396	sabercat	clay=2; ore=0; sheep=0; wheat=0; wood=0; unknown=0; knights=3; dev-cards=1	roads=[154,135; 135,136; 136,137; 137,171; 171,188; 188,172; 172,118; 118,101]; settlements=[137,173]; cities=[135,171]	thanks	 	 
340	22:04:06:929	IG	clay=0; ore=1; sheep=0; wheat=1; wood=0; unknown=0; knights=0; dev-cards=0	roads=[70,168; 168,184; 184,201; 201,167; 167,150; 150,202; 202,203; 203,133]; settlements=[71,184; 184,218; 218,220]	how many games do we have left to play then?	 	 
341	22:04:14:537	dmm	clay=0; ore=0; sheep=1; wheat=2; wood=1; unknown=0; knights=0; dev-cards=1	roads=[105,52; 52,68; 68,122]; settlements=[52,139]; cities=[84,105]	well done!  i could see you were getting close	 	 
342	22:04:15:876	sabercat	clay=2; ore=0; sheep=0; wheat=0; wood=0; unknown=0; knights=3; dev-cards=1	roads=[154,135; 135,136; 136,137; 137,171; 171,188; 188,172; 172,118; 118,101]; settlements=[137,173]; cities=[135,171]	I have to play two more	 	 
343	22:04:27:775	dmm	clay=0; ore=0; sheep=1; wheat=2; wood=1; unknown=0; knights=0; dev-cards=1	roads=[105,52; 52,68; 68,122]; settlements=[52,139]; cities=[84,105]	i have three still to play	 	 
344	22:04:28:625	IG	clay=0; ore=1; sheep=0; wheat=1; wood=0; unknown=0; knights=0; dev-cards=0	roads=[70,168; 168,184; 184,201; 201,167; 167,150; 150,202; 202,203; 203,133]; settlements=[71,184; 184,218; 218,220]	do we all have to play four?	 	 
345	22:04:29:870	amycharl	clay=4; ore=0; sheep=2; wheat=0; wood=0; unknown=0; knights=0; dev-cards=2	roads=[100,103; 103,120; 120,116; 116,132; 132,148; 148,165; 165,102]; settlements=[103,182]	we play 4 each yer?	 	 
346	22:04:33:975	sabercat	clay=2; ore=0; sheep=0; wheat=0; wood=0; unknown=0; knights=3; dev-cards=1	roads=[154,135; 135,136; 136,137; 137,171; 171,188; 188,172; 172,118; 118,101]; settlements=[137,173]; cities=[135,171]	yep	 	 
347	22:04:52:484	amycharl	clay=4; ore=0; sheep=2; wheat=0; wood=0; unknown=0; knights=0; dev-cards=2	roads=[100,103; 103,120; 120,116; 116,132; 132,148; 148,165; 165,102]; settlements=[103,182]	i hav only played this one	 	 
348	22:04:53:818	IG	clay=0; ore=1; sheep=0; wheat=1; wood=0; unknown=0; knights=0; dev-cards=0	roads=[70,168; 168,184; 184,201; 201,167; 167,150; 150,202; 202,203; 203,133]; settlements=[71,184; 184,218; 218,220]	gotcha. well this kind of time works well for me,  so just let me know :)	 	 
349	22:05:05:796	amycharl	clay=4; ore=0; sheep=2; wheat=0; wood=0; unknown=0; knights=0; dev-cards=2	roads=[100,103; 103,120; 120,116; 116,132; 132,148; 148,165; 165,102]; settlements=[103,182]	yer, i can play tomorrow	 	 
350	22:05:05:899	sabercat	clay=2; ore=0; sheep=0; wheat=0; wood=0; unknown=0; knights=3; dev-cards=1	roads=[154,135; 135,136; 136,137; 137,171; 171,188; 188,172; 172,118; 118,101]; settlements=[137,173]; cities=[135,171]	how about tomorrow?	 	 
351	22:05:18:644	sabercat	clay=2; ore=0; sheep=0; wheat=0; wood=0; unknown=0; knights=3; dev-cards=1	roads=[154,135; 135,136; 136,137; 137,171; 171,188; 188,172; 172,118; 118,101]; settlements=[137,173]; cities=[135,171]	because I wont be able to for the rest of the week	 	 
352	22:05:46:288	dmm	clay=0; ore=0; sheep=1; wheat=2; wood=1; unknown=0; knights=0; dev-cards=1	roads=[105,52; 52,68; 68,122]; settlements=[52,139]; cities=[84,105]	not sure i can do it tomorrow...  well, maybe in the afternoon	 	 
353	22:05:52:322	amycharl	clay=4; ore=0; sheep=2; wheat=0; wood=0; unknown=0; knights=0; dev-cards=2	roads=[100,103; 103,120; 120,116; 116,132; 132,148; 148,165; 165,102]; settlements=[103,182]	i can any time tomorrow	 	 
354	22:06:00:128	sabercat	clay=2; ore=0; sheep=0; wheat=0; wood=0; unknown=0; knights=3; dev-cards=1	roads=[154,135; 135,136; 136,137; 137,171; 171,188; 188,172; 172,118; 118,101]; settlements=[137,173]; cities=[135,171]	okay :) will email you	 	 
355	22:06:05:961	sabercat	clay=2; ore=0; sheep=0; wheat=0; wood=0; unknown=0; knights=3; dev-cards=1	roads=[154,135; 135,136; 136,137; 137,171; 171,188; 188,172; 172,118; 118,101]; settlements=[137,173]; cities=[135,171]	thanks for the game	 	 
356	22:06:42:159	dmm	clay=0; ore=0; sheep=1; wheat=2; wood=1; unknown=0; knights=0; dev-cards=1	roads=[105,52; 52,68; 68,122]; settlements=[52,139]; cities=[84,105]	see you whenever next time is then!	 	 
