ID	Timestamp	Emitter	Resources	Buildups	Text	Annotation	Comment
1	21:09:12:381	gramos	clay=0; ore=0; sheep=0; wheat=0; wood=0; unknown=0; knights=0; dev-cards=0		ok, here we go	 	 
2	21:09:37:453	Server	 		raefbrisbin built a settlement.	 	 
3	21:09:41:030	Server	 		raefbrisbin built a road.	 	 
4	21:09:49:660	raefbrisbin	clay=0; ore=0; sheep=0; wheat=0; wood=0; unknown=0; knights=0; dev-cards=0		I get booted way too often	 	 
5	21:09:57:768	raefbrisbin	clay=0; ore=0; sheep=0; wheat=0; wood=0; unknown=0; knights=0; dev-cards=0		gotta keep doing the typing test	 	 
6	21:10:03:145	gramos	clay=0; ore=0; sheep=0; wheat=0; wood=0; unknown=0; knights=0; dev-cards=0		yes	 	 
7	21:10:08:024	Server	 		gramos built a settlement.	 	 
8	21:10:11:881	Server	 		gramos built a road.	 	 
9	21:10:33:120	Server	 		zorburt built a settlement.	 	 
10	21:10:36:152	Server	 		zorburt built a road.	 	 
11	21:10:42:701	Server	 		Ghettoette built a settlement.	 	 
12	21:10:44:483	Server	 		Ghettoette built a road.	 	 
13	21:11:21:592	raefbrisbin	clay=0; ore=0; sheep=0; wheat=0; wood=0; unknown=0; knights=0; dev-cards=0		t	 	 
14	21:11:22:519	Server	 		Ghettoette built a settlement.	 	 
15	21:11:23:687	Server	 		Ghettoette built a road.	 	 
16	21:11:51:097	Server	 		zorburt built a settlement.	 	 
17	21:12:07:578	Server	 		zorburt built a road.	 	 
18	21:12:54:747	Server	 		gramos built a settlement.	 	 
19	21:12:56:971	Server	 		gramos built a road.	 	 
20	21:13:04:774	gramos	clay=0; ore=1; sheep=1; wheat=1; wood=0; unknown=0; knights=0; dev-cards=0	roads=[137,102]; settlements=[154,103]	q	 	 
21	21:13:41:630	raefbrisbin	clay=0; ore=0; sheep=0; wheat=0; wood=0; unknown=0; knights=0; dev-cards=0		ouch	 	 
22	21:14:40:440	Server	 		raefbrisbin built a settlement.	 	 
23	21:14:41:651	Server	 		raefbrisbin built a road.	 	 
24	21:14:46:980	Server	 		raefbrisbin rolled a 3 and a 6.	 	 
25	21:14:46:982	Server	 		Ghettoette gets 1 sheep. raefbrisbin gets 2 wood.	 	 
26	21:14:59:134	Server	 		gramos rolled a 4 and a 6.	 	 
27	21:14:59:136	Server	 		zorburt gets 1 sheep. raefbrisbin gets 1 sheep.	 	 
28	21:15:09:126	Server	 		zorburt rolled a 5 and a 2.	 	 
29	21:15:53:568	Server	 		zorburt built a road.	 	 
30	21:16:04:233	Server	 		Ghettoette rolled a 4 and a 5.	 	 
31	21:16:04:235	Server	 		Ghettoette gets 1 sheep. raefbrisbin gets 2 wood.	 	 
32	21:16:14:498	Server	 		raefbrisbin rolled a 4 and a 1.	 	 
33	21:16:14:500	Server	 		zorburt gets 1 wheat.	 	 
34	21:16:25:464	raefbrisbin	clay=0; ore=0; sheep=2; wheat=1; wood=5; unknown=0; knights=0; dev-cards=0	roads=[168,134]; settlements=[169,135]	anyone have clay?	 	 
35	21:16:30:439	zorburt	clay=0; ore=1; sheep=1; wheat=1; wood=1; unknown=0; knights=0; dev-cards=0	roads=[99,54; 54,82]; settlements=[116,71]	no	 	 
36	21:16:31:100	gramos	clay=0; ore=0; sheep=0; wheat=0; wood=0; unknown=0; knights=0; dev-cards=1	roads=[137,102]; settlements=[154,103]	not yet	 	 
37	21:16:44:108	Ghettoette	clay=0; ore=1; sheep=3; wheat=0; wood=0; unknown=0; knights=0; dev-cards=0	roads=[105,68]; settlements=[105,84]	no	 	 
38	21:16:50:823	raefbrisbin	clay=0; ore=0; sheep=2; wheat=1; wood=5; unknown=0; knights=0; dev-cards=0	roads=[168,134]; settlements=[169,135]	for 2 wood?	 	 
39	21:17:21:353	Server	 		raefbrisbin traded 4 wood for 1 clay from the bank.	 	 
40	21:17:28:916	Server	 		raefbrisbin built a road.	 	 
41	21:17:42:112	Server	 		gramos rolled a 5 and a 5.	 	 
42	21:17:42:113	Server	 		zorburt gets 1 sheep. raefbrisbin gets 1 sheep.	 	 
43	21:18:01:437	Server	 		zorburt rolled a 1 and a 6.	 	 
44	21:18:21:443	Server	 		Ghettoette rolled a 4 and a 1.	 	 
45	21:18:21:445	Server	 		zorburt gets 1 wheat. Ghettoette gets 1 wheat. gramos gets 1 wheat.	 	 
46	21:18:40:851	Server	 		raefbrisbin rolled a 2 and a 6.	 	 
47	21:18:40:853	Server	 		zorburt gets 1 clay. Ghettoette gets 1 clay. gramos gets 1 wood.	 	 
48	21:18:58:105	Server	 		gramos rolled a 6 and a 2.	 	 
49	21:18:58:107	Server	 		zorburt gets 1 clay. Ghettoette gets 1 clay. gramos gets 1 wood.	 	 
50	21:19:21:294	gramos	clay=0; ore=0; sheep=1; wheat=1; wood=2; unknown=0; knights=1; dev-cards=0	roads=[137,102]; settlements=[154,103]	hows the clay situation? anyone have one to spare?	 	 
51	21:19:28:779	Ghettoette	clay=2; ore=0; sheep=2; wheat=0; wood=0; unknown=0; knights=0; dev-cards=1	roads=[105,68]; settlements=[105,84]	for a wood	 	 
52	21:19:31:337	zorburt	clay=2; ore=0; sheep=0; wheat=2; wood=1; unknown=0; knights=0; dev-cards=1	roads=[99,54; 54,82]; settlements=[116,71]	for a sheep	 	 
53	21:19:38:629	gramos	clay=0; ore=0; sheep=1; wheat=1; wood=2; unknown=0; knights=1; dev-cards=0	roads=[137,102]; settlements=[154,103]	I'll give a wood to ghet	 	 
54	21:19:44:146	Ghettoette	clay=2; ore=0; sheep=2; wheat=0; wood=0; unknown=0; knights=0; dev-cards=1	roads=[105,68]; settlements=[105,84]	ok	 	 
55	21:19:52:331	Server	 		gramos made an offer to trade 1 wood for 1 clay.	 	 
56	21:19:58:391	Server	 		gramos traded 1 wood for 1 clay from Ghettoette.	 	 
57	21:20:03:526	Server	 		gramos built a road.	 	 
58	21:20:10:503	Server	 		zorburt rolled a 3 and a 4.	 	 
59	21:20:38:767	Server	 		zorburt built a settlement.	 	 
60	21:20:52:971	Server	 		Ghettoette rolled a 5 and a 1.	 	 
61	21:20:52:973	Server	 		zorburt gets 1 ore. Ghettoette gets 1 ore. raefbrisbin gets 1 wheat. gramos gets 1 ore.	 	 
62	21:22:04:939	Server	 		Ghettoette built a road.	 	 
63	21:22:11:885	Server	 		raefbrisbin rolled a 5 and a 4.	 	 
64	21:22:11:886	Server	 		Ghettoette gets 1 sheep. raefbrisbin gets 2 wood.	 	 
65	21:22:24:058	Server	 		gramos rolled a 5 and a 3.	 	 
66	21:22:24:060	Server	 		zorburt gets 2 clay. Ghettoette gets 1 clay. gramos gets 1 wood.	 	 
67	21:22:34:685	Server	 		zorburt rolled a 4 and a 5.	 	 
68	21:22:34:687	Server	 		Ghettoette gets 1 sheep. raefbrisbin gets 2 wood.	 	 
69	21:22:41:694	raefbrisbin	clay=0; ore=0; sheep=2; wheat=1; wood=4; unknown=0; knights=0; dev-cards=0	roads=[168,134; 134,184]; settlements=[169,135]	weird robber	 	 
70	21:22:50:319	zorburt	clay=3; ore=1; sheep=0; wheat=1; wood=0; unknown=0; knights=0; dev-cards=1	roads=[99,54; 54,82]; settlements=[116,71; 71,82]	does anyone want to give me a sheep?	 	 
71	21:22:54:286	zorburt	clay=3; ore=1; sheep=0; wheat=1; wood=0; unknown=0; knights=0; dev-cards=1	roads=[99,54; 54,82]; settlements=[116,71; 71,82]	i have clay to give away.	 	 
72	21:22:56:968	raefbrisbin	clay=0; ore=0; sheep=2; wheat=1; wood=4; unknown=0; knights=0; dev-cards=0	roads=[168,134; 134,184]; settlements=[169,135]	got one	 	 
73	21:22:57:280	Ghettoette	clay=1; ore=1; sheep=4; wheat=0; wood=0; unknown=0; knights=1; dev-cards=0	roads=[105,68; 68,52]; settlements=[105,84]	for wheat or wood	 	 
74	21:22:59:690	raefbrisbin	clay=0; ore=0; sheep=2; wheat=1; wood=4; unknown=0; knights=0; dev-cards=0	roads=[168,134; 134,184]; settlements=[169,135]	clay!	 	 
75	21:23:14:959	Server	 		zorburt made an offer to trade 1 clay for 1 sheep.	 	 
76	21:23:21:010	Server	 		zorburt traded 1 clay for 1 sheep from raefbrisbin.	 	 
77	21:23:34:706	Server	 		Ghettoette rolled a 5 and a 1.	 	 
78	21:23:34:708	Server	 		zorburt gets 1 ore. Ghettoette gets 1 ore. raefbrisbin gets 1 wheat. gramos gets 1 ore.	 	 
79	21:24:01:251	Ghettoette	clay=1; ore=2; sheep=4; wheat=0; wood=0; unknown=0; knights=1; dev-cards=0	roads=[105,68; 68,52]; settlements=[105,84]	anyone have wheat or wood to give me for ore or sheep?	 	 
80	21:24:08:124	zorburt	clay=2; ore=1; sheep=0; wheat=0; wood=0; unknown=0; knights=0; dev-cards=2	roads=[99,54; 54,82]; settlements=[116,71; 71,82]	no	 	 
81	21:24:15:948	gramos	clay=0; ore=1; sheep=0; wheat=0; wood=1; unknown=0; knights=1; dev-cards=1	roads=[137,102; 102,138]; settlements=[154,103]	not yet, sorry	 	 
82	21:24:22:069	raefbrisbin	clay=1; ore=0; sheep=1; wheat=2; wood=4; unknown=0; knights=0; dev-cards=0	roads=[168,134; 134,184]; settlements=[169,135]	i have a wood	 	 
83	21:24:30:279	raefbrisbin	clay=1; ore=0; sheep=1; wheat=2; wood=4; unknown=0; knights=0; dev-cards=0	roads=[168,134; 134,184]; settlements=[169,135]	ore	 	 
84	21:24:34:238	Ghettoette	clay=1; ore=2; sheep=4; wheat=0; wood=0; unknown=0; knights=1; dev-cards=0	roads=[105,68; 68,52]; settlements=[105,84]	ok	 	 
85	21:24:48:883	Server	 		Ghettoette made an offer to trade 1 ore for 1 wood.	 	 
86	21:24:54:480	Server	 		Ghettoette traded 1 ore for 1 wood from raefbrisbin.	 	 
87	21:25:08:217	Server	 		raefbrisbin rolled a 6 and a 6.	 	 
88	21:25:08:219	Server	 		zorburt gets 1 wood.	 	 
89	21:25:18:624	Server	 		raefbrisbin built a settlement.	 	 
90	21:25:28:958	Server	 		gramos rolled a 5 and a 3.	 	 
91	21:25:28:960	Server	 		zorburt gets 2 clay. Ghettoette gets 1 clay. gramos gets 1 wood.	 	 
92	21:26:22:829	gramos	clay=0; ore=1; sheep=0; wheat=0; wood=2; unknown=0; knights=1; dev-cards=1	roads=[137,102; 102,138]; settlements=[154,103]	why do I keep rolling an 8?	 	 
93	21:26:35:050	gramos	clay=0; ore=1; sheep=0; wheat=0; wood=2; unknown=0; knights=1; dev-cards=1	roads=[137,102; 102,138]; settlements=[154,103]	anyone need a wood?	 	 
94	21:26:37:817	gramos	clay=0; ore=1; sheep=0; wheat=0; wood=2; unknown=0; knights=1; dev-cards=1	roads=[137,102; 102,138]; settlements=[154,103]	I have 1 to spare	 	 
95	21:26:48:444	zorburt	clay=4; ore=1; sheep=0; wheat=0; wood=1; unknown=0; knights=0; dev-cards=2	roads=[99,54; 54,82]; settlements=[116,71; 71,82]	i'll give you a clay	 	 
96	21:26:51:739	raefbrisbin	clay=0; ore=1; sheep=0; wheat=1; wood=2; unknown=0; knights=0; dev-cards=0	roads=[168,134; 134,184]; settlements=[169,135; 135,201]	k	 	 
97	21:26:54:776	zorburt	clay=4; ore=1; sheep=0; wheat=0; wood=1; unknown=0; knights=0; dev-cards=2	roads=[99,54; 54,82]; settlements=[116,71; 71,82]	for a wood.	 	 
98	21:26:55:291	gramos	clay=0; ore=1; sheep=0; wheat=0; wood=2; unknown=0; knights=1; dev-cards=1	roads=[137,102; 102,138]; settlements=[154,103]	ok	 	 
99	21:26:58:162	raefbrisbin	clay=0; ore=1; sheep=0; wheat=1; wood=2; unknown=0; knights=0; dev-cards=0	roads=[168,134; 134,184]; settlements=[169,135; 135,201]	wait want wood?	 	 
100	21:27:08:187	gramos	clay=0; ore=1; sheep=0; wheat=0; wood=2; unknown=0; knights=1; dev-cards=1	roads=[137,102; 102,138]; settlements=[154,103]	I will give zorburt wood so I can get 1 clay	 	 
101	21:27:13:190	raefbrisbin	clay=0; ore=1; sheep=0; wheat=1; wood=2; unknown=0; knights=0; dev-cards=0	roads=[168,134; 134,184]; settlements=[169,135; 135,201]	ah	 	 
102	21:27:15:246	Server	 		gramos made an offer to trade 1 wood for 1 clay.	 	 
103	21:27:19:167	Server	 		gramos traded 1 wood for 1 clay from zorburt.	 	 
104	21:27:31:940	Server	 		gramos built a road.	 	 
105	21:27:36:968	Server	 		zorburt rolled a 4 and a 5.	 	 
106	21:27:36:970	Server	 		Ghettoette gets 1 sheep. raefbrisbin gets 2 wood.	 	 
107	21:28:16:905	Server	 		zorburt built a road.	 	 
108	21:28:33:226	Server	 		Ghettoette rolled a 4 and a 3.	 	 
109	21:29:10:805	raefbrisbin	clay=0; ore=0; sheep=0; wheat=1; wood=4; unknown=0; knights=0; dev-cards=0	roads=[168,134; 134,184]; settlements=[169,135; 135,201]	t	 	 
110	21:30:00:003	raefbrisbin	clay=0; ore=0; sheep=0; wheat=1; wood=4; unknown=0; knights=0; dev-cards=0	roads=[168,134; 134,184]; settlements=[169,135; 135,201]	t	 	 
111	21:30:18:723	Server	 		Ghettoette built a settlement.	 	 
112	21:30:22:923	gramos	clay=0; ore=1; sheep=0; wheat=0; wood=0; unknown=0; knights=1; dev-cards=1	roads=[137,102; 102,138; 138,139]; settlements=[154,103]	z	 	 
113	21:30:27:172	Server	 		raefbrisbin rolled a 3 and a 1.	 	 
114	21:30:27:174	Server	 		Ghettoette gets 2 ore.	 	 
115	21:30:36:447	Server	 		gramos rolled a 2 and a 5.	 	 
116	21:30:48:756	zorburt	clay=2; ore=2; sheep=0; wheat=0; wood=1; unknown=0; knights=1; dev-cards=1	roads=[99,54; 54,82; 82,37]; settlements=[116,71; 71,82]	man a lot of 7s in this game.	 	 
117	21:31:02:618	Ghettoette	clay=0; ore=2; sheep=2; wheat=0; wood=0; unknown=0; knights=1; dev-cards=0	roads=[105,68; 68,52]; settlements=[105,84; 84,52]	yeah i hate those	 	 
118	21:31:05:678	Server	 		zorburt rolled a 2 and a 4.	 	 
119	21:31:05:679	Server	 		zorburt gets 1 ore. Ghettoette gets 1 ore. raefbrisbin gets 2 wheat. gramos gets 1 ore.	 	 
120	21:31:18:612	raefbrisbin	clay=0; ore=0; sheep=0; wheat=2; wood=4; unknown=0; knights=0; dev-cards=0	roads=[168,134; 134,184]; settlements=[169,135; 135,201]	especialy when I keep being robbered	 	 
121	21:31:20:723	Ghettoette	clay=0; ore=3; sheep=2; wheat=0; wood=0; unknown=0; knights=1; dev-cards=0	roads=[105,68; 68,52]; settlements=[105,84; 84,52]	although the last one benefitted me	 	 
122	21:31:25:415	Ghettoette	clay=0; ore=3; sheep=2; wheat=0; wood=0; unknown=0; knights=1; dev-cards=0	roads=[105,68; 68,52]; settlements=[105,84; 84,52]	sorry raef	 	 
123	21:31:40:957	Server	 		Ghettoette rolled a 1 and a 5.	 	 
124	21:31:40:959	Server	 		zorburt gets 1 ore. Ghettoette gets 1 ore. raefbrisbin gets 2 wheat. gramos gets 1 ore.	 	 
125	21:31:41:775	raefbrisbin	clay=0; ore=0; sheep=0; wheat=4; wood=4; unknown=0; knights=0; dev-cards=0	roads=[168,134; 134,184]; settlements=[169,135; 135,201]	game is between zorb and ghetto	 	 
126	21:32:07:244	Server	 		Ghettoette traded 2 ore for 1 wheat from a port.	 	 
127	21:32:09:126	gramos	clay=1; ore=3; sheep=0; wheat=0; wood=0; unknown=0; knights=1; dev-cards=1	roads=[137,102; 102,138; 138,139]; settlements=[154,103]	I'm just in and, my inlaws decided to dro by	 	 
128	21:32:12:825	raefbrisbin	clay=0; ore=0; sheep=0; wheat=4; wood=4; unknown=0; knights=0; dev-cards=0	roads=[168,134; 134,184]; settlements=[169,135; 135,201]	why did you build your road right before her turn jade?	 	 
129	21:32:26:371	Server	 		raefbrisbin rolled a 2 and a 1.	 	 
130	21:32:26:373	Server	 		Ghettoette gets 1 sheep. gramos gets 1 sheep.	 	 
131	21:32:46:324	raefbrisbin	clay=0; ore=0; sheep=0; wheat=4; wood=4; unknown=0; knights=0; dev-cards=0	roads=[168,134; 134,184]; settlements=[169,135; 135,201]	any ore for sale?	 	 
132	21:32:47:595	zorburt	clay=1; ore=4; sheep=0; wheat=0; wood=1; unknown=0; knights=1; dev-cards=1	roads=[99,54; 54,82; 82,37]; settlements=[116,71; 71,82]	oh.  i either didn't see that at all orr....	 	 
133	21:32:54:771	zorburt	clay=1; ore=4; sheep=0; wheat=0; wood=1; unknown=0; knights=1; dev-cards=1	roads=[99,54; 54,82; 82,37]; settlements=[116,71; 71,82]	i have an ore.	 	 
134	21:32:56:954	gramos	clay=1; ore=3; sheep=1; wheat=0; wood=0; unknown=0; knights=1; dev-cards=1	roads=[137,102; 102,138; 138,139]; settlements=[154,103]	I can sell an ore for wood or wheat	 	 
135	21:33:02:970	zorburt	clay=1; ore=4; sheep=0; wheat=0; wood=1; unknown=0; knights=1; dev-cards=1	roads=[99,54; 54,82; 82,37]; settlements=[116,71; 71,82]	i'll take sheep or wheat	 	 
136	21:33:03:847	raefbrisbin	clay=0; ore=0; sheep=0; wheat=4; wood=4; unknown=0; knights=0; dev-cards=0	roads=[168,134; 134,184]; settlements=[169,135; 135,201]	wood?	 	 
137	21:33:22:172	Server	 		raefbrisbin made an offer to trade 1 wood for 1 ore.	 	 
138	21:33:26:322	Server	 		raefbrisbin traded 1 wood for 1 ore from gramos.	 	 
139	21:33:29:578	gramos	clay=1; ore=2; sheep=1; wheat=0; wood=1; unknown=0; knights=1; dev-cards=1	roads=[137,102; 102,138; 138,139]; settlements=[154,103]	thx	 	 
140	21:33:31:624	raefbrisbin	clay=0; ore=1; sheep=0; wheat=4; wood=3; unknown=0; knights=0; dev-cards=0	roads=[168,134; 134,184]; settlements=[169,135; 135,201]	wheat jade?	 	 
141	21:33:41:836	zorburt	clay=1; ore=4; sheep=0; wheat=0; wood=1; unknown=0; knights=1; dev-cards=1	roads=[99,54; 54,82; 82,37]; settlements=[116,71; 71,82]	you want to give me a wheat?	 	 
142	21:33:44:975	raefbrisbin	clay=0; ore=1; sheep=0; wheat=4; wood=3; unknown=0; knights=0; dev-cards=0	roads=[168,134; 134,184]; settlements=[169,135; 135,201]	ya	 	 
143	21:33:55:590	Server	 		raefbrisbin made an offer to trade 1 wheat for 1 ore.	 	 
144	21:34:00:843	Server	 		raefbrisbin traded 1 wheat for 1 ore from zorburt.	 	 
145	21:34:27:365	raefbrisbin	clay=0; ore=2; sheep=0; wheat=3; wood=3; unknown=0; knights=0; dev-cards=0	roads=[168,134; 134,184]; settlements=[169,135; 135,201]	going to trade 3 wood at port unless someone wants wood for ore?	 	 
146	21:34:34:055	zorburt	clay=1; ore=3; sheep=0; wheat=1; wood=1; unknown=0; knights=1; dev-cards=1	roads=[99,54; 54,82; 82,37]; settlements=[116,71; 71,82]	no	 	 
147	21:34:41:008	raefbrisbin	clay=0; ore=2; sheep=0; wheat=3; wood=3; unknown=0; knights=0; dev-cards=0	roads=[168,134; 134,184]; settlements=[169,135; 135,201]	k	 	 
148	21:34:50:216	Server	 		raefbrisbin traded 3 wood for 1 ore from a port.	 	 
149	21:34:53:651	Server	 		raefbrisbin built a city.	 	 
150	21:34:58:203	Server	 		gramos rolled a 5 and a 6.	 	 
151	21:34:58:205	Server	 		raefbrisbin gets 1 wheat. gramos gets 1 wheat.	 	 
152	21:35:09:457	Server	 		gramos built a settlement.	 	 
153	21:35:11:719	zorburt	clay=1; ore=3; sheep=0; wheat=1; wood=1; unknown=0; knights=1; dev-cards=1	roads=[99,54; 54,82; 82,37]; settlements=[116,71; 71,82]	damnit!	 	 
154	21:35:15:860	zorburt	clay=1; ore=3; sheep=0; wheat=1; wood=1; unknown=0; knights=1; dev-cards=1	roads=[99,54; 54,82; 82,37]; settlements=[116,71; 71,82]	the one time an 11 is rolled...	 	 
155	21:35:17:852	Server	 		zorburt rolled a 2 and a 3.	 	 
156	21:35:17:854	Server	 		zorburt gets 1 wheat. Ghettoette gets 1 wheat. gramos gets 1 wheat.	 	 
157	21:35:21:974	gramos	clay=0; ore=2; sheep=0; wheat=1; wood=0; unknown=0; knights=1; dev-cards=1	roads=[137,102; 102,138; 138,139]; settlements=[154,103; 103,156]	ouch	 	 
158	21:35:34:487	zorburt	clay=1; ore=3; sheep=0; wheat=2; wood=1; unknown=0; knights=1; dev-cards=1	roads=[99,54; 54,82; 82,37]; settlements=[116,71; 71,82]	does anyone have sheep to trade?	 	 
159	21:35:40:510	Ghettoette	clay=0; ore=1; sheep=2; wheat=1; wood=0; unknown=0; knights=1; dev-cards=1	roads=[105,68; 68,52]; settlements=[105,84; 84,52]	yes, for?	 	 
160	21:35:43:756	raefbrisbin	clay=0; ore=0; sheep=0; wheat=2; wood=0; unknown=0; knights=0; dev-cards=0	roads=[168,134; 134,184]; settlements=[135,201]	that happened with my 4 right after robbered	 	 
161	21:35:44:505	zorburt	clay=1; ore=3; sheep=0; wheat=2; wood=1; unknown=0; knights=1; dev-cards=1	roads=[99,54; 54,82; 82,37]; settlements=[116,71; 71,82]	oh wait nevermind.	 	 
162	21:35:52:886	Server	 		zorburt built a city.	 	 
163	21:36:03:546	Server	 		Ghettoette rolled a 3 and a 4.	 	 
164	21:36:24:022	Server	 		raefbrisbin rolled a 3 and a 4.	 	 
165	21:36:29:374	gramos	clay=0; ore=2; sheep=0; wheat=1; wood=0; unknown=0; knights=1; dev-cards=1	roads=[137,102; 102,138; 138,139]; settlements=[154,103; 103,156]	here we go again	 	 
166	21:36:30:911	zorburt	clay=1; ore=0; sheep=0; wheat=0; wood=1; unknown=0; knights=1; dev-cards=1	roads=[99,54; 54,82; 82,37]; settlements=[71,82]	seriously another 7!?	 	 
167	21:36:40:804	Server	 		gramos rolled a 2 and a 6.	 	 
168	21:36:40:806	Server	 		gramos gets 2 wood.	 	 
169	21:37:01:232	gramos	clay=0; ore=2; sheep=0; wheat=1; wood=2; unknown=0; knights=1; dev-cards=1	roads=[137,102; 102,138; 138,139]; settlements=[154,103; 103,156]	I need a sheep, anyone want ore?	 	 
170	21:37:04:323	gramos	clay=0; ore=2; sheep=0; wheat=1; wood=2; unknown=0; knights=1; dev-cards=1	roads=[137,102; 102,138; 138,139]; settlements=[154,103; 103,156]	I can offer 1 ore	 	 
171	21:37:13:910	raefbrisbin	clay=0; ore=0; sheep=0; wheat=1; wood=1; unknown=0; knights=0; dev-cards=0	roads=[168,134; 134,184]; settlements=[135,201]	no sheep	 	 
172	21:37:18:657	Ghettoette	clay=0; ore=1; sheep=2; wheat=2; wood=0; unknown=0; knights=1; dev-cards=1	roads=[105,68; 68,52]; settlements=[105,84; 84,52]	yes	 	 
173	21:37:25:167	gramos	clay=0; ore=2; sheep=0; wheat=1; wood=2; unknown=0; knights=1; dev-cards=1	roads=[137,102; 102,138; 138,139]; settlements=[154,103; 103,156]	ok, ghetto...	 	 
174	21:37:36:013	Server	 		gramos made an offer to trade 1 ore for 1 sheep.	 	 
175	21:37:39:251	Server	 		gramos traded 1 ore for 1 sheep from Ghettoette.	 	 
176	21:37:52:365	Server	 		zorburt rolled a 2 and a 2.	 	 
177	21:37:52:368	Server	 		Ghettoette gets 2 ore. raefbrisbin gets 2 ore. gramos gets 1 ore.	 	 
178	21:38:37:884	Server	 		Ghettoette rolled a 1 and a 3.	 	 
179	21:38:37:886	Server	 		Ghettoette gets 2 ore. raefbrisbin gets 2 ore. gramos gets 1 ore.	 	 
180	21:38:45:786	Server	 		Ghettoette built a city.	 	 
181	21:39:08:243	Server	 		Ghettoette traded 2 ore for 1 clay from a port.	 	 
182	21:39:13:144	Server	 		Ghettoette built a road.	 	 
183	21:39:18:125	Server	 		raefbrisbin rolled a 3 and a 4.	 	 
184	21:39:46:493	Ghettoette	clay=0; ore=0; sheep=1; wheat=0; wood=0; unknown=0; knights=2; dev-cards=0	roads=[105,68; 68,52; 52,106]; settlements=[84,52]	definitely deserved that	 	 
185	21:39:47:045	Server	 		gramos rolled a 6 and a 1.	 	 
186	21:40:15:212	gramos	clay=0; ore=3; sheep=0; wheat=0; wood=2; unknown=0; knights=1; dev-cards=2	roads=[137,102; 102,138; 138,139]; settlements=[154,103; 103,156]	raef, you had too many resources anyway :)	 	 
187	21:40:29:403	raefbrisbin	clay=0; ore=4; sheep=0; wheat=1; wood=0; unknown=0; knights=0; dev-cards=0	roads=[168,134; 134,184]; settlements=[135,201]	? I guess. they both have 1-2 knights and ports	 	 
188	21:40:34:136	gramos	clay=0; ore=3; sheep=0; wheat=0; wood=2; unknown=0; knights=1; dev-cards=2	roads=[137,102; 102,138; 138,139]; settlements=[154,103; 103,156]	I can give someone ore or wood for a clay....	 	 
189	21:40:38:640	raefbrisbin	clay=0; ore=4; sheep=0; wheat=1; wood=0; unknown=0; knights=0; dev-cards=0	roads=[168,134; 134,184]; settlements=[135,201]	not sure why I always get robbered	 	 
190	21:40:48:117	Ghettoette	clay=0; ore=0; sheep=1; wheat=0; wood=0; unknown=0; knights=2; dev-cards=0	roads=[105,68; 68,52; 52,106]; settlements=[84,52]	sorry	 	 
191	21:40:51:455	gramos	clay=0; ore=3; sheep=0; wheat=0; wood=2; unknown=0; knights=1; dev-cards=2	roads=[137,102; 102,138; 138,139]; settlements=[154,103; 103,156]	just to make sure you're paying attendion....	 	 
192	21:40:53:103	zorburt	clay=1; ore=0; sheep=0; wheat=0; wood=0; unknown=0; knights=1; dev-cards=1	roads=[99,54; 54,82; 82,37]; settlements=[71,82]	lol	 	 
193	21:40:58:478	Ghettoette	clay=0; ore=0; sheep=1; wheat=0; wood=0; unknown=0; knights=2; dev-cards=0	roads=[105,68; 68,52; 52,106]; settlements=[84,52]	you have that threatening wheat field	 	 
194	21:41:00:776	Server	 		zorburt rolled a 6 and a 1.	 	 
195	21:41:03:375	raefbrisbin	clay=0; ore=4; sheep=0; wheat=1; wood=0; unknown=0; knights=0; dev-cards=0	roads=[168,134; 134,184]; settlements=[135,201]	just doesn't seem to be helping the cause	 	 
196	21:41:04:280	zorburt	clay=1; ore=0; sheep=0; wheat=0; wood=0; unknown=0; knights=1; dev-cards=1	roads=[99,54; 54,82; 82,37]; settlements=[71,82]	wtf!	 	 
197	21:41:22:113	gramos	clay=0; ore=2; sheep=0; wheat=0; wood=2; unknown=0; knights=1; dev-cards=2	roads=[137,102; 102,138; 138,139]; settlements=[154,103; 103,156]	it might be best if we didn't robber raef. You know, just thi turn...	 	 
198	21:41:29:557	gramos	clay=0; ore=2; sheep=0; wheat=0; wood=2; unknown=0; knights=1; dev-cards=2	roads=[137,102; 102,138; 138,139]; settlements=[154,103; 103,156]	takin one for the team	 	 
199	21:41:34:537	Server	 		Ghettoette rolled a 3 and a 6.	 	 
200	21:41:34:539	Server	 		Ghettoette gets 2 sheep. raefbrisbin gets 3 wood.	 	 
201	21:41:42:307	raefbrisbin	clay=0; ore=4; sheep=0; wheat=1; wood=3; unknown=0; knights=0; dev-cards=0	roads=[168,134; 134,184]; settlements=[135,201]	I don't care if I'm the most threatening	 	 
202	21:41:44:935	Server	 		raefbrisbin rolled a 3 and a 2.	 	 
203	21:41:44:937	Server	 		zorburt gets 2 wheat. Ghettoette gets 2 wheat. gramos gets 1 wheat.	 	 
204	21:42:11:132	Server	 		raefbrisbin traded 3 wood for 1 wheat from a port.	 	 
205	21:42:14:190	Server	 		raefbrisbin built a city.	 	 
206	21:42:19:630	gramos	clay=0; ore=2; sheep=0; wheat=1; wood=2; unknown=0; knights=1; dev-cards=2	roads=[137,102; 102,138; 138,139]; settlements=[154,103; 103,156]	I rob for the resources, not necessarily the most threatening.	 	 
207	21:42:21:630	Server	 		gramos rolled a 1 and a 1.	 	 
208	21:42:21:632	Server	 		raefbrisbin gets 1 clay.	 	 
209	21:42:45:303	Server	 		zorburt rolled a 1 and a 3.	 	 
210	21:42:45:305	Server	 		Ghettoette gets 2 ore. raefbrisbin gets 2 ore. gramos gets 1 ore.	 	 
211	21:42:47:758	Ghettoette	clay=0; ore=2; sheep=3; wheat=1; wood=0; unknown=0; knights=2; dev-cards=0	roads=[105,68; 68,52; 52,106]; settlements=[84,52]	good point- i've chosen raef just because he has wheat and no 5's have been rolled	 	 
212	21:42:58:203	Ghettoette	clay=0; ore=2; sheep=3; wheat=1; wood=0; unknown=0; knights=2; dev-cards=0	roads=[105,68; 68,52; 52,106]; settlements=[84,52]	well few	 	 
213	21:43:02:195	Server	 		Ghettoette rolled a 2 and a 6.	 	 
214	21:43:02:197	Server	 		gramos gets 2 wood.	 	 
215	21:43:12:760	raefbrisbin	clay=1; ore=3; sheep=0; wheat=0; wood=0; unknown=0; knights=0; dev-cards=0	roads=[168,134; 134,184]; cities=[169,135]	I guess, considering ghetto has 4 points on ore with the port and 2 soldiers it just seems	 	 
216	21:43:17:206	Server	 		raefbrisbin rolled a 1 and a 6.	 	 
217	21:43:28:030	raefbrisbin	clay=1; ore=3; sheep=0; wheat=0; wood=0; unknown=0; knights=0; dev-cards=0	roads=[168,134; 134,184]; cities=[169,135]	a waste	 	 
218	21:43:43:352	zorburt	clay=1; ore=1; sheep=0; wheat=2; wood=0; unknown=0; knights=1; dev-cards=1	roads=[99,54; 54,82; 82,37]; settlements=[71,82]	well you're in the lead now so most threatening! :P	 	 
219	21:43:55:139	gramos	clay=0; ore=2; sheep=0; wheat=2; wood=1; unknown=0; knights=2; dev-cards=1	roads=[137,102; 102,138; 138,139]; settlements=[154,103; 103,156]	ugh	 	 
220	21:44:00:870	zorburt	clay=1; ore=1; sheep=0; wheat=2; wood=0; unknown=0; knights=1; dev-cards=1	roads=[99,54; 54,82; 82,37]; settlements=[71,82]	double ugh.	 	 
221	21:44:07:385	Server	 		gramos rolled a 6 and a 4.	 	 
222	21:44:07:387	Server	 		zorburt gets 2 sheep. raefbrisbin gets 2 sheep. gramos gets 1 sheep.	 	 
223	21:44:19:583	Server	 		zorburt rolled a 5 and a 1.	 	 
224	21:44:19:584	Server	 		raefbrisbin gets 3 wheat.	 	 
225	21:44:33:928	Server	 		Ghettoette rolled a 2 and a 3.	 	 
226	21:44:33:930	Server	 		zorburt gets 2 wheat. Ghettoette gets 2 wheat. gramos gets 1 wheat.	 	 
227	21:45:12:498	Server	 		raefbrisbin rolled a 3 and a 4.	 	 
228	21:46:22:068	Server	 		raefbrisbin built a city.	 	 
229	21:46:30:793	Server	 		gramos rolled a 1 and a 1.	 	 
230	21:46:30:795	Server	 		raefbrisbin gets 2 clay.	 	 
231	21:46:53:622	gramos	clay=0; ore=1; sheep=0; wheat=2; wood=1; unknown=0; knights=2; dev-cards=2	roads=[137,102; 102,138; 138,139]; settlements=[154,103; 103,156]	does anyone have sheep or clay?	 	 
232	21:46:57:736	gramos	clay=0; ore=1; sheep=0; wheat=2; wood=1; unknown=0; knights=2; dev-cards=2	roads=[137,102; 102,138; 138,139]; settlements=[154,103; 103,156]	I can offer a wheat	 	 
233	21:47:02:533	zorburt	clay=1; ore=0; sheep=0; wheat=3; wood=0; unknown=0; knights=1; dev-cards=2	roads=[99,54; 54,82; 82,37]; settlements=[71,82]	no	 	 
234	21:47:23:283	Server	 		zorburt rolled a 4 and a 5.	 	 
235	21:47:23:286	Server	 		Ghettoette gets 2 sheep. raefbrisbin gets 4 wood.	 	 
236	21:48:45:896	zorburt	clay=1; ore=0; sheep=1; wheat=3; wood=1; unknown=0; knights=1; dev-cards=1	roads=[99,54; 54,82; 82,37]; settlements=[71,82]	oh man	 	 
237	21:48:50:165	zorburt	clay=1; ore=0; sheep=1; wheat=3; wood=1; unknown=0; knights=1; dev-cards=1	roads=[99,54; 54,82; 82,37]; settlements=[71,82]	that's not what i thought that card was.	 	 
238	21:48:54:879	raefbrisbin	clay=2; ore=0; sheep=1; wheat=0; wood=4; unknown=0; knights=0; dev-cards=0	roads=[168,134; 134,184]; cities=[169,135; 135,201]	lol	 	 
239	21:48:56:773	Server	 		Ghettoette rolled a 3 and a 3.	 	 
240	21:48:56:774	Server	 		zorburt gets 1 ore. Ghettoette gets 2 ore. raefbrisbin gets 4 wheat. gramos gets 1 ore.	 	 
241	21:49:06:772	zorburt	clay=1; ore=1; sheep=1; wheat=3; wood=1; unknown=0; knights=1; dev-cards=1	roads=[99,54; 54,82; 82,37]; settlements=[71,82]	i'm kinda pissed at myself.	 	 
242	21:49:17:970	raefbrisbin	clay=2; ore=0; sheep=1; wheat=4; wood=4; unknown=0; knights=0; dev-cards=0	roads=[168,134; 134,184]; cities=[169,135; 135,201]	thought it was monopoly?	 	 
243	21:49:23:464	gramos	clay=0; ore=2; sheep=0; wheat=2; wood=1; unknown=0; knights=2; dev-cards=2	roads=[137,102; 102,138; 138,139]; settlements=[154,103; 103,156]	:)	 	 
244	21:49:31:111	zorburt	clay=1; ore=1; sheep=1; wheat=3; wood=1; unknown=0; knights=1; dev-cards=1	roads=[99,54; 54,82; 82,37]; settlements=[71,82]	yeah i did.  goddamnit.	 	 
245	21:49:36:627	Server	 		raefbrisbin rolled a 3 and a 3.	 	 
246	21:49:36:628	Server	 		zorburt gets 1 ore. Ghettoette gets 2 ore. gramos gets 1 ore.	 	 
247	21:49:46:352	Ghettoette	clay=1; ore=4; sheep=2; wheat=1; wood=0; unknown=0; knights=3; dev-cards=1	roads=[105,68; 68,52; 52,106]; settlements=[84,52]	sorry raef- at least i forgot to play it before that 6 was rolled	 	 
248	21:49:49:072	Server	 		raefbrisbin built a road.	 	 
249	21:50:13:620	raefbrisbin	clay=0; ore=0; sheep=1; wheat=4; wood=3; unknown=0; knights=0; dev-cards=0	roads=[168,134; 134,184; 184,201]; cities=[169,135; 135,201]	well at least people should realize your advantage now	 	 
250	21:50:32:653	Server	 		raefbrisbin traded 3 wheat for 1 clay from a port.	 	 
251	21:50:35:845	Server	 		raefbrisbin built a road.	 	 
252	21:50:39:284	Server	 		gramos rolled a 3 and a 1.	 	 
253	21:50:39:286	Server	 		Ghettoette gets 2 ore. raefbrisbin gets 2 ore. gramos gets 1 ore.	 	 
254	21:50:43:763	Server	 		gramos built a city.	 	 
255	21:50:55:594	Server	 		zorburt rolled a 2 and a 5.	 	 
256	21:51:22:798	zorburt	clay=1; ore=0; sheep=1; wheat=1; wood=1; unknown=0; knights=1; dev-cards=1	roads=[99,54; 54,82; 82,37]; settlements=[71,82]	omg i'm going to throw my computer. i was so set up!	 	 
257	21:51:58:146	Server	 		zorburt built a road.	 	 
258	21:51:59:036	Server	 		zorburt built a road.	 	 
259	21:52:07:109	Server	 		zorburt built a settlement.	 	 
260	21:52:13:711	Server	 		Ghettoette rolled a 4 and a 6.	 	 
261	21:52:13:712	Server	 		zorburt gets 2 sheep. raefbrisbin gets 2 sheep. gramos gets 1 sheep.	 	 
262	21:52:26:658	Ghettoette	clay=1; ore=2; sheep=1; wheat=1; wood=0; unknown=0; knights=3; dev-cards=1	roads=[105,68; 68,52; 52,106]; settlements=[84,52]	anyone want ore for a wood?	 	 
263	21:52:37:306	gramos	clay=0; ore=1; sheep=1; wheat=0; wood=1; unknown=0; knights=2; dev-cards=2	roads=[137,102; 102,138; 138,139]; settlements=[103,156]	not I	 	 
264	21:52:41:090	raefbrisbin	clay=0; ore=1; sheep=3; wheat=1; wood=2; unknown=0; knights=0; dev-cards=0	roads=[168,134; 134,184; 184,201; 201,202]; cities=[169,135; 135,201]	nope	 	 
265	21:52:44:173	zorburt	clay=0; ore=1; sheep=2; wheat=0; wood=0; unknown=0; knights=1; dev-cards=0	roads=[99,54; 54,82; 82,37; 37,116; 116,132]; settlements=[71,82; 82,148]	i can give yo ua sheep	 	 
266	21:52:47:559	Server	 		Ghettoette traded 2 ore for 1 wood from a port.	 	 
267	21:52:52:103	Ghettoette	clay=1; ore=0; sheep=1; wheat=1; wood=1; unknown=0; knights=3; dev-cards=1	roads=[105,68; 68,52; 52,106]; settlements=[84,52]	no thanks	 	 
268	21:52:58:614	Server	 		Ghettoette built a settlement.	 	 
269	21:53:01:949	Server	 		raefbrisbin rolled a 4 and a 3.	 	 
270	21:53:21:305	Server	 		raefbrisbin traded 3 sheep for 1 clay from a port.	 	 
271	21:53:23:597	Server	 		raefbrisbin built a settlement.	 	 
272	21:53:34:120	Server	 		gramos rolled a 1 and a 6.	 	 
273	21:54:19:643	Server	 		zorburt rolled a 3 and a 5.	 	 
274	21:54:19:645	Server	 		gramos gets 3 wood.	 	 
275	21:54:26:652	Server	 		Ghettoette rolled a 5 and a 4.	 	 
276	21:54:26:654	Server	 		Ghettoette gets 3 sheep. raefbrisbin gets 4 wood.	 	 
277	21:54:33:690	Server	 		raefbrisbin rolled a 4 and a 3.	 	 
278	21:54:59:110	Server	 		raefbrisbin traded 3 wood for 1 clay from a port.	 	 
279	21:55:05:516	Server	 		raefbrisbin built a road.	 	 
280	21:55:11:553	Server	 		gramos rolled a 1 and a 4.	 	 
281	21:55:11:555	Server	 		zorburt gets 3 wheat. Ghettoette gets 2 wheat. gramos gets 2 wheat.	 	 
282	21:55:32:958	Server	 		gramos built a city.	 	 
283	21:55:38:187	Server	 		zorburt rolled a 3 and a 6.	 	 
284	21:55:38:189	Server	 		Ghettoette gets 3 sheep. raefbrisbin gets 4 wood.	 	 
285	21:55:54:751	Server	 		Ghettoette rolled a 3 and a 4.	 	 
286	21:56:32:952	Server	 		Ghettoette traded 3 sheep for 1 ore from a port.	 	 
287	21:56:41:001	Server	 		raefbrisbin rolled a 5 and a 3.	 	 
288	21:56:41:003	Server	 		zorburt gets 3 clay. Ghettoette gets 1 clay. gramos gets 3 wood.	 	 
289	21:57:00:286	Server	 		raefbrisbin traded 3 wood for 1 clay from a port.	 	 
290	21:57:03:923	Server	 		raefbrisbin built a road.	 	 
291	21:57:08:738	Server	 		gramos rolled a 6 and a 6.	 	 
292	21:57:08:740	Server	 		zorburt gets 1 wood.	 	 
293	21:57:43:735	Server	 		gramos traded 4 wood for 1 wheat from the bank.	 	 
294	21:58:05:719	Server	 		zorburt rolled a 2 and a 1.	 	 
295	21:58:05:721	Server	 		Ghettoette gets 1 sheep. raefbrisbin gets 1 clay. gramos gets 2 sheep.	 	 
296	21:58:22:414	Server	 		zorburt traded 3 clay for 1 ore from a port.	 	 
297	21:58:38:191	Server	 		Ghettoette rolled a 5 and a 6.	 	 
298	21:58:38:192	Server	 		zorburt gets 1 wood. Ghettoette gets 1 wood. raefbrisbin gets 2 wheat. gramos gets 2 wheat.	 	 
299	21:58:50:044	Server	 		Ghettoette built a road.	 	 
300	21:59:03:948	Server	 		Ghettoette traded 3 sheep for 1 clay from a port.	 	 
301	21:59:06:899	Server	 		Ghettoette built a road.	 	 
302	21:59:13:185	Server	 		raefbrisbin rolled a 5 and a 1.	 	 
303	21:59:13:187	Server	 		zorburt gets 1 ore. Ghettoette gets 2 ore. raefbrisbin gets 5 wheat. gramos gets 2 ore.	 	 
304	21:59:39:386	Server	 		raefbrisbin traded 3 wheat for 1 ore from a port.	 	 
305	21:59:45:459	Server	 		gramos rolled a 1 and a 3.	 	 
306	21:59:45:461	Server	 		Ghettoette gets 2 ore. raefbrisbin gets 2 ore. gramos gets 2 ore.	 	 
307	21:59:52:731	Server	 		gramos built a city.	 	 
308	22:00:06:361	Server	 		zorburt rolled a 1 and a 2.	 	 
309	22:00:06:363	Server	 		Ghettoette gets 1 sheep. raefbrisbin gets 1 clay. gramos gets 2 sheep.	 	 
310	22:00:37:292	Server	 		zorburt built a city.	 	 
311	22:00:40:114	gramos	clay=0; ore=0; sheep=4; wheat=0; wood=3; unknown=0; knights=3; dev-cards=2	roads=[137,102; 102,138; 138,139]; cities=[154,103; 103,156]	a heavy haul	 	 
312	22:00:44:946	raefbrisbin	clay=2; ore=0; sheep=1; wheat=4; wood=0; unknown=0; knights=0; dev-cards=0	roads=[168,134; 134,184; 184,201; 201,202; 202,152; 152,135]; cities=[169,135; 135,201]	wow	 	 
313	22:00:47:002	Ghettoette	clay=0; ore=0; sheep=1; wheat=2; wood=0; unknown=0; knights=3; dev-cards=1	roads=[105,68; 68,52; 52,106; 106,90; 90,73]; settlements=[84,52; 52,107]	ouch!	 	 
314	22:01:02:088	zorburt	clay=0; ore=6; sheep=0; wheat=0; wood=2; unknown=0; knights=1; dev-cards=0	roads=[99,54; 54,82; 82,37; 37,116; 116,132]; settlements=[82,148]; cities=[116,71]	yeah. i got nothing to do now though.	 	 
315	22:01:09:702	gramos	clay=0; ore=0; sheep=4; wheat=0; wood=3; unknown=0; knights=3; dev-cards=2	roads=[137,102; 102,138; 138,139]; cities=[154,103; 103,156]	ok, give it back then. :)	 	 
316	22:01:13:485	Server	 		zorburt traded 3 ore for 1 wheat from a port.	 	 
317	22:01:21:488	Server	 		Ghettoette rolled a 4 and a 1.	 	 
318	22:01:21:490	Server	 		zorburt gets 3 wheat. Ghettoette gets 2 wheat. gramos gets 2 wheat.	 	 
319	22:01:49:384	Server	 		raefbrisbin rolled a 5 and a 5.	 	 
320	22:01:49:386	Server	 		zorburt gets 2 sheep. Ghettoette gets 1 sheep. raefbrisbin gets 2 sheep. gramos gets 2 sheep.	 	 
321	22:02:48:092	Server	 		raefbrisbin traded 3 sheep for 1 ore from a port.	 	 
322	22:03:41:585	zorburt	clay=0; ore=3; sheep=2; wheat=4; wood=2; unknown=0; knights=1; dev-cards=0	roads=[99,54; 54,82; 82,37; 37,116; 116,132]; settlements=[82,148]; cities=[116,71]	gramos?	 	 
323	22:03:47:804	Server	 		gramos rolled a 2 and a 3.	 	 
324	22:03:47:806	Server	 		zorburt gets 3 wheat. Ghettoette gets 2 wheat. gramos gets 2 wheat.	 	 
325	22:04:07:468	Server	 		gramos traded 2 sheep for 1 clay from a port.	 	 
326	22:04:29:829	Server	 		gramos traded 2 sheep for 1 ore from a port.	 	 
327	22:04:40:764	Server	 		gramos built a road.	 	 
328	22:04:53:932	Server	 		gramos built a road.	 	 
329	22:04:59:725	Server	 		gramos built a road.	 	 
330	22:05:13:193	Server	 		zorburt rolled a 4 and a 2.	 	 
331	22:05:13:195	Server	 		zorburt gets 2 ore. Ghettoette gets 2 ore. raefbrisbin gets 5 wheat. gramos gets 2 ore.	 	 
332	22:05:22:140	Server	 		zorburt built a city.	 	 
333	22:05:41:512	Server	 		zorburt traded 3 wheat for 1 ore from a port.	 	 
334	22:05:45:551	Server	 		zorburt built a city.	 	 
335	22:06:02:718	Server	 		Ghettoette rolled a 3 and a 6.	 	 
336	22:06:02:719	Server	 		Ghettoette gets 3 sheep.	 	 
337	22:06:17:518	Server	 		Ghettoette traded 3 sheep for 1 ore from a port.	 	 
338	22:06:24:150	Server	 		Ghettoette built a city.	 	 
339	22:06:59:939	Server	 		Ghettoette traded 3 wheat for 1 wood from a port.	 	 
340	22:07:05:177	Server	 		raefbrisbin rolled a 3 and a 4.	 	 
341	22:07:15:074	gramos	clay=0; ore=2; sheep=1; wheat=3; wood=0; unknown=0; knights=3; dev-cards=2	roads=[137,102; 102,138; 138,139; 139,103; 103,120; 120,156]; cities=[154,103; 103,156]	c'mon, raef, get that point already	 	 
342	22:07:21:619	zorburt	clay=0; ore=0; sheep=2; wheat=0; wood=2; unknown=0; knights=1; dev-cards=0	roads=[99,54; 54,82; 82,37; 37,116; 116,132]; cities=[116,71; 71,148; 148,82]	lol	 	 
343	22:07:30:548	zorburt	clay=0; ore=0; sheep=2; wheat=0; wood=2; unknown=0; knights=1; dev-cards=0	roads=[99,54; 54,82; 82,37; 37,116; 116,132]; cities=[116,71; 71,148; 148,82]	unless yo usteal longest road from him.	 	 
344	22:07:33:899	raefbrisbin	clay=2; ore=1; sheep=0; wheat=3; wood=0; unknown=0; knights=0; dev-cards=0	roads=[168,134; 134,184; 184,201; 201,202; 202,152; 152,135]; cities=[169,135; 135,201]	that was the game	 	 
345	22:08:12:699	Server	 		raefbrisbin traded 3 wheat for 1 wood from a port.	 	 
346	22:08:15:652	Server	 		raefbrisbin built a road.	 	 
347	22:08:19:111	Server	 		gramos rolled a 3 and a 3.	 	 
348	22:08:19:113	Server	 		raefbrisbin gets 5 wheat.	 	 
349	22:08:21:430	raefbrisbin	clay=1; ore=1; sheep=1; wheat=5; wood=0; unknown=0; knights=0; dev-cards=0	roads=[168,134; 134,184; 184,201; 201,202; 202,152; 152,135; 135,150]; cities=[169,135; 135,201]	brutal	 	 
350	22:08:38:808	gramos	clay=0; ore=1; sheep=1; wheat=2; wood=0; unknown=0; knights=4; dev-cards=2	roads=[137,102; 102,138; 138,139; 139,103; 103,120; 120,156]; cities=[154,103; 103,156]	bingo! thanks, guys.	 	 
351	22:08:42:716	zorburt	clay=0; ore=0; sheep=1; wheat=0; wood=2; unknown=0; knights=1; dev-cards=0	roads=[99,54; 54,82; 82,37; 37,116; 116,132]; cities=[116,71; 71,148; 148,82]	oh my goodness.	 	 
352	22:08:44:611	raefbrisbin	clay=1; ore=1; sheep=1; wheat=5; wood=0; unknown=0; knights=0; dev-cards=0	roads=[168,134; 134,184; 184,201; 201,202; 202,152; 152,135; 135,150]; cities=[169,135; 135,201]	so unlucky	 	 
353	22:08:47:589	gramos	clay=0; ore=1; sheep=1; wheat=2; wood=0; unknown=0; knights=4; dev-cards=2	roads=[137,102; 102,138; 138,139; 139,103; 103,120; 120,156]; cities=[154,103; 103,156]	it was fun to play this league.	 	 
354	22:08:50:323	zorburt	clay=0; ore=0; sheep=1; wheat=0; wood=2; unknown=0; knights=1; dev-cards=0	roads=[99,54; 54,82; 82,37; 37,116; 116,132]; cities=[116,71; 71,148; 148,82]	hahaha congrats gramos	 	 
355	22:08:54:405	Ghettoette	clay=0; ore=0; sheep=1; wheat=1; wood=1; unknown=0; knights=3; dev-cards=1	roads=[105,68; 68,52; 52,106; 106,90; 90,73]; settlements=[52,107]; cities=[105,84]	What?!  nice- way to sneak up on us	 	 
356	22:08:55:463	raefbrisbin	clay=1; ore=1; sheep=1; wheat=5; wood=0; unknown=0; knights=0; dev-cards=0	roads=[168,134; 134,184; 184,201; 201,202; 202,152; 152,135; 135,150]; cities=[169,135; 135,201]	congrats	 	 
357	22:08:57:757	gramos	clay=0; ore=1; sheep=1; wheat=2; wood=0; unknown=0; knights=4; dev-cards=2	roads=[137,102; 102,138; 138,139; 139,103; 103,120; 120,156]; cities=[154,103; 103,156]	yes, and I got lucky as heck	 	 
358	22:08:59:250	zorburt	clay=0; ore=0; sheep=1; wheat=0; wood=2; unknown=0; knights=1; dev-cards=0	roads=[99,54; 54,82; 82,37; 37,116; 116,132]; cities=[116,71; 71,148; 148,82]	yeah for sure! i know right!	 	 
359	22:09:01:546	zorburt	clay=0; ore=0; sheep=1; wheat=0; wood=2; unknown=0; knights=1; dev-cards=0	roads=[99,54; 54,82; 82,37; 37,116; 116,132]; cities=[116,71; 71,148; 148,82]	gg	 	 
360	22:09:03:649	gramos	clay=0; ore=1; sheep=1; wheat=2; wood=0; unknown=0; knights=4; dev-cards=2	roads=[137,102; 102,138; 138,139; 139,103; 103,120; 120,156]; cities=[154,103; 103,156]	blame my in-laws...	 	 
361	22:09:08:813	Ghettoette	clay=0; ore=0; sheep=1; wheat=1; wood=1; unknown=0; knights=3; dev-cards=1	roads=[105,68; 68,52; 52,106; 106,90; 90,73]; settlements=[52,107]; cities=[105,84]	well it's been fun everyone	 	 
