ID	Timestamp	Emitter	Resources	Buildups	Text	Annotation	Comment
1	19:43:06:218	somdechn	clay=0; ore=0; sheep=0; wheat=0; wood=0; unknown=0; knights=0; dev-cards=0		Hi WoodnSheep...	 	 
2	19:44:22:189	WoodnSheep	clay=0; ore=0; sheep=0; wheat=0; wood=0; unknown=0; knights=0; dev-cards=0		Hi	 	 
3	19:44:41:118	somdechn	clay=0; ore=0; sheep=0; wheat=0; wood=0; unknown=0; knights=0; dev-cards=0		Have play this Java version before?	 	 
4	19:45:42:654	WoodnSheep	clay=0; ore=0; sheep=0; wheat=0; wood=0; unknown=0; knights=0; dev-cards=0		Nope, have you?	 	 
5	19:46:34:932	somdechn	clay=0; ore=0; sheep=0; wheat=0; wood=0; unknown=0; knights=0; dev-cards=0		No... first time here.  So will be a bit of a learning curve.	 	 
6	19:49:47:702	somdechn	clay=0; ore=0; sheep=0; wheat=0; wood=0; unknown=0; knights=0; dev-cards=0		You've mention that generally Friday and Saturday nights aren't good for.  What about Sat or Sun aft	 	 
7	19:55:10:138	WoodnSheep	clay=0; ore=0; sheep=0; wheat=0; wood=0; unknown=0; knights=0; dev-cards=0		Both are fine by me	 	 
8	19:55:45:497	WoodnSheep	clay=0; ore=0; sheep=0; wheat=0; wood=0; unknown=0; knights=0; dev-cards=0		Although during the week is better for me	 	 
9	19:58:28:882	somdechn	clay=0; ore=0; sheep=0; wheat=0; wood=0; unknown=0; knights=0; dev-cards=0		Oh... I see.  keep it the same for now as I work during the week.  :)	 	 
9.1	19:59:57:118	ztime	 	 	hi..	 	 
10	20:00:21:584	somdechn	clay=0; ore=0; sheep=0; wheat=0; wood=0; unknown=0; knights=0; dev-cards=0		Yo... Ztime!!!	 	 
11	20:00:40:260	ztime	clay=0; ore=0; sheep=0; wheat=0; wood=0; unknown=0; knights=0; dev-cards=0		yo somdech.. how is NZ?	 	 
12	20:00:55:923	somdechn	clay=0; ore=0; sheep=0; wheat=0; wood=0; unknown=0; knights=0; dev-cards=0		Bright and sunny here mate.	 	 
13	20:01:06:752	ztime	clay=0; ore=0; sheep=0; wheat=0; wood=0; unknown=0; knights=0; dev-cards=0		the complete opposite here..	 	 
14	20:01:21:684	somdechn	clay=0; ore=0; sheep=0; wheat=0; wood=0; unknown=0; knights=0; dev-cards=0		Yep... true that.	 	 
15	20:01:43:970	ztime	clay=0; ore=0; sheep=0; wheat=0; wood=0; unknown=0; knights=0; dev-cards=0		do I click start game now?	 	 
16	20:01:58:621	somdechn	clay=0; ore=0; sheep=0; wheat=0; wood=0; unknown=0; knights=0; dev-cards=0		Sure	 	 
17	20:02:07:543	ztime	clay=0; ore=0; sheep=0; wheat=0; wood=0; unknown=0; knights=0; dev-cards=0		o	 	 
18	20:02:08:842	ztime	clay=0; ore=0; sheep=0; wheat=0; wood=0; unknown=0; knights=0; dev-cards=0		ok	 	 
19	20:02:09:323	WoodnSheep	clay=0; ore=0; sheep=0; wheat=0; wood=0; unknown=0; knights=0; dev-cards=0		cool	 	 
20	20:02:11:321	somdechn	clay=0; ore=0; sheep=0; wheat=0; wood=0; unknown=0; knights=0; dev-cards=0		OMG	 	 
21	20:02:31:194	somdechn	clay=0; ore=0; sheep=0; wheat=0; wood=0; unknown=0; knights=0; dev-cards=0		What next?	 	 
22	20:02:41:223	ztime	clay=0; ore=0; sheep=0; wheat=0; wood=0; unknown=0; knights=0; dev-cards=0		Hi WoodnSheep.. do you have a ROLL button lit up?	 	 
23	20:02:47:550	WoodnSheep	clay=0; ore=0; sheep=0; wheat=0; wood=0; unknown=0; knights=0; dev-cards=0		Does anyone hae roll highlighted?	 	 
24	20:02:56:687	ztime	clay=0; ore=0; sheep=0; wheat=0; wood=0; unknown=0; knights=0; dev-cards=0		Nope.. mine is greyed out	 	 
25	20:03:22:854	somdechn	clay=0; ore=0; sheep=0; wheat=0; wood=0; unknown=0; knights=0; dev-cards=0		Same here... I've got restart button.	 	 
26	20:03:28:552	WoodnSheep	clay=0; ore=0; sheep=0; wheat=0; wood=0; unknown=0; knights=0; dev-cards=0		same	 	 
27	20:03:32:705	ztime	clay=0; ore=0; sheep=0; wheat=0; wood=0; unknown=0; knights=0; dev-cards=0		oh?	 	 
28	20:03:43:851	ztime	clay=0; ore=0; sheep=0; wheat=0; wood=0; unknown=0; knights=0; dev-cards=0		I can see an arrow pointing to WoodnSheep... can anyone else see it?	 	 
29	20:03:54:246	WoodnSheep	clay=0; ore=0; sheep=0; wheat=0; wood=0; unknown=0; knights=0; dev-cards=0		yup	 	 
30	20:03:57:514	somdechn	clay=0; ore=0; sheep=0; wheat=0; wood=0; unknown=0; knights=0; dev-cards=0		I see it.	 	 
31	20:04:00:849	WoodnSheep	clay=0; ore=0; sheep=0; wheat=0; wood=0; unknown=0; knights=0; dev-cards=0		Ah i can place a house	 	 
32	20:04:41:256	Server	 		WoodnSheep built a settlement.	 	 
33	20:04:47:739	ztime	clay=0; ore=0; sheep=0; wheat=0; wood=0; unknown=0; knights=0; dev-cards=0		cool	 	 
34	20:05:05:457	Server	 		WoodnSheep built a road.	 	 
35	20:05:26:457	somdechn	clay=0; ore=0; sheep=0; wheat=0; wood=0; unknown=0; knights=0; dev-cards=0		I see... The arrow means it's your turn.	 	 
36	20:05:31:529	Server	 		somdechn built a settlement.	 	 
37	20:05:31:760	ztime	clay=0; ore=0; sheep=0; wheat=0; wood=0; unknown=0; knights=0; dev-cards=0		seems so...	 	 
38	20:05:43:715	Server	 		somdechn built a road.	 	 
39	20:06:05:659	Server	 		ztime built a settlement.	 	 
40	20:06:10:928	Server	 		ztime built a road.	 	 
41	20:06:27:901	Server	 		ztime built a settlement.	 	 
42	20:06:29:922	Server	 		ztime built a road.	 	 
43	20:07:12:276	Server	 		somdechn built a settlement.	 	 
44	20:07:15:217	Server	 		somdechn built a road.	 	 
45	20:07:26:884	WoodnSheep	clay=0; ore=0; sheep=0; wheat=0; wood=0; unknown=0; knights=0; dev-cards=0		any idea what the kind of blue/ things are? like ports but wiht nothing in?	 	 
46	20:07:50:464	ztime	clay=0; ore=0; sheep=0; wheat=0; wood=1; unknown=0; knights=0; dev-cards=0	roads=[168,165]; settlements=[184,165]	not sure	 	 
47	20:07:51:327	Server	 		WoodnSheep built a settlement.	 	 
48	20:07:56:896	Server	 		WoodnSheep built a road.	 	 
49	20:08:02:229	Server	 		WoodnSheep rolled a 1 and a 1.	 	 
50	20:08:02:230	Server	 		ztime gets 1 wood.	 	 
51	20:09:07:492	WoodnSheep	clay=1; ore=0; sheep=1; wheat=1; wood=0; unknown=0; knights=0; dev-cards=0	roads=[139,186]; settlements=[139,186]	What next? the arrow is still on me, but I can't seem to do anything	 	 
52	20:09:20:825	ztime	clay=0; ore=0; sheep=0; wheat=0; wood=2; unknown=0; knights=0; dev-cards=0	roads=[168,165]; settlements=[184,165]	can you roll?	 	 
53	20:09:26:609	Server	 		somdechn rolled a 3 and a 2.	 	 
54	20:09:26:611	Server	 		somdechn gets 1 wood. WoodnSheep gets 1 ore.	 	 
55	20:09:54:586	Server	 		somdechn built a road.	 	 
56	20:10:00:915	WoodnSheep	clay=1; ore=1; sheep=1; wheat=1; wood=0; unknown=0; knights=0; dev-cards=0	roads=[139,186]; settlements=[139,186]	I think maybe it rolls automatically and thats what the number in the arrow is	 	 
57	20:10:02:889	Server	 		ztime rolled a 2 and a 6.	 	 
58	20:10:02:890	Server	 		somdechn gets 1 sheep. WoodnSheep gets 1 clay.	 	 
59	20:10:19:971	somdechn	clay=1; ore=1; sheep=1; wheat=0; wood=0; unknown=0; knights=0; dev-cards=0	roads=[100,118; 118,102]; settlements=[116,135]	It rolls automatically.	 	 
60	20:10:21:466	ztime	clay=0; ore=0; sheep=0; wheat=0; wood=2; unknown=0; knights=0; dev-cards=0	roads=[168,165]; settlements=[184,165]	I think it said it will autoroll, or you can push roll to do it sooner	 	 
61	20:10:35:359	Server	 		WoodnSheep rolled a 1 and a 3.	 	 
62	20:10:35:361	Server	 		WoodnSheep gets 1 wheat.	 	 
63	20:10:53:619	WoodnSheep	clay=2; ore=1; sheep=1; wheat=2; wood=0; unknown=0; knights=0; dev-cards=0	roads=[139,186]; settlements=[139,186]	Anyone want to trade to give me wood?	 	 
64	20:11:02:579	ztime	clay=0; ore=0; sheep=0; wheat=0; wood=2; unknown=0; knights=0; dev-cards=0	roads=[168,165]; settlements=[184,165]	yep	 	 
65	20:11:15:048	WoodnSheep	clay=2; ore=1; sheep=1; wheat=2; wood=0; unknown=0; knights=0; dev-cards=0	roads=[139,186]; settlements=[139,186]	what do you want?	 	 
66	20:11:19:565	ztime	clay=0; ore=0; sheep=0; wheat=0; wood=2; unknown=0; knights=0; dev-cards=0	roads=[168,165]; settlements=[184,165]	anything	 	 
67	20:11:26:876	WoodnSheep	clay=2; ore=1; sheep=1; wheat=2; wood=0; unknown=0; knights=0; dev-cards=0	roads=[139,186]; settlements=[139,186]	I have wheat?	 	 
68	20:11:31:854	ztime	clay=0; ore=0; sheep=0; wheat=0; wood=2; unknown=0; knights=0; dev-cards=0	roads=[168,165]; settlements=[184,165]	sounds good..	 
69	20:11:50:067	Server	 		WoodnSheep made an offer to trade 1 wheat for 1 wood.	 	 
70	20:11:55:043	Server	 		WoodnSheep traded 1 wheat for 1 wood from ztime.	 	 
71	20:12:46:233	Server	 		WoodnSheep built a road.	 	 
72	20:12:58:643	Server	 		somdechn rolled a 4 and a 4.	 	 
73	20:12:58:645	Server	 		somdechn gets 1 sheep. WoodnSheep gets 1 clay.	 	 
74	20:13:45:560	somdechn	clay=1; ore=1; sheep=2; wheat=0; wood=0; unknown=0; knights=0; dev-cards=0	roads=[100,118; 118,102]; settlements=[116,135]	I can trade my Sheep for Wheat, anyone?	 	 
75	20:14:06:085	WoodnSheep	clay=2; ore=1; sheep=1; wheat=1; wood=0; unknown=0; knights=0; dev-cards=0	roads=[139,186; 186,203]; settlements=[139,186]	sorry, no	 	 
76	20:14:07:439	ztime	clay=0; ore=0; sheep=0; wheat=1; wood=1; unknown=0; knights=0; dev-cards=0	roads=[168,165]; settlements=[184,165]	sorry not this time	 	 
77	20:14:16:201	Server	 		ztime rolled a 4 and a 1.	 	 
78	20:14:16:203	Server	 		somdechn gets 1 wood. WoodnSheep gets 1 ore.	 	 
79	20:14:24:801	Server	 		WoodnSheep rolled a 1 and a 3.	 	 
80	20:14:24:803	Server	 		WoodnSheep gets 1 wheat.	 	 
81	20:14:43:141	WoodnSheep	clay=2; ore=2; sheep=1; wheat=2; wood=0; unknown=0; knights=0; dev-cards=0	roads=[139,186; 186,203]; settlements=[139,186]	Sheep for Ore?	 	 
82	20:14:48:502	ztime	clay=0; ore=0; sheep=0; wheat=1; wood=1; unknown=0; knights=0; dev-cards=0	roads=[168,165]; settlements=[184,165]	sorry	 	 
83	20:14:54:040	somdechn	clay=1; ore=1; sheep=2; wheat=0; wood=1; unknown=0; knights=0; dev-cards=0	roads=[100,118; 118,102]; settlements=[116,135]	Sorry no...	 	 
84	20:14:56:943	WoodnSheep	clay=2; ore=2; sheep=1; wheat=2; wood=0; unknown=0; knights=0; dev-cards=0	roads=[139,186; 186,203]; settlements=[139,186]	Clay for ore?	 	 
85	20:15:03:485	ztime	clay=0; ore=0; sheep=0; wheat=1; wood=1; unknown=0; knights=0; dev-cards=0	roads=[168,165]; settlements=[184,165]	cant help	 	 
86	20:15:07:894	somdechn	clay=1; ore=1; sheep=2; wheat=0; wood=1; unknown=0; knights=0; dev-cards=0	roads=[100,118; 118,102]; settlements=[116,135]	Nop..	 	 
87	20:15:36:343	Server	 		somdechn rolled a 6 and a 3.	 	 
88	20:15:36:344	Server	 		somdechn gets 1 clay. ztime gets 1 clay. WoodnSheep gets 1 wood.	 	 
89	20:16:12:057	somdechn	clay=2; ore=1; sheep=2; wheat=0; wood=1; unknown=0; knights=0; dev-cards=0	roads=[100,118; 118,102]; settlements=[116,135]	need wheat I can give you either clay or sheep.	 	 
90	20:16:20:184	WoodnSheep	clay=2; ore=2; sheep=1; wheat=2; wood=1; unknown=0; knights=0; dev-cards=0	roads=[139,186; 186,203]; settlements=[139,186]	nope	 	 
91	20:16:27:273	ztime	clay=1; ore=0; sheep=0; wheat=1; wood=1; unknown=0; knights=0; dev-cards=0	roads=[168,165]; settlements=[184,165]	sorry	 	 
92	20:16:34:117	Server	 		somdechn built a road.	 	 
93	20:16:41:546	Server	 		ztime rolled a 1 and a 5.	 	 
94	20:16:41:548	Server	 		ztime gets 1 wheat.	 	 
95	20:17:38:196	Server	 		ztime built a road.	 	 
96	20:17:43:858	Server	 		WoodnSheep rolled a 2 and a 5.	 	 
97	20:18:35:437	Server	 		WoodnSheep built a settlement.	 	 
98	20:18:43:043	somdechn	clay=1; ore=0; sheep=2; wheat=0; wood=0; unknown=0; knights=0; dev-cards=0	roads=[100,118; 118,102; 102,103]; settlements=[116,135]	Hard to count other player cards playing this version.  :)	 	 
99	20:18:45:851	Server	 		somdechn rolled a 2 and a 6.	 	 
100	20:18:45:852	Server	 		somdechn gets 1 sheep. WoodnSheep gets 2 clay.	 	 
101	20:18:53:528	ztime	clay=0; ore=0; sheep=0; wheat=2; wood=0; unknown=0; knights=0; dev-cards=0	roads=[168,165; 165,166]; settlements=[184,165]	ha ha ha	 	 
102	20:19:03:641	Server	 		ztime rolled a 3 and a 1.	 	 
103	20:19:03:642	Server	 		WoodnSheep gets 1 wheat.	 	 
104	20:19:28:270	ztime	clay=0; ore=0; sheep=0; wheat=2; wood=0; unknown=0; knights=0; dev-cards=0	roads=[168,165; 165,166]; settlements=[184,165]	anyone want to trade.... I'm giving away a wheat for clay	 	 
105	20:19:45:184	somdechn	clay=1; ore=0; sheep=3; wheat=0; wood=0; unknown=0; knights=0; dev-cards=0	roads=[100,118; 118,102; 102,103]; settlements=[116,135]	Too late bro..	 	 
106	20:19:47:797	WoodnSheep	clay=2; ore=1; sheep=0; wheat=1; wood=0; unknown=0; knights=0; dev-cards=0	roads=[139,186; 186,203]; settlements=[139,186; 186,220]	nah, although maybe for wood	 	 
107	20:19:54:182	ztime	clay=0; ore=0; sheep=0; wheat=2; wood=0; unknown=0; knights=0; dev-cards=0	roads=[168,165; 165,166]; settlements=[184,165]	OK	 	 
108	20:20:15:995	WoodnSheep	clay=2; ore=1; sheep=0; wheat=1; wood=0; unknown=0; knights=0; dev-cards=0	roads=[139,186; 186,203]; settlements=[139,186; 186,220]	cool	 	 
109	20:20:17:821	Server	 		ztime made an offer to trade 1 wheat for 1 wood.	 	 
110	20:20:39:679	somdechn	clay=1; ore=0; sheep=3; wheat=0; wood=0; unknown=0; knights=0; dev-cards=0	roads=[100,118; 118,102; 102,103]; settlements=[116,135]	Just realise someone took my ore..	 	 
111	20:20:40:639	WoodnSheep	clay=2; ore=1; sheep=0; wheat=1; wood=0; unknown=0; knights=0; dev-cards=0	roads=[139,186; 186,203]; settlements=[139,186; 186,220]	how do I confirm?	 	 
112	20:20:44:939	ztime	clay=0; ore=0; sheep=0; wheat=2; wood=0; unknown=0; knights=0; dev-cards=0	roads=[168,165; 165,166]; settlements=[184,165]	did that work?	 	 
113	20:20:47:236	WoodnSheep	clay=2; ore=1; sheep=0; wheat=1; wood=0; unknown=0; knights=0; dev-cards=0	roads=[139,186; 186,203]; settlements=[139,186; 186,220]	I only have the option of rejecting?	 	 
114	20:20:51:560	ztime	clay=0; ore=0; sheep=0; wheat=2; wood=0; unknown=0; knights=0; dev-cards=0	roads=[168,165; 165,166]; settlements=[184,165]	weird?	 	 
115	20:20:55:692	ztime	clay=0; ore=0; sheep=0; wheat=2; wood=0; unknown=0; knights=0; dev-cards=0	roads=[168,165; 165,166]; settlements=[184,165]	I'll try again...	 	 
116	20:21:07:805	Server	 		ztime made an offer to trade 1 wheat for 1 wood.	 	 
117	20:21:26:891	ztime	clay=0; ore=0; sheep=0; wheat=2; wood=0; unknown=0; knights=0; dev-cards=0	roads=[168,165; 165,166]; settlements=[184,165]	did that work?	 	 
118	20:21:33:418	WoodnSheep	clay=2; ore=1; sheep=0; wheat=1; wood=0; unknown=0; knights=0; dev-cards=0	roads=[139,186; 186,203]; settlements=[139,186; 186,220]	nope	 	 
119	20:21:42:873	ztime	clay=0; ore=0; sheep=0; wheat=2; wood=0; unknown=0; knights=0; dev-cards=0	roads=[168,165; 165,166]; settlements=[184,165]	ok... shall I just move on then...	 	 
120	20:21:45:340	WoodnSheep	clay=2; ore=1; sheep=0; wheat=1; wood=0; unknown=0; knights=0; dev-cards=0	roads=[139,186; 186,203]; settlements=[139,186; 186,220]	sorry	 	 
121	20:21:51:204	Server	 		WoodnSheep rolled a 6 and a 2.	 	 
122	20:21:51:208	Server	 		somdechn gets 1 sheep. WoodnSheep gets 2 clay.	 	 
123	20:22:10:525	WoodnSheep	clay=4; ore=1; sheep=0; wheat=1; wood=0; unknown=0; knights=0; dev-cards=0	roads=[139,186; 186,203]; settlements=[139,186; 186,220]	anyone want clay? I'd like wood	 	 
124	20:22:16:794	ztime	clay=0; ore=0; sheep=0; wheat=2; wood=0; unknown=0; knights=0; dev-cards=0	roads=[168,165; 165,166]; settlements=[184,165]	sorry	 	 
125	20:22:25:934	somdechn	clay=1; ore=0; sheep=4; wheat=0; wood=0; unknown=0; knights=0; dev-cards=0	roads=[100,118; 118,102; 102,103]; settlements=[116,135]	no thanks.	 	 
126	20:22:35:001	Server	 		WoodnSheep traded 3 clay for 1 wood from a port.	 	 
127	20:23:09:092	Server	 		WoodnSheep built a road.	 	 
128	20:23:16:381	Server	 		somdechn rolled a 6 and a 4.	 	 
129	20:23:16:389	Server	 		somdechn gets 2 clay. WoodnSheep gets 1 wheat.	 	 
130	20:23:37:513	somdechn	clay=3; ore=0; sheep=4; wheat=0; wood=0; unknown=0; knights=0; dev-cards=0	roads=[100,118; 118,102; 102,103]; settlements=[116,135]	Clay for wood or wheat....	 	 
131	20:23:46:650	WoodnSheep	clay=0; ore=1; sheep=0; wheat=2; wood=0; unknown=0; knights=0; dev-cards=0	roads=[139,186; 186,203; 203,138]; settlements=[139,186; 186,220]	no thanks	 	 
132	20:23:50:696	ztime	clay=0; ore=0; sheep=0; wheat=2; wood=0; unknown=0; knights=0; dev-cards=0	roads=[168,165; 165,166]; settlements=[184,165]	yer.. I'll give you a wheat	 	 
133	20:24:52:651	ztime	clay=0; ore=0; sheep=0; wheat=2; wood=0; unknown=0; knights=0; dev-cards=0	roads=[168,165; 165,166]; settlements=[184,165]	nothing happened here	 	 
134	20:24:56:503	Server	 		somdechn made an offer to trade 1 clay for 1 wheat.	 	 
135	20:25:04:164	Server	 		somdechn traded 1 clay for 1 wheat from ztime.	 	 
136	20:25:07:602	ztime	clay=1; ore=0; sheep=0; wheat=1; wood=0; unknown=0; knights=0; dev-cards=0	roads=[168,165; 165,166]; settlements=[184,165]	OK	 	 
137	20:25:23:521	Server	 		ztime rolled a 6 and a 4.	 	 
138	20:25:23:522	Server	 		somdechn gets 2 clay. WoodnSheep gets 1 wheat.	 	 
139	20:25:37:090	ztime	clay=1; ore=0; sheep=0; wheat=1; wood=0; unknown=0; knights=0; dev-cards=0	roads=[168,165; 165,166]; settlements=[184,165]	damn...again I get nothing	 	 
140	20:25:43:274	ztime	clay=1; ore=0; sheep=0; wheat=1; wood=0; unknown=0; knights=0; dev-cards=0	roads=[168,165; 165,166]; settlements=[184,165]	just like the real game	 	 
141	20:25:50:906	somdechn	clay=4; ore=0; sheep=4; wheat=1; wood=0; unknown=0; knights=0; dev-cards=0	roads=[100,118; 118,102; 102,103]; settlements=[116,135]	ha ha..	 	 
142	20:25:52:695	Server	 		WoodnSheep rolled a 3 and a 6.	 	 
143	20:25:52:695	Server	 		WoodnSheep gets 1 wood.	 	 
144	20:26:23:778	WoodnSheep	clay=0; ore=1; sheep=0; wheat=3; wood=1; unknown=0; knights=0; dev-cards=0	roads=[139,186; 186,203; 203,138]; settlements=[139,186; 186,220]	So ztime, you can't offer out trades? or if you do we can't accept?	 	 
145	20:26:46:219	Server	 		somdechn rolled a 5 and a 1.	 	 
146	20:26:46:220	Server	 		ztime gets 1 wheat.	 	 
147	20:27:11:405	somdechn	clay=4; ore=0; sheep=4; wheat=1; wood=0; unknown=0; knights=0; dev-cards=0	roads=[100,118; 118,102; 102,103]; settlements=[116,135]	Clay or Sheep for wood.....	 	 
148	20:27:14:211	ztime	clay=1; ore=0; sheep=0; wheat=2; wood=0; unknown=0; knights=0; dev-cards=0	roads=[168,165; 165,166]; settlements=[184,165]	nope seems to work..	 	 
149	20:27:31:222	WoodnSheep	clay=0; ore=1; sheep=0; wheat=3; wood=1; unknown=0; knights=0; dev-cards=0	roads=[139,186; 186,203; 203,138]; settlements=[139,186; 186,220]	can't help you sorry	 	 
150	20:27:34:146	ztime	clay=1; ore=0; sheep=0; wheat=2; wood=0; unknown=0; knights=0; dev-cards=0	roads=[168,165; 165,166]; settlements=[184,165]	just wondering if you had wood to offer.. or if we were trying to trade the other way around.. you w	 	 
151	20:27:47:061	ztime	clay=1; ore=0; sheep=0; wheat=2; wood=0; unknown=0; knights=0; dev-cards=0	roads=[168,165; 165,166]; settlements=[184,165]	sorry Somdech	 	 
152	20:27:51:320	WoodnSheep	clay=0; ore=1; sheep=0; wheat=3; wood=1; unknown=0; knights=0; dev-cards=0	roads=[139,186; 186,203; 203,138]; settlements=[139,186; 186,220]	ADDTIME	 	 
153	20:27:54:978	somdechn	clay=4; ore=0; sheep=4; wheat=1; wood=0; unknown=0; knights=0; dev-cards=0	roads=[100,118; 118,102; 102,103]; settlements=[116,135]	other way around..	 	 
154	20:28:12:188	ztime	clay=1; ore=0; sheep=0; wheat=2; wood=0; unknown=0; knights=0; dev-cards=0	roads=[168,165; 165,166]; settlements=[184,165]	eh?	 	 
155	20:28:29:342	somdechn	clay=4; ore=0; sheep=4; wheat=1; wood=0; unknown=0; knights=0; dev-cards=0	roads=[100,118; 118,102; 102,103]; settlements=[116,135]	I need wood bro...	 	 
156	20:28:34:352	ztime	clay=1; ore=0; sheep=0; wheat=2; wood=0; unknown=0; knights=0; dev-cards=0	roads=[168,165; 165,166]; settlements=[184,165]	I was talking about a previous trade attempt with WoodnSheep.. sorry to confuse	 	 
157	20:28:40:477	ztime	clay=1; ore=0; sheep=0; wheat=2; wood=0; unknown=0; knights=0; dev-cards=0	roads=[168,165; 165,166]; settlements=[184,165]	I can't help you bro...	 	 
158	20:28:47:526	Server	 		ztime rolled a 1 and a 2.	 	 
159	20:28:47:528	Server	 		ztime gets 1 sheep. WoodnSheep gets 1 sheep.	 	 
160	20:29:05:843	WoodnSheep	clay=0; ore=1; sheep=1; wheat=3; wood=1; unknown=0; knights=0; dev-cards=0	roads=[139,186; 186,203; 203,138]; settlements=[139,186; 186,220]	ah sorry, I wanted wood	 	 
161	20:29:09:843	ztime	clay=1; ore=0; sheep=1; wheat=2; wood=0; unknown=0; knights=0; dev-cards=0	roads=[168,165; 165,166]; settlements=[184,165]	anyone want wheat?	 	 
162	20:29:19:418	WoodnSheep	clay=0; ore=1; sheep=1; wheat=3; wood=1; unknown=0; knights=0; dev-cards=0	roads=[139,186; 186,203; 203,138]; settlements=[139,186; 186,220]	no thanks	 	 
163	20:29:24:756	ztime	clay=1; ore=0; sheep=1; wheat=2; wood=0; unknown=0; knights=0; dev-cards=0	roads=[168,165; 165,166]; settlements=[184,165]	I'm after anything...	 	 
164	20:29:33:702	ztime	clay=1; ore=0; sheep=1; wheat=2; wood=0; unknown=0; knights=0; dev-cards=0	roads=[168,165; 165,166]; settlements=[184,165]	OK	 	 
165	20:29:39:060	Server	 		WoodnSheep rolled a 4 and a 6.	 	 
166	20:29:39:062	Server	 		somdechn gets 2 clay. WoodnSheep gets 1 wheat.	 	 
167	20:29:52:978	somdechn	clay=6; ore=0; sheep=4; wheat=1; wood=0; unknown=0; knights=0; dev-cards=0	roads=[100,118; 118,102; 102,103]; settlements=[116,135]	Sorry.. wife was talking to me...	 	 
168	20:29:59:978	WoodnSheep	clay=0; ore=1; sheep=1; wheat=4; wood=1; unknown=0; knights=0; dev-cards=0	roads=[139,186; 186,203; 203,138]; settlements=[139,186; 186,220]	anyone want to give me a clay or ore?	 	 
169	20:30:08:924	somdechn	clay=6; ore=0; sheep=4; wheat=1; wood=0; unknown=0; knights=0; dev-cards=0	roads=[100,118; 118,102; 102,103]; settlements=[116,135]	Clay.. yep	 	 
170	20:30:16:405	somdechn	clay=6; ore=0; sheep=4; wheat=1; wood=0; unknown=0; knights=0; dev-cards=0	roads=[100,118; 118,102; 102,103]; settlements=[116,135]	Need wood though	 	 
171	20:30:29:818	WoodnSheep	clay=0; ore=1; sheep=1; wheat=4; wood=1; unknown=0; knights=0; dev-cards=0	roads=[139,186; 186,203; 203,138]; settlements=[139,186; 186,220]	I can't give you wood	 	 
172	20:30:38:090	ztime	clay=1; ore=0; sheep=1; wheat=2; wood=0; unknown=0; knights=0; dev-cards=0	roads=[168,165; 165,166]; settlements=[184,165]	sorry	 	 
173	20:30:45:084	somdechn	clay=6; ore=0; sheep=4; wheat=1; wood=0; unknown=0; knights=0; dev-cards=0	roads=[100,118; 118,102; 102,103]; settlements=[116,135]	no then,,,  :(	 	 
174	20:31:24:745	Server	 		WoodnSheep traded 3 wheat for 1 clay from a port.	 	 
175	20:31:38:260	Server	 		WoodnSheep built a road.	 	 
176	20:31:46:044	Server	 		somdechn rolled a 3 and a 1.	 	 
177	20:31:46:045	Server	 		WoodnSheep gets 1 wheat.	 	 
178	20:32:12:830	somdechn	clay=6; ore=0; sheep=4; wheat=1; wood=0; unknown=0; knights=0; dev-cards=0	roads=[100,118; 118,102; 102,103]; settlements=[116,135]	Need wood guys....  can give you clay or sheep.	 	 
179	20:32:20:471	WoodnSheep	clay=0; ore=1; sheep=1; wheat=2; wood=0; unknown=0; knights=0; dev-cards=0	roads=[139,186; 186,203; 203,138; 138,137]; settlements=[139,186; 186,220]	sorry no	 	 
180	20:32:20:895	ztime	clay=1; ore=0; sheep=1; wheat=2; wood=0; unknown=0; knights=0; dev-cards=0	roads=[168,165; 165,166]; settlements=[184,165]	sorry...	 	 
181	20:32:32:332	Server	 		somdechn traded 4 clay for 1 wood from the bank.	 	 
182	20:32:50:960	Server	 		somdechn built a settlement.	 	 
183	20:33:02:385	Server	 		ztime rolled a 3 and a 6.	 	 
184	20:33:02:386	Server	 		WoodnSheep gets 1 wood.	 	 
185	20:33:31:473	somdechn	clay=1; ore=0; sheep=3; wheat=0; wood=0; unknown=0; knights=0; dev-cards=0	roads=[100,118; 118,102; 102,103]; settlements=[116,135; 135,120]	Sorry WoodnSheep.. i'm being mean here didn't I.	 	 
186	20:33:41:705	WoodnSheep	clay=0; ore=1; sheep=1; wheat=2; wood=1; unknown=0; knights=0; dev-cards=0	roads=[139,186; 186,203; 203,138; 138,137]; settlements=[139,186; 186,220]	what?	 	 
187	20:33:49:521	WoodnSheep	clay=0; ore=1; sheep=1; wheat=2; wood=1; unknown=0; knights=0; dev-cards=0	roads=[139,186; 186,203; 203,138; 138,137]; settlements=[139,186; 186,220]	ooh sorry caught up	 	 
188	20:33:51:474	WoodnSheep	clay=0; ore=1; sheep=1; wheat=2; wood=1; unknown=0; knights=0; dev-cards=0	roads=[139,186; 186,203; 203,138; 138,137]; settlements=[139,186; 186,220]	and slightly	 	 
189	20:34:02:520	ztime	clay=1; ore=0; sheep=1; wheat=2; wood=0; unknown=0; knights=0; dev-cards=0	roads=[168,165; 165,166]; settlements=[184,165]	anyone want to trade.. I'm after ore	 	 
190	20:34:09:027	somdechn	clay=1; ore=0; sheep=3; wheat=0; wood=0; unknown=0; knights=0; dev-cards=0	roads=[100,118; 118,102; 102,103]; settlements=[116,135; 135,120]	nop..	 	 
191	20:34:12:085	WoodnSheep	clay=0; ore=1; sheep=1; wheat=2; wood=1; unknown=0; knights=0; dev-cards=0	roads=[139,186; 186,203; 203,138; 138,137]; settlements=[139,186; 186,220]	sorry no	 	 
192	20:34:14:608	ztime	clay=1; ore=0; sheep=1; wheat=2; wood=0; unknown=0; knights=0; dev-cards=0	roads=[168,165; 165,166]; settlements=[184,165]	OK	 	 
193	20:34:21:206	Server	 		WoodnSheep rolled a 1 and a 1.	 	 
194	20:34:21:207	Server	 		ztime gets 1 wood.	 	 
195	20:34:44:619	Server	 		somdechn rolled a 1 and a 4.	 	 
196	20:34:44:620	Server	 		somdechn gets 1 ore, 1 wood. WoodnSheep gets 1 ore.	 	 
197	20:34:58:096	Server	 		somdechn built a road.	 	 
198	20:35:05:782	Server	 		ztime rolled a 2 and a 1.	 	 
199	20:35:05:783	Server	 		ztime gets 1 sheep. WoodnSheep gets 1 sheep.	 	 
200	20:35:13:270	Server	 		ztime built a road.	 	 
201	20:35:27:694	ztime	clay=0; ore=0; sheep=2; wheat=2; wood=0; unknown=0; knights=0; dev-cards=0	roads=[168,165; 165,166; 166,167]; settlements=[184,165]	anyone want a sheep..?	 	 
202	20:35:32:978	WoodnSheep	clay=0; ore=1; sheep=1; wheat=1; wood=1; unknown=0; knights=0; dev-cards=1	roads=[139,186; 186,203; 203,138; 138,137]; settlements=[139,186; 186,220]	no ta	 	 
203	20:35:35:132	somdechn	clay=0; ore=1; sheep=3; wheat=0; wood=0; unknown=0; knights=0; dev-cards=0	roads=[100,118; 118,102; 102,103; 103,84]; settlements=[116,135; 135,120]	no thanks	 	 
204	20:35:36:316	ztime	clay=0; ore=0; sheep=2; wheat=2; wood=0; unknown=0; knights=0; dev-cards=0	roads=[168,165; 165,166; 166,167]; settlements=[184,165]	I'm after wood, ore, clay	 	 
205	20:35:42:441	ztime	clay=0; ore=0; sheep=2; wheat=2; wood=0; unknown=0; knights=0; dev-cards=0	roads=[168,165; 165,166; 166,167]; settlements=[184,165]	OK.	 	 
206	20:35:48:687	Server	 		WoodnSheep rolled a 3 and a 6.	 	 
207	20:35:48:688	Server	 		WoodnSheep gets 1 wood.	 	 
208	20:36:06:176	somdechn	clay=0; ore=1; sheep=3; wheat=0; wood=0; unknown=0; knights=0; dev-cards=0	roads=[100,118; 118,102; 102,103; 103,84]; settlements=[116,135; 135,120]	Still got our 9 blocked	 	 
209	20:36:13:982	ztime	clay=0; ore=0; sheep=2; wheat=2; wood=0; unknown=0; knights=0; dev-cards=0	roads=[168,165; 165,166; 166,167]; settlements=[184,165]	:-(	 	 
210	20:36:34:530	somdechn	clay=0; ore=1; sheep=3; wheat=0; wood=0; unknown=0; knights=0; dev-cards=0	roads=[100,118; 118,102; 102,103; 103,84]; settlements=[116,135; 135,120]	Gotta get that thing moving outta here.	 	 
211	20:36:38:070	WoodnSheep	clay=0; ore=1; sheep=1; wheat=1; wood=2; unknown=0; knights=0; dev-cards=1	roads=[139,186; 186,203; 203,138; 138,137]; settlements=[139,186; 186,220]	anyone want to give me clay? I have sheep	 	 
212	20:36:42:346	ztime	clay=0; ore=0; sheep=2; wheat=2; wood=0; unknown=0; knights=0; dev-cards=0	roads=[168,165; 165,166; 166,167]; settlements=[184,165]	nope	 	 
213	20:36:49:262	somdechn	clay=0; ore=1; sheep=3; wheat=0; wood=0; unknown=0; knights=0; dev-cards=0	roads=[100,118; 118,102; 102,103; 103,84]; settlements=[116,135; 135,120]	na...	 	 
214	20:36:55:523	WoodnSheep	clay=0; ore=1; sheep=1; wheat=1; wood=2; unknown=0; knights=0; dev-cards=1	roads=[139,186; 186,203; 203,138; 138,137]; settlements=[139,186; 186,220]	I have wood...	 	 
215	20:37:05:841	ztime	clay=0; ore=0; sheep=2; wheat=2; wood=0; unknown=0; knights=0; dev-cards=0	roads=[168,165; 165,166; 166,167]; settlements=[184,165]	sorry..	 	 
216	20:37:16:569	somdechn	clay=0; ore=1; sheep=3; wheat=0; wood=0; unknown=0; knights=0; dev-cards=0	roads=[100,118; 118,102; 102,103; 103,84]; settlements=[116,135; 135,120]	sorry no..	 	 
217	20:37:25:953	Server	 		somdechn rolled a 3 and a 1.	 	 
218	20:37:25:954	Server	 		WoodnSheep gets 1 wheat.	 	 
219	20:37:42:953	Server	 		ztime rolled a 4 and a 1.	 	 
220	20:37:42:954	Server	 		somdechn gets 1 ore, 1 wood. WoodnSheep gets 1 ore.	 	 
221	20:38:11:026	Server	 		WoodnSheep rolled a 2 and a 3.	 	 
222	20:38:11:027	Server	 		somdechn gets 1 ore, 1 wood. WoodnSheep gets 1 ore.	 	 
223	20:38:19:350	Server	 		WoodnSheep built a city.	 	 
224	20:38:24:523	ztime	clay=0; ore=0; sheep=2; wheat=2; wood=0; unknown=0; knights=0; dev-cards=0	roads=[168,165; 165,166; 166,167]; settlements=[184,165]	nice	 	 
225	20:38:32:216	somdechn	clay=0; ore=3; sheep=3; wheat=0; wood=2; unknown=0; knights=0; dev-cards=0	roads=[100,118; 118,102; 102,103; 103,84]; settlements=[116,135; 135,120]	Already...!!!	 	 
226	20:38:32:718	Server	 		somdechn rolled a 1 and a 6.	 	 
227	20:38:33:737	WoodnSheep	clay=0; ore=0; sheep=1; wheat=0; wood=2; unknown=0; knights=0; dev-cards=1	roads=[139,186; 186,203; 203,138; 138,137]; settlements=[186,220]	:)	 	 
228	20:38:41:656	ztime	clay=0; ore=0; sheep=2; wheat=2; wood=0; unknown=0; knights=0; dev-cards=0	roads=[168,165; 165,166; 166,167]; settlements=[184,165]	ha.. move the robber dude	 	 
229	20:38:56:442	WoodnSheep	clay=0; ore=0; sheep=1; wheat=0; wood=2; unknown=0; knights=0; dev-cards=1	roads=[139,186; 186,203; 203,138; 138,137]; settlements=[186,220]	after loosing half your cards...	 	 
230	20:39:28:349	ztime	clay=0; ore=0; sheep=2; wheat=2; wood=0; unknown=0; knights=0; dev-cards=0	roads=[168,165; 165,166; 166,167]; settlements=[184,165]	:-)	 	 
231	20:39:30:303	WoodnSheep	clay=0; ore=0; sheep=1; wheat=0; wood=1; unknown=0; knights=0; dev-cards=1	roads=[139,186; 186,203; 203,138; 138,137]; settlements=[186,220]	ha	 	 
232	20:39:38:279	ztime	clay=0; ore=0; sheep=2; wheat=2; wood=0; unknown=0; knights=0; dev-cards=0	roads=[168,165; 165,166; 166,167]; settlements=[184,165]	public enemy number 1 now..	 	 
233	20:39:40:224	Server	 		ztime rolled a 2 and a 5.	 	 
234	20:39:42:057	ztime	clay=0; ore=0; sheep=2; wheat=2; wood=0; unknown=0; knights=0; dev-cards=0	roads=[168,165; 165,166; 166,167]; settlements=[184,165]	:-)	 	 
235	20:39:48:858	somdechn	clay=0; ore=3; sheep=0; wheat=0; wood=2; unknown=0; knights=0; dev-cards=0	roads=[100,118; 118,102; 102,103; 103,84]; settlements=[116,135; 135,120]	Sorry	 	 
236	20:40:14:228	ztime	clay=0; ore=0; sheep=2; wheat=2; wood=0; unknown=0; knights=0; dev-cards=0	roads=[168,165; 165,166; 166,167]; settlements=[184,165]	anyone want a sheep.. I'm after ore..	 	 
237	20:40:26:739	somdechn	clay=0; ore=3; sheep=0; wheat=0; wood=2; unknown=0; knights=0; dev-cards=0	roads=[100,118; 118,102; 102,103; 103,84]; settlements=[116,135; 135,120]	No thinks	 	 
238	20:40:39:135	WoodnSheep	clay=0; ore=0; sheep=1; wheat=0; wood=1; unknown=0; knights=0; dev-cards=1	roads=[139,186; 186,203; 203,138; 138,137]; settlements=[186,220]	can't help	 	 
239	20:40:40:917	ztime	clay=0; ore=0; sheep=2; wheat=2; wood=0; unknown=0; knights=0; dev-cards=0	roads=[168,165; 165,166; 166,167]; settlements=[184,165]	OK	 	 
240	20:41:03:490	ztime	clay=0; ore=0; sheep=2; wheat=2; wood=0; unknown=0; knights=0; dev-cards=0	roads=[168,165; 165,166; 166,167]; settlements=[184,165]	Oh.. I got 7.. didn't realise..	 	 
241	20:41:15:764	WoodnSheep	clay=0; ore=0; sheep=0; wheat=0; wood=1; unknown=0; knights=0; dev-cards=1	roads=[139,186; 186,203; 203,138; 138,137]; settlements=[186,220]	Robber be leaving my 8 :)	 	 
242	20:41:15:789	ztime	clay=0; ore=0; sheep=3; wheat=2; wood=0; unknown=0; knights=0; dev-cards=0	roads=[168,165; 165,166; 166,167]; settlements=[184,165]	sorry..	 	 
243	20:41:23:515	WoodnSheep	clay=0; ore=0; sheep=0; wheat=0; wood=1; unknown=0; knights=0; dev-cards=1	roads=[139,186; 186,203; 203,138; 138,137]; settlements=[186,220]	grrr	 	 
244	20:41:36:047	ztime	clay=0; ore=0; sheep=3; wheat=2; wood=0; unknown=0; knights=0; dev-cards=0	roads=[168,165; 165,166; 166,167]; settlements=[184,165]	ha...	 	 
245	20:41:45:445	Server	 		WoodnSheep rolled a 1 and a 6.	 	 
246	20:41:45:824	somdechn	clay=0; ore=3; sheep=0; wheat=0; wood=1; unknown=0; knights=0; dev-cards=0	roads=[100,118; 118,102; 102,103; 103,84]; settlements=[116,135; 135,120]	good one mate..	 	 
247	20:41:51:780	WoodnSheep	clay=0; ore=0; sheep=0; wheat=0; wood=2; unknown=0; knights=1; dev-cards=0	roads=[139,186; 186,203; 203,138; 138,137]; settlements=[186,220]	I need a clay	 	 
248	20:41:53:977	WoodnSheep	clay=0; ore=0; sheep=0; wheat=0; wood=2; unknown=0; knights=1; dev-cards=0	roads=[139,186; 186,203; 203,138; 138,137]; settlements=[186,220]	I have wood	 	 
249	20:41:58:307	ztime	clay=0; ore=0; sheep=3; wheat=2; wood=0; unknown=0; knights=0; dev-cards=0	roads=[168,165; 165,166; 166,167]; settlements=[184,165]	sorry can't help	 	 
250	20:42:01:984	somdechn	clay=0; ore=3; sheep=0; wheat=0; wood=1; unknown=0; knights=0; dev-cards=0	roads=[100,118; 118,102; 102,103; 103,84]; settlements=[116,135; 135,120]	no clay sorry	 	 
251	20:42:15:765	WoodnSheep	clay=0; ore=0; sheep=0; wheat=0; wood=2; unknown=0; knights=1; dev-cards=0	roads=[139,186; 186,203; 203,138; 138,137]; settlements=[186,220]	I guess the robbers ensured a clay shortage	 	 
252	20:42:23:809	somdechn	clay=0; ore=3; sheep=0; wheat=0; wood=1; unknown=0; knights=0; dev-cards=0	roads=[100,118; 118,102; 102,103; 103,84]; settlements=[116,135; 135,120]	Yep...	 	 
253	20:42:49:717	somdechn	clay=0; ore=2; sheep=0; wheat=0; wood=1; unknown=0; knights=0; dev-cards=0	roads=[100,118; 118,102; 102,103; 103,84]; settlements=[116,135; 135,120]	What happen to 10?? can someone roll 10 please...	 	
254	20:43:02:494	Server	 		somdechn rolled a 4 and a 4.	 	 
255	20:43:02:495	Server	 		somdechn gets 1 sheep. WoodnSheep gets 2 clay.	 	 
256	20:43:13:806	Server	 		ztime rolled a 2 and a 1.	 	 
257	20:43:13:807	Server	 		ztime gets 1 sheep. WoodnSheep gets 1 sheep.	 	 
258	20:43:33:515	ztime	clay=0; ore=0; sheep=4; wheat=2; wood=0; unknown=0; knights=0; dev-cards=0	roads=[168,165; 165,166; 166,167]; settlements=[184,165]	anyone want sheep... I've got a yard full	 	 
259	20:43:42:628	WoodnSheep	clay=2; ore=1; sheep=1; wheat=0; wood=2; unknown=0; knights=1; dev-cards=0	roads=[139,186; 186,203; 203,138; 138,137]; settlements=[186,220]	no thanks	 	 
260	20:43:53:066	ztime	clay=0; ore=0; sheep=4; wheat=2; wood=0; unknown=0; knights=0; dev-cards=0	roads=[168,165; 165,166; 166,167]; settlements=[184,165]	ok	 	 
261	20:43:55:961	somdechn	clay=0; ore=2; sheep=1; wheat=0; wood=1; unknown=0; knights=0; dev-cards=0	roads=[100,118; 118,102; 102,103; 103,84]; settlements=[116,135; 135,120]	trade with the bank..	 	 
262	20:43:59:589	ztime	clay=0; ore=0; sheep=4; wheat=2; wood=0; unknown=0; knights=0; dev-cards=0	roads=[168,165; 165,166; 166,167]; settlements=[184,165]	will do..	 	 
263	20:44:02:188	WoodnSheep	clay=2; ore=1; sheep=1; wheat=0; wood=2; unknown=0; knights=1; dev-cards=0	roads=[139,186; 186,203; 203,138; 138,137]; settlements=[186,220]	unless they come with other stuff free :p	 	 
264	20:44:08:358	ztime	clay=0; ore=0; sheep=4; wheat=2; wood=0; unknown=0; knights=0; dev-cards=0	roads=[168,165; 165,166; 166,167]; settlements=[184,165]	just wool...	 	 
265	20:44:12:361	ztime	clay=0; ore=0; sheep=4; wheat=2; wood=0; unknown=0; knights=0; dev-cards=0	roads=[168,165; 165,166; 166,167]; settlements=[184,165]	and 4 legs	 	 
266	20:44:16:181	WoodnSheep	clay=2; ore=1; sheep=1; wheat=0; wood=2; unknown=0; knights=1; dev-cards=0	roads=[139,186; 186,203; 203,138; 138,137]; settlements=[186,220]	haha	 	 
267	20:44:17:690	WoodnSheep	clay=2; ore=1; sheep=1; wheat=0; wood=2; unknown=0; knights=1; dev-cards=0	roads=[139,186; 186,203; 203,138; 138,137]; settlements=[186,220]	sad times	 	 
268	20:44:28:646	somdechn	clay=0; ore=2; sheep=1; wheat=0; wood=1; unknown=0; knights=0; dev-cards=0	roads=[100,118; 118,102; 102,103; 103,84]; settlements=[116,135; 135,120]	pass...	 	 
269	20:44:52:469	Server	 		ztime traded 4 sheep for 1 ore from the bank.	 	 
270	20:44:59:136	WoodnSheep	clay=2; ore=1; sheep=1; wheat=0; wood=2; unknown=0; knights=1; dev-cards=0	roads=[139,186; 186,203; 203,138; 138,137]; settlements=[186,220]	expensive!	 	 
271	20:45:01:875	Server	 		WoodnSheep rolled a 6 and a 2.	 	 
272	20:45:01:877	Server	 		somdechn gets 1 sheep. WoodnSheep gets 2 clay.	 	 
273	20:45:04:513	ztime	clay=0; ore=1; sheep=0; wheat=2; wood=0; unknown=0; knights=0; dev-cards=0	roads=[168,165; 165,166; 166,167]; settlements=[184,165]	yer	 	 
274	20:45:10:530	WoodnSheep	clay=4; ore=1; sheep=1; wheat=0; wood=2; unknown=0; knights=1; dev-cards=0	roads=[139,186; 186,203; 203,138; 138,137]; settlements=[186,220]	I'd like wheat	 	 
275	20:45:14:203	ztime	clay=0; ore=1; sheep=0; wheat=2; wood=0; unknown=0; knights=0; dev-cards=0	roads=[168,165; 165,166; 166,167]; settlements=[184,165]	for..	 	 
276	20:45:16:796	WoodnSheep	clay=4; ore=1; sheep=1; wheat=0; wood=2; unknown=0; knights=1; dev-cards=0	roads=[139,186; 186,203; 203,138; 138,137]; settlements=[186,220]	I could offer clay	 	 
277	20:45:20:629	ztime	clay=0; ore=1; sheep=0; wheat=2; wood=0; unknown=0; knights=0; dev-cards=0	roads=[168,165; 165,166; 166,167]; settlements=[184,165]	yep	 	 
278	20:45:33:494	somdechn	clay=0; ore=2; sheep=2; wheat=0; wood=1; unknown=0; knights=0; dev-cards=0	roads=[100,118; 118,102; 102,103; 103,84]; settlements=[116,135; 135,120]	I couls give you ore for that.	 	 
279	20:45:34:311	Server	 		WoodnSheep made an offer to trade 1 clay for 1 wheat.	 	 
280	20:45:39:592	Server	 		WoodnSheep traded 1 clay for 1 wheat from ztime.	 	 
281	20:45:44:403	ztime	clay=1; ore=1; sheep=0; wheat=1; wood=0; unknown=0; knights=0; dev-cards=0	roads=[168,165; 165,166; 166,167]; settlements=[184,165]	cool	 	 
282	20:45:45:488	WoodnSheep	clay=3; ore=1; sheep=1; wheat=1; wood=2; unknown=0; knights=1; dev-cards=0	roads=[139,186; 186,203; 203,138; 138,137]; settlements=[186,220]	2 for 2	 	 
283	20:45:55:696	WoodnSheep	clay=3; ore=1; sheep=1; wheat=1; wood=2; unknown=0; knights=1; dev-cards=0	roads=[139,186; 186,203; 203,138; 138,137]; settlements=[186,220]	?	 	 
284	20:46:01:575	ztime	clay=1; ore=1; sheep=0; wheat=1; wood=0; unknown=0; knights=0; dev-cards=0	roads=[168,165; 165,166; 166,167]; settlements=[184,165]	not me..	 	 
285	20:46:13:878	somdechn	clay=0; ore=2; sheep=2; wheat=0; wood=1; unknown=0; knights=0; dev-cards=0	roads=[100,118; 118,102; 102,103; 103,84]; settlements=[116,135; 135,120]	no not me either	 	 
286	20:46:18:521	WoodnSheep	clay=3; ore=1; sheep=1; wheat=1; wood=2; unknown=0; knights=1; dev-cards=0	roads=[139,186; 186,203; 203,138; 138,137]; settlements=[186,220]	cool	 	 
287	20:46:27:131	Server	 		WoodnSheep built a road.	 	 
288	20:46:30:986	Server	 		WoodnSheep built a settlement.	 	 
289	20:46:37:653	Server	 		somdechn rolled a 5 and a 2.	 	 
290	20:47:14:033	Server	 		ztime rolled a 1 and a 5.	 	 
291	20:47:14:034	Server	 		somdechn gets 1 sheep. ztime gets 1 wheat.	 	 
292	20:47:40:594	ztime	clay=1; ore=1; sheep=0; wheat=2; wood=0; unknown=0; knights=0; dev-cards=0	roads=[168,165; 165,166; 166,167]; settlements=[184,165]	now I'm after a sheep... I'll give a wheat	 	 
293	20:47:46:721	somdechn	clay=1; ore=2; sheep=3; wheat=0; wood=1; unknown=0; knights=0; dev-cards=0	roads=[100,118; 118,102; 102,103; 103,84]; settlements=[116,135; 135,120]	yep	 	 
294	20:47:55:498	WoodnSheep	clay=0; ore=1; sheep=0; wheat=0; wood=0; unknown=0; knights=1; dev-cards=0	roads=[139,186; 186,203; 203,138; 138,137; 137,140]; settlements=[186,220; 220,141]	i can't help you	 	 
295	20:48:01:052	Server	 		ztime made an offer to trade 1 wheat for 1 sheep.	 	 
296	20:48:11:024	Server	 		ztime traded 1 wheat for 1 sheep from somdechn.	 	 
297	20:48:19:960	ztime	clay=1; ore=0; sheep=0; wheat=0; wood=0; unknown=0; knights=0; dev-cards=1	roads=[168,165; 165,166; 166,167]; settlements=[184,165]	thanks	 	 
298	20:48:23:856	Server	 		WoodnSheep rolled a 2 and a 2.	 	 
299	20:48:23:857	Server	 		WoodnSheep gets 1 wheat.	 	 
300	20:48:30:766	somdechn	clay=1; ore=2; sheep=2; wheat=1; wood=1; unknown=0; knights=0; dev-cards=0	roads=[100,118; 118,102; 102,103; 103,84]; settlements=[116,135; 135,120]	Nice...	 	 
301	20:48:35:066	Server	 		somdechn rolled a 6 and a 2.	 	 
302	20:48:35:069	Server	 		somdechn gets 1 sheep. WoodnSheep gets 2 clay.	 	 
303	20:48:44:604	Server	 		somdechn built a settlement.	 	 
304	20:49:01:292	Server	 		ztime built a road.	 	 
305	20:49:41:981	ztime	clay=1; ore=0; sheep=0; wheat=0; wood=0; unknown=0; knights=0; dev-cards=0	roads=[168,165; 165,166; 166,167; 167,152]; settlements=[184,165]	weird.. I can't roll or click done?	 	 
306	20:49:53:805	WoodnSheep	clay=2; ore=1; sheep=0; wheat=1; wood=0; unknown=0; knights=1; dev-cards=0	roads=[139,186; 186,203; 203,138; 138,137; 137,140]; settlements=[186,220; 220,141]	strange	 	 
307	20:49:56:499	Server	 		ztime built a road.	 	 
308	20:49:58:571	somdechn	clay=0; ore=2; sheep=2; wheat=0; wood=0; unknown=0; knights=0; dev-cards=0	roads=[100,118; 118,102; 102,103; 103,84]; settlements=[116,135; 135,120; 120,84]	hmmm...	 	 
309	20:50:01:491	ztime	clay=1; ore=0; sheep=0; wheat=0; wood=0; unknown=0; knights=0; dev-cards=0	roads=[168,165; 165,166; 166,167; 167,152; 152,148]; settlements=[184,165]	oh.. I see.. sorry...	 	 
310	20:50:01:788	Server	 		ztime rolled a 6 and a 6.	 	 
311	20:50:01:789	Server	 		No player gets anything.	 	 
312	20:50:14:908	ztime	clay=1; ore=0; sheep=0; wheat=0; wood=0; unknown=0; knights=0; dev-cards=0	roads=[168,165; 165,166; 166,167; 167,152; 152,148]; settlements=[184,165]	I was still playing my dev card..	 	 
313	20:50:22:468	Server	 		WoodnSheep rolled a 5 and a 2.	 	 
314	20:50:54:739	WoodnSheep	clay=2; ore=2; sheep=0; wheat=1; wood=0; unknown=0; knights=1; dev-cards=0	roads=[139,186; 186,203; 203,138; 138,137; 137,140]; settlements=[186,220; 220,141]	Clay for sheep?	 	 
315	20:51:03:688	ztime	clay=1; ore=0; sheep=0; wheat=0; wood=0; unknown=0; knights=0; dev-cards=0	roads=[168,165; 165,166; 166,167; 167,152; 152,148]; settlements=[184,165]	sorry	 	 
316	20:51:06:875	somdechn	clay=0; ore=1; sheep=2; wheat=0; wood=0; unknown=0; knights=0; dev-cards=0	roads=[100,118; 118,102; 102,103; 103,84]; settlements=[116,135; 135,120; 120,84]	I'll give you sheep	 	 
317	20:51:46:077	WoodnSheep	clay=2; ore=2; sheep=0; wheat=1; wood=0; unknown=0; knights=1; dev-cards=0	roads=[139,186; 186,203; 203,138; 138,137; 137,140]; settlements=[186,220; 220,141]	no thanks	 	 
318	20:51:51:963	Server	 		somdechn rolled a 2 and a 1.	 	 
319	20:51:51:964	Server	 		somdechn gets 1 ore. ztime gets 1 sheep. WoodnSheep gets 1 sheep.	 	 
320	20:52:19:367	somdechn	clay=0; ore=2; sheep=2; wheat=0; wood=0; unknown=0; knights=0; dev-cards=0	roads=[100,118; 118,102; 102,103; 103,84]; settlements=[116,135; 135,120; 120,84]	I can give my sheep for anything...	 	 
321	20:52:42:576	WoodnSheep	clay=2; ore=2; sheep=1; wheat=1; wood=0; unknown=0; knights=1; dev-cards=0	roads=[139,186; 186,203; 203,138; 138,137; 137,140]; settlements=[186,220; 220,141]	nah	 	 
322	20:52:43:181	ztime	clay=1; ore=0; sheep=1; wheat=0; wood=0; unknown=0; knights=0; dev-cards=0	roads=[168,165; 165,166; 166,167; 167,152; 152,148]; settlements=[184,165]	sorry	 	 
323	20:52:47:832	somdechn	clay=0; ore=2; sheep=2; wheat=0; wood=0; unknown=0; knights=0; dev-cards=0	roads=[100,118; 118,102; 102,103; 103,84]; settlements=[116,135; 135,120; 120,84]	OK.	 	 
324	20:52:58:111	Server	 		ztime rolled a 1 and a 1.	 	 
325	20:52:58:113	Server	 		ztime gets 1 wood.	 	 
326	20:53:26:437	Server	 		ztime built a road.	 	 
327	20:53:32:099	Server	 		WoodnSheep rolled a 4 and a 3.	 	 
328	20:53:44:437	somdechn	clay=0; ore=1; sheep=2; wheat=0; wood=0; unknown=0; knights=0; dev-cards=0	roads=[100,118; 118,102; 102,103; 103,84]; settlements=[116,135; 135,120; 120,84]	L. Road.. nice..	 	 
329	20:53:55:033	ztime	clay=0; ore=0; sheep=1; wheat=0; wood=0; unknown=0; knights=0; dev-cards=0	roads=[168,165; 165,166; 166,167; 167,152; 152,148; 148,131]; settlements=[184,165]	:-)	 	 
330	20:54:04:054	WoodnSheep	clay=2; ore=3; sheep=1; wheat=1; wood=0; unknown=0; knights=1; dev-cards=0	roads=[139,186; 186,203; 203,138; 138,137; 137,140]; settlements=[186,220; 220,141]	I'd like a wheat?	 	 
331	20:54:07:010	WoodnSheep	clay=2; ore=3; sheep=1; wheat=1; wood=0; unknown=0; knights=1; dev-cards=0	roads=[139,186; 186,203; 203,138; 138,137; 137,140]; settlements=[186,220; 220,141]	I have clay	 	 
332	20:54:12:185	ztime	clay=0; ore=0; sheep=1; wheat=0; wood=0; unknown=0; knights=0; dev-cards=0	roads=[168,165; 165,166; 166,167; 167,152; 152,148; 148,131]; settlements=[184,165]	sorry can't help there	 	 
333	20:54:13:046	somdechn	clay=0; ore=1; sheep=2; wheat=0; wood=0; unknown=0; knights=0; dev-cards=0	roads=[100,118; 118,102; 102,103; 103,84]; settlements=[116,135; 135,120; 120,84]	Nop...	 	 
334	20:54:29:961	WoodnSheep	clay=2; ore=3; sheep=1; wheat=1; wood=0; unknown=0; knights=1; dev-cards=0	roads=[139,186; 186,203; 203,138; 138,137; 137,140]; settlements=[186,220; 220,141]	any chance of a wood?	 	 
335	20:54:34:964	ztime	clay=0; ore=0; sheep=1; wheat=0; wood=0; unknown=0; knights=0; dev-cards=0	roads=[168,165; 165,166; 166,167; 167,152; 152,148; 148,131]; settlements=[184,165]	na	 	 
336	20:54:46:701	somdechn	clay=0; ore=1; sheep=2; wheat=0; wood=0; unknown=0; knights=0; dev-cards=0	roads=[100,118; 118,102; 102,103; 103,84]; settlements=[116,135; 135,120; 120,84]	wheat producer do not have a wheat... sad one.	 	 
337	20:55:06:681	Server	 		somdechn rolled a 6 and a 3.	 	 
338	20:55:06:682	Server	 		somdechn gets 1 clay. ztime gets 1 clay. WoodnSheep gets 3 wood.	 	 
339	20:55:42:084	somdechn	clay=1; ore=1; sheep=2; wheat=0; wood=0; unknown=0; knights=0; dev-cards=0	roads=[100,118; 118,102; 102,103; 103,84]; settlements=[116,135; 135,120; 120,84]	I need wood or wheat.  I can give my sheep	 	 
340	20:55:50:757	WoodnSheep	clay=2; ore=2; sheep=0; wheat=0; wood=3; unknown=0; knights=1; dev-cards=1	roads=[139,186; 186,203; 203,138; 138,137; 137,140]; settlements=[186,220; 220,141]	no can do	 	 
341	20:55:56:469	ztime	clay=1; ore=0; sheep=1; wheat=0; wood=0; unknown=0; knights=0; dev-cards=0	roads=[168,165; 165,166; 166,167; 167,152; 152,148; 148,131]; settlements=[184,165]	sorry	 	 
342	20:56:05:187	Server	 		ztime rolled a 2 and a 6.	 	 
343	20:56:05:188	Server	 		WoodnSheep gets 2 clay.	 	 
344	20:56:16:074	WoodnSheep	clay=4; ore=2; sheep=0; wheat=0; wood=3; unknown=0; knights=1; dev-cards=1	roads=[139,186; 186,203; 203,138; 138,137; 137,140]; settlements=[186,220; 220,141]	I've only just noticed the puppy	 	 
345	20:56:21:688	WoodnSheep	clay=4; ore=2; sheep=0; wheat=0; wood=3; unknown=0; knights=1; dev-cards=1	roads=[139,186; 186,203; 203,138; 138,137; 137,140]; settlements=[186,220; 220,141]	were they randomly assigned?	 	 
346	20:56:24:241	ztime	clay=1; ore=0; sheep=1; wheat=0; wood=0; unknown=0; knights=0; dev-cards=0	roads=[168,165; 165,166; 166,167; 167,152; 152,148; 148,131]; settlements=[184,165]	yer.. it just happened..	 	 
347	20:56:30:995	ztime	clay=1; ore=0; sheep=1; wheat=0; wood=0; unknown=0; knights=0; dev-cards=0	roads=[168,165; 165,166; 166,167; 167,152; 152,148; 148,131]; settlements=[184,165]	no you can change it..	 	 
348	20:56:31:455	Server	 		WoodnSheep rolled a 5 and a 6.	 	 
349	20:56:31:455	Server	 		somdechn gets 2 ore.	 	 
350	20:56:50:373	somdechn	clay=1; ore=3; sheep=2; wheat=0; wood=0; unknown=0; knights=0; dev-cards=0	roads=[100,118; 118,102; 102,103; 103,84]; settlements=[116,135; 135,120; 120,84]	nice doggy	 	 
351	20:57:05:542	WoodnSheep	clay=4; ore=2; sheep=0; wheat=0; wood=3; unknown=0; knights=1; dev-cards=1	roads=[139,186; 186,203; 203,138; 138,137; 137,140]; settlements=[186,220; 220,141]	anyone got wheat?	 	 
352	20:57:10:163	somdechn	clay=1; ore=3; sheep=2; wheat=0; wood=0; unknown=0; knights=0; dev-cards=0	roads=[100,118; 118,102; 102,103; 103,84]; settlements=[116,135; 135,120; 120,84]	Nop	 	 
353	20:57:12:135	ztime	clay=1; ore=0; sheep=1; wheat=0; wood=0; unknown=0; knights=0; dev-cards=0	roads=[168,165; 165,166; 166,167; 167,152; 152,148; 148,131]; settlements=[184,165]	nope sorry	 	 
354	20:57:51:405	ztime	clay=1; ore=0; sheep=1; wheat=0; wood=0; unknown=0; knights=0; dev-cards=0	roads=[168,165; 165,166; 166,167; 167,152; 152,148; 148,131]; settlements=[184,165]	you're holding a lot of cards there...	 	 
355	20:58:04:265	ztime	clay=1; ore=0; sheep=1; wheat=0; wood=0; unknown=0; knights=0; dev-cards=0	roads=[168,165; 165,166; 166,167; 167,152; 152,148; 148,131]; settlements=[184,165]	ADDTIME	 	 
356	20:58:26:943	Server	 		WoodnSheep built a road.	 	 
357	20:58:26:966	ztime	clay=1; ore=0; sheep=1; wheat=0; wood=0; unknown=0; knights=0; dev-cards=0	roads=[168,165; 165,166; 166,167; 167,152; 152,148; 148,131]; settlements=[184,165]	no tinky pictures?	 	 
358	20:58:29:212	Server	 		WoodnSheep built a road.	 	 
359	20:58:31:896	Server	 		WoodnSheep built a road.	 	 
360	20:58:38:408	somdechn	clay=1; ore=3; sheep=2; wheat=0; wood=0; unknown=0; knights=0; dev-cards=0	roads=[100,118; 118,102; 102,103; 103,84]; settlements=[116,135; 135,120; 120,84]	I have to look for it.	 	 
361	20:58:41:115	Server	 		somdechn rolled a 4 and a 4.	 	 
362	20:58:41:116	Server	 		WoodnSheep gets 2 clay.	 	 
363	20:58:52:392	somdechn	clay=1; ore=3; sheep=2; wheat=0; wood=0; unknown=0; knights=0; dev-cards=0	roads=[100,118; 118,102; 102,103; 103,84]; settlements=[116,135; 135,120; 120,84]	Who bloack my 8??	 	 
364	20:59:13:470	Server	 		ztime rolled a 3 and a 4.	 	 
365	20:59:13:763	ztime	clay=1; ore=0; sheep=1; wheat=0; wood=0; unknown=0; knights=0; dev-cards=0	roads=[168,165; 165,166; 166,167; 167,152; 152,148; 148,131]; settlements=[184,165]	not me bro..	 	 
366	20:59:22:428	WoodnSheep	clay=2; ore=2; sheep=0; wheat=0; wood=0; unknown=0; knights=1; dev-cards=1	roads=[139,186; 186,203; 203,138; 138,137; 137,140; 140,122; 122,105; 105,88]; settlements=[186,220; 220,141]	also not guilty	 	 
367	20:59:40:155	somdechn	clay=1; ore=3; sheep=2; wheat=0; wood=0; unknown=0; knights=0; dev-cards=0	roads=[100,118; 118,102; 102,103; 103,84]; settlements=[116,135; 135,120; 120,84]	Ha...	 	 
368	21:00:10:175	ztime	clay=2; ore=0; sheep=1; wheat=0; wood=0; unknown=0; knights=0; dev-cards=0	roads=[168,165; 165,166; 166,167; 167,152; 152,148; 148,131]; settlements=[184,165]	I'm after wood... for clay	 	 
369	21:00:16:145	WoodnSheep	clay=2; ore=2; sheep=0; wheat=0; wood=0; unknown=0; knights=1; dev-cards=1	roads=[139,186; 186,203; 203,138; 138,137; 137,140; 140,122; 122,105; 105,88]; settlements=[186,220; 220,141]	sorry	 	 
370	21:00:24:455	somdechn	clay=1; ore=3; sheep=2; wheat=0; wood=0; unknown=0; knights=0; dev-cards=0	roads=[100,118; 118,102; 102,103; 103,84]; settlements=[116,135; 135,120; 120,84]	Got no wood..	 	 
371	21:00:28:811	ztime	clay=2; ore=0; sheep=1; wheat=0; wood=0; unknown=0; knights=0; dev-cards=0	roads=[168,165; 165,166; 166,167; 167,152; 152,148; 148,131]; settlements=[184,165]	:-)	 	 
372	21:00:55:796	Server	 		WoodnSheep rolled a 1 and a 3.	 	 
373	21:00:55:797	Server	 		somdechn gets 1 sheep. WoodnSheep gets 1 wheat.	 	 
374	21:01:08:818	WoodnSheep	clay=2; ore=3; sheep=0; wheat=1; wood=0; unknown=0; knights=2; dev-cards=0	roads=[139,186; 186,203; 203,138; 138,137; 137,140; 140,122; 122,105; 105,88]; settlements=[186,220; 220,141]	I'd like wheat?	 	 
375	21:01:11:461	WoodnSheep	clay=2; ore=3; sheep=0; wheat=1; wood=0; unknown=0; knights=2; dev-cards=0	roads=[139,186; 186,203; 203,138; 138,137; 137,140; 140,122; 122,105; 105,88]; settlements=[186,220; 220,141]	I have clay	 	 
376	21:01:15:366	ztime	clay=2; ore=0; sheep=1; wheat=0; wood=0; unknown=0; knights=0; dev-cards=0	roads=[168,165; 165,166; 166,167; 167,152; 152,148; 148,131]; settlements=[184,165]	soz	 	 
377	21:01:24:875	somdechn	clay=1; ore=2; sheep=3; wheat=0; wood=0; unknown=0; knights=0; dev-cards=0	roads=[100,118; 118,102; 102,103; 103,84]; settlements=[116,135; 135,120; 120,84]	Same here... so can't trade	 	 
378	21:01:32:346	WoodnSheep	clay=2; ore=3; sheep=0; wheat=1; wood=0; unknown=0; knights=2; dev-cards=0	roads=[139,186; 186,203; 203,138; 138,137; 137,140; 140,122; 122,105; 105,88]; settlements=[186,220; 220,141]	I'm guessing I'm out of luck on the wood front too?	 	 
379	21:01:38:324	ztime	clay=2; ore=0; sheep=1; wheat=0; wood=0; unknown=0; knights=0; dev-cards=0	roads=[168,165; 165,166; 166,167; 167,152; 152,148; 148,131]; settlements=[184,165]	sorry..	 	 
380	21:01:40:867	somdechn	clay=1; ore=2; sheep=3; wheat=0; wood=0; unknown=0; knights=0; dev-cards=0	roads=[100,118; 118,102; 102,103; 103,84]; settlements=[116,135; 135,120; 120,84]	yep...	 	 
381	21:01:50:156	somdechn	clay=1; ore=2; sheep=3; wheat=0; wood=0; unknown=0; knights=0; dev-cards=0	roads=[100,118; 118,102; 102,103; 103,84]; settlements=[116,135; 135,120; 120,84]	No wood either	 	 
382	21:01:51:455	WoodnSheep	clay=2; ore=3; sheep=0; wheat=1; wood=0; unknown=0; knights=2; dev-cards=0	roads=[139,186; 186,203; 203,138; 138,137; 137,140; 140,122; 122,105; 105,88]; settlements=[186,220; 220,141]	can I get a sheep?	 	 
383	21:01:57:110	somdechn	clay=1; ore=2; sheep=3; wheat=0; wood=0; unknown=0; knights=0; dev-cards=0	roads=[100,118; 118,102; 102,103; 103,84]; settlements=[116,135; 135,120; 120,84]	Sure	 	 
384	21:02:03:046	WoodnSheep	clay=2; ore=3; sheep=0; wheat=1; wood=0; unknown=0; knights=2; dev-cards=0	roads=[139,186; 186,203; 203,138; 138,137; 137,140; 140,122; 122,105; 105,88]; settlements=[186,220; 220,141]	for a clay?	 	 
385	21:02:06:336	ztime	clay=2; ore=0; sheep=1; wheat=0; wood=0; unknown=0; knights=0; dev-cards=0	roads=[168,165; 165,166; 166,167; 167,152; 152,148; 148,131]; settlements=[184,165]	NZ is the right place for that!	 	 
386	21:02:09:207	somdechn	clay=1; ore=2; sheep=3; wheat=0; wood=0; unknown=0; knights=0; dev-cards=0	roads=[100,118; 118,102; 102,103; 103,84]; settlements=[116,135; 135,120; 120,84]	yep..	 	 
387	21:02:10:663	WoodnSheep	clay=2; ore=3; sheep=0; wheat=1; wood=0; unknown=0; knights=2; dev-cards=0	roads=[139,186; 186,203; 203,138; 138,137; 137,140; 140,122; 122,105; 105,88]; settlements=[186,220; 220,141]	haha	 	
388	21:02:20:057	Server	 		WoodnSheep made an offer to trade 1 clay for 1 sheep.	 	 
389	21:02:23:225	Server	 		WoodnSheep traded 1 clay for 1 sheep from somdechn.	 	 
390	21:02:35:949	Server	 		WoodnSheep traded 3 ore for 1 wood from a port.	 	 
391	21:02:41:428	Server	 		WoodnSheep built a settlement.	 	 
392	21:02:51:227	Server	 		somdechn rolled a 3 and a 5.	 	 
393	21:02:51:228	Server	 		somdechn gets 2 sheep. WoodnSheep gets 2 clay.	 	 
394	21:02:55:564	somdechn	clay=2; ore=2; sheep=4; wheat=0; wood=0; unknown=0; knights=0; dev-cards=0	roads=[100,118; 118,102; 102,103; 103,84]; settlements=[116,135; 135,120; 120,84]	No... what I've jut done...	 	 
395	21:03:12:248	ztime	clay=2; ore=0; sheep=1; wheat=0; wood=0; unknown=0; knights=0; dev-cards=0	roads=[168,165; 165,166; 166,167; 167,152; 152,148; 148,131]; settlements=[184,165]	errr?	 	 
396	21:03:30:760	Server	 		somdechn traded 4 sheep for 1 wood from the bank.	 	 
397	21:03:37:783	Server	 		somdechn built a road.	 	 
398	21:03:47:453	Server	 		ztime rolled a 4 and a 1.	 	 
399	21:03:47:456	Server	 		somdechn gets 1 ore, 1 wood. WoodnSheep gets 2 ore.	 	 
400	21:03:47:489	ztime	clay=2; ore=0; sheep=1; wheat=0; wood=0; unknown=0; knights=0; dev-cards=0	roads=[168,165; 165,166; 166,167; 167,152; 152,148; 148,131]; settlements=[184,165]	expensive eh..	 	 
401	21:04:22:147	ztime	clay=2; ore=0; sheep=1; wheat=0; wood=0; unknown=0; knights=0; dev-cards=0	roads=[168,165; 165,166; 166,167; 167,152; 152,148; 148,131]; settlements=[184,165]	anyone want a clay? I'm after ore	 	 
402	21:04:28:866	WoodnSheep	clay=2; ore=2; sheep=0; wheat=0; wood=0; unknown=0; knights=2; dev-cards=0	roads=[139,186; 186,203; 203,138; 138,137; 137,140; 140,122; 122,105; 105,88]; settlements=[186,220; 220,141; 141,88]	sorry	 	 
403	21:04:38:279	somdechn	clay=1; ore=3; sheep=0; wheat=0; wood=1; unknown=0; knights=0; dev-cards=0	roads=[100,118; 118,102; 102,103; 103,84; 84,86]; settlements=[116,135; 135,120; 120,84]	no.... thanks	 	 
404	21:04:39:226	ztime	clay=2; ore=0; sheep=1; wheat=0; wood=0; unknown=0; knights=0; dev-cards=0	roads=[168,165; 165,166; 166,167; 167,152; 152,148; 148,131]; settlements=[184,165]	K	 	 
405	21:04:45:258	Server	 		WoodnSheep rolled a 5 and a 1.	 	 
406	21:04:45:258	Server	 		somdechn gets 1 sheep. ztime gets 1 wheat. WoodnSheep gets 1 sheep.	 	 
407	21:05:04:675	WoodnSheep	clay=2; ore=2; sheep=1; wheat=0; wood=0; unknown=0; knights=2; dev-cards=0	roads=[139,186; 186,203; 203,138; 138,137; 137,140; 140,122; 122,105; 105,88]; settlements=[186,220; 220,141; 141,88]	any chance of a wheat?	 	 
408	21:05:15:762	ztime	clay=2; ore=0; sheep=1; wheat=1; wood=0; unknown=0; knights=0; dev-cards=0	roads=[168,165; 165,166; 166,167; 167,152; 152,148; 148,131]; settlements=[184,165]	no sorry	 	 
409	21:05:16:291	somdechn	clay=1; ore=3; sheep=1; wheat=0; wood=1; unknown=0; knights=0; dev-cards=0	roads=[100,118; 118,102; 102,103; 103,84; 84,86]; settlements=[116,135; 135,120; 120,84]	I need that too...	 	 
410	21:05:22:417	WoodnSheep	clay=2; ore=2; sheep=1; wheat=0; wood=0; unknown=0; knights=2; dev-cards=0	roads=[139,186; 186,203; 203,138; 138,137; 137,140; 140,122; 122,105; 105,88]; settlements=[186,220; 220,141; 141,88]	wood?	 	 
411	21:05:27:517	ztime	clay=2; ore=0; sheep=1; wheat=1; wood=0; unknown=0; knights=0; dev-cards=0	roads=[168,165; 165,166; 166,167; 167,152; 152,148; 148,131]; settlements=[184,165]	nope	 	 
412	21:05:31:745	somdechn	clay=1; ore=3; sheep=1; wheat=0; wood=1; unknown=0; knights=0; dev-cards=0	roads=[100,118; 118,102; 102,103; 103,84; 84,86]; settlements=[116,135; 135,120; 120,84]	agin no...	 	 
413	21:05:39:025	Server	 		somdechn rolled a 5 and a 3.	 	 
414	21:05:39:026	Server	 		somdechn gets 2 sheep. WoodnSheep gets 2 clay.	 	 
415	21:06:21:705	Server	 		ztime rolled a 6 and a 4.	 	 
416	21:06:21:707	Server	 		somdechn gets 2 clay. WoodnSheep gets 2 wheat.	 	 
417	21:06:34:630	somdechn	clay=3; ore=3; sheep=3; wheat=0; wood=1; unknown=0; knights=0; dev-cards=0	roads=[100,118; 118,102; 102,103; 103,84; 84,86]; settlements=[116,135; 135,120; 120,84]	Wheat....	 	 
418	21:06:48:002	ztime	clay=2; ore=0; sheep=1; wheat=1; wood=0; unknown=0; knights=0; dev-cards=0	roads=[168,165; 165,166; 166,167; 167,152; 152,148; 148,131]; settlements=[184,165]	?	 	 
419	21:06:56:354	ztime	clay=2; ore=0; sheep=1; wheat=1; wood=0; unknown=0; knights=0; dev-cards=0	roads=[168,165; 165,166; 166,167; 167,152; 152,148; 148,131]; settlements=[184,165]	You want to trade wheat...	 	 
420	21:07:00:600	ztime	clay=2; ore=0; sheep=1; wheat=1; wood=0; unknown=0; knights=0; dev-cards=0	roads=[168,165; 165,166; 166,167; 167,152; 152,148; 148,131]; settlements=[184,165]	You want to trade wheat...?	 	 
421	21:07:11:845	somdechn	clay=3; ore=3; sheep=3; wheat=0; wood=1; unknown=0; knights=0; dev-cards=0	roads=[100,118; 118,102; 102,103; 103,84; 84,86]; settlements=[116,135; 135,120; 120,84]	WoodnSheep has heaps of it now.	 	 
422	21:07:20:551	ztime	clay=2; ore=0; sheep=1; wheat=1; wood=0; unknown=0; knights=0; dev-cards=0	roads=[168,165; 165,166; 166,167; 167,152; 152,148; 148,131]; settlements=[184,165]	I'm after ore	 	 
423	21:07:24:199	WoodnSheep	clay=4; ore=2; sheep=1; wheat=2; wood=0; unknown=0; knights=2; dev-cards=0	roads=[139,186; 186,203; 203,138; 138,137; 137,140; 140,122; 122,105; 105,88]; settlements=[186,220; 220,141; 141,88]	ha I would say heaps is an exageration	 	 
424	21:07:31:325	ztime	clay=2; ore=0; sheep=1; wheat=1; wood=0; unknown=0; knights=0; dev-cards=0	roads=[168,165; 165,166; 166,167; 167,152; 152,148; 148,131]; settlements=[184,165]	for clay	 	 
425	21:07:31:441	WoodnSheep	clay=4; ore=2; sheep=1; wheat=2; wood=0; unknown=0; knights=2; dev-cards=0	roads=[139,186; 186,203; 203,138; 138,137; 137,140; 140,122; 122,105; 105,88]; settlements=[186,220; 220,141; 141,88]	I still need wood	 	 
426	21:07:40:738	somdechn	clay=3; ore=3; sheep=3; wheat=0; wood=1; unknown=0; knights=0; dev-cards=0	roads=[100,118; 118,102; 102,103; 103,84; 84,86]; settlements=[116,135; 135,120; 120,84]	compare to us it's heaps..	 	 
427	21:07:42:884	ztime	clay=2; ore=0; sheep=1; wheat=1; wood=0; unknown=0; knights=0; dev-cards=0	roads=[168,165; 165,166; 166,167; 167,152; 152,148; 148,131]; settlements=[184,165]	clay for ore?	 	 
428	21:07:52:945	somdechn	clay=3; ore=3; sheep=3; wheat=0; wood=1; unknown=0; knights=0; dev-cards=0	roads=[100,118; 118,102; 102,103; 103,84; 84,86]; settlements=[116,135; 135,120; 120,84]	yep...	 	 
429	21:07:55:736	ztime	clay=2; ore=0; sheep=1; wheat=1; wood=0; unknown=0; knights=0; dev-cards=0	roads=[168,165; 165,166; 166,167; 167,152; 152,148; 148,131]; settlements=[184,165]	cool	 	 
430	21:07:58:171	WoodnSheep	clay=4; ore=2; sheep=1; wheat=2; wood=0; unknown=0; knights=2; dev-cards=0	roads=[139,186; 186,203; 203,138; 138,137; 137,140; 140,122; 122,105; 105,88]; settlements=[186,220; 220,141; 141,88]	as in you'll give ore for clay?	 	 
431	21:08:13:271	ztime	clay=2; ore=0; sheep=1; wheat=1; wood=0; unknown=0; knights=0; dev-cards=0	roads=[168,165; 165,166; 166,167; 167,152; 152,148; 148,131]; settlements=[184,165]	no other way.. I'll give clay	 	 
432	21:08:17:174	WoodnSheep	clay=4; ore=2; sheep=1; wheat=2; wood=0; unknown=0; knights=2; dev-cards=0	roads=[139,186; 186,203; 203,138; 138,137; 137,140; 140,122; 122,105; 105,88]; settlements=[186,220; 220,141; 141,88]	ah no sorry	 	 
433	21:08:20:422	Server	 		ztime made an offer to trade 1 clay for 1 ore.	 	 
434	21:08:28:768	Server	 		ztime traded 1 clay for 1 ore from somdechn.	 	 
435	21:08:32:410	ztime	clay=1; ore=1; sheep=1; wheat=1; wood=0; unknown=0; knights=0; dev-cards=0	roads=[168,165; 165,166; 166,167; 167,152; 152,148; 148,131]; settlements=[184,165]	ta	 	 
436	21:08:36:062	WoodnSheep	clay=4; ore=2; sheep=1; wheat=2; wood=0; unknown=0; knights=2; dev-cards=0	roads=[139,186; 186,203; 203,138; 138,137; 137,140; 140,122; 122,105; 105,88]; settlements=[186,220; 220,141; 141,88]	Little ore shortage going on my end	 	 
437	21:08:48:062	Server	 		WoodnSheep rolled a 3 and a 3.	 	 
438	21:08:48:063	Server	 		somdechn gets 1 sheep. ztime gets 1 wheat. WoodnSheep gets 1 sheep.	 	 
439	21:09:40:461	Server	 		WoodnSheep traded 3 clay for 1 wood from a port.	 	 
440	21:09:52:751	Server	 		WoodnSheep built a road.	 	 
441	21:10:01:314	Server	 		somdechn rolled a 6 and a 4.	 	 
442	21:10:01:315	Server	 		somdechn gets 2 clay. WoodnSheep gets 2 wheat.	 	 
443	21:10:21:499	somdechn	clay=6; ore=2; sheep=4; wheat=0; wood=1; unknown=0; knights=0; dev-cards=0	roads=[100,118; 118,102; 102,103; 103,84; 84,86]; settlements=[116,135; 135,120; 120,84]	I can give clay for wheat	 	 
444	21:10:29:165	ztime	clay=1; ore=0; sheep=0; wheat=1; wood=0; unknown=0; knights=0; dev-cards=1	roads=[168,165; 165,166; 166,167; 167,152; 152,148; 148,131]; settlements=[184,165]	sorry	 	 
445	21:10:46:794	WoodnSheep	clay=0; ore=0; sheep=0; wheat=2; wood=0; unknown=0; knights=2; dev-cards=2	roads=[139,186; 186,203; 203,138; 138,137; 137,140; 140,122; 122,105; 105,88; 88,204]; settlements=[186,220; 220,141; 141,88]	sorry	 	 
446	21:10:56:110	Server	 		somdechn traded 4 clay for 1 wheat from the bank.	 	 
447	21:11:02:183	Server	 		somdechn built a settlement.	 	 
448	21:11:11:073	ztime	clay=1; ore=0; sheep=0; wheat=1; wood=0; unknown=0; knights=0; dev-cards=1	roads=[168,165; 165,166; 166,167; 167,152; 152,148; 148,131]; settlements=[184,165]	nice one..	 	 
449	21:11:16:172	Server	 		ztime rolled a 2 and a 4.	 	 
450	21:11:16:173	Server	 		somdechn gets 2 sheep. ztime gets 1 wheat. WoodnSheep gets 1 sheep.	 	 
451	21:12:00:497	Server	 		WoodnSheep rolled a 2 and a 3.	 	 
452	21:12:00:499	Server	 		somdechn gets 1 ore, 1 wood. WoodnSheep gets 2 ore.	 	 
453	21:12:11:154	ztime	clay=1; ore=0; sheep=0; wheat=2; wood=0; unknown=0; knights=0; dev-cards=1	roads=[168,165; 165,166; 166,167; 167,152; 152,148; 148,131]; settlements=[184,165]	good one on the army	 	 
454	21:12:17:087	Server	 		WoodnSheep built a city.	 	 
455	21:12:22:639	somdechn	clay=1; ore=2; sheep=5; wheat=0; wood=1; unknown=0; knights=0; dev-cards=0	roads=[100,118; 118,102; 102,103; 103,84; 84,86]; settlements=[116,135; 135,120; 120,84; 84,86]	hey hey...	 	 
456	21:12:33:964	Server	 		somdechn rolled a 6 and a 3.	 	 
457	21:12:33:965	Server	 		somdechn gets 1 clay. ztime gets 1 clay. WoodnSheep gets 3 wood.	 	 
458	21:13:02:332	somdechn	clay=2; ore=2; sheep=5; wheat=0; wood=1; unknown=0; knights=0; dev-cards=0	roads=[100,118; 118,102; 102,103; 103,84; 84,86]; settlements=[116,135; 135,120; 120,84; 84,86]	Sheep anyone	 	 
459	21:13:08:961	ztime	clay=2; ore=0; sheep=0; wheat=2; wood=0; unknown=0; knights=0; dev-cards=1	roads=[168,165; 165,166; 166,167; 167,152; 152,148; 148,131]; settlements=[184,165]	you giving?	 	 
460	21:13:12:662	WoodnSheep	clay=0; ore=0; sheep=1; wheat=0; wood=3; unknown=0; knights=3; dev-cards=1	roads=[139,186; 186,203; 203,138; 138,137; 137,140; 140,122; 122,105; 105,88; 88,204]; settlements=[220,141; 141,88]; cities=[139,186]	you want?	 	 
461	21:13:14:146	somdechn	clay=2; ore=2; sheep=5; wheat=0; wood=1; unknown=0; knights=0; dev-cards=0	roads=[100,118; 118,102; 102,103; 103,84; 84,86]; settlements=[116,135; 135,120; 120,84; 84,86]	I can give you sheep for anything	 	 
462	21:13:20:170	WoodnSheep	clay=0; ore=0; sheep=1; wheat=0; wood=3; unknown=0; knights=3; dev-cards=1	roads=[139,186; 186,203; 203,138; 138,137; 137,140; 140,122; 122,105; 105,88; 88,204]; settlements=[220,141; 141,88]; cities=[139,186]	ah nah sorry	 	 
463	21:13:26:105	ztime	clay=2; ore=0; sheep=0; wheat=2; wood=0; unknown=0; knights=0; dev-cards=1	roads=[168,165; 165,166; 166,167; 167,152; 152,148; 148,131]; settlements=[184,165]	OK... let me think	 	 
464	21:13:34:497	ztime	clay=2; ore=0; sheep=0; wheat=2; wood=0; unknown=0; knights=0; dev-cards=1	roads=[168,165; 165,166; 166,167; 167,152; 152,148; 148,131]; settlements=[184,165]	for a clay...	 	 
465	21:13:41:657	somdechn	clay=2; ore=2; sheep=5; wheat=0; wood=1; unknown=0; knights=0; dev-cards=0	roads=[100,118; 118,102; 102,103; 103,84; 84,86]; settlements=[116,135; 135,120; 120,84; 84,86]	yep...	 	 
466	21:13:43:746	ztime	clay=2; ore=0; sheep=0; wheat=2; wood=0; unknown=0; knights=0; dev-cards=1	roads=[168,165; 165,166; 166,167; 167,152; 152,148; 148,131]; settlements=[184,165]	ok	 	 
467	21:13:47:934	ztime	clay=2; ore=0; sheep=0; wheat=2; wood=0; unknown=0; knights=0; dev-cards=1	roads=[168,165; 165,166; 166,167; 167,152; 152,148; 148,131]; settlements=[184,165]	set it up	 	 
468	21:13:57:010	Server	 		somdechn made an offer to trade 1 sheep for 1 clay.	 	 
469	21:13:59:519	Server	 		somdechn traded 1 sheep for 1 clay from ztime.	 	 
470	21:14:23:986	Server	 		somdechn built a road.	 	 
471	21:14:32:609	Server	 		ztime rolled a 1 and a 3.	 	 
472	21:14:32:611	Server	 		somdechn gets 1 sheep. WoodnSheep gets 2 wheat.	 	 
473	21:14:48:390	ztime	clay=1; ore=0; sheep=1; wheat=2; wood=0; unknown=0; knights=0; dev-cards=1	roads=[168,165; 165,166; 166,167; 167,152; 152,148; 148,131]; settlements=[184,165]	anyone want wheat?	 	 
474	21:14:55:177	somdechn	clay=2; ore=2; sheep=5; wheat=0; wood=0; unknown=0; knights=0; dev-cards=0	roads=[100,118; 118,102; 102,103; 103,84; 84,86; 86,68]; settlements=[116,135; 135,120; 120,84; 84,86]	yes	 	 
475	21:14:56:799	WoodnSheep	clay=0; ore=0; sheep=1; wheat=2; wood=3; unknown=0; knights=3; dev-cards=1	roads=[139,186; 186,203; 203,138; 138,137; 137,140; 140,122; 122,105; 105,88; 88,204]; settlements=[220,141; 141,88]; cities=[139,186]	no thanks	 	 
476	21:14:58:327	ztime	clay=1; ore=0; sheep=1; wheat=2; wood=0; unknown=0; knights=0; dev-cards=1	roads=[168,165; 165,166; 166,167; 167,152; 152,148; 148,131]; settlements=[184,165]	I am after anyting	 	 
477	21:15:14:797	somdechn	clay=2; ore=2; sheep=5; wheat=0; wood=0; unknown=0; knights=0; dev-cards=0	roads=[100,118; 118,102; 102,103; 103,84; 84,86; 86,68]; settlements=[116,135; 135,120; 120,84; 84,86]	clay	 	 
478	21:15:18:919	ztime	clay=1; ore=0; sheep=1; wheat=2; wood=0; unknown=0; knights=0; dev-cards=1	roads=[168,165; 165,166; 166,167; 167,152; 152,148; 148,131]; settlements=[184,165]	wood?	 	 
479	21:15:25:530	somdechn	clay=2; ore=2; sheep=5; wheat=0; wood=0; unknown=0; knights=0; dev-cards=0	roads=[100,118; 118,102; 102,103; 103,84; 84,86; 86,68]; settlements=[116,135; 135,120; 120,84; 84,86]	got no wood	 	 
480	21:15:29:172	ztime	clay=1; ore=0; sheep=1; wheat=2; wood=0; unknown=0; knights=0; dev-cards=1	roads=[168,165; 165,166; 166,167; 167,152; 152,148; 148,131]; settlements=[184,165]	ok clay then	 	 
481	21:15:54:628	Server	 		ztime made an offer to trade 1 wheat for 1 clay.	 	 
482	21:15:55:339	somdechn	clay=2; ore=2; sheep=5; wheat=0; wood=0; unknown=0; knights=0; dev-cards=0	roads=[100,118; 118,102; 102,103; 103,84; 84,86; 86,68]; settlements=[116,135; 135,120; 120,84; 84,86]	ok.	 	 
483	21:15:57:957	Server	 		ztime traded 1 wheat for 1 clay from somdechn.	 	 
484	21:16:13:469	ztime	clay=2; ore=0; sheep=1; wheat=1; wood=0; unknown=0; knights=0; dev-cards=1	roads=[168,165; 165,166; 166,167; 167,152; 152,148; 148,131]; settlements=[184,165]	ta	 	 
485	21:16:18:999	Server	 		WoodnSheep rolled a 1 and a 2.	 	 
486	21:16:19:000	Server	 		somdechn gets 2 ore. ztime gets 1 sheep. WoodnSheep gets 2 sheep.	 	 
487	21:16:33:675	WoodnSheep	clay=0; ore=0; sheep=3; wheat=2; wood=3; unknown=0; knights=3; dev-cards=1	roads=[139,186; 186,203; 203,138; 138,137; 137,140; 140,122; 122,105; 105,88; 88,204]; settlements=[220,141; 141,88]; cities=[139,186]	anyone got clay?	 	 
488	21:16:37:525	ztime	clay=2; ore=0; sheep=2; wheat=1; wood=0; unknown=0; knights=0; dev-cards=1	roads=[168,165; 165,166; 166,167; 167,152; 152,148; 148,131]; settlements=[184,165]	yep	 	 
489	21:16:42:348	WoodnSheep	clay=0; ore=0; sheep=3; wheat=2; wood=3; unknown=0; knights=3; dev-cards=1	roads=[139,186; 186,203; 203,138; 138,137; 137,140; 140,122; 122,105; 105,88; 88,204]; settlements=[220,141; 141,88]; cities=[139,186]	what would you like?	 	 
490	21:16:44:512	somdechn	clay=1; ore=4; sheep=5; wheat=1; wood=0; unknown=0; knights=0; dev-cards=0	roads=[100,118; 118,102; 102,103; 103,84; 84,86; 86,68]; settlements=[116,135; 135,120; 120,84; 84,86]	WoodnSheep 1 point from winning	 	 
491	21:16:45:591	ztime	clay=2; ore=0; sheep=2; wheat=1; wood=0; unknown=0; knights=0; dev-cards=1	roads=[168,165; 165,166; 166,167; 167,152; 152,148; 148,131]; settlements=[184,165]	wood?	 	 
492	21:16:51:800	WoodnSheep	clay=0; ore=0; sheep=3; wheat=2; wood=3; unknown=0; knights=3; dev-cards=1	roads=[139,186; 186,203; 203,138; 138,137; 137,140; 140,122; 122,105; 105,88; 88,204]; settlements=[220,141; 141,88]; cities=[139,186]	I could offer wheat	 	 
493	21:17:05:042	ztime	clay=2; ore=0; sheep=2; wheat=1; wood=0; unknown=0; knights=0; dev-cards=1	roads=[168,165; 165,166; 166,167; 167,152; 152,148; 148,131]; settlements=[184,165]	two wheat?	 	 
494	21:17:21:220	WoodnSheep	clay=0; ore=0; sheep=3; wheat=2; wood=3; unknown=0; knights=3; dev-cards=1	roads=[139,186; 186,203; 203,138; 138,137; 137,140; 140,122; 122,105; 105,88; 88,204]; settlements=[220,141; 141,88]; cities=[139,186]	mmm 1 wood, 1 wheat for 2 clay?	 	 
495	21:17:30:048	ztime	clay=2; ore=0; sheep=2; wheat=1; wood=0; unknown=0; knights=0; dev-cards=1	roads=[168,165; 165,166; 166,167; 167,152; 152,148; 148,131]; settlements=[184,165]	OK	 	 
496	21:17:47:094	Server	 		WoodnSheep made an offer to trade 1 wheat, 1 wood for 2 clay.	 	 
497	21:17:49:566	Server	 		WoodnSheep traded 1 wheat, 1 wood for 2 clay from ztime.	 	 
498	21:17:57:879	WoodnSheep	clay=2; ore=0; sheep=3; wheat=1; wood=2; unknown=0; knights=3; dev-cards=1	roads=[139,186; 186,203; 203,138; 138,137; 137,140; 140,122; 122,105; 105,88; 88,204]; settlements=[220,141; 141,88]; cities=[139,186]	thanks	 	 
499	21:18:11:261	Server	 		WoodnSheep built a road.	 	 
500	21:18:14:059	Server	 		WoodnSheep built a road.	 	 
501	21:18:19:953	ztime	clay=0; ore=0; sheep=2; wheat=2; wood=1; unknown=0; knights=0; dev-cards=1	roads=[168,165; 165,166; 166,167; 167,152; 152,148; 148,131]; settlements=[184,165]	nice.. well done!	 	 
502	21:18:26:192	somdechn	clay=1; ore=4; sheep=5; wheat=1; wood=0; unknown=0; knights=0; dev-cards=0	roads=[100,118; 118,102; 102,103; 103,84; 84,86; 86,68]; settlements=[116,135; 135,120; 120,84; 84,86]	Silly ztime...	 	 
503	21:18:26:794	WoodnSheep	clay=0; ore=0; sheep=3; wheat=1; wood=0; unknown=0; knights=3; dev-cards=1	roads=[139,186; 186,203; 203,138; 138,137; 137,140; 140,122; 122,105; 105,88; 88,204; 204,170; 170,154]; settlements=[220,141; 141,88]; cities=[139,186]	sorry	 	 
504	21:18:32:742	ztime	clay=0; ore=0; sheep=2; wheat=2; wood=1; unknown=0; knights=0; dev-cards=1	roads=[168,165; 165,166; 166,167; 167,152; 152,148; 148,131]; settlements=[184,165]	na... I had no chance..	 	 
505	21:18:38:270	ztime	clay=0; ore=0; sheep=2; wheat=2; wood=1; unknown=0; knights=0; dev-cards=1	roads=[168,165; 165,166; 166,167; 167,152; 152,148; 148,131]; settlements=[184,165]	may as well finish it..	 	 
506	21:18:47:906	somdechn	clay=1; ore=4; sheep=5; wheat=1; wood=0; unknown=0; knights=0; dev-cards=0	roads=[100,118; 118,102; 102,103; 103,84; 84,86; 86,68]; settlements=[116,135; 135,120; 120,84; 84,86]	Well done WoodnSheep.	 	 
507	21:18:49:147	WoodnSheep	clay=0; ore=0; sheep=3; wheat=1; wood=0; unknown=0; knights=3; dev-cards=1	roads=[139,186; 186,203; 203,138; 138,137; 137,140; 140,122; 122,105; 105,88; 88,204; 204,170; 170,154]; settlements=[220,141; 141,88]; cities=[139,186]	hitting quit?	 	 
508	21:18:57:741	ztime	clay=0; ore=0; sheep=2; wheat=2; wood=1; unknown=0; knights=0; dev-cards=1	roads=[168,165; 165,166; 166,167; 167,152; 152,148; 148,131]; settlements=[184,165]	OK thanks for the game..	 	 
509	21:19:11:942	somdechn	clay=1; ore=4; sheep=5; wheat=1; wood=0; unknown=0; knights=0; dev-cards=0	roads=[100,118; 118,102; 102,103; 103,84; 84,86; 86,68]; settlements=[116,135; 135,120; 120,84; 84,86]	OK have a good weekend guys.	 	 
510	21:19:16:125	ztime	clay=0; ore=0; sheep=2; wheat=2; wood=1; unknown=0; knights=0; dev-cards=1	roads=[168,165; 165,166; 166,167; 167,152; 152,148; 148,131]; settlements=[184,165]	you too...	 	 
511	21:19:18:460	WoodnSheep	clay=0; ore=0; sheep=3; wheat=1; wood=0; unknown=0; knights=3; dev-cards=1	roads=[139,186; 186,203; 203,138; 138,137; 137,140; 140,122; 122,105; 105,88; 88,204; 204,170; 170,154]; settlements=[220,141; 141,88]; cities=[139,186]	you too	 	 
512	21:19:20:329	ztime	clay=0; ore=0; sheep=2; wheat=2; wood=1; unknown=0; knights=0; dev-cards=1	roads=[168,165; 165,166; 166,167; 167,152; 152,148; 148,131]; settlements=[184,165]	until next time..	 	 
513	21:19:22:112	WoodnSheep	clay=0; ore=0; sheep=3; wheat=1; wood=0; unknown=0; knights=3; dev-cards=1	roads=[139,186; 186,203; 203,138; 138,137; 137,140; 140,122; 122,105; 105,88; 88,204; 204,170; 170,154]; settlements=[220,141; 141,88]; cities=[139,186]	/rest of saturday	 	 
514	21:19:26:871	somdechn	clay=1; ore=4; sheep=5; wheat=1; wood=0; unknown=0; knights=0; dev-cards=0	roads=[100,118; 118,102; 102,103; 103,84; 84,86; 86,68]; settlements=[116,135; 135,120; 120,84; 84,86]	Until then.. yes...	 	 
