ID	Timestamp	Emitter	Resources	Buildups	Text	Annotation	Comment
1	16:00:11:936	Katherine	clay=0; ore=0; sheep=0; wheat=0; wood=0; unknown=0; knights=0; dev-cards=0		hi charlotte!	 	 
1.1	16:00:22:462	Charlotte	 	 	hi!	 	 
2	16:00:26:178	Katherine	clay=0; ore=0; sheep=0; wheat=0; wood=0; unknown=0; knights=0; dev-cards=0		we're waiting for 2 other players& right	 	 
2.1	16:00:30:326	Markus	 	 	Please only start the game when all four participants are there	 	 
3	16:00:34:983	Katherine	clay=0; ore=0; sheep=0; wheat=0; wood=0; unknown=0; knights=0; dev-cards=0		ok	 	 
3.1	16:00:47:293	Markus	 	 	Uhm, there should be 4 in total, I think.	 	 
3.2	16:04:44:284	Markus	 	 	Can you wait for a few more minutes?	 	 
4	16:05:04:300	Katherine	clay=0; ore=0; sheep=0; wheat=0; wood=0; unknown=0; knights=0; dev-cards=0		sure	 	 
5	16:05:09:851	Charlotte	clay=0; ore=0; sheep=0; wheat=0; wood=0; unknown=0; knights=0; dev-cards=0		yep	 	 
6	16:05:12:043	Amanda	clay=0; ore=0; sheep=0; wheat=0; wood=0; unknown=0; knights=0; dev-cards=0		yeh	 	 
6.1	16:09:56:081	Markus	 	 	Hi, go ahead!	 	 
7	16:09:57:056	Server	 		Josephine built a settlement.	 	 
7.1	16:09:58:497	Markus	 	 	Have fun!	 	 
8	16:10:02:871	Server	 		Josephine built a road.	 	 
9	16:10:36:565	Server	 		Charlotte built a settlement.	 	 
10	16:10:43:088	Server	 		Charlotte built a road.	 	 
11	16:11:03:613	Server	 		Katherine built a settlement.	 	 
12	16:11:11:615	Server	 		Katherine built a road.	 	 
13	16:11:28:238	Server	 		Amanda built a settlement.	 	 
14	16:11:33:305	Server	 		Amanda built a road.	 	 
15	16:11:42:455	Server	 		Amanda built a settlement.	 	 
16	16:11:49:705	Server	 		Amanda built a road.	 	 
17	16:13:08:156	Katherine	clay=0; ore=0; sheep=0; wheat=0; wood=0; unknown=0; knights=0; dev-cards=0		somethings not working...& nothing happens when i click on the board thing	 	 
18	16:13:18:200	Server	 		Katherine built a settlement.	 	 
19	16:13:24:650	Server	 		Katherine built a road.	 	 
20	16:13:50:009	Server	 		Charlotte built a settlement.	 	 
21	16:13:56:852	Server	 		Charlotte built a road.	 	 
22	16:14:09:071	Server	 		Josephine built a settlement.	 	 
23	16:14:27:935	Server	 		Josephine built a road.	 	 
24	16:14:32:956	Server	 		Josephine rolled a 4 and a 4.	 	 
25	16:14:32:958	Server	 		Charlotte gets 1 clay. Amanda gets 1 wheat.	 	 
26	16:15:09:714	Server	 		Charlotte rolled a 2 and a 1.	 	 
27	16:15:09:716	Server	 		Katherine gets 1 sheep. Amanda gets 1 wheat.	 	 
28	16:16:18:715	Server	 		Charlotte built a road.	 	 
29	16:16:24:628	Amanda	clay=0; ore=0; sheep=2; wheat=3; wood=0; unknown=0; knights=0; dev-cards=0	roads=[170,167]; settlements=[171,184]	don't you have to press the roll button?	 	 
30	16:16:31:580	Server	 		Katherine rolled a 6 and a 6.	 	 
31	16:16:31:582	Server	 		No player gets anything.	 	 
32	16:16:49:624	Josephine	clay=0; ore=1; sheep=0; wheat=1; wood=1; unknown=0; knights=0; dev-cards=0	roads=[99,138]; settlements=[116,139]	You don't have to press it,& just press done at the end	 	 

33	16:17:31:826	Server	 		Amanda rolled a 3 and a 1.	 	 
34	16:17:31:828	Server	 		Charlotte gets 1 wood. Katherine gets 1 sheep, 1 wood. Amanda gets 1 sheep.	 	 
35	16:17:43:378	Server	 		Josephine rolled a 3 and a 3.	 	 
36	16:17:43:380	Server	 		Charlotte gets 1 wheat. Katherine gets 1 wheat. Amanda gets 1 sheep.	 	 
37	16:18:07:367	Server	 		Charlotte rolled a 3 and a 1.	 	 
38	16:18:07:370	Server	 		Charlotte gets 1 wood. Katherine gets 1 sheep, 1 wood. Amanda gets 1 sheep.	 	 
39	16:18:14:862	Server	 		Charlotte built a road.	 	 
40	16:18:27:553	Server	 		Katherine rolled a 1 and a 4.	 	 
41	16:18:27:555	Server	 		Charlotte gets 1 wheat. Josephine gets 1 ore, 1 wheat.	 	 
42	16:18:53:764	Server	 		Katherine made an offer to trade 2 sheep for 1 clay.	 	 
43	16:19:26:081	Amanda	clay=0; ore=0; sheep=5; wheat=3; wood=0; unknown=0; knights=0; dev-cards=0	roads=[170,167]; settlements=[171,184]	how do i confirm?	 	 
44	16:19:35:839	Katherine	clay=0; ore=0; sheep=4; wheat=2; wood=3; unknown=0; knights=0; dev-cards=0	roads=[134,86]; settlements=[135,86]	i dont know& haha	 	 
45	16:19:56:029	Josephine	clay=0; ore=2; sheep=0; wheat=2; wood=1; unknown=0; knights=0; dev-cards=0	roads=[99,138]; settlements=[116,139]	Dma	 	 
46	16:20:16:528	Amanda	clay=0; ore=0; sheep=5; wheat=3; wood=0; unknown=0; knights=0; dev-cards=0	roads=[170,167]; settlements=[171,184]	eh?	 	 
47	16:20:20:681	Josephine	clay=0; ore=2; sheep=0; wheat=2; wood=1; unknown=0; knights=0; dev-cards=0	roads=[99,138]; settlements=[116,139]	That wasn't meant to type.	 	 
48	16:20:36:425	Josephine	clay=0; ore=2; sheep=0; wheat=2; wood=1; unknown=0; knights=0; dev-cards=0	roads=[99,138]; settlements=[116,139]	Email Markus?	 	 
49	16:20:44:676	Katherine	clay=0; ore=0; sheep=4; wheat=2; wood=3; unknown=0; knights=0; dev-cards=0	roads=[134,86]; settlements=[135,86]	so.. no one knows how to confirm?	 	 
50	16:20:57:312	Amanda	clay=0; ore=0; sheep=5; wheat=3; wood=0; unknown=0; knights=0; dev-cards=0	roads=[170,167]; settlements=[171,184]	how did you reject it josephine?	 	 
51	16:21:10:590	Josephine	clay=0; ore=2; sheep=0; wheat=2; wood=1; unknown=0; knights=0; dev-cards=0	roads=[99,138]; settlements=[116,139]	Just pressed reject.	 	 
51.1	16:21:22:589	Markus	 	 	Sorry,& busy in another game.	 	 
52	16:21:22:684	Katherine	clay=0; ore=0; sheep=4; wheat=2; wood=3; unknown=0; knights=0; dev-cards=0	roads=[134,86]; settlements=[135,86]	then i guess& theres an accept button right next to it	 	 
53	16:21:23:915	Amanda	clay=0; ore=0; sheep=5; wheat=3; wood=0; unknown=0; knights=0; dev-cards=0	roads=[170,167]; settlements=[171,184]	where's that?	 	 
53.1	16:21:32:228	Markus	 	 	Click accept or reject.	 	 
54	16:21:33:316	Josephine	clay=0; ore=2; sheep=0; wheat=2; wood=1; unknown=0; knights=0; dev-cards=0	roads=[99,138]; settlements=[116,139]	Do you see a reject button?	 	 
54.1	16:21:45:932	Markus	 	 	If you can't accept, you don't have the requested resources.	 	 
55	16:21:46:252	Amanda	clay=0; ore=0; sheep=5; wheat=3; wood=0; unknown=0; knights=0; dev-cards=0	roads=[170,167]; settlements=[171,184]	i don't see either button	 	 
56	16:21:50:717	Josephine	clay=0; ore=2; sheep=0; wheat=2; wood=1; unknown=0; knights=0; dev-cards=0	roads=[99,138]; settlements=[116,139]	On Katherine's screen?	 	 
57	16:21:56:522	Josephine	clay=0; ore=2; sheep=0; wheat=2; wood=1; unknown=0; knights=0; dev-cards=0	roads=[99,138]; settlements=[116,139]	in a bubble	 	 
58	16:22:29:409	Amanda	clay=0; ore=0; sheep=5; wheat=3; wood=0; unknown=0; knights=0; dev-cards=0	roads=[170,167]; settlements=[171,184]	i see the bubble& but no options	 	 
58.1	16:22:49:164	Markus	 	 	Are you on a Unix/Linux machine?	 	 
59	16:22:56:384	Amanda	clay=0; ore=0; sheep=5; wheat=3; wood=0; unknown=0; knights=0; dev-cards=0	roads=[170,167]; settlements=[171,184]	no	 	 
59.1	16:23:01:292	Markus	 	 	Oh, Amanda, you can't do anything.	 	 
60	16:23:10:098	Amanda	clay=0; ore=0; sheep=5; wheat=3; wood=0; unknown=0; knights=0; dev-cards=0	roads=[170,167]; settlements=[171,184]	oh, okay. haha	 	 
60.1	16:23:22:380	Markus	 	 	The trade offer is between Katherine and Josephinel.	 	 
61	16:23:43:220	Amanda	clay=0; ore=0; sheep=5; wheat=3; wood=0; unknown=0; knights=0; dev-cards=0	roads=[170,167]; settlements=[171,184]	then pick me, katherine,& pick meee!	 	 
61.1	16:23:57:108	Markus	 	 	Remember that the easiest way to play is to negotiate trades!	 	 
62	16:23:57:221	Josephine	clay=0; ore=2; sheep=0; wheat=2; wood=1; unknown=0; knights=0; dev-cards=0	roads=[99,138]; settlements=[116,139]	Can you try another trade?	 	 
63	16:24:02:383	Katherine	clay=0; ore=0; sheep=4; wheat=2; wood=3; unknown=0; knights=0; dev-cards=0	roads=[134,86]; settlements=[135,86]	ill try	 	 
63.1	16:24:09:355	Markus	 	 	Meaning agreeing them before registering them.	 	 
64	16:24:13:279	Server	 		Katherine made an offer to trade 1 sheep for 1 wood.	 	 
65	16:24:20:320	Amanda	clay=0; ore=0; sheep=5; wheat=3; wood=0; unknown=0; knights=0; dev-cards=0	roads=[170,167]; settlements=[171,184]	ok	 	 
66	16:24:44:526	Katherine	clay=0; ore=0; sheep=4; wheat=2; wood=3; unknown=0; knights=0; dev-cards=0	roads=[134,86]; settlements=[135,86]	oh ok	 	 
67	16:25:01:501	Josephine	clay=0; ore=2; sheep=0; wheat=2; wood=1; unknown=0; knights=0; dev-cards=0	roads=[99,138]; settlements=[116,139]	I meant a trade with Amanda...	 	 
68	16:25:27:131	Josephine	clay=0; ore=2; sheep=0; wheat=2; wood=1; unknown=0; knights=0; dev-cards=0	roads=[99,138]; settlements=[116,139]	Or can you offer to more than one person?	 	 
69	16:25:36:123	Amanda	clay=0; ore=0; sheep=5; wheat=3; wood=0; unknown=0; knights=0; dev-cards=0	roads=[170,167]; settlements=[171,184]	are you offering sheep, katherine?	 	 
70	16:25:37:736	Katherine	clay=0; ore=0; sheep=4; wheat=2; wood=3; unknown=0; knights=0; dev-cards=0	roads=[134,86]; settlements=[135,86]	i think the offer goes to everyone	 	 
71	16:25:42:969	Katherine	clay=0; ore=0; sheep=4; wheat=2; wood=3; unknown=0; knights=0; dev-cards=0	roads=[134,86]; settlements=[135,86]	ya	 	 
72	16:25:51:950	Amanda	clay=0; ore=0; sheep=5; wheat=3; wood=0; unknown=0; knights=0; dev-cards=0	roads=[170,167]; settlements=[171,184]	oh, ok.& sorry, not interested	 	 
73	16:25:55:474	Amanda	clay=0; ore=0; sheep=5; wheat=3; wood=0; unknown=0; knights=0; dev-cards=0	roads=[170,167]; settlements=[171,184]	my bad	 	 
74	16:26:02:279	Josephine	clay=0; ore=2; sheep=0; wheat=2; wood=1; unknown=0; knights=0; dev-cards=0	roads=[99,138]; settlements=[116,139]	I think& it only went to me...	 	 
75	16:26:07:659	Amanda	clay=0; ore=0; sheep=5; wheat=3; wood=0; unknown=0; knights=0; dev-cards=0	roads=[170,167]; settlements=[171,184]	yeh it did	 	 
76	16:26:15:882	Katherine	clay=0; ore=0; sheep=4; wheat=2; wood=3; unknown=0; knights=0; dev-cards=0	roads=[134,86]; settlements=[135,86]	now how did that happen	 	 
77	16:26:31:481	Josephine	clay=0; ore=2; sheep=0; wheat=2; wood=1; unknown=0; knights=0; dev-cards=0	roads=[99,138]; settlements=[116,139]	So no-one wants to trade?& So you can press done?	 	 

78	16:26:42:967	Server	 		Amanda rolled a 5 and a 4.	 	 
79	16:26:42:970	Server	 		Katherine gets 1 clay. Josephine gets 1 clay, 1 wood.	 	 
79.1	16:27:04:058	Markus	 	 	For registering a trade, you'll have to select the player it goes to.	 	 
79.2	16:27:10:634	Markus	 	 	... by colour-matching.	 	 
79.3	16:27:16:452	Markus	 	 	And now I'll shut up!& :*)	 	 
80	16:27:26:395	Amanda	clay=0; ore=0; sheep=5; wheat=3; wood=0; unknown=0; knights=0; dev-cards=0	roads=[170,167]; settlements=[171,184]	ok,& thanks!	 	 
81	16:27:38:177	Amanda	clay=0; ore=0; sheep=5; wheat=3; wood=0; unknown=0; knights=0; dev-cards=0	roads=[170,167]; settlements=[171,184]	anyone got any ore?& in exhange for some sheep	 	 
82	16:27:54:767	Josephine	clay=1; ore=2; sheep=0; wheat=2; wood=2; unknown=0; knights=0; dev-cards=0	roads=[99,138]; settlements=[116,139]	I'll do 1 4 1	 	 
83	16:28:00:385	Amanda	clay=0; ore=0; sheep=5; wheat=3; wood=0; unknown=0; knights=0; dev-cards=0	roads=[170,167]; settlements=[171,184]	yeh!	 	 
84	16:28:17:117	Server	 		Amanda made an offer to trade 1 sheep for 1 ore.	 	 
85	16:28:24:718	Server	 		Amanda traded 1 sheep for 1 ore from Josephine.	 	 
86	16:28:57:671	Server	 		Josephine rolled a 2 and a 2.	 	 
87	16:28:57:673	Server	 		Charlotte gets 1 wood. Katherine gets 1 sheep, 1 wood. Amanda gets 1 sheep.	 	 
88	16:29:21:561	Server	 		Josephine built a road.	 	 
89	16:29:31:131	Server	 		Charlotte rolled a 4 and a 5.	 	 
90	16:29:31:133	Server	 		Katherine gets 1 clay. Josephine gets 1 clay, 1 wood.	 	 
91	16:29:42:546	Server	 		Katherine rolled a 4 and a 3.	 	 
92	16:29:56:329	Josephine	clay=1; ore=0; sheep=0; wheat=1; wood=2; unknown=0; knights=0; dev-cards=1	roads=[99,138; 138,82]; settlements=[116,139]	How many before discarding?	 	 
93	16:31:09:704	Amanda	clay=0; ore=0; sheep=4; wheat=1; wood=0; unknown=0; knights=0; dev-cards=1	roads=[170,167]; settlements=[171,184]	:O katherine!& how could you?	 	 
94	16:31:12:197	Server	 		Katherine built a road.	 	 
95	16:31:21:249	Katherine	clay=1; ore=0; sheep=0; wheat=2; wood=3; unknown=0; knights=0; dev-cards=0	roads=[134,86; 86,102]; settlements=[135,86]	im sorry& im not even sure& whats going on...	 	 
96	16:31:39:614	Server	 		Katherine built a road.	 	 
97	16:31:55:598	Server	 		Amanda rolled a 2 and a 5.	 	 
98	16:32:04:561	Amanda	clay=0; ore=0; sheep=4; wheat=1; wood=0; unknown=0; knights=0; dev-cards=1	roads=[170,167]; settlements=[171,184]	sweet	 	 
99	16:32:38:746	Amanda	clay=0; ore=0; sheep=4; wheat=1; wood=1; unknown=0; knights=0; dev-cards=1	roads=[170,167]; settlements=[171,184]	anyone got clay for sheep?	 	 
100	16:32:46:856	Josephine	clay=1; ore=0; sheep=0; wheat=1; wood=2; unknown=0; knights=0; dev-cards=1	roads=[99,138; 138,82]; settlements=[116,139]	No	 	 
101	16:32:49:725	Katherine	clay=0; ore=0; sheep=0; wheat=2; wood=2; unknown=0; knights=0; dev-cards=0	roads=[134,86; 86,102; 102,118]; settlements=[135,86]	no	 	 
102	16:32:53:264	Charlotte	clay=0; ore=0; sheep=0; wheat=2; wood=1; unknown=0; knights=0; dev-cards=0	roads=[104,36; 36,52; 52,37]; settlements=[120,52]	no	 	 

103	16:33:00:428	Server	 		Josephine rolled a 1 and a 1.	 	 
104	16:33:00:430	Server	 		No player gets anything.	 	 
105	16:33:15:209	Server	 		Josephine built a road.	 	 
106	16:33:21:736	Server	 		Charlotte rolled a 6 and a 2.	 	 
107	16:33:21:739	Server	 		Charlotte gets 1 clay. Amanda gets 1 wheat.	 	 
108	16:33:32:275	Server	 		Charlotte built a road.	 	 
109	16:33:40:400	Server	 		Katherine rolled a 5 and a 6.	 	 
110	16:33:40:402	Server	 		Charlotte gets 1 wood. Katherine gets 1 wood.	 	 
111	16:34:00:400	Katherine	clay=0; ore=0; sheep=0; wheat=2; wood=3; unknown=0; knights=0; dev-cards=0	roads=[134,86; 86,102; 102,118]; settlements=[135,86]	anyone wants to trade wood for clay	 	 
112	16:34:07:204	Amanda	clay=0; ore=0; sheep=4; wheat=2; wood=1; unknown=0; knights=0; dev-cards=1	roads=[170,167]; settlements=[171,184]	no	 	 
113	16:34:12:008	Charlotte	clay=0; ore=0; sheep=0; wheat=2; wood=1; unknown=0; knights=0; dev-cards=0	roads=[104,36; 36,52; 52,37; 37,68]; settlements=[120,52]	no& sorry	 	 
114	16:34:16:700	Josephine	clay=0; ore=0; sheep=0; wheat=1; wood=1; unknown=0; knights=0; dev-cards=1	roads=[99,138; 138,82; 82,66]; settlements=[116,139]	What deal?	 	 
115	16:34:29:414	Katherine	clay=0; ore=0; sheep=0; wheat=2; wood=3; unknown=0; knights=0; dev-cards=0	roads=[134,86; 86,102; 102,118]; settlements=[135,86]	1  4  1	 	 
116	16:34:36:035	Josephine	clay=0; ore=0; sheep=0; wheat=1; wood=1; unknown=0; knights=0; dev-cards=1	roads=[99,138; 138,82; 82,66]; settlements=[116,139]	Not right now	 	 
117	16:34:50:798	Server	 		Amanda rolled a 4 and a 3.	 	 
118	16:35:11:899	Server	 		Josephine rolled a 6 and a 6.	 	 
119	16:35:11:900	Server	 		No player gets anything.	 	 
120	16:35:31:184	Josephine	clay=0; ore=0; sheep=0; wheat=1; wood=1; unknown=0; knights=0; dev-cards=1	roads=[99,138; 138,82; 82,66]; settlements=[116,139]	No-one wants wheat for clay?	 	 
121	16:35:40:248	Amanda	clay=0; ore=0; sheep=4; wheat=3; wood=1; unknown=0; knights=0; dev-cards=1	roads=[170,167]; settlements=[171,184]	nope	 	 
122	16:35:44:828	Katherine	clay=0; ore=0; sheep=0; wheat=2; wood=3; unknown=0; knights=0; dev-cards=0	roads=[134,86; 86,102; 102,118]; settlements=[135,86]	nope	 	 
123	16:36:14:798	Josephine	clay=0; ore=0; sheep=0; wheat=1; wood=2; unknown=0; knights=1; dev-cards=0	roads=[99,138; 138,82; 82,66]; settlements=[116,139]	Sorry about that...	 	 
124	16:36:22:416	Josephine	clay=0; ore=0; sheep=0; wheat=1; wood=2; unknown=0; knights=1; dev-cards=0	roads=[99,138; 138,82; 82,66]; settlements=[116,139]	You had more...	 	 
125	16:36:23:021	Katherine	clay=0; ore=0; sheep=0; wheat=2; wood=2; unknown=0; knights=0; dev-cards=0	roads=[134,86; 86,102; 102,118]; settlements=[135,86]	how do you do that?	 	 
126	16:36:36:125	Josephine	clay=0; ore=0; sheep=0; wheat=1; wood=2; unknown=0; knights=1; dev-cards=0	roads=[99,138; 138,82; 82,66]; settlements=[116,139]	get a soldier card.	 	 
127	16:36:44:876	Katherine	clay=0; ore=0; sheep=0; wheat=2; wood=2; unknown=0; knights=0; dev-cards=0	roads=[134,86; 86,102; 102,118]; settlements=[135,86]	ohh	 	 
128	16:36:57:784	Server	 		Charlotte rolled a 5 and a 3.	 	 
129	16:36:57:786	Server	 		Charlotte gets 1 clay. Amanda gets 1 wheat.	 	 
130	16:37:10:161	Server	 		Katherine rolled a 2 and a 1.	 	 
131	16:37:10:163	Server	 		Katherine gets 1 sheep. Amanda gets 1 wheat.	 	 
132	16:37:33:630	Katherine	clay=0; ore=0; sheep=1; wheat=2; wood=2; unknown=0; knights=0; dev-cards=0	roads=[134,86; 86,102; 102,118]; settlements=[135,86]	wheat for clay?	 	 
133	16:37:41:989	Josephine	clay=0; ore=0; sheep=0; wheat=1; wood=2; unknown=0; knights=1; dev-cards=0	roads=[99,138; 138,82; 82,66]; settlements=[116,139]	No,& sorry	 	 
134	16:37:48:866	Amanda	clay=0; ore=0; sheep=4; wheat=5; wood=1; unknown=0; knights=0; dev-cards=1	roads=[170,167]; settlements=[171,184]	nope	 	 
135	16:38:04:858	Amanda	clay=0; ore=0; sheep=4; wheat=5; wood=1; unknown=0; knights=0; dev-cards=1	roads=[170,167]; settlements=[171,184]	sheep for clay?	 	 
136	16:38:10:199	Katherine	clay=0; ore=0; sheep=1; wheat=2; wood=2; unknown=0; knights=0; dev-cards=0	roads=[134,86; 86,102; 102,118]; settlements=[135,86]	charlotte?	 	 
137	16:38:13:920	Charlotte	clay=1; ore=0; sheep=0; wheat=1; wood=1; unknown=0; knights=0; dev-cards=0	roads=[104,36; 36,52; 52,37; 37,68]; settlements=[120,52]	no	 	 
138	16:38:15:585	Katherine	clay=0; ore=0; sheep=1; wheat=2; wood=2; unknown=0; knights=0; dev-cards=0	roads=[134,86; 86,102; 102,118]; settlements=[135,86]	ahh& i got 1 sheep	 	 
139	16:38:15:745	Josephine	clay=0; ore=0; sheep=0; wheat=1; wood=2; unknown=0; knights=1; dev-cards=0	roads=[99,138; 138,82; 82,66]; settlements=[116,139]	Have no clay.	 	 
140	16:38:31:652	Katherine	clay=0; ore=0; sheep=1; wheat=2; wood=2; unknown=0; knights=0; dev-cards=0	roads=[134,86; 86,102; 102,118]; settlements=[135,86]	amanda?& 1 for 1	 	 
141	16:38:37:587	Amanda	clay=0; ore=0; sheep=4; wheat=5; wood=1; unknown=0; knights=0; dev-cards=1	roads=[170,167]; settlements=[171,184]	oh no& i meant& i want clay too	 	 
142	16:38:43:316	Katherine	clay=0; ore=0; sheep=1; wheat=2; wood=2; unknown=0; knights=0; dev-cards=0	roads=[134,86; 86,102; 102,118]; settlements=[135,86]	oh& lol	 	 

143	16:38:52:641	Server	 		Amanda rolled a 5 and a 6.	 	 
144	16:38:52:644	Server	 		Charlotte gets 1 wood. Katherine gets 1 wood.	 	 
145	16:39:39:568	Server	 		Amanda traded 4 wheat for 1 clay from the bank.	 	 
146	16:40:05:570	Server	 		Amanda built a road.	 	 
147	16:40:19:837	Server	 		Josephine rolled a 6 and a 4.	 	 
148	16:40:19:839	Server	 		Amanda gets 1 ore. Josephine gets 1 ore, 1 wood.	 	 
149	16:40:43:868	Josephine	clay=0; ore=1; sheep=0; wheat=1; wood=3; unknown=0; knights=1; dev-cards=0	roads=[99,138; 138,82; 82,66]; settlements=[116,139]	No clay for anything& right?	 	 
150	16:41:02:081	Amanda	clay=0; ore=1; sheep=4; wheat=1; wood=0; unknown=0; knights=0; dev-cards=1	roads=[170,167; 167,166]; settlements=[171,184]	nope,& serious lack of clay.	 	 
151	16:41:10:176	Katherine	clay=0; ore=0; sheep=1; wheat=2; wood=3; unknown=0; knights=0; dev-cards=0	roads=[134,86; 86,102; 102,118]; settlements=[135,86]	no	 	 
152	16:41:14:444	Charlotte	clay=1; ore=0; sheep=0; wheat=1; wood=2; unknown=0; knights=0; dev-cards=0	roads=[104,36; 36,52; 52,37; 37,68]; settlements=[120,52]	no	 	 
153	16:41:17:254	Server	 		Charlotte rolled a 3 and a 5.	 	 
154	16:41:17:256	Server	 		Charlotte gets 1 clay. Amanda gets 1 wheat.	 	 
155	16:41:47:443	Charlotte	clay=2; ore=0; sheep=0; wheat=1; wood=2; unknown=0; knights=0; dev-cards=0	roads=[104,36; 36,52; 52,37; 37,68]; settlements=[120,52]	still wanting clay??&  Will swap for ore?	 	 
156	16:41:56:359	Josephine	clay=0; ore=1; sheep=0; wheat=1; wood=3; unknown=0; knights=1; dev-cards=0	roads=[99,138; 138,82; 82,66]; settlements=[116,139]	Okay	 	 
157	16:42:25:477	Server	 		Charlotte made an offer to trade 1 clay for 1 ore.	 	 
158	16:42:32:579	Server	 		Charlotte traded 1 clay for 1 ore from Josephine.	 	 
159	16:43:16:264	Server	 		Katherine rolled a 6 and a 4.	 	 
160	16:43:16:266	Server	 		Amanda gets 1 ore. Josephine gets 1 ore, 1 wood.	 	 
161	16:43:18:532	Amanda	clay=0; ore=2; sheep=4; wheat=2; wood=0; unknown=0; knights=0; dev-cards=1	roads=[170,167; 167,166]; settlements=[171,184]	i'm enjoying these emoticons	 	 
162	16:43:25:602	Josephine	clay=1; ore=1; sheep=0; wheat=1; wood=4; unknown=0; knights=1; dev-cards=0	roads=[99,138; 138,82; 82,66]; settlements=[116,139]	Me too.	 	 
163	16:43:45:248	Charlotte	clay=1; ore=1; sheep=0; wheat=1; wood=2; unknown=0; knights=0; dev-cards=0	roads=[104,36; 36,52; 52,37; 37,68]; settlements=[120,52]	same!&  can you not see your own?	 	 
164	16:43:49:695	Katherine	clay=0; ore=0; sheep=1; wheat=2; wood=3; unknown=0; knights=0; dev-cards=0	roads=[134,86; 86,102; 102,118]; settlements=[135,86]	anyone selling ore or clay	 	 
165	16:43:58:621	Josephine	clay=1; ore=1; sheep=0; wheat=1; wood=4; unknown=0; knights=1; dev-cards=0	roads=[99,138; 138,82; 82,66]; settlements=[116,139]	No	 	 
166	16:44:02:490	Amanda	clay=0; ore=2; sheep=4; wheat=2; wood=0; unknown=0; knights=0; dev-cards=1	roads=[170,167; 167,166]; settlements=[171,184]	nope	 	 
167	16:44:03:594	Charlotte	clay=1; ore=1; sheep=0; wheat=1; wood=2; unknown=0; knights=0; dev-cards=0	roads=[104,36; 36,52; 52,37; 37,68]; settlements=[120,52]	no	 	 
168	16:44:40:994	Katherine	clay=0; ore=0; sheep=1; wheat=2; wood=3; unknown=0; knights=0; dev-cards=0	roads=[134,86; 86,102; 102,118]; settlements=[135,86]	hey whaqt is trade with bank or port?	 	 
169	16:44:59:277	Amanda	clay=0; ore=2; sheep=4; wheat=2; wood=0; unknown=0; knights=0; dev-cards=1	roads=[170,167; 167,166]; settlements=[171,184]	you can swap 4 of one type of card for 1 of your choice	 	 
170	16:46:38:389	Server	 		Amanda rolled a 1 and a 6.	 	 
171	16:47:34:114	Server	 		Josephine rolled a 4 and a 4.	 	 
172	16:47:34:116	Server	 		Charlotte gets 1 clay. Amanda gets 1 wheat.	 	 
173	16:47:50:223	Amanda	clay=0; ore=1; sheep=0; wheat=1; wood=1; unknown=0; knights=0; dev-cards=2	roads=[170,167; 167,166]; settlements=[171,184]	so i guess& with 10 cards you have to discard.& how annoying.	 	 

174	16:48:29:173	Server	 		Charlotte rolled a 2 and a 6.	 	 
175	16:48:29:174	Server	 		Charlotte gets 1 clay. Amanda gets 1 wheat.	 	 
176	16:48:44:524	Charlotte	clay=3; ore=1; sheep=0; wheat=1; wood=2; unknown=0; knights=0; dev-cards=0	roads=[104,36; 36,52; 52,37; 37,68]; settlements=[120,52]	anybody prepared to trade a sheep?	 	 
177	16:48:52:225	Katherine	clay=0; ore=0; sheep=1; wheat=2; wood=3; unknown=0; knights=0; dev-cards=0	roads=[134,86; 86,102; 102,118]; settlements=[135,86]	wow& how long is this game going to take	 	 
178	16:49:05:335	Amanda	clay=0; ore=1; sheep=0; wheat=2; wood=1; unknown=0; knights=0; dev-cards=2	roads=[170,167; 167,166]; settlements=[171,184]	ageeees	 	 
179	16:49:09:525	Amanda	clay=0; ore=1; sheep=0; wheat=2; wood=1; unknown=0; knights=0; dev-cards=2	roads=[170,167; 167,166]; settlements=[171,184]	i have no sheep	 	 
180	16:49:20:271	Josephine	clay=1; ore=1; sheep=0; wheat=1; wood=3; unknown=0; knights=1; dev-cards=0	roads=[99,138; 138,82; 82,66]; settlements=[116,139]	Sorry, I got disconected	 	 
181	16:49:20:355	Charlotte	clay=3; ore=1; sheep=0; wheat=1; wood=2; unknown=0; knights=0; dev-cards=0	roads=[104,36; 36,52; 52,37; 37,68]; settlements=[120,52]	anyone else?	 	 
182	16:49:38:446	Josephine	clay=1; ore=1; sheep=0; wheat=1; wood=3; unknown=0; knights=1; dev-cards=0	roads=[99,138; 138,82; 82,66]; settlements=[116,139]	ni	 	 
183	16:49:39:958	Josephine	clay=1; ore=1; sheep=0; wheat=1; wood=3; unknown=0; knights=1; dev-cards=0	roads=[99,138; 138,82; 82,66]; settlements=[116,139]	no	 	 
184	16:49:52:260	Server	 		Katherine rolled a 6 and a 1.	 	 
185	16:50:23:169	Katherine	clay=0; ore=0; sheep=1; wheat=2; wood=4; unknown=0; knights=0; dev-cards=0	roads=[134,86; 86,102; 102,118]; settlements=[135,86]	sorry	 	 
186	16:50:39:272	Josephine	clay=1; ore=1; sheep=0; wheat=1; wood=2; unknown=0; knights=1; dev-cards=0	roads=[99,138; 138,82; 82,66]; settlements=[116,139]	Tis fine.& Part of the game	 	 
187	16:50:43:427	Server	 		Katherine traded 4 wood for 1 clay from the bank.	 	 
188	16:51:09:686	Katherine	clay=1; ore=0; sheep=1; wheat=2; wood=0; unknown=0; knights=0; dev-cards=0	roads=[134,86; 86,102; 102,118]; settlements=[135,86]	anyone wants to trade wheat for wood	 	 
189	16:51:17:596	Amanda	clay=0; ore=1; sheep=0; wheat=2; wood=1; unknown=0; knights=0; dev-cards=2	roads=[170,167; 167,166]; settlements=[171,184]	no	 	 
190	16:51:19:530	Josephine	clay=1; ore=1; sheep=0; wheat=1; wood=2; unknown=0; knights=1; dev-cards=0	roads=[99,138; 138,82; 82,66]; settlements=[116,139]	We should try and speed through.& And no	 	 
191	16:51:19:786	Katherine	clay=1; ore=0; sheep=1; wheat=2; wood=0; unknown=0; knights=0; dev-cards=0	roads=[134,86; 86,102; 102,118]; settlements=[135,86]	no wait,& other way around	 	 
192	16:51:29:485	Amanda	clay=0; ore=1; sheep=0; wheat=2; wood=1; unknown=0; knights=0; dev-cards=2	roads=[170,167; 167,166]; settlements=[171,184]	no	 	 
193	16:51:34:535	Charlotte	clay=3; ore=1; sheep=0; wheat=1; wood=2; unknown=0; knights=0; dev-cards=0	roads=[104,36; 36,52; 52,37; 37,68]; settlements=[120,52]	no	 	 
194	16:51:36:072	Server	 		Amanda rolled a 2 and a 1.	 	 
195	16:51:36:074	Server	 		Katherine gets 1 sheep. Amanda gets 1 wheat.	 	 
196	16:51:47:811	Server	 		Josephine rolled a 2 and a 6.	 	 
197	16:51:47:813	Server	 		Charlotte gets 1 clay. Amanda gets 1 wheat.	 	 
198	16:51:58:206	Josephine	clay=1; ore=1; sheep=0; wheat=1; wood=2; unknown=0; knights=1; dev-cards=0	roads=[99,138; 138,82; 82,66]; settlements=[116,139]	Anyone with sheep?	 	 
199	16:52:04:496	Katherine	clay=1; ore=0; sheep=2; wheat=2; wood=0; unknown=0; knights=0; dev-cards=0	roads=[134,86; 86,102; 102,118]; settlements=[135,86]	ja	 	 
200	16:52:08:242	Josephine	clay=1; ore=1; sheep=0; wheat=1; wood=2; unknown=0; knights=1; dev-cards=0	roads=[99,138; 138,82; 82,66]; settlements=[116,139]	Wood?	 	 
201	16:52:13:223	Katherine	clay=1; ore=0; sheep=2; wheat=2; wood=0; unknown=0; knights=0; dev-cards=0	roads=[134,86; 86,102; 102,118]; settlements=[135,86]	ok	 	 
202	16:52:13:725	Amanda	clay=0; ore=1; sheep=0; wheat=4; wood=1; unknown=0; knights=0; dev-cards=2	roads=[170,167; 167,166]; settlements=[171,184]	nope	 	 
203	16:52:25:099	Server	 		Josephine made an offer to trade 1 wood for 1 sheep.	 	 
204	16:52:43:533	Amanda	clay=0; ore=1; sheep=0; wheat=4; wood=1; unknown=0; knights=0; dev-cards=2	roads=[170,167; 167,166]; settlements=[171,184]	i don't have any sheep	 	 
205	16:52:49:252	Katherine	clay=1; ore=0; sheep=2; wheat=2; wood=0; unknown=0; knights=0; dev-cards=0	roads=[134,86; 86,102; 102,118]; settlements=[135,86]	i do	 	 
206	16:52:55:509	Server	 		Josephine made an offer to trade 1 wood for 1 sheep.	 	 
207	16:53:05:287	Server	 		Josephine traded 1 wood for 1 sheep from Katherine.	 	 
208	16:53:06:967	Josephine	clay=1; ore=1; sheep=1; wheat=1; wood=1; unknown=0; knights=1; dev-cards=0	roads=[99,138; 138,82; 82,66]; settlements=[116,139]	Sorry,& the colour thing is a little unclear	 	 
209	16:53:14:618	Server	 		Josephine built a settlement.	 	 

210	16:53:23:051	Server	 		Charlotte rolled a 3 and a 6.	 	 
211	16:53:23:053	Server	 		Katherine gets 1 clay. Josephine gets 1 clay, 1 wood.	 	 
212	16:53:38:494	Charlotte	clay=4; ore=1; sheep=0; wheat=1; wood=2; unknown=0; knights=0; dev-cards=0	roads=[104,36; 36,52; 52,37; 37,68]; settlements=[120,52]	anyone else with sheep yet?	 	 
213	16:53:44:830	Josephine	clay=1; ore=1; sheep=0; wheat=0; wood=1; unknown=0; knights=1; dev-cards=0	roads=[99,138; 138,82; 82,66]; settlements=[116,139; 139,67]	No	 	 
214	16:53:45:392	Katherine	clay=2; ore=0; sheep=1; wheat=2; wood=1; unknown=0; knights=0; dev-cards=0	roads=[134,86; 86,102; 102,118]; settlements=[135,86]	got another 1	 	 
215	16:53:59:888	Charlotte	clay=4; ore=1; sheep=0; wheat=1; wood=2; unknown=0; knights=0; dev-cards=0	roads=[104,36; 36,52; 52,37; 37,68]; settlements=[120,52]	what would you trade it for?&  clay or wood?	 	 
216	16:54:06:254	Katherine	clay=2; ore=0; sheep=1; wheat=2; wood=1; unknown=0; knights=0; dev-cards=0	roads=[134,86; 86,102; 102,118]; settlements=[135,86]	ore?	 	 
217	16:54:15:065	Charlotte	clay=4; ore=1; sheep=0; wheat=1; wood=2; unknown=0; knights=0; dev-cards=0	roads=[104,36; 36,52; 52,37; 37,68]; settlements=[120,52]	dont have that!	 	 
218	16:54:28:877	Katherine	clay=2; ore=0; sheep=1; wheat=2; wood=1; unknown=0; knights=0; dev-cards=0	roads=[134,86; 86,102; 102,118]; settlements=[135,86]	ill trade it for wood	 	 
219	16:54:50:005	Server	 		Charlotte made an offer to trade 1 wood for 1 sheep.	 	 
220	16:54:55:106	Server	 		Charlotte traded 1 wood for 1 sheep from Katherine.	 	 
221	16:55:22:176	Server	 		Charlotte built a settlement.	 	 
222	16:55:33:429	Server	 		Katherine rolled a 4 and a 6.	 	 
223	16:55:33:431	Server	 		Josephine gets 2 wood.	 	 
224	16:55:47:558	Server	 		Katherine built a road.	 	 
225	16:56:18:407	Server	 		Katherine built a road.	 	 
226	16:56:27:257	Server	 		Amanda rolled a 6 and a 6.	 	 
227	16:56:27:259	Server	 		No player gets anything.	 	 
228	16:56:33:457	Server	 		Josephine rolled a 2 and a 3.	 	 
229	16:56:33:460	Server	 		Charlotte gets 1 wheat. Josephine gets 1 ore, 1 wheat.	 	 
230	16:56:49:713	Server	 		Josephine built a road.	 	 
231	16:56:56:867	Josephine	clay=0; ore=2; sheep=0; wheat=1; wood=2; unknown=0; knights=1; dev-cards=0	roads=[99,138; 138,82; 82,66; 66,139]; settlements=[116,139; 139,67]	Sheep?	 	 
232	16:57:03:723	Charlotte	clay=3; ore=1; sheep=0; wheat=1; wood=0; unknown=0; knights=0; dev-cards=0	roads=[104,36; 36,52; 52,37; 37,68]; settlements=[120,52; 52,54]	nada :(	 	 
233	16:57:08:624	Josephine	clay=0; ore=2; sheep=0; wheat=1; wood=2; unknown=0; knights=1; dev-cards=0	roads=[99,138; 138,82; 82,66; 66,139]; settlements=[116,139; 139,67]	Doesn't matter	 	 
234	16:57:08:944	Amanda	clay=0; ore=1; sheep=0; wheat=4; wood=1; unknown=0; knights=0; dev-cards=2	roads=[170,167; 167,166]; settlements=[171,184]	nope	 	 
235	16:57:09:178	Server	 		Charlotte rolled a 2 and a 4.	 	 
236	16:57:09:181	Server	 		Charlotte gets 1 wheat. Katherine gets 1 wheat. Amanda gets 1 sheep.	 	 
237	16:57:29:757	Charlotte	clay=3; ore=1; sheep=0; wheat=2; wood=0; unknown=0; knights=0; dev-cards=0	roads=[104,36; 36,52; 52,37; 37,68]; settlements=[120,52; 52,54]	wood for clay ?	 	 
238	16:57:40:415	Josephine	clay=0; ore=2; sheep=0; wheat=1; wood=2; unknown=0; knights=1; dev-cards=0	roads=[99,138; 138,82; 82,66; 66,139]; settlements=[116,139; 139,67]	Don't hav enay	 	 
239	16:57:45:229	Katherine	clay=0; ore=0; sheep=0; wheat=3; wood=0; unknown=0; knights=0; dev-cards=0	roads=[134,86; 86,102; 102,118; 118,133; 133,132]; settlements=[135,86]	!	 	 
240	16:57:47:135	Josephine	clay=0; ore=2; sheep=0; wheat=1; wood=2; unknown=0; knights=1; dev-cards=0	roads=[99,138; 138,82; 82,66; 66,139]; settlements=[116,139; 139,67]	Have any...	 	 
241	16:57:54:395	Amanda	clay=0; ore=1; sheep=1; wheat=4; wood=1; unknown=0; knights=0; dev-cards=2	roads=[170,167; 167,166]; settlements=[171,184]	nope	 	 
242	16:57:56:296	Josephine	clay=0; ore=2; sheep=0; wheat=1; wood=2; unknown=0; knights=1; dev-cards=0	roads=[99,138; 138,82; 82,66; 66,139]; settlements=[116,139; 139,67]	Sorry,& I'm getting tired.	 	 

243	16:58:06:303	Server	 		Katherine rolled a 4 and a 3.	 	 
244	16:59:05:241	Server	 		Amanda rolled a 1 and a 2.	 	 
245	16:59:05:243	Server	 		Katherine gets 1 sheep. Amanda gets 1 wheat.	 	 
246	16:59:19:375	Server	 		Josephine rolled a 6 and a 6.	 	 
247	16:59:19:377	Server	 		No player gets anything.	 	 
248	16:59:30:461	Server	 		Charlotte rolled a 3 and a 6.	 	 
249	16:59:30:463	Server	 		Katherine gets 1 clay. Josephine gets 1 clay, 1 wood.	 	 
250	16:59:33:109	Katherine	clay=1; ore=0; sheep=1; wheat=3; wood=0; unknown=0; knights=0; dev-cards=0	roads=[134,86; 86,102; 102,118; 118,133; 133,132]; settlements=[135,86]	this is going to take forever..	 	 
251	16:59:44:661	Amanda	clay=0; ore=0; sheep=0; wheat=4; wood=1; unknown=0; knights=0; dev-cards=3	roads=[170,167; 167,166]; settlements=[171,184]	:(	 	 
252	16:59:52:536	Josephine	clay=1; ore=2; sheep=0; wheat=1; wood=3; unknown=0; knights=1; dev-cards=0	roads=[99,138; 138,82; 82,66; 66,139]; settlements=[116,139; 139,67]	Not that long,& it gets quicker& as people build more	 	 
253	16:59:56:330	Charlotte	clay=3; ore=1; sheep=0; wheat=2; wood=0; unknown=0; knights=0; dev-cards=0	roads=[104,36; 36,52; 52,37; 37,68]; settlements=[120,52; 52,54]	sheep or wood in return for clay or wheat?	 	 
254	17:00:03:732	Josephine	clay=1; ore=2; sheep=0; wheat=1; wood=3; unknown=0; knights=1; dev-cards=0	roads=[99,138; 138,82; 82,66; 66,139]; settlements=[116,139; 139,67]	Wood for clay	 	 
255	17:00:05:983	Amanda	clay=0; ore=0; sheep=0; wheat=4; wood=1; unknown=0; knights=0; dev-cards=3	roads=[170,167; 167,166]; settlements=[171,184]	nope	 	 
256	17:00:15:262	Josephine	clay=1; ore=2; sheep=0; wheat=1; wood=3; unknown=0; knights=1; dev-cards=0	roads=[99,138; 138,82; 82,66; 66,139]; settlements=[116,139; 139,67]	1 4 1	 	 
257	17:00:19:566	Charlotte	clay=3; ore=1; sheep=0; wheat=2; wood=0; unknown=0; knights=0; dev-cards=0	roads=[104,36; 36,52; 52,37; 37,68]; settlements=[120,52; 52,54]	ok	 	 
258	17:00:32:299	Katherine	clay=1; ore=0; sheep=1; wheat=3; wood=0; unknown=0; knights=0; dev-cards=0	roads=[134,86; 86,102; 102,118; 118,133; 133,132]; settlements=[135,86]	anyone needs wheat	 	 
259	17:00:40:682	Amanda	clay=0; ore=0; sheep=0; wheat=4; wood=1; unknown=0; knights=0; dev-cards=3	roads=[170,167; 167,166]; settlements=[171,184]	nope	 	 
260	17:00:44:972	Josephine	clay=1; ore=2; sheep=0; wheat=1; wood=3; unknown=0; knights=1; dev-cards=0	roads=[99,138; 138,82; 82,66; 66,139]; settlements=[116,139; 139,67]	For what?	 	 
261	17:00:54:367	Katherine	clay=1; ore=0; sheep=1; wheat=3; wood=0; unknown=0; knights=0; dev-cards=0	roads=[134,86; 86,102; 102,118; 118,133; 133,132]; settlements=[135,86]	wood	 	 
262	17:01:08:199	Server	 		Charlotte made an offer to trade 1 clay for 1 wood.	 	 
263	17:01:10:928	Server	 		Charlotte traded 1 clay for 1 wood from Josephine.	 	 
264	17:01:14:510	Josephine	clay=2; ore=2; sheep=0; wheat=1; wood=2; unknown=0; knights=1; dev-cards=0	roads=[99,138; 138,82; 82,66; 66,139]; settlements=[116,139; 139,67]	Okay	 	 
265	17:01:23:438	Josephine	clay=2; ore=2; sheep=0; wheat=1; wood=2; unknown=0; knights=1; dev-cards=0	roads=[99,138; 138,82; 82,66; 66,139]; settlements=[116,139; 139,67]	Actually,& sorry no...	 	 
266	17:01:28:318	Katherine	clay=1; ore=0; sheep=1; wheat=3; wood=0; unknown=0; knights=0; dev-cards=0	roads=[134,86; 86,102; 102,118; 118,133; 133,132]; settlements=[135,86]	lol	 	 
267	17:01:30:654	Server	 		Katherine rolled a 5 and a 5.	 	 
268	17:01:30:656	Server	 		Amanda gets 1 ore. Josephine gets 1 ore, 2 wood.	 	 
269	17:01:35:245	Josephine	clay=2; ore=3; sheep=0; wheat=1; wood=4; unknown=0; knights=1; dev-cards=0	roads=[99,138; 138,82; 82,66; 66,139]; settlements=[116,139; 139,67]	Okay,& yes	 	 
270	17:01:42:357	Josephine	clay=2; ore=3; sheep=0; wheat=1; wood=4; unknown=0; knights=1; dev-cards=0	roads=[99,138; 138,82; 82,66; 66,139]; settlements=[116,139; 139,67]	Just got some more...	 	 
271	17:01:57:680	Server	 		Katherine made an offer to trade 1 wheat for 1 wood.	 	 
272	17:02:01:208	Server	 		Katherine traded 1 wheat for 1 wood from Josephine.	 	 
273	17:02:52:586	Server	 		Katherine built a road.	 	 

274	17:03:00:711	Server	 		Amanda rolled a 3 and a 4.	 	 
275	17:03:29:571	Josephine	clay=2; ore=1; sheep=0; wheat=2; wood=0; unknown=0; knights=1; dev-cards=0	roads=[99,138; 138,82; 82,66; 66,139]; settlements=[116,139; 139,67]	So sad...	 	 
276	17:03:40:881	Josephine	clay=2; ore=1; sheep=0; wheat=2; wood=0; unknown=0; knights=1; dev-cards=0	roads=[99,138; 138,82; 82,66; 66,139]; settlements=[116,139; 139,67]	This game really will take forever	 	 
277	17:03:57:903	Server	 		Josephine rolled a 2 and a 5.	 	 
278	17:04:18:118	Katherine	clay=0; ore=0; sheep=1; wheat=2; wood=0; unknown=0; knights=0; dev-cards=0	roads=[134,86; 86,102; 102,118; 118,133; 133,132; 132,70]; settlements=[135,86]	i dont have forever though..& i need to leave in like 40 mins..	 	 
279	17:04:36:441	Server	 		Charlotte rolled a 3 and a 1.	 	 
280	17:04:36:443	Server	 		Charlotte gets 2 wood. Katherine gets 1 sheep, 1 wood. Amanda gets 1 sheep.	 	 
281	17:04:39:075	Josephine	clay=3; ore=1; sheep=0; wheat=2; wood=0; unknown=0; knights=1; dev-cards=0	roads=[99,138; 138,82; 82,66; 66,139]; settlements=[116,139; 139,67]	Hopefully...	 	 
282	17:05:27:403	Charlotte	clay=1; ore=1; sheep=0; wheat=2; wood=2; unknown=0; knights=0; dev-cards=0	roads=[104,36; 36,52; 52,37; 37,68]; settlements=[120,52; 52,54]	sheep anyone??	 	 
283	17:05:30:696	Josephine	clay=3; ore=1; sheep=0; wheat=2; wood=0; unknown=0; knights=1; dev-cards=0	roads=[99,138; 138,82; 82,66; 66,139]; settlements=[116,139; 139,67]	No	 	 
284	17:05:38:422	Katherine	clay=0; ore=0; sheep=2; wheat=2; wood=1; unknown=0; knights=0; dev-cards=0	roads=[134,86; 86,102; 102,118; 118,133; 133,132; 132,70]; settlements=[135,86]	ive got a sheep	 	 
285	17:05:42:121	Katherine	clay=0; ore=0; sheep=2; wheat=2; wood=1; unknown=0; knights=0; dev-cards=0	roads=[134,86; 86,102; 102,118; 118,133; 133,132; 132,70]; settlements=[135,86]	for clay?	 	 
286	17:05:44:260	Amanda	clay=0; ore=1; sheep=1; wheat=4; wood=2; unknown=0; knights=0; dev-cards=3	roads=[170,167; 167,166]; settlements=[171,184]	only have one	 	 
287	17:05:53:612	Amanda	clay=0; ore=1; sheep=1; wheat=4; wood=2; unknown=0; knights=0; dev-cards=3	roads=[170,167; 167,166]; settlements=[171,184]	no	 	 
288	17:06:03:491	Charlotte	clay=1; ore=1; sheep=0; wheat=2; wood=2; unknown=0; knights=0; dev-cards=0	roads=[104,36; 36,52; 52,37; 37,68]; settlements=[120,52; 52,54]	for wheat or wood i can trade for?	 	 
289	17:06:17:843	Katherine	clay=0; ore=0; sheep=2; wheat=2; wood=1; unknown=0; knights=0; dev-cards=0	roads=[134,86; 86,102; 102,118; 118,133; 133,132; 132,70]; settlements=[135,86]	no	 	 
290	17:06:26:678	Server	 		Katherine rolled a 6 and a 4.	 	 
291	17:06:26:680	Server	 		Amanda gets 1 ore. Josephine gets 1 ore, 2 wood.	 	 
292	17:06:51:521	Server	 		Amanda rolled a 3 and a 3.	 	 
293	17:06:51:523	Server	 		Amanda gets 1 sheep.	 	 
294	17:07:14:047	Server	 		Josephine rolled a 4 and a 5.	 	 
295	17:07:14:049	Server	 		Katherine gets 1 clay. Josephine gets 1 clay, 1 wood.	 	 
296	17:07:21:529	Server	 		Josephine built a road.	 	 
297	17:07:31:618	Server	 		Josephine built a road.	 	 
298	17:07:43:720	Server	 		Josephine built a road.	 	 
299	17:07:50:524	Amanda	clay=0; ore=0; sheep=0; wheat=2; wood=2; unknown=0; knights=0; dev-cards=5	roads=[170,167; 167,166]; settlements=[171,184]	yeh for clay?	 	 

300	17:07:54:045	Server	 		Charlotte rolled a 1 and a 1.	 	 
301	17:07:54:047	Server	 		No player gets anything.	 	 
302	17:08:13:463	Server	 		Charlotte built a road.	 	 
303	17:08:23:286	Server	 		Katherine rolled a 2 and a 4.	 	 
304	17:08:23:288	Server	 		Amanda gets 1 sheep.	 	 
305	17:08:37:540	Server	 		Katherine built a road.	 	 
306	17:09:07:314	Server	 		Amanda rolled a 3 and a 4.	 	 
307	17:09:07:975	Josephine	clay=1; ore=2; sheep=0; wheat=2; wood=0; unknown=0; knights=1; dev-cards=0	roads=[99,138; 138,82; 82,66; 66,139; 139,156; 156,172; 172,188]; settlements=[116,139; 139,67]	What does that do?	 	 
308	17:09:28:861	Server	 		Amanda built a settlement.	 	 
309	17:09:37:576	Server	 		Josephine rolled a 1 and a 5.	 	 
310	17:09:37:578	Server	 		Charlotte gets 1 wheat. Katherine gets 1 wheat. Amanda gets 2 sheep.	 	 
311	17:09:49:846	Amanda	clay=0; ore=1; sheep=2; wheat=1; wood=1; unknown=0; knights=0; dev-cards=4	roads=[170,167; 167,166]; settlements=[171,184; 184,182]	i can choose 2 resources of my choice	 	 
312	17:10:00:854	Server	 		Charlotte rolled a 6 and a 2.	 	 
313	17:10:00:856	Server	 		Charlotte gets 1 clay. Amanda gets 1 wheat. Josephine gets 1 clay.	 	 
314	17:10:11:636	Amanda	clay=0; ore=1; sheep=2; wheat=2; wood=1; unknown=0; knights=0; dev-cards=4	roads=[170,167; 167,166]; settlements=[171,184; 184,182]	i've just realised& that i totally sabotaged myself with that robber	 	 
315	17:10:11:998	Server	 		Charlotte built a road.	 	 
316	17:10:21:230	Server	 		Katherine rolled a 2 and a 1.	 	 
317	17:10:21:231	Server	 		Katherine gets 1 sheep. Amanda gets 1 wheat.	 	 
318	17:10:32:964	Server	 		Amanda rolled a 2 and a 4.	 	 
319	17:10:32:966	Server	 		Charlotte gets 1 wheat. Katherine gets 1 wheat. Amanda gets 2 sheep.	 	 
320	17:10:45:072	Server	 		Josephine rolled a 3 and a 2.	 	 
321	17:10:45:074	Server	 		Charlotte gets 1 wheat. Josephine gets 1 ore, 1 wheat.	 	 
322	17:10:58:144	Server	 		Josephine built a city.	 	 
323	17:11:11:263	Server	 		Charlotte rolled a 1 and a 5.	 	 
324	17:11:11:265	Server	 		Charlotte gets 1 wheat. Katherine gets 1 wheat. Amanda gets 2 sheep.	 	 
325	17:11:23:227	Charlotte	clay=0; ore=1; sheep=0; wheat=6; wood=0; unknown=0; knights=0; dev-cards=0	roads=[104,36; 36,52; 52,37; 37,68; 68,88; 88,72]; settlements=[120,52; 52,54]	sheep in exchange for wheat??	 	 
326	17:11:28:855	Amanda	clay=0; ore=0; sheep=5; wheat=2; wood=1; unknown=0; knights=0; dev-cards=5	roads=[170,167; 167,166]; settlements=[171,184; 184,182]	no	 	 
327	17:11:29:497	Josephine	clay=2; ore=0; sheep=0; wheat=1; wood=0; unknown=0; knights=1; dev-cards=0	roads=[99,138; 138,82; 82,66; 66,139; 139,156; 156,172; 172,188]; settlements=[116,67]	no	 	 
328	17:11:48:624	Server	 		Katherine rolled a 1 and a 5.	 	 
329	17:11:48:626	Server	 		Charlotte gets 1 wheat. Katherine gets 1 wheat. Amanda gets 2 sheep.	 	 
330	17:12:14:198	Katherine	clay=0; ore=0; sheep=3; wheat=6; wood=0; unknown=0; knights=0; dev-cards=0	roads=[134,86; 86,102; 102,118; 118,133; 133,132; 132,70; 70,71]; settlements=[135,86]	wheat for clay?	 	 
331	17:12:20:182	Josephine	clay=2; ore=0; sheep=0; wheat=1; wood=0; unknown=0; knights=1; dev-cards=0	roads=[99,138; 138,82; 82,66; 66,139; 139,156; 156,172; 172,188]; settlements=[116,67]	no	 	 
332	17:12:23:855	Amanda	clay=0; ore=0; sheep=7; wheat=2; wood=1; unknown=0; knights=0; dev-cards=5	roads=[170,167; 167,166]; settlements=[171,184; 184,182]	no	 	 
333	17:12:27:653	Charlotte	clay=0; ore=1; sheep=0; wheat=7; wood=0; unknown=0; knights=0; dev-cards=0	roads=[104,36; 36,52; 52,37; 37,68; 68,88; 88,72]; settlements=[120,52; 52,54]	do you mean& you want wheat??	 	 
334	17:12:31:542	Katherine	clay=0; ore=0; sheep=3; wheat=6; wood=0; unknown=0; knights=0; dev-cards=0	roads=[134,86; 86,102; 102,118; 118,133; 133,132; 132,70; 70,71]; settlements=[135,86]	no	 	 
335	17:12:36:772	Katherine	clay=0; ore=0; sheep=3; wheat=6; wood=0; unknown=0; knights=0; dev-cards=0	roads=[134,86; 86,102; 102,118; 118,133; 133,132; 132,70; 70,71]; settlements=[135,86]	i want to get rid of it	 	 
336	17:12:54:659	Charlotte	clay=0; ore=1; sheep=0; wheat=7; wood=0; unknown=0; knights=0; dev-cards=0	roads=[104,36; 36,52; 52,37; 37,68; 68,88; 88,72]; settlements=[120,52; 52,54]	sorry& don't haveit	 	 
337	17:12:58:547	Amanda	clay=0; ore=0; sheep=7; wheat=2; wood=1; unknown=0; knights=0; dev-cards=5	roads=[170,167; 167,166]; settlements=[171,184; 184,182]	nope	 	 
338	17:13:14:905	Josephine	clay=2; ore=0; sheep=0; wheat=1; wood=0; unknown=0; knights=1; dev-cards=0	roads=[99,138; 138,82; 82,66; 66,139; 139,156; 156,172; 172,188]; settlements=[116,67]	no sheep.	 	 
339	17:13:30:476	Amanda	clay=0; ore=0; sheep=7; wheat=2; wood=1; unknown=0; knights=0; dev-cards=5	roads=[170,167; 167,166]; settlements=[171,184; 184,182]	does anyone want sheep?	 	 
340	17:13:33:940	Charlotte	clay=0; ore=1; sheep=0; wheat=7; wood=0; unknown=0; knights=0; dev-cards=0	roads=[104,36; 36,52; 52,37; 37,68; 68,88; 88,72]; settlements=[120,52; 52,54]	YES	 	 
341	17:13:34:628	Josephine	clay=2; ore=0; sheep=0; wheat=1; wood=0; unknown=0; knights=1; dev-cards=0	roads=[99,138; 138,82; 82,66; 66,139; 139,156; 156,172; 172,188]; settlements=[116,67]	Me	 	 
342	17:13:36:541	Amanda	clay=0; ore=0; sheep=7; wheat=2; wood=1; unknown=0; knights=0; dev-cards=5	roads=[170,167; 167,166]; settlements=[171,184; 184,182]	i want clay or ore	 	 
343	17:13:39:148	Josephine	clay=2; ore=0; sheep=0; wheat=1; wood=0; unknown=0; knights=1; dev-cards=0	roads=[99,138; 138,82; 82,66; 66,139; 139,156; 156,172; 172,188]; settlements=[116,67]	Clay	 	 
344	17:13:46:408	Charlotte	clay=0; ore=1; sheep=0; wheat=7; wood=0; unknown=0; knights=0; dev-cards=0	roads=[104,36; 36,52; 52,37; 37,68; 68,88; 88,72]; settlements=[120,52; 52,54]	I NEED SHEEP!!!!!	 	 
345	17:13:57:195	Amanda	clay=0; ore=0; sheep=7; wheat=2; wood=1; unknown=0; knights=0; dev-cards=5	roads=[170,167; 167,166]; settlements=[171,184; 184,182]	1 4 1 both of you?	 	 
346	17:14:01:218	Server	 		Amanda rolled a 3 and a 1.	 	 
347	17:14:01:220	Server	 		Charlotte gets 2 wood. Katherine gets 1 sheep, 1 wood. Amanda gets 1 sheep.	 	 
348	17:14:02:317	Josephine	clay=2; ore=0; sheep=0; wheat=1; wood=0; unknown=0; knights=1; dev-cards=0	roads=[99,138; 138,82; 82,66; 66,139; 139,156; 156,172; 172,188]; settlements=[116,67]	yup	 	 
349	17:14:16:524	Charlotte	clay=0; ore=1; sheep=0; wheat=7; wood=2; unknown=0; knights=0; dev-cards=0	roads=[104,36; 36,52; 52,37; 37,68; 68,88; 88,72]; settlements=[120,52; 52,54]	yes& but what do you want in return again?	 	 
350	17:14:18:457	Server	 		Amanda made an offer to trade 1 sheep for 1 clay.	 	 
351	17:14:23:427	Server	 		Amanda traded 1 sheep for 1 clay from Josephine.	 	 
352	17:14:23:740	Amanda	clay=1; ore=0; sheep=7; wheat=2; wood=1; unknown=0; knights=0; dev-cards=5	roads=[170,167; 167,166]; settlements=[171,184; 184,182]	ore?	 	 
353	17:14:42:245	Amanda	clay=1; ore=0; sheep=7; wheat=2; wood=1; unknown=0; knights=0; dev-cards=5	roads=[170,167; 167,166]; settlements=[171,184; 184,182]	or anything really except wheat	 	 
354	17:14:48:867	Charlotte	clay=0; ore=1; sheep=0; wheat=7; wood=2; unknown=0; knights=0; dev-cards=0	roads=[104,36; 36,52; 52,37; 37,68; 68,88; 88,72]; settlements=[120,52; 52,54]	wood??	 	 
355	17:14:52:301	Amanda	clay=1; ore=0; sheep=7; wheat=2; wood=1; unknown=0; knights=0; dev-cards=5	roads=[170,167; 167,166]; settlements=[171,184; 184,182]	sure	 	 
356	17:15:04:808	Server	 		Amanda made an offer to trade 1 sheep for 1 wood.	 	 
357	17:15:13:539	Server	 		Amanda traded 1 sheep for 1 wood from Charlotte.	 	 
358	17:15:14:462	Amanda	clay=1; ore=0; sheep=6; wheat=2; wood=2; unknown=0; knights=0; dev-cards=5	roads=[170,167; 167,166]; settlements=[171,184; 184,182]	anyone else want some more sheeep?	 	 
359	17:15:21:959	Amanda	clay=1; ore=0; sheep=6; wheat=2; wood=2; unknown=0; knights=0; dev-cards=5	roads=[170,167; 167,166]; settlements=[171,184; 184,182]	i need ore!	 	 
360	17:15:27:837	Josephine	clay=1; ore=0; sheep=1; wheat=1; wood=0; unknown=0; knights=1; dev-cards=0	roads=[99,138; 138,82; 82,66; 66,139; 139,156; 156,172; 172,188]; settlements=[116,67]	no	 	 
361	17:15:40:794	Charlotte	clay=0; ore=1; sheep=1; wheat=7; wood=1; unknown=0; knights=0; dev-cards=0	roads=[104,36; 36,52; 52,37; 37,68; 68,88; 88,72]; settlements=[120,52; 52,54]	will do as soon as i get something other than wheat to trade with you!	 	 
362	17:16:02:525	Server	 		Amanda traded 4 sheep for 1 ore from the bank.	 	 
363	17:16:04:478	Katherine	clay=0; ore=0; sheep=4; wheat=6; wood=1; unknown=0; knights=0; dev-cards=0	roads=[134,86; 86,102; 102,118; 118,133; 133,132; 132,70; 70,71]; settlements=[135,86]	ok hurry up	 	 
364	17:16:11:762	Server	 		Josephine rolled a 3 and a 6.	 	 
365	17:16:11:765	Server	 		Katherine gets 1 clay. Josephine gets 1 clay, 2 wood.	 	 
366	17:16:30:740	Server	 		Josephine built a settlement.	 	 
367	17:16:41:408	Server	 		Josephine built a road.	 	 
368	17:16:47:720	Server	 		Charlotte rolled a 6 and a 5.	 	 
369	17:16:47:722	Server	 		Charlotte gets 1 sheep, 1 wood. Katherine gets 1 wood.	 	 
370	17:17:21:466	Charlotte	clay=0; ore=0; sheep=1; wheat=6; wood=2; unknown=0; knights=0; dev-cards=1	roads=[104,36; 36,52; 52,37; 37,68; 68,88; 88,72]; settlements=[120,52; 52,54]	would you trade another sheep for another wood?	 	 
371	17:17:30:793	Josephine	clay=0; ore=0; sheep=0; wheat=0; wood=0; unknown=0; knights=1; dev-cards=0	roads=[99,138; 138,82; 82,66; 66,139; 139,156; 156,172; 172,188; 188,204]; settlements=[116,67; 67,205]	no	 	 
372	17:17:32:160	Amanda	clay=1; ore=0; sheep=1; wheat=1; wood=2; unknown=0; knights=0; dev-cards=6	roads=[170,167; 167,166]; settlements=[171,184; 184,182]	nope& only got one left	 	 
373	17:17:36:374	Charlotte	clay=0; ore=0; sheep=1; wheat=6; wood=2; unknown=0; knights=0; dev-cards=1	roads=[104,36; 36,52; 52,37; 37,68; 68,88; 88,72]; settlements=[120,52; 52,54]	ok	 	 

374	17:17:41:381	Server	 		Katherine rolled a 6 and a 6.	 	 
375	17:17:41:383	Server	 		No player gets anything.	 	 
376	17:17:50:663	Server	 		Katherine built a road.	 	 
377	17:18:02:206	Server	 		Amanda rolled a 1 and a 5.	 	 
378	17:18:02:208	Server	 		Charlotte gets 1 wheat. Katherine gets 1 wheat. Amanda gets 2 sheep.	 	 
379	17:18:29:842	Server	 		Josephine rolled a 4 and a 4.	 	 
380	17:18:29:844	Server	 		Charlotte gets 1 clay. Amanda gets 1 wheat. Josephine gets 1 clay, 1 wheat.	 	 
381	17:18:44:098	Server	 		Charlotte rolled a 2 and a 5.	 	 
382	17:19:42:048	Server	 		Charlotte built a settlement.	 	 
383	17:19:51:105	Server	 		Charlotte built a road.	 	 
384	17:19:59:247	Server	 		Katherine rolled a 1 and a 6.	 	 
385	17:20:35:099	Server	 		Katherine built a road.	 	 
386	17:20:43:147	Server	 		Amanda rolled a 3 and a 2.	 	 
387	17:20:43:149	Server	 		Charlotte gets 1 wheat. Josephine gets 1 ore, 2 wheat.	 	 
388	17:20:49:210	Server	 		Josephine rolled a 1 and a 4.	 	 
389	17:20:49:212	Server	 		Charlotte gets 1 wheat. Josephine gets 1 ore, 2 wheat.	 	 
390	17:21:40:475	Server	 		Josephine traded 3 wheat for 1 ore from a port.	 	 
391	17:21:41:099	Amanda	clay=0; ore=0; sheep=1; wheat=1; wood=1; unknown=0; knights=0; dev-cards=5	roads=[170,167; 167,166]; settlements=[171,184; 184,182]	do we have to?	 	 
392	17:21:46:247	Katherine	clay=0; ore=0; sheep=2; wheat=3; wood=0; unknown=0; knights=0; dev-cards=0	roads=[134,86; 86,102; 102,118; 118,133; 133,132; 132,70; 70,71; 71,135; 135,152]; settlements=[135,86]	nooo	 	 
393	17:21:47:522	Server	 		Josephine built a city.	 	 
394	17:21:53:150	Josephine	clay=0; ore=0; sheep=0; wheat=0; wood=0; unknown=0; knights=1; dev-cards=0	roads=[99,138; 138,82; 82,66; 66,139; 139,156; 156,172; 172,188; 188,204]; settlements=[67,205]; cities=[139,116]	no	 	 
395	17:21:53:190	Katherine	clay=0; ore=0; sheep=2; wheat=3; wood=0; unknown=0; knights=0; dev-cards=0	roads=[134,86; 86,102; 102,118; 118,133; 133,132; 132,70; 70,71; 71,135; 135,152]; settlements=[135,86]	boob	 	 
396	17:21:59:871	Katherine	clay=0; ore=0; sheep=2; wheat=3; wood=0; unknown=0; knights=0; dev-cards=0	roads=[134,86; 86,102; 102,118; 118,133; 133,132; 132,70; 70,71; 71,135; 135,152]; settlements=[135,86]	(sorry that was my friend)	 	 
397	17:22:01:574	Josephine	clay=0; ore=0; sheep=0; wheat=0; wood=0; unknown=0; knights=1; dev-cards=0	roads=[99,138; 138,82; 82,66; 66,139; 139,156; 156,172; 172,188; 188,204]; settlements=[67,205]; cities=[139,116]	It ends& and whoever has most cards wins	 	 
398	17:22:07:221	Amanda	clay=0; ore=0; sheep=1; wheat=1; wood=1; unknown=0; knights=0; dev-cards=5	roads=[170,167; 167,166]; settlements=[171,184; 184,182]	haha	 	 
399	17:22:07:836	Josephine	clay=0; ore=0; sheep=0; wheat=0; wood=0; unknown=0; knights=1; dev-cards=0	roads=[99,138; 138,82; 82,66; 66,139; 139,156; 156,172; 172,188; 188,204]; settlements=[67,205]; cities=[139,116]	*when	 	 
400	17:22:17:893	Server	 		Charlotte rolled a 5 and a 5.	 	 
401	17:22:17:895	Server	 		Amanda gets 1 ore. Josephine gets 2 ore.	 	 
402	17:22:24:121	Josephine	clay=0; ore=2; sheep=0; wheat=0; wood=0; unknown=0; knights=1; dev-cards=0	roads=[99,138; 138,82; 82,66; 66,139; 139,156; 156,172; 172,188; 188,204]; settlements=[67,205]; cities=[139,116]	Most point,& sorry	 	 
403	17:22:36:408	Charlotte	clay=0; ore=0; sheep=0; wheat=3; wood=0; unknown=0; knights=0; dev-cards=1	roads=[104,36; 36,52; 52,37; 37,68; 68,88; 88,72; 72,38]; settlements=[120,52; 52,54; 54,73]	wheat for clay or wood anyone?	 	 
404	17:22:37:186	Josephine	clay=0; ore=2; sheep=0; wheat=0; wood=0; unknown=0; knights=1; dev-cards=0	roads=[99,138; 138,82; 82,66; 66,139; 139,156; 156,172; 172,188; 188,204]; settlements=[67,205]; cities=[139,116]	Let's just make use of remaining 7 mins	 	 
405	17:22:42:817	Josephine	clay=0; ore=2; sheep=0; wheat=0; wood=0; unknown=0; knights=1; dev-cards=0	roads=[99,138; 138,82; 82,66; 66,139; 139,156; 156,172; 172,188; 188,204]; settlements=[67,205]; cities=[139,116]	no	 	 
406	17:22:46:626	Amanda	clay=0; ore=1; sheep=1; wheat=1; wood=1; unknown=0; knights=0; dev-cards=5	roads=[170,167; 167,166]; settlements=[171,184; 184,182]	no	 	 
407	17:22:46:880	Katherine	clay=0; ore=0; sheep=2; wheat=3; wood=0; unknown=0; knights=0; dev-cards=0	roads=[134,86; 86,102; 102,118; 118,133; 133,132; 132,70; 70,71; 71,135; 135,152]; settlements=[135,86]	no	 	 

408	17:22:51:580	Server	 		Katherine rolled a 6 and a 1.	 	 
409	17:23:23:065	Server	 		Amanda rolled a 3 and a 3.	 	 
410	17:23:23:067	Server	 		Charlotte gets 1 wheat. Katherine gets 1 wheat. Amanda gets 2 sheep.	 	 
411	17:23:35:187	Server	 		Josephine rolled a 1 and a 1.	 	 
412	17:23:35:188	Server	 		Amanda gets 1 clay.	 	 
413	17:23:43:427	Server	 		Charlotte rolled a 1 and a 3.	 	 
414	17:23:43:429	Server	 		Charlotte gets 2 wood. Katherine gets 1 sheep, 1 wood. Amanda gets 1 sheep.	 	 
415	17:23:54:598	Server	 		Katherine rolled a 1 and a 1.	 	 
416	17:23:54:600	Server	 		Amanda gets 1 clay.	 	 
417	17:24:04:983	Server	 		Amanda rolled a 3 and a 3.	 	 
418	17:24:04:985	Server	 		Charlotte gets 1 wheat. Katherine gets 1 wheat. Amanda gets 2 sheep.	 	 
419	17:24:09:566	Server	 		Josephine rolled a 1 and a 2.	 	 
420	17:24:09:567	Server	 		Katherine gets 1 sheep. Amanda gets 1 wheat.	 	 
421	17:24:15:260	Server	 		Charlotte rolled a 4 and a 3.	 	 
422	17:24:58:782	Server	 		Katherine rolled a 6 and a 6.	 	 
423	17:24:58:784	Server	 		Charlotte gets 1 ore.	 	 
424	17:25:06:378	Server	 		Amanda rolled a 6 and a 4.	 	 
425	17:25:06:380	Server	 		Amanda gets 1 ore. Josephine gets 2 ore, 3 wood.	 	 
426	17:25:06:615	Josephine	clay=0; ore=2; sheep=0; wheat=0; wood=3; unknown=0; knights=1; dev-cards=0	roads=[99,138; 138,82; 82,66; 66,139; 139,156; 156,172; 172,188; 188,204]; settlements=[67,205]; cities=[139,116]	So kind,& my only resource	 	 
427	17:25:18:668	Server	 		Josephine rolled a 1 and a 2.	 	 
428	17:25:18:670	Server	 		Katherine gets 1 sheep. Amanda gets 1 wheat.	 	 
429	17:25:35:999	Server	 		Charlotte rolled a 1 and a 6.	 	 
430	17:25:50:092	Josephine	clay=0; ore=2; sheep=0; wheat=0; wood=3; unknown=0; knights=1; dev-cards=0	roads=[99,138; 138,82; 82,66; 66,139; 139,156; 156,172; 172,188; 188,204]; settlements=[67,205]; cities=[139,116]	:(	 	 
431	17:26:03:648	Katherine	clay=0; ore=1; sheep=3; wheat=2; wood=1; unknown=0; knights=0; dev-cards=0	roads=[134,86; 86,102; 102,118; 118,133; 133,132; 132,70; 70,71; 71,135; 135,152]; settlements=[135,86]	yo& you got 6 pointsd	 	 
432	17:26:10:616	Josephine	clay=0; ore=2; sheep=0; wheat=0; wood=3; unknown=0; knights=1; dev-cards=0	roads=[99,138; 138,82; 82,66; 66,139; 139,156; 156,172; 172,188; 188,204]; settlements=[67,205]; cities=[139,116]	amanda has more	 	 
433	17:26:17:619	Amanda	clay=2; ore=0; sheep=0; wheat=1; wood=1; unknown=0; knights=0; dev-cards=7	roads=[170,167; 167,166]; settlements=[171,184; 184,182]	more points?	 	 
434	17:26:19:172	Josephine	clay=0; ore=2; sheep=0; wheat=0; wood=3; unknown=0; knights=1; dev-cards=0	roads=[99,138; 138,82; 82,66; 66,139; 139,156; 156,172; 172,188; 188,204]; settlements=[67,205]; cities=[139,116]	hers are just hidden	 	 
435	17:26:20:693	Katherine	clay=0; ore=1; sheep=3; wheat=2; wood=1; unknown=0; knights=0; dev-cards=0	roads=[134,86; 86,102; 102,118; 118,133; 133,132; 132,70; 70,71; 71,135; 135,152]; settlements=[135,86]	no...& shes got the least	 	 
436	17:26:22:893	Josephine	clay=0; ore=2; sheep=0; wheat=0; wood=3; unknown=0; knights=1; dev-cards=0	roads=[99,138; 138,82; 82,66; 66,139; 139,156; 156,172; 172,188; 188,204]; settlements=[67,205]; cities=[139,116]	in dev cards	 	 
437	17:26:35:368	Charlotte	clay=0; ore=2; sheep=0; wheat=1; wood=2; unknown=0; knights=0; dev-cards=1	roads=[104,36; 36,52; 52,37; 37,68; 68,88; 88,72; 72,38]; settlements=[120,52; 52,54; 54,73]	why cant i end my turn?	 	 
438	17:26:37:200	Amanda	clay=2; ore=0; sheep=0; wheat=1; wood=1; unknown=0; knights=0; dev-cards=7	roads=[170,167; 167,166]; settlements=[171,184; 184,182]	yeh& i've got shitloads of soldiers	 	 
438.1	17:26:48:955	Markus	 	 	addtime	 	 
439	17:26:51:127	Katherine	clay=0; ore=1; sheep=3; wheat=2; wood=1; unknown=0; knights=0; dev-cards=0	roads=[134,86; 86,102; 102,118; 118,133; 133,132; 132,70; 70,71; 71,135; 135,152]; settlements=[135,86]	LOL& I DIDNT KNOW YOU COULD HAVE THEM	 	 
440	17:26:54:834	Katherine	clay=0; ore=1; sheep=3; wheat=2; wood=1; unknown=0; knights=0; dev-cards=0	roads=[134,86; 86,102; 102,118; 118,133; 133,132; 132,70; 70,71; 71,135; 135,152]; settlements=[135,86]	caps maj,& sorry	 	 
441	17:27:03:689	Josephine	clay=0; ore=2; sheep=0; wheat=0; wood=3; unknown=0; knights=1; dev-cards=0	roads=[99,138; 138,82; 82,66; 66,139; 139,156; 156,172; 172,188; 188,204]; settlements=[67,205]; cities=[139,116]	We don't want more time	 	 
442	17:27:24:587	Charlotte	clay=0; ore=2; sheep=0; wheat=1; wood=2; unknown=0; knights=0; dev-cards=1	roads=[104,36; 36,52; 52,37; 37,68; 68,88; 88,72; 72,38]; settlements=[120,52; 52,54; 54,73]	i cantclick done?	 	 
443	17:27:31:067	Amanda	clay=2; ore=0; sheep=0; wheat=1; wood=1; unknown=0; knights=0; dev-cards=7	roads=[170,167; 167,166]; settlements=[171,184; 184,182]	confused.com	 	 
444	17:27:35:612	Josephine	clay=0; ore=2; sheep=0; wheat=0; wood=3; unknown=0; knights=1; dev-cards=0	roads=[99,138; 138,82; 82,66; 66,139; 139,156; 156,172; 172,188; 188,204]; settlements=[67,205]; cities=[139,116]	indeed	 	 
445	17:27:43:030	Katherine	clay=0; ore=1; sheep=3; wheat=2; wood=1; unknown=0; knights=0; dev-cards=0	roads=[134,86; 86,102; 102,118; 118,133; 133,132; 132,70; 70,71; 71,135; 135,152]; settlements=[135,86]	yo& what just happened?	 	 
446	17:27:49:766	Katherine	clay=0; ore=1; sheep=3; wheat=2; wood=1; unknown=0; knights=0; dev-cards=0	roads=[134,86; 86,102; 102,118; 118,133; 133,132; 132,70; 70,71; 71,135; 135,152]; settlements=[135,86]	31 minutes?	 	 
447	17:27:52:820	Josephine	clay=0; ore=2; sheep=0; wheat=0; wood=3; unknown=0; knights=1; dev-cards=0	roads=[99,138; 138,82; 82,66; 66,139; 139,156; 156,172; 172,188; 188,204]; settlements=[67,205]; cities=[139,116]	Markus!& It ended	 	 
448	17:28:02:263	Katherine	clay=0; ore=1; sheep=3; wheat=2; wood=1; unknown=0; knights=0; dev-cards=0	roads=[134,86; 86,102; 102,118; 118,133; 133,132; 132,70; 70,71; 71,135; 135,152]; settlements=[135,86]	no,& he added time	 	 
449	17:28:03:181	Josephine	clay=0; ore=2; sheep=0; wheat=0; wood=3; unknown=0; knights=1; dev-cards=0	roads=[99,138; 138,82; 82,66; 66,139; 139,156; 156,172; 172,188; 188,204]; settlements=[67,205]; cities=[139,116]	Why was it extended?	 	 
450	17:28:30:175	Katherine	clay=0; ore=1; sheep=3; wheat=2; wood=1; unknown=0; knights=0; dev-cards=0	roads=[134,86; 86,102; 102,118; 118,133; 133,132; 132,70; 70,71; 71,135; 135,152]; settlements=[135,86]	i got to go though	 	 
451	17:28:32:318	Amanda	clay=2; ore=0; sheep=0; wheat=1; wood=1; unknown=0; knights=0; dev-cards=7	roads=[170,167; 167,166]; settlements=[171,184; 184,182]	mehhhhh	 	 
452	17:28:40:285	Charlotte	clay=0; ore=2; sheep=0; wheat=1; wood=2; unknown=0; knights=0; dev-cards=1	roads=[104,36; 36,52; 52,37; 37,68; 68,88; 88,72; 72,38]; settlements=[120,52; 52,54; 54,73]	yeh& well& i cant move on	 	 
453	17:28:52:286	Katherine	clay=0; ore=1; sheep=3; wheat=2; wood=1; unknown=0; knights=0; dev-cards=0	roads=[134,86; 86,102; 102,118; 118,133; 133,132; 132,70; 70,71; 71,135; 135,152]; settlements=[135,86]	does that mean& i don't get money	 	 
453.1	17:28:53:730	Markus	 	 	Charlotte must move the robber	 	 
453.2	17:29:04:931	Markus	 	 	Well,& if you have to go,.	 	 
453.3	17:29:15:082	Markus	 	 	The others can continue though.	 	 
454	17:29:26:958	Server	 		Katherine rolled a 1 and a 1.	 	 
455	17:29:26:960	Server	 		Amanda gets 1 clay.	 	 
456	17:29:37:957	Katherine	clay=0; ore=0; sheep=3; wheat=2; wood=1; unknown=0; knights=0; dev-cards=0	roads=[134,86; 86,102; 102,118; 118,133; 133,132; 132,70; 70,71; 71,135; 135,152]; settlements=[135,86]	so when do i fill in the questionnaire?	 	 
457	17:29:44:264	Server	 		Amanda rolled a 3 and a 6.	 	 
458	17:29:44:266	Server	 		Katherine gets 1 clay. Josephine gets 2 clay, 2 wood.	 	 
458.1	17:29:50:018	Markus	 	 	Well,& as soon as you can.	 	 
459	17:29:53:679	Katherine	clay=1; ore=0; sheep=3; wheat=2; wood=1; unknown=0; knights=0; dev-cards=0	roads=[134,86; 86,102; 102,118; 118,133; 133,132; 132,70; 70,71; 71,135; 135,152]; settlements=[135,86]	ok	 	 
459.1	17:29:55:332	Markus	 	 	Just send it by email.	 	 
460	17:29:57:660	Server	 		Amanda built a road.	 	 
461	17:29:58:704	Katherine	clay=1; ore=0; sheep=3; wheat=2; wood=1; unknown=0; knights=0; dev-cards=0	roads=[134,86; 86,102; 102,118; 118,133; 133,132; 132,70; 70,71; 71,135; 135,152]; settlements=[135,86]	thanks!	 	 
462	17:30:02:649	Server	 		Josephine rolled a 4 and a 1.	 	 
463	17:30:02:651	Server	 		Charlotte gets 1 wheat. Josephine gets 2 ore, 2 wheat.	 	 
464	17:30:08:980	Server	 		Josephine built a road.	 	 
465	17:30:24:953	Server	 		Josephine built a road.	 	 
466	17:30:31:224	Server	 		Josephine built a city.	 	 
467	17:30:41:382	Server	 		Charlotte rolled a 5 and a 6.	 	 
468	17:30:41:383	Server	 		Charlotte gets 2 sheep, 1 wood.	 	 
469	17:30:55:126	Server	 		Charlotte built a city.	 	 
470	17:31:06:384	Server	 		Amanda rolled a 5 and a 6.	 	 
471	17:31:06:385	Server	 		Charlotte gets 2 sheep, 1 wood.	 	 
472	17:31:11:689	Server	 		Josephine rolled a 1 and a 6.	 	 
473	17:31:37:859	Server	 		Charlotte rolled a 3 and a 2.	 	 
474	17:31:37:860	Server	 		Charlotte gets 1 wheat. Josephine gets 2 ore, 2 wheat.	 	 
475	17:31:56:277	Charlotte	clay=0; ore=0; sheep=3; wheat=1; wood=0; unknown=0; knights=0; dev-cards=1	roads=[104,36; 36,52; 52,37; 37,68; 68,88; 88,72; 72,38]; settlements=[120,54; 54,73]	ore in return for a sheep?	 	 
476	17:32:06:197	Josephine	clay=0; ore=3; sheep=1; wheat=2; wood=3; unknown=0; knights=1; dev-cards=0	roads=[99,138; 138,82; 82,66; 66,139; 139,156; 156,172; 172,188; 188,204; 204,203; 203,202]; cities=[139,116; 116,67]	Yes	 	 
477	17:32:12:244	Josephine	clay=0; ore=3; sheep=1; wheat=2; wood=3; unknown=0; knights=1; dev-cards=0	roads=[99,138; 138,82; 82,66; 66,139; 139,156; 156,172; 172,188; 188,204; 204,203; 203,202]; cities=[139,116; 116,67]	one	 	 
478	17:32:21:288	Server	 		Charlotte made an offer to trade 1 sheep for 1 ore.	 	 
479	17:32:25:206	Server	 		Charlotte traded 1 sheep for 1 ore from Josephine.	 	 
480	17:32:34:685	Server	 		Amanda rolled a 5 and a 3.	 	 
481	17:32:34:686	Server	 		Charlotte gets 2 clay. Amanda gets 1 wheat. Josephine gets 2 clay, 1 wheat.	 	 
482	17:32:38:999	Server	 		Josephine rolled a 5 and a 4.	 	 
483	17:32:39:000	Server	 		Josephine gets 2 clay, 2 wood.	 	 
484	17:32:54:017	Server	 		Josephine built a road.	 	 
485	17:33:01:802	Amanda	clay=2; ore=0; sheep=0; wheat=2; wood=0; unknown=0; knights=0; dev-cards=7	roads=[170,167; 167,166; 166,186]; settlements=[171,184; 184,182]	yaaaay	 	 
486	17:33:04:731	Josephine	clay=3; ore=0; sheep=0; wheat=1; wood=4; unknown=0; knights=1; dev-cards=2	roads=[99,138; 138,82; 82,66; 66,139; 139,156; 156,172; 172,188; 188,204; 204,203; 203,202; 202,201]; cities=[139,116; 116,67]	Yay!	 	 
487	17:33:10:559	Amanda	clay=2; ore=0; sheep=0; wheat=2; wood=0; unknown=0; knights=0; dev-cards=7	roads=[170,167; 167,166; 166,186]; settlements=[171,184; 184,182]	congrats josephine!	 	 
488	17:33:21:274	Josephine	clay=3; ore=0; sheep=0; wheat=1; wood=4; unknown=0; knights=1; dev-cards=2	roads=[99,138; 138,82; 82,66; 66,139; 139,156; 156,172; 172,188; 188,204; 204,203; 203,202; 202,201]; cities=[139,116; 116,67]	Thanks.	 	 
489	17:33:29:514	Josephine	clay=3; ore=0; sheep=0; wheat=1; wood=4; unknown=0; knights=1; dev-cards=2	roads=[99,138; 138,82; 82,66; 66,139; 139,156; 156,172; 172,188; 188,204; 204,203; 203,202; 202,201]; cities=[139,116; 116,67]	It was nice playing with you.	 	 
490	17:33:38:873	Amanda	clay=2; ore=0; sheep=0; wheat=2; wood=0; unknown=0; knights=0; dev-cards=7	roads=[170,167; 167,166; 166,186]; settlements=[171,184; 184,182]	ditto	 	 
491	17:33:39:365	Charlotte	clay=2; ore=0; sheep=1; wheat=0; wood=0; unknown=0; knights=0; dev-cards=2	roads=[104,36; 36,52; 52,37; 37,68; 68,88; 88,72; 72,38]; settlements=[120,54; 54,73]	well done :)	 	 
492	17:33:51:174	Charlotte	clay=2; ore=0; sheep=1; wheat=0; wood=0; unknown=0; knights=0; dev-cards=2	roads=[104,36; 36,52; 52,37; 37,68; 68,88; 88,72; 72,38]; settlements=[120,54; 54,73]	do we click quit now?	 	 
493	17:33:52:129	Amanda	clay=2; ore=0; sheep=0; wheat=2; wood=0; unknown=0; knights=0; dev-cards=7	roads=[170,167; 167,166; 166,186]; settlements=[171,184; 184,182]	what happens now?& do we just quit?	 	 
494	17:33:52:933	Josephine	clay=3; ore=0; sheep=0; wheat=1; wood=4; unknown=0; knights=1; dev-cards=2	roads=[99,138; 138,82; 82,66; 66,139; 139,156; 156,172; 172,188; 188,204; 204,203; 203,202; 202,201]; cities=[139,116; 116,67]	Where is your office Markus?& To pick up the money	 	 
494.1	17:34:05:633	Markus	 	 	Well done!	 	 
494.2	17:34:18:721	Markus	 	 	My office is Informatics Forum 3.24.	 	 
495	17:34:33:097	Josephine	clay=3; ore=0; sheep=0; wheat=1; wood=4; unknown=0; knights=1; dev-cards=2	roads=[99,138; 138,82; 82,66; 66,139; 139,156; 156,172; 172,188; 188,204; 204,203; 203,202; 202,201]; cities=[139,116; 116,67]	Great.& Thanks	 	 
495.1	17:34:34:617	Markus	 	 	I'll be there tomorrow morning, but not the reest of the week.	 	 
495.2	17:34:44:585	Markus	 	 	You can pick the money from my office mate though.	 	 
495.3	17:34:47:304	Markus	 	 	Jonathan.	 	 
495.4	17:34:56:952	Markus	 	 	Please remember to send me the questionnaire.	 	 
496	17:35:03:774	Josephine	clay=3; ore=0; sheep=0; wheat=1; wood=4; unknown=0; knights=1; dev-cards=2	roads=[99,138; 138,82; 82,66; 66,139; 139,156; 156,172; 172,188; 188,204; 204,203; 203,202; 202,201]; cities=[139,116; 116,67]	Sure.	 	 
497	17:35:04:884	Amanda	clay=2; ore=0; sheep=0; wheat=2; wood=0; unknown=0; knights=0; dev-cards=7	roads=[170,167; 167,166; 166,186]; settlements=[171,184; 184,182]	were they in the email?	 	 
497.1	17:35:30:168	Markus	 	 	They should have.	 	 
497.2	17:35:33:704	Markus	 	 	If not, let me know.	 	 
498	17:35:39:466	Amanda	clay=2; ore=0; sheep=0; wheat=2; wood=0; unknown=0; knights=0; dev-cards=7	roads=[170,167; 167,166; 166,186]; settlements=[171,184; 184,182]	ok,& will do.	 	 
499	17:35:44:731	Amanda	clay=2; ore=0; sheep=0; wheat=2; wood=0; unknown=0; knights=0; dev-cards=7	roads=[170,167; 167,166; 166,186]; settlements=[171,184; 184,182]	BYE!	 	 
500	17:36:04:293	Josephine	clay=3; ore=0; sheep=0; wheat=1; wood=4; unknown=0; knights=1; dev-cards=2	roads=[99,138; 138,82; 82,66; 66,139; 139,156; 156,172; 172,188; 188,204; 204,203; 203,202; 202,201]; cities=[139,116; 116,67]	bye	 	 
