ID	Timestamp	Emitter	Resources	Buildups	Text	Annotation	Comment
0.1	09:56:25:286	Markus	 	 	Great, waiting for one more person.	 	 
0.2	09:56:40:606	Markus	 	 	One participant can't make it; so you'll be only 3.	 	 
0.3	10:02:37:187	Markus	 	 	Hi, great.& Go ahead.	 	 
0.4	10:02:44:195	Markus	 	 	You'll only be three ...	 	 
1	10:03:37:137	Server	 		mmatrtajova built a settlement.	 	 
2	10:03:42:136	Server	 		mmatrtajova built a road.	 	 
3	10:03:47:798	Server	 		Ash built a settlement.	 	 
4	10:03:57:247	Server	 		Ash built a road.	 	 
5	10:04:08:860	Server	 		J built a settlement.	 	 
6	10:04:18:252	Server	 		J built a road.	 	 
7	10:04:26:420	Server	 		J built a settlement.	 	 
8	10:04:31:260	Server	 		J built a road.	 	 
9	10:04:43:199	Server	 		Ash built a settlement.	 	 
10	10:04:50:573	Server	 		Ash built a road.	 	 
11	10:05:21:501	Server	 		mmatrtajova built a settlement.	 	 
12	10:05:25:196	Server	 		mmatrtajova built a road.	 	 
13	10:05:31:201	Server	 		mmatrtajova rolled a 2 and a 2.	 	 
14	10:05:31:203	Server	 		Ash gets 1 ore. J gets 1 wood.	 	 
15	10:06:12:658	Server	 		Ash rolled a 2 and a 5.	 	 
16	10:08:18:145	Ash	clay=1; ore=2; sheep=0; wheat=1; wood=0; unknown=0; knights=0; dev-cards=0	roads=[137,101]; settlements=[154,101]	sorry& i have click one& but it hasnt moved on	 	 
17	10:08:40:629	mmatrtajova	clay=0; ore=1; sheep=1; wheat=1; wood=0; unknown=0; knights=0; dev-cards=0	roads=[104,134]; settlements=[120,150]	click again&:)	 	 
18	10:08:51:285	Ash	clay=1; ore=2; sheep=0; wheat=1; wood=0; unknown=0; knights=0; dev-cards=0	roads=[137,101]; settlements=[154,101]	nothing	 	 
19	10:09:10:255	mmatrtajova	clay=0; ore=1; sheep=1; wheat=1; wood=0; unknown=0; knights=0; dev-cards=0	roads=[104,134]; settlements=[120,150]	well then& choose a number that actually is on the map!	 	 
20	10:09:17:417	mmatrtajova	clay=0; ore=1; sheep=1; wheat=1; wood=0; unknown=0; knights=0; dev-cards=0	roads=[104,134]; settlements=[120,150]	:)	 	 
21	10:09:34:441	mmatrtajova	clay=0; ore=1; sheep=1; wheat=1; wood=0; unknown=0; knights=0; dev-cards=0	roads=[104,134]; settlements=[120,150]	you can never throw a 1 with 2 dice	 	 
22	10:09:43:011	Ash	clay=2; ore=2; sheep=0; wheat=1; wood=0; unknown=0; knights=0; dev-cards=0	roads=[137,101]; settlements=[154,101]	oh& i see sotty	 	 
23	10:09:47:259	Ash	clay=2; ore=2; sheep=0; wheat=1; wood=0; unknown=0; knights=0; dev-cards=0	roads=[137,101]; settlements=[154,101]	*sorry	 	 
24	10:09:55:258	Ash	clay=2; ore=2; sheep=0; wheat=1; wood=0; unknown=0; knights=0; dev-cards=0	roads=[137,101]; settlements=[154,101]	i am new at this	 	 
25	10:10:04:953	Server	 		J rolled a 6 and a 5.	 	 
26	10:10:04:955	Server	 		mmatrtajova gets 1 ore. J gets 2 clay.	 	 
27	10:10:35:984	mmatrtajova	clay=0; ore=2; sheep=1; wheat=1; wood=0; unknown=0; knights=0; dev-cards=0	roads=[104,134]; settlements=[120,150]	thats okay,& i have only done it once as well	 	 
28	10:10:45:382	Ash	clay=2; ore=2; sheep=0; wheat=1; wood=0; unknown=0; knights=0; dev-cards=0	roads=[137,101]; settlements=[154,101]	cool	 	 
29	10:11:31:713	J	clay=3; ore=0; sheep=0; wheat=0; wood=2; unknown=0; knights=0; dev-cards=0	roads=[70,69]; settlements=[71,69]	what do i do now?	 	 
30	10:11:43:351	mmatrtajova	clay=0; ore=2; sheep=1; wheat=1; wood=0; unknown=0; knights=0; dev-cards=0	roads=[104,134]; settlements=[120,150]	well& build sts or put done	 	 
31	10:11:47:443	mmatrtajova	clay=0; ore=2; sheep=1; wheat=1; wood=0; unknown=0; knights=0; dev-cards=0	roads=[104,134]; settlements=[120,150]	or trade	 	 
32	10:11:58:610	J	clay=3; ore=0; sheep=0; wheat=0; wood=2; unknown=0; knights=0; dev-cards=0	roads=[70,69]; settlements=[71,69]	won't let me build a settlement	 	 
33	10:12:11:341	mmatrtajova	clay=0; ore=2; sheep=1; wheat=1; wood=0; unknown=0; knights=0; dev-cards=0	roads=[104,134]; settlements=[120,150]	because you dont have the resources	 	 
34	10:12:12:639	Server	 		mmatrtajova rolled a 4 and a 5.	 	 
35	10:12:12:640	Server	 		mmatrtajova gets 1 wheat.	 	 
36	10:12:16:425	mmatrtajova	clay=0; ore=2; sheep=1; wheat=2; wood=0; unknown=0; knights=0; dev-cards=0	roads=[104,134]; settlements=[120,150]	probably	 	 
37	10:13:35:636	J	clay=3; ore=0; sheep=0; wheat=0; wood=2; unknown=0; knights=0; dev-cards=0	roads=[70,69]; settlements=[71,69]	cool	 	 
38	10:13:45:773	Server	 		mmatrtajova made an offer to trade 1 ore for 1 clay.	 	 
39	10:14:08:659	mmatrtajova	clay=0; ore=1; sheep=0; wheat=1; wood=0; unknown=0; knights=0; dev-cards=1	roads=[104,134]; settlements=[120,150]	J, give me one clay:)	 	 
40	10:14:21:370	Server	 		mmatrtajova traded 1 ore for 1 clay from J.	 	 
41	10:14:37:027	Server	 		mmatrtajova made an offer to trade 1 wheat for 1 wood.	 	 
42	10:14:49:562	Server	 		mmatrtajova traded 1 wheat for 1 wood from J.	 	 

43	10:15:10:983	Server	 		Ash rolled a 4 and a 6.	 	 
44	10:15:10:985	Server	 		mmatrtajova gets 1 ore. Ash gets 1 ore.	 	 
45	10:16:06:443	Server	 		Ash made an offer to trade 1 ore for 1 wood.	 	 
46	10:16:31:064	mmatrtajova	clay=1; ore=1; sheep=0; wheat=0; wood=1; unknown=0; knights=0; dev-cards=1	roads=[104,134]; settlements=[120,150]	how do i reject trade?	 	 
47	10:17:01:921	Ash	clay=2; ore=3; sheep=0; wheat=1; wood=0; unknown=0; knights=0; dev-cards=0	roads=[137,101]; settlements=[154,101]	i dont know& but j just did	 	 
48	10:17:14:726	mmatrtajova	clay=1; ore=1; sheep=0; wheat=0; wood=1; unknown=0; knights=0; dev-cards=1	roads=[104,134]; settlements=[120,150]	well how did you?	 	 
49	10:17:22:129	Server	 		Ash made an offer to trade 1 ore for 1 sheep.	 	 
50	10:17:27:879	mmatrtajova	clay=1; ore=1; sheep=0; wheat=0; wood=1; unknown=0; knights=0; dev-cards=1	roads=[104,134]; settlements=[120,150]	nice	 	 
51	10:17:30:297	J	clay=2; ore=1; sheep=0; wheat=1; wood=1; unknown=0; knights=0; dev-cards=0	roads=[70,69]; settlements=[71,69]	there's a button that says accept and one that said reject	 	 
52	10:17:45:256	Server	 		J rolled a 4 and a 3.	 	 
53	10:18:21:551	Server	 		mmatrtajova rolled a 1 and a 5.	 	 
54	10:18:21:553	Server	 		mmatrtajova gets 1 clay. J gets 1 clay.	 	 
55	10:19:10:075	Server	 		mmatrtajova built a road.	 	 
56	10:19:12:241	Server	 		mmatrtajova built a road.	 	 
57	10:19:26:876	Server	 		Ash rolled a 2 and a 4.	 	 
58	10:19:26:878	Server	 		mmatrtajova gets 1 clay. J gets 1 clay.	 	 
59	10:19:50:704	Server	 		Ash made an offer to trade 1 clay for 1 wood.	 	 
60	10:20:18:523	Ash	clay=2; ore=3; sheep=0; wheat=1; wood=0; unknown=0; knights=0; dev-cards=0	roads=[137,101]; settlements=[154,101]	is there anything else you would want for wood?	 	 
61	10:20:43:501	J	clay=4; ore=1; sheep=0; wheat=1; wood=0; unknown=0; knights=0; dev-cards=0	roads=[70,69]; settlements=[71,69]	can't you trade with the bank instead?	 	 
62	10:20:54:376	mmatrtajova	clay=1; ore=1; sheep=0; wheat=0; wood=0; unknown=0; knights=0; dev-cards=0	roads=[104,134; 134,135; 135,136]; settlements=[120,150]	i have monopolized and used all the wood!	 	 
63	10:20:59:300	mmatrtajova	clay=1; ore=1; sheep=0; wheat=0; wood=0; unknown=0; knights=0; dev-cards=0	roads=[104,134; 134,135; 135,136]; settlements=[120,150]	there is no wood!	 	 
64	10:21:04:103	Ash	clay=2; ore=3; sheep=0; wheat=1; wood=0; unknown=0; knights=0; dev-cards=0	roads=[137,101]; settlements=[154,101]	oh nightmare	 	 
65	10:21:40:091	Server	 		J rolled a 5 and a 2.	 	 
66	10:22:42:170	mmatrtajova	clay=1; ore=0; sheep=0; wheat=0; wood=0; unknown=0; knights=0; dev-cards=0	roads=[104,134; 134,135; 135,136]; settlements=[120,150]	you can trade with the bank...& the ratio is 4 of the same resources to 1 different	 	 
67	10:22:56:242	Ash	clay=2; ore=3; sheep=0; wheat=1; wood=0; unknown=0; knights=0; dev-cards=0	roads=[137,101]; settlements=[154,101]	yeah& i just dont have 4 of anything yet	 	 
68	10:23:05:976	mmatrtajova	clay=1; ore=0; sheep=0; wheat=0; wood=0; unknown=0; knights=0; dev-cards=0	roads=[104,134; 134,135; 135,136]; settlements=[120,150]	move on&:)	 	 
69	10:23:22:881	J	clay=4; ore=2; sheep=0; wheat=1; wood=0; unknown=0; knights=0; dev-cards=0	roads=[70,69]; settlements=[71,69]	oh yeah,& my bad	 	 
70	10:23:28:438	Ash	clay=2; ore=3; sheep=0; wheat=1; wood=0; unknown=0; knights=0; dev-cards=0	roads=[137,101]; settlements=[154,101]	is there a way you can see what resourses other people have?	 	 
71	10:23:30:221	Server	 		mmatrtajova rolled a 4 and a 6.	 	 
72	10:23:30:223	Server	 		mmatrtajova gets 1 ore. Ash gets 1 ore.	 	 
73	10:23:43:591	mmatrtajova	clay=1; ore=1; sheep=0; wheat=0; wood=0; unknown=0; knights=0; dev-cards=0	roads=[104,134; 134,135; 135,136]; settlements=[120,150]	nope...	 	 
74	10:23:51:226	Ash	clay=2; ore=4; sheep=0; wheat=1; wood=0; unknown=0; knights=0; dev-cards=0	roads=[137,101]; settlements=[154,101]	thats annoying	 	 
75	10:23:52:058	Server	 		mmatrtajova made an offer to trade 1 ore for 1 wood.	 	 
76	10:23:56:658	J	clay=4; ore=2; sheep=0; wheat=1; wood=0; unknown=0; knights=0; dev-cards=0	roads=[70,69]; settlements=[71,69]	i don't have wood either	 	 
77	10:24:15:135	mmatrtajova	clay=1; ore=1; sheep=0; wheat=0; wood=0; unknown=0; knights=0; dev-cards=0	roads=[104,134; 134,135; 135,136]; settlements=[120,150]	ok	 	 
78	10:24:17:506	J	clay=4; ore=2; sheep=0; wheat=1; wood=0; unknown=0; knights=0; dev-cards=0	roads=[70,69]; settlements=[71,69]	...or do i	 	 
79	10:24:18:354	J	clay=4; ore=2; sheep=0; wheat=1; wood=0; unknown=0; knights=0; dev-cards=0	roads=[70,69]; settlements=[71,69]	hahah	 	 

80	10:24:24:824	Server	 		Ash rolled a 2 and a 5.	 	 
81	10:25:20:243	J	clay=3; ore=2; sheep=0; wheat=1; wood=0; unknown=0; knights=0; dev-cards=0	roads=[70,69]; settlements=[71,69]	nice one	 	 
82	10:25:26:488	mmatrtajova	clay=1; ore=1; sheep=0; wheat=0; wood=0; unknown=0; knights=0; dev-cards=0	roads=[104,134; 134,135; 135,136]; settlements=[120,150]	:)	 	 
83	10:25:38:863	Server	 		Ash traded 4 ore for 1 wood from the bank.	 	 
84	10:25:48:773	Server	 		Ash built a road.	 	 
85	10:25:58:544	Server	 		J rolled a 2 and a 2.	 	 
86	10:25:58:545	Server	 		Ash gets 1 ore. J gets 1 wood.	 	 
87	10:26:55:302	J	clay=3; ore=2; sheep=0; wheat=1; wood=1; unknown=0; knights=0; dev-cards=0	roads=[70,69]; settlements=[71,69]	why won't it let me build a road again?& i have the resources now	 	 
88	10:27:07:226	mmatrtajova	clay=1; ore=1; sheep=0; wheat=0; wood=0; unknown=0; knights=0; dev-cards=0	roads=[104,134; 134,135; 135,136]; settlements=[120,150]	because you dont have clay?	 	 
89	10:27:13:078	J	clay=3; ore=2; sheep=0; wheat=1; wood=1; unknown=0; knights=0; dev-cards=0	roads=[70,69]; settlements=[71,69]	yeeep& i do	 	 
90	10:27:26:069	mmatrtajova	clay=1; ore=1; sheep=0; wheat=0; wood=0; unknown=0; knights=0; dev-cards=0	roads=[104,134; 134,135; 135,136]; settlements=[120,150]	then i dont know	 	 
91	10:27:40:078	mmatrtajova	clay=1; ore=1; sheep=0; wheat=0; wood=0; unknown=0; knights=0; dev-cards=0	roads=[104,134; 134,135; 135,136]; settlements=[120,150]	do you have wood?	 	 
92	10:27:40:288	Ash	clay=2; ore=1; sheep=0; wheat=1; wood=0; unknown=0; knights=0; dev-cards=0	roads=[137,101; 101,100]; settlements=[154,101]	oh weird& it should say buy at the bottom next to the road?	 	 
93	10:27:54:565	mmatrtajova	clay=1; ore=1; sheep=0; wheat=0; wood=0; unknown=0; knights=0; dev-cards=0	roads=[104,134; 134,135; 135,136]; settlements=[120,150]	yes!	 	 
94	10:28:21:851	Server	 		J built a road.	 	 
95	10:28:25:672	J	clay=2; ore=2; sheep=0; wheat=1; wood=0; unknown=0; knights=0; dev-cards=0	roads=[70,69; 69,68]; settlements=[71,69]	aha!	 	 
96	10:28:29:627	Ash	clay=2; ore=1; sheep=0; wheat=1; wood=0; unknown=0; knights=0; dev-cards=0	roads=[137,101; 101,100]; settlements=[154,101]	yey	 	 

97	10:28:35:266	Server	 		mmatrtajova rolled a 4 and a 3.	 	 
98	10:28:39:656	J	clay=2; ore=2; sheep=0; wheat=1; wood=0; unknown=0; knights=0; dev-cards=0	roads=[70,69; 69,68]; settlements=[71,69]	im such a noob	 	 
99	10:28:46:106	Ash	clay=2; ore=1; sheep=0; wheat=1; wood=0; unknown=0; knights=0; dev-cards=0	roads=[137,101; 101,100]; settlements=[154,101]	me too& dont worry	 	 
100	10:28:58:952	J	clay=2; ore=2; sheep=0; wheat=1; wood=0; unknown=0; knights=0; dev-cards=0	roads=[70,69; 69,68]; settlements=[71,69]	:)	 	 
101	10:29:10:394	mmatrtajova	clay=1; ore=2; sheep=0; wheat=0; wood=0; unknown=0; knights=0; dev-cards=0	roads=[104,134; 134,135; 135,136]; settlements=[120,150]	nice... have any wood J?	 	 
102	10:29:18:361	J	clay=2; ore=1; sheep=0; wheat=1; wood=0; unknown=0; knights=0; dev-cards=0	roads=[70,69; 69,68]; settlements=[71,69]	nah& just used it on that road	 	 
103	10:29:27:097	J	clay=2; ore=1; sheep=0; wheat=1; wood=0; unknown=0; knights=0; dev-cards=0	roads=[70,69; 69,68]; settlements=[71,69]	should have saved it for a settlement really	 	 
104	10:29:28:577	Server	 		Ash rolled a 3 and a 5.	 	 
105	10:29:28:578	Server	 		Ash gets 2 wheat.	 	 
106	10:29:34:425	J	clay=2; ore=1; sheep=0; wheat=1; wood=0; unknown=0; knights=0; dev-cards=0	roads=[70,69; 69,68]; settlements=[71,69]	got too excited	 	 
107	10:29:58:644	mmatrtajova	clay=1; ore=2; sheep=0; wheat=0; wood=0; unknown=0; knights=0; dev-cards=0	roads=[104,134; 134,135; 135,136]; settlements=[120,150]	cant build a settlement unless you have a road,	 	 
108	10:30:12:637	mmatrtajova	clay=1; ore=2; sheep=0; wheat=0; wood=0; unknown=0; knights=0; dev-cards=0	roads=[104,134; 134,135; 135,136]; settlements=[120,150]	though can build a city	 	 
109	10:30:15:318	Server	 		J rolled a 6 and a 1.	 	 
110	10:30:25:095	mmatrtajova	clay=1; ore=2; sheep=0; wheat=0; wood=0; unknown=0; knights=0; dev-cards=0	roads=[104,134; 134,135; 135,136]; settlements=[120,150]	guys,& we may need to spees up...	 	 
111	10:30:35:984	Ash	clay=2; ore=1; sheep=0; wheat=3; wood=0; unknown=0; knights=0; dev-cards=0	roads=[137,101; 101,100]; settlements=[154,101]	you have to have a settlement before a city though i think	 	 
112	10:30:46:073	Server	 		mmatrtajova rolled a 4 and a 1.	 	 
113	10:30:46:074	Server	 		mmatrtajova gets 1 sheep. Ash gets 1 sheep.	 	 
114	10:30:53:019	J	clay=2; ore=1; sheep=0; wheat=1; wood=0; unknown=0; knights=0; dev-cards=0	roads=[70,69; 69,68]; settlements=[71,69]	ah ok	 	 
115	10:31:05:672	mmatrtajova	clay=1; ore=2; sheep=1; wheat=0; wood=0; unknown=0; knights=0; dev-cards=0	roads=[104,134; 134,135; 135,136]; settlements=[120,150]	wood anyone?	 	 
116	10:31:09:084	Ash	clay=2; ore=1; sheep=1; wheat=3; wood=0; unknown=0; knights=0; dev-cards=0	roads=[137,101; 101,100]; settlements=[154,101]	nope	 	 
117	10:31:15:291	J	clay=2; ore=1; sheep=0; wheat=1; wood=0; unknown=0; knights=0; dev-cards=0	roads=[70,69; 69,68]; settlements=[71,69]	nope	 	 
118	10:31:23:531	Server	 		Ash rolled a 3 and a 4.	 	 
119	10:31:40:739	mmatrtajova	clay=1; ore=2; sheep=1; wheat=0; wood=0; unknown=0; knights=0; dev-cards=0	roads=[104,134; 134,135; 135,136]; settlements=[120,150]	7 your lucky number?	 	 
120	10:31:49:708	J	clay=2; ore=1; sheep=0; wheat=0; wood=0; unknown=0; knights=0; dev-cards=0	roads=[70,69; 69,68]; settlements=[71,69]	banter	 	 
121	10:32:07:113	Server	 		J rolled a 1 and a 6.	 	 
122	10:32:29:183	Ash	clay=1; ore=1; sheep=1; wheat=1; wood=0; unknown=0; knights=0; dev-cards=0	roads=[137,101; 101,100]; settlements=[154,101]	i know insane	 	 

123	10:32:40:313	Server	 		mmatrtajova rolled a 2 and a 1.	 	 
124	10:32:40:314	Server	 		Ash gets 1 clay. J gets 1 clay.	 	 
125	10:32:44:114	Ash	clay=2; ore=1; sheep=1; wheat=1; wood=0; unknown=0; knights=0; dev-cards=0	roads=[137,101; 101,100]; settlements=[154,101]	i just want some wood	 	 
126	10:32:46:794	Ash	clay=2; ore=1; sheep=1; wheat=1; wood=0; unknown=0; knights=0; dev-cards=0	roads=[137,101; 101,100]; settlements=[154,101]	lol	 	 
127	10:33:02:365	J	clay=3; ore=1; sheep=0; wheat=0; wood=0; unknown=0; knights=0; dev-cards=0	roads=[70,69; 69,68]; settlements=[71,69]	lol& what a thing to say at 10:30 in the morning	 	 
128	10:33:25:734	mmatrtajova	clay=1; ore=2; sheep=1; wheat=0; wood=0; unknown=0; knights=0; dev-cards=0	roads=[104,134; 134,135; 135,136]; settlements=[120,150]	ash, do you have wheat?	 	 
129	10:33:31:346	Ash	clay=2; ore=1; sheep=1; wheat=1; wood=0; unknown=0; knights=0; dev-cards=0	roads=[137,101; 101,100]; settlements=[154,101]	yes	 	 
130	10:33:41:737	Server	 		mmatrtajova made an offer to trade 1 ore for 1 wheat.	 	 
131	10:33:58:758	mmatrtajova	clay=1; ore=2; sheep=1; wheat=0; wood=0; unknown=0; knights=0; dev-cards=0	roads=[104,134; 134,135; 135,136]; settlements=[120,150]	then trade:)	 	 
132	10:34:12:224	Ash	clay=2; ore=1; sheep=1; wheat=1; wood=0; unknown=0; knights=0; dev-cards=0	roads=[137,101; 101,100]; settlements=[154,101]	i think you are trading with j	 	 
133	10:34:33:511	Server	 		mmatrtajova made an offer to trade 1 ore for 1 wheat.	 	 
134	10:34:41:957	mmatrtajova	clay=1; ore=2; sheep=1; wheat=0; wood=0; unknown=0; knights=0; dev-cards=0	roads=[104,134; 134,135; 135,136]; settlements=[120,150]	yeah,& didnt realize	 	 
135	10:34:44:942	Server	 		mmatrtajova traded 1 ore for 1 wheat from Ash.	 	 
136	10:34:51:396	Ash	clay=2; ore=2; sheep=1; wheat=0; wood=0; unknown=0; knights=0; dev-cards=0	roads=[137,101; 101,100]; settlements=[154,101]	lol	 	 
137	10:35:03:322	Server	 		Ash rolled a 5 and a 5.	 	 
138	10:35:03:323	Server	 		mmatrtajova gets 1 ore. Ash gets 1 ore.	 	 
139	10:35:25:186	Ash	clay=2; ore=3; sheep=1; wheat=0; wood=0; unknown=0; knights=0; dev-cards=0	roads=[137,101; 101,100]; settlements=[154,101]	anyone got any wood?	 	 
140	10:35:30:261	mmatrtajova	clay=1; ore=1; sheep=0; wheat=0; wood=0; unknown=0; knights=0; dev-cards=1	roads=[104,134; 134,135; 135,136]; settlements=[120,150]	nope	 	 
141	10:35:34:545	J	clay=3; ore=1; sheep=0; wheat=0; wood=0; unknown=0; knights=0; dev-cards=0	roads=[70,69; 69,68]; settlements=[71,69]	nope	 	 
142	10:35:38:701	Ash	clay=2; ore=3; sheep=1; wheat=0; wood=0; unknown=0; knights=0; dev-cards=0	roads=[137,101; 101,100]; settlements=[154,101]	ok	 	 
143	10:35:46:462	Server	 		J rolled a 2 and a 4.	 	 
144	10:35:46:463	Server	 		mmatrtajova gets 1 clay. J gets 1 clay.	 	 
145	10:36:10:319	Server	 		mmatrtajova rolled a 5 and a 6.	 	 
146	10:36:10:320	Server	 		mmatrtajova gets 1 ore. J gets 2 clay.	 	 
147	10:36:39:693	Server	 		mmatrtajova made an offer to trade 1 clay for 2 ore.	 	 
148	10:36:39:766	Server	 		mmatrtajova made an offer to trade 1 clay for 2 ore.	 	 
149	10:36:57:463	Server	 		mmatrtajova made an offer to trade 1 clay for 1 ore.	 	 
150	10:36:57:571	J	clay=6; ore=1; sheep=0; wheat=0; wood=0; unknown=0; knights=0; dev-cards=0	roads=[70,69; 69,68]; settlements=[71,69]	hmm& hang on let me think	 	 
151	10:37:34:995	J	clay=6; ore=1; sheep=0; wheat=0; wood=0; unknown=0; knights=0; dev-cards=0	roads=[70,69; 69,68]; settlements=[71,69]	thought u were giving 2 ore?	 	 
152	10:38:13:170	mmatrtajova	clay=2; ore=2; sheep=0; wheat=0; wood=0; unknown=0; knights=0; dev-cards=1	roads=[104,134; 134,135; 135,136]; settlements=[120,150]	nope,& taking IT... :)	 	 

153	10:38:26:927	Server	 		Ash rolled a 6 and a 2.	 	 
154	10:38:26:928	Server	 		Ash gets 2 wheat.	 	 
155	10:38:58:386	Server	 		Ash made an offer to trade 1 ore for 1 wood.	 	 
156	10:39:12:758	J	clay=6; ore=1; sheep=0; wheat=0; wood=0; unknown=0; knights=0; dev-cards=0	roads=[70,69; 69,68]; settlements=[71,69]	I DON'T HAVE WOOD	 	 
157	10:39:14:086	J	clay=6; ore=1; sheep=0; wheat=0; wood=0; unknown=0; knights=0; dev-cards=0	roads=[70,69; 69,68]; settlements=[71,69]	lol	 	 
158	10:39:19:020	Ash	clay=2; ore=3; sheep=1; wheat=2; wood=0; unknown=0; knights=0; dev-cards=0	roads=[137,101; 101,100]; settlements=[154,101]	aww	 	 
159	10:39:30:485	Server	 		Ash made an offer to trade 1 ore for 1 wood.	 	 
160	10:39:41:828	Server	 		J rolled a 4 and a 1.	 	 
161	10:39:41:829	Server	 		mmatrtajova gets 1 sheep. Ash gets 1 sheep.	 	 
162	10:39:49:366	J	clay=6; ore=1; sheep=0; wheat=0; wood=0; unknown=0; knights=0; dev-cards=0	roads=[70,69; 69,68]; settlements=[71,69]	dang it!	 	 
163	10:40:11:772	Server	 		J traded 4 clay for 1 wood from the bank.	 	 
164	10:40:13:732	mmatrtajova	clay=2; ore=2; sheep=1; wheat=0; wood=0; unknown=0; knights=0; dev-cards=1	roads=[104,134; 134,135; 135,136]; settlements=[120,150]	go go go!	 	 
165	10:40:32:935	Server	 		mmatrtajova rolled a 6 and a 2.	 	 
166	10:40:32:936	Server	 		Ash gets 2 wheat.	 	 
167	10:41:13:078	Server	 		mmatrtajova made an offer to trade 1 ore for 1 wheat.	 	 
168	10:41:41:783	Server	 		mmatrtajova made an offer to trade 2 ore for 1 wheat.	 	 
169	10:41:56:214	Server	 		mmatrtajova traded 2 ore for 1 wheat from Ash.	 	 
170	10:42:07:869	mmatrtajova	clay=2; ore=1; sheep=1; wheat=1; wood=0; unknown=0; knights=1; dev-cards=0	roads=[104,134; 134,135; 135,136]; settlements=[120,150]	ow come on,& take it!	 	 
171	10:42:16:885	Ash	clay=2; ore=4; sheep=2; wheat=3; wood=0; unknown=0; knights=0; dev-cards=0	roads=[137,101; 101,100]; settlements=[154,101]	i did	 	 
172	10:42:28:874	J	clay=2; ore=1; sheep=0; wheat=0; wood=1; unknown=0; knights=0; dev-cards=0	roads=[70,69; 69,68]; settlements=[71,69]	lol	 	 
173	10:42:29:825	Server	 		Ash rolled a 6 and a 5.	 	 
174	10:42:29:826	Server	 		mmatrtajova gets 1 ore. J gets 2 clay.	 	 
175	10:42:41:744	Server	 		Ash traded 4 ore for 1 wood from the bank.	 	 
176	10:43:08:463	Server	 		Ash made an offer to trade 1 wheat for 1 ore.	 	 
177	10:43:23:720	Server	 		Ash traded 1 wheat for 1 ore from J.	 	 
178	10:44:05:520	mmatrtajova	clay=2; ore=1; sheep=0; wheat=0; wood=0; unknown=0; knights=1; dev-cards=1	roads=[104,134; 134,135; 135,136]; settlements=[120,150]	are you doing anything?	 	 
179	10:44:12:697	Ash	clay=2; ore=1; sheep=2; wheat=2; wood=1; unknown=0; knights=0; dev-cards=0	roads=[137,101; 101,100]; settlements=[154,101]	i want to build a settlement but it wont let me	 	 
180	10:44:23:970	mmatrtajova	clay=2; ore=1; sheep=0; wheat=0; wood=0; unknown=0; knights=1; dev-cards=1	roads=[104,134; 134,135; 135,136]; settlements=[120,150]	well then move on	 	 
181	10:44:28:993	Ash	clay=2; ore=1; sheep=2; wheat=2; wood=1; unknown=0; knights=0; dev-cards=0	roads=[137,101; 101,100]; settlements=[154,101]	j how did you resolve this problem	 	 
182	10:44:33:421	J	clay=4; ore=0; sheep=0; wheat=1; wood=1; unknown=0; knights=0; dev-cards=0	roads=[70,69; 69,68]; settlements=[71,69]	did you press the buy button??	 	 
183	10:44:40:669	J	clay=4; ore=0; sheep=0; wheat=1; wood=1; unknown=0; knights=0; dev-cards=0	roads=[70,69; 69,68]; settlements=[71,69]	bottom green box	 	 
184	10:44:48:659	Ash	clay=2; ore=1; sheep=2; wheat=2; wood=1; unknown=0; knights=0; dev-cards=0	roads=[137,101; 101,100]; settlements=[154,101]	its not there nvmd	 	 
185	10:44:56:266	Server	 		J rolled a 3 and a 5.	 	 
186	10:44:56:267	Server	 		Ash gets 1 wheat.	 	 
187	10:45:17:733	mmatrtajova	clay=2; ore=1; sheep=0; wheat=0; wood=0; unknown=0; knights=1; dev-cards=1	roads=[104,134; 134,135; 135,136]; settlements=[120,150]	do you have all the resources?	 	 
188	10:45:23:188	Ash	clay=2; ore=1; sheep=2; wheat=3; wood=1; unknown=0; knights=0; dev-cards=0	roads=[137,101; 101,100]; settlements=[154,101]	yeah	 	 
189	10:45:32:854	Ash	clay=2; ore=1; sheep=2; wheat=3; wood=1; unknown=0; knights=0; dev-cards=0	roads=[137,101; 101,100]; settlements=[154,101]	maybe it will let me next turn	 	 
190	10:45:37:915	mmatrtajova	clay=2; ore=1; sheep=0; wheat=0; wood=0; unknown=0; knights=1; dev-cards=1	roads=[104,134; 134,135; 135,136]; settlements=[120,150]	okay:)	 	 

191	10:45:43:102	J	clay=4; ore=0; sheep=0; wheat=1; wood=1; unknown=0; knights=0; dev-cards=0	roads=[70,69; 69,68]; settlements=[71,69]	anyone got sheep they want to trade for clay?	 	 
192	10:45:52:078	Ash	clay=2; ore=1; sheep=2; wheat=3; wood=1; unknown=0; knights=0; dev-cards=0	roads=[137,101; 101,100]; settlements=[154,101]	no thanks	 	 
193	10:45:59:013	mmatrtajova	clay=2; ore=1; sheep=0; wheat=0; wood=0; unknown=0; knights=1; dev-cards=1	roads=[104,134; 134,135; 135,136]; settlements=[120,150]	no sheep,& maybe roll first	 	 
194	10:46:04:223	J	clay=4; ore=0; sheep=0; wheat=1; wood=1; unknown=0; knights=0; dev-cards=0	roads=[70,69; 69,68]; settlements=[71,69]	have done	 	 
195	10:46:07:596	Server	 		J traded 4 clay for 1 sheep from the bank.	 	 
196	10:46:20:747	Server	 		mmatrtajova rolled a 6 and a 1.	 	 
197	10:46:53:216	Server	 		mmatrtajova built a road.	 	 
198	10:46:56:100	Server	 		mmatrtajova built a road.	 	 
199	10:47:11:123	Ash	clay=1; ore=1; sheep=1; wheat=0; wood=1; unknown=0; knights=0; dev-cards=0	roads=[137,101; 101,100]; settlements=[154,101]	longest road nice	 	 
200	10:47:13:495	Server	 		Ash rolled a 6 and a 4.	 	 
201	10:47:13:497	Server	 		mmatrtajova gets 1 ore. Ash gets 1 ore.	 	 
202	10:47:30:347	Server	 		Ash made an offer to trade 1 ore for 1 wheat.	 	 
203	10:47:47:991	Server	 		Ash made an offer to trade 1 ore for 1 wheat.	 	 
204	10:48:00:254	Server	 		J rolled a 2 and a 3.	 	 
205	10:48:00:256	Server	 		mmatrtajova gets 1 sheep. Ash gets 1 sheep.	 	 
206	10:48:16:244	mmatrtajova	clay=0; ore=2; sheep=1; wheat=1; wood=0; unknown=0; knights=1; dev-cards=0	roads=[104,134; 134,135; 135,136; 136,120; 120,105]; settlements=[120,150]	nicee	 	 
207	10:48:16:306	J	clay=0; ore=0; sheep=1; wheat=1; wood=1; unknown=0; knights=0; dev-cards=0	roads=[70,69; 69,68]; settlements=[71,69]	my dice rolls SUCK	 	 
208	10:48:24:935	Ash	clay=1; ore=2; sheep=2; wheat=0; wood=1; unknown=0; knights=0; dev-cards=0	roads=[137,101; 101,100]; settlements=[154,101]	lol	 	 
209	10:48:26:548	Server	 		mmatrtajova rolled a 4 and a 5.	 	 
210	10:48:26:549	Server	 		mmatrtajova gets 1 wheat.	 	 
211	10:48:41:131	mmatrtajova	clay=0; ore=2; sheep=1; wheat=2; wood=0; unknown=0; knights=1; dev-cards=0	roads=[104,134; 134,135; 135,136; 136,120; 120,105]; settlements=[120,150]	J, any wood?	 	 
212	10:48:51:282	J	clay=0; ore=0; sheep=1; wheat=1; wood=1; unknown=0; knights=0; dev-cards=0	roads=[70,69; 69,68]; settlements=[71,69]	nooope	 	 

213	10:49:16:998	Server	 		Ash rolled a 5 and a 2.	 	 
214	10:49:53:881	Ash	clay=1; ore=2; sheep=2; wheat=1; wood=1; unknown=0; knights=0; dev-cards=0	roads=[137,101; 101,100]; settlements=[154,101]	shit it still wont let me build a settlement	 	 
215	10:50:04:126	mmatrtajova	clay=0; ore=2; sheep=1; wheat=2; wood=0; unknown=0; knights=1; dev-cards=0	roads=[104,134; 134,135; 135,136; 136,120; 120,105]; settlements=[120,150]	then you lack sth obviously!	 	 
216	10:50:15:201	Ash	clay=1; ore=2; sheep=2; wheat=1; wood=1; unknown=0; knights=0; dev-cards=0	roads=[137,101; 101,100]; settlements=[154,101]	i have everything!	 	 
217	10:50:24:116	J	clay=0; ore=0; sheep=1; wheat=0; wood=1; unknown=0; knights=0; dev-cards=0	roads=[70,69; 69,68]; settlements=[71,69]	can you build more than 2 settlements?	 	 
218	10:50:25:365	mmatrtajova	clay=0; ore=2; sheep=1; wheat=2; wood=0; unknown=0; knights=1; dev-cards=0	roads=[104,134; 134,135; 135,136; 136,120; 120,105]; settlements=[120,150]	then you have no place to build it!	 	 
219	10:50:39:374	mmatrtajova	clay=0; ore=2; sheep=1; wheat=2; wood=0; unknown=0; knights=1; dev-cards=0	roads=[104,134; 134,135; 135,136; 136,120; 120,105]; settlements=[120,150]	you can,& but you have to have a road to build it	 	 
220	10:50:41:003	mmatrtajova	clay=0; ore=2; sheep=1; wheat=2; wood=0; unknown=0; knights=1; dev-cards=0	roads=[104,134; 134,135; 135,136; 136,120; 120,105]; settlements=[120,150]	on	 	 
221	10:50:49:206	Server	 		Ash built a road.	 	 
222	10:50:53:399	mmatrtajova	clay=0; ore=2; sheep=1; wheat=2; wood=0; unknown=0; knights=1; dev-cards=0	roads=[104,134; 134,135; 135,136; 136,120; 120,105]; settlements=[120,150]	and it cant be neighbouring with any other	 	 
223	10:50:58:308	mmatrtajova	clay=0; ore=2; sheep=1; wheat=2; wood=0; unknown=0; knights=1; dev-cards=0	roads=[104,134; 134,135; 135,136; 136,120; 120,105]; settlements=[120,150]	so buy road first	 	 
224	10:51:01:065	Ash	clay=0; ore=2; sheep=2; wheat=1; wood=0; unknown=0; knights=0; dev-cards=0	roads=[137,101; 101,100; 100,99]; settlements=[154,101]	ah i see	 	 
225	10:51:05:800	Ash	clay=0; ore=2; sheep=2; wheat=1; wood=0; unknown=0; knights=0; dev-cards=0	roads=[137,101; 101,100; 100,99]; settlements=[154,101]	thanks	 	 
226	10:51:08:036	Server	 		J rolled a 5 and a 2.	 	 
227	10:51:36:375	Server	 		mmatrtajova rolled a 5 and a 5.	 	 
228	10:51:36:376	Server	 		mmatrtajova gets 1 ore. Ash gets 1 ore.	 	 
229	10:52:06:817	Server	 		mmatrtajova made an offer to trade 1 sheep for 1 wheat.	 	 
230	10:52:20:312	Server	 		mmatrtajova made an offer to trade 1 sheep for 1 wheat.	 	 
231	10:52:47:535	Server	 		Ash rolled a 2 and a 2.	 	 
232	10:52:47:536	Server	 		Ash gets 1 ore. J gets 1 wood.	 	 
233	10:53:03:752	Server	 		Ash traded 4 ore for 1 wood from the bank.	 	 
234	10:53:14:619	Server	 		J rolled a 3 and a 3.	 	 
235	10:53:14:620	Server	 		mmatrtajova gets 1 clay. J gets 1 clay.	 	 
236	10:53:42:169	J	clay=1; ore=0; sheep=1; wheat=1; wood=2; unknown=0; knights=0; dev-cards=0	roads=[70,69; 69,68]; settlements=[71,69]	i have enough to build a settlement too now...& and it won't let me	 	 
237	10:54:00:155	mmatrtajova	clay=1; ore=2; sheep=0; wheat=0; wood=0; unknown=0; knights=1; dev-cards=1	roads=[104,134; 134,135; 135,136; 136,120; 120,105]; settlements=[120,150]	because you have no good roads!	 	 
238	10:54:06:440	Ash	clay=0; ore=0; sheep=2; wheat=1; wood=1; unknown=0; knights=0; dev-cards=0	roads=[137,101; 101,100; 100,99]; settlements=[154,101]	youre like me& you need to build another road	 	 
239	10:54:26:550	Server	 		J built a road.	 	 
240	10:54:26:747	Ash	clay=0; ore=0; sheep=2; wheat=1; wood=1; unknown=0; knights=0; dev-cards=0	roads=[137,101; 101,100; 100,99]; settlements=[154,101]	it needs to be at least 2 roads away from another of your settlements	 	 
241	10:54:33:098	J	clay=0; ore=0; sheep=1; wheat=1; wood=1; unknown=0; knights=0; dev-cards=0	roads=[70,69; 69,68; 68,67]; settlements=[71,69]	okeydoke	 	 
242	10:54:34:458	J	clay=0; ore=0; sheep=1; wheat=1; wood=1; unknown=0; knights=0; dev-cards=0	roads=[70,69; 69,68; 68,67]; settlements=[71,69]	thanks guys	 	 

243	10:54:56:493	Server	 		mmatrtajova rolled a 1 and a 6.	 	 
244	10:55:44:639	mmatrtajova	clay=1; ore=2; sheep=0; wheat=0; wood=2; unknown=0; knights=2; dev-cards=0	roads=[104,134; 134,135; 135,136; 136,120; 120,105]; settlements=[120,150]	anyone will trad wheat  or sheep?	 	 
245	10:55:52:100	Ash	clay=0; ore=0; sheep=2; wheat=1; wood=0; unknown=0; knights=0; dev-cards=0	roads=[137,101; 101,100; 100,99]; settlements=[154,101]	yes for wood	 	 
246	10:55:52:379	J	clay=0; ore=0; sheep=1; wheat=1; wood=0; unknown=0; knights=0; dev-cards=0	roads=[70,69; 69,68; 68,67]; settlements=[71,69]	nopes	 	 
247	10:56:20:215	mmatrtajova	clay=1; ore=2; sheep=0; wheat=0; wood=2; unknown=0; knights=2; dev-cards=0	roads=[104,134; 134,135; 135,136; 136,120; 120,105]; settlements=[120,150]	okay& wood for wheat?	 	 
248	10:56:32:205	mmatrtajova	clay=1; ore=2; sheep=0; wheat=0; wood=2; unknown=0; knights=2; dev-cards=0	roads=[104,134; 134,135; 135,136; 136,120; 120,105]; settlements=[120,150]	and sheep for ore?	 	 
249	10:56:41:896	Ash	clay=0; ore=0; sheep=2; wheat=1; wood=0; unknown=0; knights=0; dev-cards=0	roads=[137,101; 101,100; 100,99]; settlements=[154,101]	ok	 	 
250	10:56:47:071	Server	 		mmatrtajova made an offer to trade 1 ore, 1 wood for 1 sheep, 1 wheat.	 	 
251	10:56:57:386	Server	 		mmatrtajova traded 1 ore, 1 wood for 1 sheep, 1 wheat from Ash.	 	 
252	10:57:05:014	Server	 		mmatrtajova built a settlement.	 	 
253	10:57:14:478	Server	 		Ash rolled a 6 and a 5.	 	 
254	10:57:14:479	Server	 		mmatrtajova gets 1 ore. J gets 2 clay.	 	 
255	10:57:26:747	Server	 		J rolled a 2 and a 5.	 	 
256	10:58:08:402	Server	 		mmatrtajova rolled a 4 and a 4.	 	 
257	10:58:08:403	Server	 		Ash gets 2 wheat.	 	 
258	10:58:20:951	Server	 		Ash rolled a 4 and a 5.	 	 
259	10:58:20:952	Server	 		mmatrtajova gets 1 wheat, 1 wood.	 	 
260	10:58:33:830	Server	 		Ash made an offer to trade 1 wheat for 1 clay.	 	 
261	10:58:53:532	Server	 		Ash made an offer to trade 1 wheat for 1 clay.	 	 
262	10:59:04:893	Server	 		Ash traded 1 wheat for 1 clay from J.	 	 
263	10:59:20:352	Server	 		Ash built a settlement.	 	 
264	10:59:25:872	J	clay=1; ore=0; sheep=0; wheat=1; wood=0; unknown=0; knights=0; dev-cards=1	roads=[70,69; 69,68; 68,67]; settlements=[71,69]	yay!	 	 
265	10:59:36:698	mmatrtajova	clay=0; ore=1; sheep=0; wheat=1; wood=1; unknown=0; knights=2; dev-cards=0	roads=[104,134; 134,135; 135,136; 136,120; 120,105]; settlements=[120,150; 150,122]	go!	 	 
266	10:59:37:605	Server	 		J rolled a 2 and a 4.	 	 
267	10:59:37:606	Server	 		mmatrtajova gets 1 clay. J gets 1 clay.	 	 
268	10:59:44:314	Ash	clay=0; ore=1; sheep=0; wheat=0; wood=0; unknown=0; knights=0; dev-cards=0	roads=[137,101; 101,100; 100,99]; settlements=[154,101; 101,99]	i might finally get some wood	 	 

269	10:59:53:736	Server	 		mmatrtajova rolled a 2 and a 1.	 	 
270	10:59:53:737	Server	 		Ash gets 1 clay. J gets 1 clay.	 	 
271	11:00:08:806	mmatrtajova	clay=1; ore=1; sheep=0; wheat=1; wood=1; unknown=0; knights=2; dev-cards=0	roads=[104,134; 134,135; 135,136; 136,120; 120,105]; settlements=[120,150; 150,122]	ash, want some clay?	 	 
272	11:00:15:891	Ash	clay=1; ore=1; sheep=0; wheat=0; wood=0; unknown=0; knights=0; dev-cards=0	roads=[137,101; 101,100; 100,99]; settlements=[154,101; 101,99]	no thanks	 	 
273	11:00:27:589	Ash	clay=1; ore=1; sheep=0; wheat=0; wood=0; unknown=0; knights=0; dev-cards=0	roads=[137,101; 101,100; 100,99]; settlements=[154,101; 101,99]	sheep?	 	 
274	11:00:35:896	mmatrtajova	clay=1; ore=1; sheep=0; wheat=1; wood=1; unknown=0; knights=2; dev-cards=0	roads=[104,134; 134,135; 135,136; 136,120; 120,105]; settlements=[120,150; 150,122]	yes,& i want sheep&:)	 	 
275	11:00:40:194	J	clay=3; ore=0; sheep=0; wheat=1; wood=0; unknown=0; knights=0; dev-cards=1	roads=[70,69; 69,68; 68,67]; settlements=[71,69]	me too	 	 
276	11:00:45:481	Ash	clay=1; ore=1; sheep=0; wheat=0; wood=0; unknown=0; knights=0; dev-cards=0	roads=[137,101; 101,100; 100,99]; settlements=[154,101; 101,99]	no& i want them too& lol	 	 
277	11:00:56:823	mmatrtajova	clay=1; ore=1; sheep=0; wheat=1; wood=1; unknown=0; knights=2; dev-cards=0	roads=[104,134; 134,135; 135,136; 136,120; 120,105]; settlements=[120,150; 150,122]	but i am trading...&move the rubber from sheep	 	 
278	11:01:03:914	Server	 		Ash rolled a 4 and a 2.	 	 
279	11:01:03:915	Server	 		mmatrtajova gets 1 clay. J gets 1 clay.	 	 
280	11:01:05:699	mmatrtajova	clay=2; ore=1; sheep=0; wheat=1; wood=1; unknown=0; knights=2; dev-cards=0	roads=[104,134; 134,135; 135,136; 136,120; 120,105]; settlements=[120,150; 150,122]	robber	 	 
281	11:01:24:975	Server	 		J rolled a 6 and a 6.	 	 
282	11:01:24:976	Server	 		J gets 1 wood.	 	 
283	11:01:58:469	Server	 		mmatrtajova rolled a 4 and a 2.	 	 
284	11:01:58:470	Server	 		mmatrtajova gets 1 clay. J gets 1 clay.	 	 
285	11:02:18:225	Server	 		Ash rolled a 6 and a 3.	 	 
286	11:02:18:226	Server	 		mmatrtajova gets 1 wheat, 1 wood.	 	 
287	11:02:31:761	Server	 		J rolled a 2 and a 5.	 	 
288	11:03:25:535	mmatrtajova	clay=2; ore=0; sheep=0; wheat=2; wood=2; unknown=0; knights=2; dev-cards=0	roads=[104,134; 134,135; 135,136; 136,120; 120,105]; settlements=[120,150; 150,122]	why put it on sheep?	 	 
289	11:03:27:302	Server	 		mmatrtajova rolled a 3 and a 5.	 	 
290	11:03:27:303	Server	 		Ash gets 3 wheat.	 	 
291	11:03:53:030	J	clay=2; ore=1; sheep=0; wheat=1; wood=1; unknown=0; knights=1; dev-cards=0	roads=[70,69; 69,68; 68,67]; settlements=[71,69]	i have no idea where is better,& it's literally at random where i put it	 	 
292	11:03:54:566	J	clay=2; ore=1; sheep=0; wheat=1; wood=1; unknown=0; knights=1; dev-cards=0	roads=[70,69; 69,68; 68,67]; settlements=[71,69]	sorry	 	 
293	11:04:03:945	mmatrtajova	clay=2; ore=0; sheep=0; wheat=2; wood=2; unknown=0; knights=2; dev-cards=0	roads=[104,134; 134,135; 135,136; 136,120; 120,105]; settlements=[120,150; 150,122]	well& its no good!	 	 
294	11:04:07:544	Ash	clay=1; ore=1; sheep=0; wheat=3; wood=0; unknown=0; knights=0; dev-cards=0	roads=[137,101; 101,100; 100,99]; settlements=[154,101; 101,99]	lol	 	 
295	11:04:09:750	J	clay=2; ore=1; sheep=0; wheat=1; wood=1; unknown=0; knights=1; dev-cards=0	roads=[70,69; 69,68; 68,67]; settlements=[71,69]	lol	 	 
296	11:04:23:430	Server	 		mmatrtajova built a road.	 	 

297	11:04:34:850	Server	 		Ash rolled a 6 and a 5.	 	 
298	11:04:34:851	Server	 		mmatrtajova gets 1 ore. J gets 2 clay.	 	 
299	11:04:58:554	Server	 		Ash made an offer to trade 1 wheat for 1 wood.	 	 
300	11:05:10:413	Server	 		Ash made an offer to trade 1 wheat for 1 wood.	 	 
301	11:05:20:376	J	clay=4; ore=1; sheep=0; wheat=1; wood=1; unknown=0; knights=1; dev-cards=0	roads=[70,69; 69,68; 68,67]; settlements=[71,69]	sorry	 	 
302	11:05:33:531	Server	 		J rolled a 1 and a 1.	 	 
303	11:05:33:532	Server	 		mmatrtajova gets 1 sheep.	 	 
304	11:05:38:552	mmatrtajova	clay=1; ore=1; sheep=1; wheat=2; wood=1; unknown=0; knights=2; dev-cards=0	roads=[104,134; 134,135; 135,136; 136,120; 120,105; 105,106]; settlements=[120,150; 150,122]	sheeep!!!	 	 
305	11:05:43:874	Ash	clay=1; ore=1; sheep=0; wheat=3; wood=0; unknown=0; knights=0; dev-cards=0	roads=[137,101; 101,100; 100,99]; settlements=[154,101; 101,99]	lol	 	 
306	11:05:49:304	mmatrtajova	clay=1; ore=1; sheep=1; wheat=2; wood=1; unknown=0; knights=2; dev-cards=0	roads=[104,134; 134,135; 135,136; 136,120; 120,105; 105,106]; settlements=[120,150; 150,122]	wont trade!	 	 
307	11:05:52:513	Ash	clay=1; ore=1; sheep=0; wheat=3; wood=0; unknown=0; knights=0; dev-cards=0	roads=[137,101; 101,100; 100,99]; settlements=[154,101; 101,99]	jealous	 	 
308	11:06:01:932	mmatrtajova	clay=1; ore=1; sheep=1; wheat=2; wood=1; unknown=0; knights=2; dev-cards=0	roads=[104,134; 134,135; 135,136; 136,120; 120,105; 105,106]; settlements=[120,150; 150,122]	move on!	 	 
309	11:06:02:863	Server	 		J traded 4 clay for 1 sheep from the bank.	 	 
310	11:06:10:571	Server	 		mmatrtajova rolled a 5 and a 6.	 	 
311	11:06:10:573	Server	 		mmatrtajova gets 1 ore. J gets 2 clay.	 	 
312	11:06:14:345	J	clay=2; ore=1; sheep=1; wheat=1; wood=1; unknown=0; knights=1; dev-cards=0	roads=[70,69; 69,68; 68,67]; settlements=[71,69]	chill& let me have my turn!	 	 
313	11:06:31:844	Server	 		mmatrtajova built a settlement.	 	 
314	11:06:48:891	Server	 		Ash rolled a 1 and a 5.	 	 
315	11:06:48:892	Server	 		mmatrtajova gets 1 clay. J gets 1 clay.	 	 
316	11:06:58:520	mmatrtajova	clay=1; ore=2; sheep=0; wheat=1; wood=0; unknown=0; knights=2; dev-cards=0	roads=[104,134; 134,135; 135,136; 136,120; 120,105; 105,106]; settlements=[120,150; 150,122; 122,152]	well& i have a lecture at 12&:)	 	 
317	11:06:59:871	Server	 		J rolled a 2 and a 5.	 	 
318	11:07:19:047	Server	 		J built a settlement.	 	 
319	11:07:26:012	mmatrtajova	clay=1; ore=1; sheep=0; wheat=1; wood=0; unknown=0; knights=2; dev-cards=0	roads=[104,134; 134,135; 135,136; 136,120; 120,105; 105,106]; settlements=[120,150; 150,122; 122,152]	nice one!	 	 
320	11:07:32:963	Server	 		mmatrtajova rolled a 5 and a 1.	 	 
321	11:07:32:964	Server	 		mmatrtajova gets 1 clay. J gets 1 clay.	 	 
322	11:07:33:547	J	clay=3; ore=2; sheep=0; wheat=0; wood=0; unknown=0; knights=1; dev-cards=0	roads=[70,69; 69,68; 68,67]; settlements=[71,69; 69,67]	woooo	 	 

323	11:07:52:225	Server	 		Ash rolled a 6 and a 6.	 	 
324	11:07:52:226	Server	 		J gets 1 wood.	 	 
325	11:08:12:896	Server	 		J rolled a 2 and a 6.	 	 
326	11:08:12:897	Server	 		Ash gets 3 wheat. J gets 1 wheat.	 	 
327	11:08:26:864	Server	 		J built a road.	 	 
328	11:08:33:722	Server	 		mmatrtajova rolled a 4 and a 6.	 	 
329	11:08:33:723	Server	 		mmatrtajova gets 1 ore, 1 sheep. Ash gets 1 ore.	 	 
330	11:08:55:598	Server	 		Ash rolled a 5 and a 6.	 	 
331	11:08:55:599	Server	 		mmatrtajova gets 2 ore. J gets 2 clay.	 	 
332	11:09:21:331	Server	 		J rolled a 1 and a 5.	 	 
333	11:09:21:332	Server	 		mmatrtajova gets 1 clay. J gets 1 clay.	 	 
334	11:09:39:147	Server	 		J traded 4 clay for 1 sheep from the bank.	 	 
335	11:10:12:870	Server	 		mmatrtajova built a road.	 	 
336	11:10:13:866	Server	 		mmatrtajova built a road.	 	 
337	11:10:16:214	Server	 		mmatrtajova rolled a 2 and a 4.	 	 
338	11:10:16:215	Server	 		mmatrtajova gets 1 clay. J gets 1 clay.	 	 
339	11:10:42:135	mmatrtajova	clay=4; ore=3; sheep=0; wheat=0; wood=0; unknown=0; knights=2; dev-cards=0	roads=[104,134; 134,135; 135,136; 136,120; 120,105; 105,106; 106,90; 90,73]; settlements=[120,150; 150,122; 122,152]	anyone trade clay for wheat?	 	 
340	11:10:48:467	mmatrtajova	clay=4; ore=3; sheep=0; wheat=0; wood=0; unknown=0; knights=2; dev-cards=0	roads=[104,134; 134,135; 135,136; 136,120; 120,105; 105,106; 106,90; 90,73]; settlements=[120,150; 150,122; 122,152]	or sheep or wood?	 	 
341	11:11:05:345	Ash	clay=1; ore=2; sheep=0; wheat=6; wood=0; unknown=0; knights=0; dev-cards=0	roads=[137,101; 101,100; 100,99]; settlements=[154,101; 101,99]	no& thanks	 	 
342	11:11:06:111	J	clay=2; ore=1; sheep=0; wheat=0; wood=0; unknown=0; knights=1; dev-cards=1	roads=[70,69; 69,68; 68,67; 67,54]; settlements=[71,69; 69,67]	sure	 	 
343	11:11:17:184	J	clay=2; ore=1; sheep=0; wheat=0; wood=0; unknown=0; knights=1; dev-cards=1	roads=[70,69; 69,68; 68,67; 67,54]; settlements=[71,69; 69,67]	ummm...	 	 
344	11:11:22:688	J	clay=2; ore=1; sheep=0; wheat=0; wood=0; unknown=0; knights=1; dev-cards=1	roads=[70,69; 69,68; 68,67; 67,54]; settlements=[71,69; 69,67]	sheep please	 	 
345	11:11:51:295	Server	 		mmatrtajova made an offer to trade 1 clay for 1 sheep.	 	 
346	11:12:41:631	Server	 		Ash rolled a 6 and a 2.	 	 
347	11:12:41:633	Server	 		Ash gets 3 wheat. J gets 1 wheat.	 	 
348	11:12:53:585	Server	 		Ash traded 4 wheat for 1 wood from the bank.	 	 
349	11:13:03:858	J	clay=2; ore=1; sheep=0; wheat=1; wood=0; unknown=0; knights=1; dev-cards=1	roads=[70,69; 69,68; 68,67; 67,54]; settlements=[71,69; 69,67]	where'd my sheep go?	 	 
350	11:13:09:642	Server	 		Ash traded 4 wheat for 1 sheep from the bank.	 	 
351	11:13:18:183	mmatrtajova	clay=4; ore=3; sheep=0; wheat=0; wood=0; unknown=0; knights=2; dev-cards=0	roads=[104,134; 134,135; 135,136; 136,120; 120,105; 105,106; 106,90; 90,73]; settlements=[120,150; 150,122; 122,152]	not to me...	 	 
352	11:13:22:551	Server	 		Ash built a road.	 	 
353	11:13:32:425	Server	 		J rolled a 6 and a 5.	 	 
354	11:13:32:426	Server	 		mmatrtajova gets 2 ore. J gets 2 clay.	 	 
355	11:13:59:252	Ash	clay=0; ore=2; sheep=1; wheat=1; wood=0; unknown=0; knights=0; dev-cards=0	roads=[137,101; 101,100; 100,99; 99,116]; settlements=[154,101; 101,99]	not to me either	 	 
356	11:14:03:009	Server	 		J traded 4 clay for 1 sheep from the bank.	 	 
357	11:14:14:182	Server	 		mmatrtajova rolled a 1 and a 4.	 	 
358	11:14:14:183	Server	 		mmatrtajova gets 2 sheep. Ash gets 1 sheep, 1 wood.	 	 
359	11:14:14:244	J	clay=1; ore=0; sheep=0; wheat=0; wood=0; unknown=0; knights=2; dev-cards=1	roads=[70,69; 69,68; 68,67; 67,54]; settlements=[71,69; 69,67]	mneh	 	 

360	11:14:27:798	Server	 		mmatrtajova made an offer to trade 1 ore for 1 wheat.	 	 
361	11:14:53:721	Ash	clay=0; ore=2; sheep=2; wheat=1; wood=1; unknown=0; knights=0; dev-cards=0	roads=[137,101; 101,100; 100,99; 99,116]; settlements=[154,101; 101,99]	ADDTIME	 	 
362	11:14:56:975	Server	 		mmatrtajova made an offer to trade 1 clay, 2 ore for 2 wheat.	 	 
363	11:15:01:141	J	clay=1; ore=0; sheep=0; wheat=0; wood=0; unknown=0; knights=2; dev-cards=1	roads=[70,69; 69,68; 68,67; 67,54]; settlements=[71,69; 69,67]	come on& someone has to win!	 	 
364	11:15:13:389	mmatrtajova	clay=3; ore=5; sheep=2; wheat=0; wood=0; unknown=0; knights=2; dev-cards=0	roads=[104,134; 134,135; 135,136; 136,120; 120,105; 105,106; 106,90; 90,73]; settlements=[120,150; 150,122; 122,152]	i cant stay longer so move it	 	 
365	11:15:17:861	J	clay=1; ore=0; sheep=0; wheat=0; wood=0; unknown=0; knights=2; dev-cards=1	roads=[70,69; 69,68; 68,67; 67,54]; settlements=[71,69; 69,67]	haha	 	 
366	11:15:40:105	Server	 		mmatrtajova traded 4 ore for 1 wheat from the bank.	 	 
367	11:15:52:425	Server	 		Ash rolled a 1 and a 1.	 	 
368	11:15:52:426	Server	 		mmatrtajova gets 1 sheep.	 	 
369	11:16:07:212	mmatrtajova	clay=3; ore=0; sheep=2; wheat=0; wood=0; unknown=0; knights=2; dev-cards=1	roads=[104,134; 134,135; 135,136; 136,120; 120,105; 105,106; 106,90; 90,73]; settlements=[120,150; 150,122; 122,152]	want sheep guys?	 	 
370	11:16:09:971	Server	 		Ash made an offer to trade 1 sheep for 1 clay.	 	 
371	11:16:18:351	mmatrtajova	clay=3; ore=0; sheep=2; wheat=0; wood=0; unknown=0; knights=2; dev-cards=1	roads=[104,134; 134,135; 135,136; 136,120; 120,105; 105,106; 106,90; 90,73]; settlements=[120,150; 150,122; 122,152]	:D	 	 
372	11:16:22:843	Server	 		Ash traded 1 sheep for 1 clay from J.	 	 
373	11:16:43:415	J	clay=0; ore=0; sheep=1; wheat=0; wood=0; unknown=0; knights=2; dev-cards=1	roads=[70,69; 69,68; 68,67; 67,54]; settlements=[71,69; 69,67]	lol i need a lot of stuff	 	 
374	11:17:00:535	mmatrtajova	clay=3; ore=0; sheep=2; wheat=0; wood=0; unknown=0; knights=2; dev-cards=1	roads=[104,134; 134,135; 135,136; 136,120; 120,105; 105,106; 106,90; 90,73]; settlements=[120,150; 150,122; 122,152]	move it please:)	 	 
375	11:17:21:644	Server	 		J rolled a 5 and a 3.	 	 
376	11:17:21:646	Server	 		Ash gets 3 wheat. J gets 1 wheat.	 	 
377	11:17:45:635	mmatrtajova	clay=2; ore=0; sheep=2; wheat=0; wood=0; unknown=0; knights=2; dev-cards=1	roads=[104,134; 134,135; 135,136; 136,120; 120,105; 105,106; 106,90; 90,73]; settlements=[120,150; 150,122; 122,152]	gee thanks&:D	 	 
378	11:17:59:809	Server	 		mmatrtajova rolled a 3 and a 6.	 	 
379	11:17:59:810	Server	 		mmatrtajova gets 2 wheat, 1 wood.	 	 
380	11:18:01:576	J	clay=1; ore=0; sheep=1; wheat=1; wood=0; unknown=0; knights=3; dev-cards=0	roads=[70,69; 69,68; 68,67; 67,54]; settlements=[71,69; 69,67]	is clay& not a better place to put it eitheR?	 	 
381	11:18:17:338	Server	 		mmatrtajova built a settlement.	 	 
382	11:18:42:153	Server	 		Ash rolled a 2 and a 4.	 	 
383	11:18:42:154	Server	 		mmatrtajova gets 1 clay. J gets 1 clay.	 	 
384	11:18:51:630	mmatrtajova	clay=2; ore=0; sheep=2; wheat=1; wood=0; unknown=0; knights=3; dev-cards=0	roads=[104,134; 134,135; 135,136; 136,120; 120,105; 105,106; 106,90; 90,73]; settlements=[120,150; 150,122; 122,152; 152,73]	nope	 	 
385	11:19:01:751	Server	 		Ash built a road.	 	 
386	11:19:01:914	J	clay=2; ore=0; sheep=1; wheat=1; wood=0; unknown=0; knights=3; dev-cards=0	roads=[70,69; 69,68; 68,67; 67,54]; settlements=[71,69; 69,67]	lol	 	 
387	11:19:11:231	Server	 		J rolled a 5 and a 3.	 	 
388	11:19:11:231	Server	 		Ash gets 1 wheat.	 	 
389	11:19:20:915	Server	 		mmatrtajova rolled a 1 and a 6.	 	 
390	11:19:43:065	mmatrtajova	clay=2; ore=0; sheep=2; wheat=2; wood=0; unknown=0; knights=3; dev-cards=0	roads=[104,134; 134,135; 135,136; 136,120; 120,105; 105,106; 106,90; 90,73]; settlements=[120,150; 150,122; 122,152; 152,73]	anyone has ore?	 	 
391	11:19:49:279	Ash	clay=0; ore=2; sheep=0; wheat=4; wood=0; unknown=0; knights=0; dev-cards=0	roads=[137,101; 101,100; 100,99; 99,116; 116,138]; settlements=[154,101; 101,99]	yes	 	 
392	11:19:49:499	J	clay=2; ore=0; sheep=1; wheat=1; wood=0; unknown=0; knights=3; dev-cards=0	roads=[70,69; 69,68; 68,67; 67,54]; settlements=[71,69; 69,67]	nope	 	 
393	11:19:55:949	mmatrtajova	clay=2; ore=0; sheep=2; wheat=2; wood=0; unknown=0; knights=3; dev-cards=0	roads=[104,134; 134,135; 135,136; 136,120; 120,105; 105,106; 106,90; 90,73]; settlements=[120,150; 150,122; 122,152; 152,73]	what for ash?	 	 
394	11:20:10:514	Ash	clay=0; ore=2; sheep=0; wheat=4; wood=0; unknown=0; knights=0; dev-cards=0	roads=[137,101; 101,100; 100,99; 99,116; 116,138]; settlements=[154,101; 101,99]	i will swap 1 for wood sheep or clay	 	 
395	11:20:38:410	mmatrtajova	clay=2; ore=0; sheep=2; wheat=2; wood=0; unknown=0; knights=3; dev-cards=0	roads=[104,134; 134,135; 135,136; 136,120; 120,105; 105,106; 106,90; 90,73]; settlements=[120,150; 150,122; 122,152; 152,73]	dont have wood, can offer + wheat and 1 sheap for ore	 	 
396	11:20:48:622	Ash	clay=0; ore=2; sheep=0; wheat=4; wood=0; unknown=0; knights=0; dev-cards=0	roads=[137,101; 101,100; 100,99; 99,116; 116,138]; settlements=[154,101; 101,99]	ok	 	 
397	11:20:53:502	Server	 		mmatrtajova made an offer to trade 1 sheep, 1 wheat for 1 ore.	 	 
398	11:20:57:810	Server	 		mmatrtajova traded 1 sheep, 1 wheat for 1 ore from Ash.	 	 
399	11:21:05:048	Server	 		Ash rolled a 3 and a 4.	 	 
400	11:21:35:464	Server	 		Ash traded 4 wheat for 1 wood from the bank.	 	 
401	11:22:02:262	Server	 		J rolled a 3 and a 4.	 	 
402	11:22:28:731	mmatrtajova	clay=1; ore=0; sheep=0; wheat=0; wood=0; unknown=0; knights=3; dev-cards=1	roads=[104,134; 134,135; 135,136; 136,120; 120,105; 105,106; 106,90; 90,73]; settlements=[120,150; 150,122; 122,152; 152,73]	shouldnt have done that	 	 
403	11:22:33:294	mmatrtajova	clay=1; ore=0; sheep=0; wheat=0; wood=0; unknown=0; knights=3; dev-cards=1	roads=[104,134; 134,135; 135,136; 136,120; 120,105; 105,106; 106,90; 90,73]; settlements=[120,150; 150,122; 122,152; 152,73]	:P	 	 
404	11:22:40:640	Ash	clay=0; ore=0; sheep=0; wheat=1; wood=1; unknown=0; knights=0; dev-cards=1	roads=[137,101; 101,100; 100,99; 99,116; 116,138]; settlements=[154,101; 101,99]	lol	 	 
405	11:22:45:119	J	clay=3; ore=0; sheep=1; wheat=0; wood=0; unknown=0; knights=3; dev-cards=0	roads=[70,69; 69,68; 68,67; 67,54]; settlements=[71,69; 69,67]	anyone have wheat or ore they can give for clay?	 	 
406	11:22:52:573	Ash	clay=0; ore=0; sheep=0; wheat=1; wood=1; unknown=0; knights=0; dev-cards=1	roads=[137,101; 101,100; 100,99; 99,116; 116,138]; settlements=[154,101; 101,99]	no sorry	 	 
407	11:22:55:343	J	clay=3; ore=0; sheep=1; wheat=0; wood=0; unknown=0; knights=3; dev-cards=0	roads=[70,69; 69,68; 68,67; 67,54]; settlements=[71,69; 69,67]	lol& you should just tell in future where to put this robber thing	 	 
408	11:23:06:199	mmatrtajova	clay=1; ore=0; sheep=0; wheat=0; wood=0; unknown=0; knights=3; dev-cards=1	roads=[104,134; 134,135; 135,136; 136,120; 120,105; 105,106; 106,90; 90,73]; settlements=[120,150; 150,122; 122,152; 152,73]	move on move on:)	 	 
409	11:23:13:471	Server	 		mmatrtajova rolled a 2 and a 6.	 	 
410	11:23:13:472	Server	 		Ash gets 3 wheat. J gets 1 wheat.	 	 
411	11:23:40:246	Server	 		Ash rolled a 1 and a 5.	 	 
412	11:23:40:247	Server	 		mmatrtajova gets 1 clay. J gets 1 clay.	 	 
413	11:23:55:229	Server	 		J rolled a 2 and a 6.	 	 
414	11:23:55:230	Server	 		Ash gets 3 wheat. J gets 1 wheat.	 	 
415	11:24:25:214	Server	 		J traded 4 clay for 1 ore from the bank.	 	 
416	11:24:28:448	mmatrtajova	clay=2; ore=0; sheep=0; wheat=0; wood=0; unknown=0; knights=3; dev-cards=1	roads=[104,134; 134,135; 135,136; 136,120; 120,105; 105,106; 106,90; 90,73]; settlements=[120,150; 150,122; 122,152; 152,73]	J?	 	 
417	11:24:32:426	Server	 		mmatrtajova rolled a 4 and a 5.	 	 
418	11:24:32:427	Server	 		mmatrtajova gets 2 wheat, 2 wood.	 	 
419	11:24:37:345	J	clay=0; ore=0; sheep=0; wheat=1; wood=0; unknown=0; knights=3; dev-cards=1	roads=[70,69; 69,68; 68,67; 67,54]; settlements=[71,69; 69,67]	yeh...	 	 
420	11:24:45:680	mmatrtajova	clay=2; ore=0; sheep=0; wheat=2; wood=2; unknown=0; knights=3; dev-cards=1	roads=[104,134; 134,135; 135,136; 136,120; 120,105; 105,106; 106,90; 90,73]; settlements=[120,150; 150,122; 122,152; 152,73]	have any ore?& or ash?	 	 
421	11:24:50:530	J	clay=0; ore=0; sheep=0; wheat=1; wood=0; unknown=0; knights=3; dev-cards=1	roads=[70,69; 69,68; 68,67; 67,54]; settlements=[71,69; 69,67]	nope	 	 
422	11:24:57:974	Ash	clay=0; ore=0; sheep=0; wheat=7; wood=1; unknown=0; knights=0; dev-cards=1	roads=[137,101; 101,100; 100,99; 99,116; 116,138]; settlements=[154,101; 101,99]	nope	 	 
423	11:24:58:051	mmatrtajova	clay=2; ore=0; sheep=0; wheat=2; wood=2; unknown=0; knights=3; dev-cards=1	roads=[104,134; 134,135; 135,136; 136,120; 120,105; 105,106; 106,90; 90,73]; settlements=[120,150; 150,122; 122,152; 152,73]	ash?	 	 
424	11:25:16:146	Ash	clay=0; ore=0; sheep=0; wheat=7; wood=1; unknown=0; knights=0; dev-cards=1	roads=[137,101; 101,100; 100,99; 99,116; 116,138]; settlements=[154,101; 101,99]	sorry	 	 
425	11:25:17:902	mmatrtajova	clay=2; ore=0; sheep=0; wheat=2; wood=2; unknown=0; knights=3; dev-cards=1	roads=[104,134; 134,135; 135,136; 136,120; 120,105; 105,106; 106,90; 90,73]; settlements=[120,150; 150,122; 122,152; 152,73]	okay,& anyone has sheep?	 	 
426	11:25:21:441	Ash	clay=0; ore=0; sheep=0; wheat=7; wood=1; unknown=0; knights=0; dev-cards=1	roads=[137,101; 101,100; 100,99; 99,116; 116,138]; settlements=[154,101; 101,99]	nope	 	 
427	11:25:24:946	Server	 		Ash rolled a 5 and a 1.	 	 
428	11:25:24:947	Server	 		mmatrtajova gets 1 clay. J gets 1 clay.	 	 
429	11:25:32:386	J	clay=1; ore=0; sheep=0; wheat=1; wood=0; unknown=0; knights=3; dev-cards=1	roads=[70,69; 69,68; 68,67; 67,54]; settlements=[71,69; 69,67]	nope	 	 
430	11:26:01:002	Server	 		Ash traded 4 wheat for 1 clay from the bank.	 	 
431	11:26:08:686	Server	 		Ash built a road.	 	 
432	11:26:14:920	Server	 		J rolled a 2 and a 4.	 	 
433	11:26:14:921	Server	 		mmatrtajova gets 1 clay. J gets 1 clay.	 	 
434	11:26:31:140	J	clay=2; ore=0; sheep=0; wheat=1; wood=0; unknown=0; knights=3; dev-cards=1	roads=[70,69; 69,68; 68,67; 67,54]; settlements=[71,69; 69,67]	me clay you wood anyone?	 	 
435	11:26:40:687	Ash	clay=0; ore=0; sheep=0; wheat=3; wood=0; unknown=0; knights=0; dev-cards=1	roads=[137,101; 101,100; 100,99; 99,116; 116,138; 138,139]; settlements=[154,101; 101,99]	no& sorry	 	 
436	11:26:43:920	mmatrtajova	clay=4; ore=0; sheep=0; wheat=2; wood=2; unknown=0; knights=3; dev-cards=1	roads=[104,134; 134,135; 135,136; 136,120; 120,105; 105,106; 106,90; 90,73]; settlements=[120,150; 150,122; 122,152; 152,73]	you ore me wood&:D	 	 
437	11:27:26:889	Server	 		mmatrtajova rolled a 6 and a 1.	 	 
438	11:28:24:694	Server	 		Ash rolled a 6 and a 5.	 	 
439	11:28:24:696	Server	 		mmatrtajova gets 2 ore. J gets 2 clay.	 	 
440	11:28:44:210	Server	 		Ash traded 4 wheat for 1 wood from the bank.	 	 
441	11:28:50:656	Server	 		J rolled a 1 and a 6.	 	 
442	11:29:19:950	mmatrtajova	clay=1; ore=2; sheep=0; wheat=1; wood=1; unknown=0; knights=4; dev-cards=0	roads=[104,134; 134,135; 135,136; 136,120; 120,105; 105,106; 106,90; 90,73]; settlements=[120,150; 150,122; 122,152; 152,73]	anyone has sheep?	 	 
443	11:29:26:602	Ash	clay=0; ore=0; sheep=0; wheat=0; wood=1; unknown=0; knights=1; dev-cards=0	roads=[137,101; 101,100; 100,99; 99,116; 116,138; 138,139]; settlements=[154,101; 101,99]	no	 	 
444	11:29:28:449	Server	 		mmatrtajova rolled a 6 and a 4.	 	 
445	11:29:28:450	Server	 		mmatrtajova gets 1 ore. Ash gets 1 ore.	 	 
446	11:30:03:192	J	clay=4; ore=0; sheep=0; wheat=1; wood=0; unknown=0; knights=4; dev-cards=0	roads=[70,69; 69,68; 68,67; 67,54]; settlements=[71,69; 69,67]	no	 	 
447	11:30:16:846	mmatrtajova	clay=1; ore=3; sheep=0; wheat=1; wood=1; unknown=0; knights=4; dev-cards=0	roads=[104,134; 134,135; 135,136; 136,120; 120,105; 105,106; 106,90; 90,73]; settlements=[120,150; 150,122; 122,152; 152,73]	anyone wood and clay for 2 ores?	 	 
448	11:30:22:768	Ash	clay=0; ore=1; sheep=0; wheat=0; wood=1; unknown=0; knights=1; dev-cards=0	roads=[137,101; 101,100; 100,99; 99,116; 116,138; 138,139]; settlements=[154,101; 101,99]	no	 	 
449	11:30:31:679	Server	 		mmatrtajova made an offer to trade 1 clay, 1 wood for 2 ore.	 	 
450	11:30:44:199	Server	 		Ash rolled a 6 and a 2.	 	 
451	11:30:44:200	Server	 		Ash gets 3 wheat. J gets 1 wheat.	 	 
452	11:31:11:968	Server	 		J rolled a 4 and a 5.	 	 
453	11:31:11:969	Server	 		mmatrtajova gets 2 wheat, 2 wood.	 	 
454	11:31:47:884	Server	 		mmatrtajova rolled a 2 and a 2.	 	 
455	11:31:47:886	Server	 		mmatrtajova gets 1 ore. Ash gets 1 ore. J gets 2 wood.	 	 
456	11:32:12:660	Server	 		mmatrtajova built a city.	 	 
457	11:32:44:223	Server	 		mmatrtajova made an offer to trade 1 clay for 1 wood.	 	 
458	11:32:57:633	Server	 		mmatrtajova made an offer to trade 1 clay for 1 wood.	 	 
459	11:33:03:859	mmatrtajova	clay=1; ore=1; sheep=0; wheat=1; wood=3; unknown=0; knights=4; dev-cards=0	roads=[104,134; 134,135; 135,136; 136,120; 120,105; 105,106; 106,90; 90,73]; settlements=[150,122; 122,152; 152,73]	pleae	 	 
460	11:33:08:587	mmatrtajova	clay=1; ore=1; sheep=0; wheat=1; wood=3; unknown=0; knights=4; dev-cards=0	roads=[104,134; 134,135; 135,136; 136,120; 120,105; 105,106; 106,90; 90,73]; settlements=[150,122; 122,152; 152,73]	please:)	 	 
461	11:33:14:644	Ash	clay=0; ore=2; sheep=0; wheat=3; wood=1; unknown=0; knights=1; dev-cards=0	roads=[137,101; 101,100; 100,99; 99,116; 116,138; 138,139]; settlements=[154,101; 101,99]	sorry	 	 
462	11:33:21:496	Server	 		Ash rolled a 1 and a 6.	 	 
463	11:33:22:743	mmatrtajova	clay=1; ore=1; sheep=0; wheat=1; wood=3; unknown=0; knights=4; dev-cards=0	roads=[104,134; 134,135; 135,136; 136,120; 120,105; 105,106; 106,90; 90,73]; settlements=[150,122; 122,152; 152,73]	:(	 	 
464	11:34:23:145	Server	 		Ash traded 4 wheat for 1 sheep from the bank.	 	 
465	11:35:32:387	mmatrtajova	clay=1; ore=1; sheep=0; wheat=0; wood=3; unknown=0; knights=4; dev-cards=0	roads=[104,134; 134,135; 135,136; 136,120; 120,105; 105,106; 106,90; 90,73]; settlements=[150,122; 122,152; 152,73]	(guys,& i am leaving in 20 min...&:) please,& lets try to finish it	 	 
466	11:35:37:639	Server	 		J rolled a 3 and a 2.	 	 
467	11:35:37:640	Server	 		mmatrtajova gets 3 sheep.	 	 
468	11:35:41:001	mmatrtajova	clay=1; ore=1; sheep=3; wheat=0; wood=3; unknown=0; knights=4; dev-cards=0	roads=[104,134; 134,135; 135,136; 136,120; 120,105; 105,106; 106,90; 90,73]; settlements=[150,122; 122,152; 152,73]	nice	 	 
469	11:36:07:117	Server	 		mmatrtajova rolled a 1 and a 6.	 	 
470	11:36:37:589	mmatrtajova	clay=0; ore=1; sheep=2; wheat=0; wood=1; unknown=0; knights=4; dev-cards=0	roads=[104,134; 134,135; 135,136; 136,120; 120,105; 105,106; 106,90; 90,73]; settlements=[150,122; 122,152; 152,73]	does anyone have wheat?	 	 
471	11:36:51:300	mmatrtajova	clay=0; ore=1; sheep=2; wheat=0; wood=1; unknown=0; knights=4; dev-cards=0	roads=[104,134; 134,135; 135,136; 136,120; 120,105; 105,106; 106,90; 90,73]; settlements=[150,122; 122,152; 152,73]	where is ash?	 	 
472	11:37:00:306	J	clay=0; ore=0; sheep=0; wheat=2; wood=2; unknown=0; knights=4; dev-cards=0	roads=[70,69; 69,68; 68,67; 67,54]; settlements=[71,69; 69,67]	lol& no idea	 	 
473	11:37:22:002	J	clay=0; ore=0; sheep=0; wheat=1; wood=2; unknown=0; knights=4; dev-cards=0	roads=[70,69; 69,68; 68,67; 67,54]; settlements=[71,69; 69,67]	maybe we finish it then	 	 
474	11:37:29:078	Server	 		J rolled a 3 and a 1.	 	 
475	11:37:29:078	Server	 		mmatrtajova gets 1 ore. J gets 2 wood.	 	 
476	11:37:37:314	J	clay=0; ore=0; sheep=0; wheat=1; wood=4; unknown=0; knights=4; dev-cards=0	roads=[70,69; 69,68; 68,67; 67,54]; settlements=[71,69; 69,67]	screw it& sure i have wheat and wood..& want them so you can win?	 	 
477	11:37:49:612	mmatrtajova	clay=0; ore=1; sheep=1; wheat=0; wood=1; unknown=0; knights=4; dev-cards=1	roads=[104,134; 134,135; 135,136; 136,120; 120,105; 105,106; 106,90; 90,73]; settlements=[150,122; 122,152; 152,73]	nope	 	 
478	11:37:53:763	J	clay=0; ore=0; sheep=0; wheat=1; wood=4; unknown=0; knights=4; dev-cards=0	roads=[70,69; 69,68; 68,67; 67,54]; settlements=[71,69; 69,67]	lol& fair enough	 	 
479	11:37:57:390	mmatrtajova	clay=0; ore=1; sheep=1; wheat=0; wood=1; unknown=0; knights=4; dev-cards=1	roads=[104,134; 134,135; 135,136; 136,120; 120,105; 105,106; 106,90; 90,73]; settlements=[150,122; 122,152; 152,73]	:D	 	 
480	11:38:06:914	mmatrtajova	clay=0; ore=1; sheep=1; wheat=0; wood=1; unknown=0; knights=4; dev-cards=1	roads=[104,134; 134,135; 135,136; 136,120; 120,105; 105,106; 106,90; 90,73]; settlements=[150,122; 122,152; 152,73]	go, please:)	 	 
481	11:38:11:186	mmatrtajova	clay=0; ore=1; sheep=1; wheat=0; wood=1; unknown=0; knights=4; dev-cards=1	roads=[104,134; 134,135; 135,136; 136,120; 120,105; 105,106; 106,90; 90,73]; settlements=[150,122; 122,152; 152,73]	:)	 	 
482	11:38:21:245	Server	 		mmatrtajova rolled a 5 and a 1.	 	 
483	11:38:21:245	Server	 		mmatrtajova gets 2 clay. J gets 1 clay.	 	 
484	11:38:30:657	Server	 		J rolled a 1 and a 3.	 	 
485	11:38:30:657	Server	 		mmatrtajova gets 1 ore. J gets 2 wood.	 	 
485.1	11:38:37:441	Markus	 	 	Ash will be back, I think.	 	 
485.2	11:38:45:569	Markus	 	 	but just continue.	 	 
486	11:38:47:355	mmatrtajova	clay=2; ore=1; sheep=0; wheat=0; wood=1; unknown=0; knights=4; dev-cards=1	roads=[104,134; 134,135; 135,136; 136,120; 120,105; 105,106; 106,90; 90,73]; settlements=[150,122; 122,152; 152,73]	no need to come back now	 	 
487	11:38:53:777	Server	 		J built a road.	 	 
488	11:39:15:682	Server	 		J traded 4 wood for 1 sheep from the bank.	 	 
489	11:39:18:156	mmatrtajova	clay=2; ore=1; sheep=0; wheat=0; wood=1; unknown=0; knights=4; dev-cards=1	roads=[104,134; 134,135; 135,136; 136,120; 120,105; 105,106; 106,90; 90,73]; settlements=[150,122; 122,152; 152,73]	does the game finish when one ends?	 	 
489.1	11:39:37:912	Markus	 	 	hehe	 	 
489.2	11:39:40:801	Markus	 	 	well done!	 	 
490	11:39:44:753	mmatrtajova	clay=2; ore=1; sheep=1; wheat=0; wood=1; unknown=0; knights=5; dev-cards=0	roads=[104,134; 134,135; 135,136; 136,120; 120,105; 105,106; 106,90; 90,73]; settlements=[150,122; 122,152; 152,73]	thanks&:)	 	 
491	11:39:52:797	mmatrtajova	clay=2; ore=1; sheep=1; wheat=0; wood=1; unknown=0; knights=5; dev-cards=0	roads=[104,134; 134,135; 135,136; 136,120; 120,105; 105,106; 106,90; 90,73]; settlements=[150,122; 122,152; 152,73]	now what?	 	 
491.1	11:39:53:512	Markus	 	 	Please remember to fill in the questionnaire.	 	 
492	11:40:07:242	mmatrtajova	clay=2; ore=1; sheep=1; wheat=0; wood=1; unknown=0; knights=5; dev-cards=0	roads=[104,134; 134,135; 135,136; 136,120; 120,105; 105,106; 106,90; 90,73]; settlements=[150,122; 122,152; 152,73]	okay...& and where is your office?	 	 
492.1	11:40:08:392	Markus	 	 	You can collect your compensation in my office	 	 
492.2	11:40:12:824	Markus	 	 	Informatics 3.24	 	 
493	11:40:16:502	J	clay=0; ore=0; sheep=0; wheat=0; wood=1; unknown=0; knights=4; dev-cards=0	roads=[70,69; 69,68; 68,67; 67,54; 54,38]; settlements=[71,69; 69,67]	when?	 	 
493.1	11:40:31:120	Markus	 	 	Today's not so good, as I'll be out quitew a bit	 	 
494	11:40:36:663	J	clay=0; ore=0; sheep=0; wheat=0; wood=1; unknown=0; knights=4; dev-cards=0	roads=[70,69; 69,68; 68,67; 67,54; 54,38]; settlements=[71,69; 69,67]	when?	 	 
495	11:40:43:089	ash	clay=0; ore=2; sheep=1; wheat=0; wood=1; unknown=0; knights=1; dev-cards=0	roads=[137,101; 101,100; 100,99; 99,116; 116,138; 138,139]; settlements=[154,101; 101,99]	argh sorry	 	 
495.1	11:40:43:296	Markus	 	 	Any time other than Thursday afternoon	 	 
496	11:40:49:350	ash	clay=0; ore=2; sheep=1; wheat=0; wood=1; unknown=0; knights=1; dev-cards=0	roads=[137,101; 101,100; 100,99; 99,116; 116,138; 138,139]; settlements=[154,101; 101,99]	it threw me off	 	 
497	11:40:58:455	J	clay=0; ore=0; sheep=0; wheat=0; wood=1; unknown=0; knights=4; dev-cards=0	roads=[70,69; 69,68; 68,67; 67,54; 54,38]; settlements=[71,69; 69,67]	tomorrow around 1.30?	 	 
498	11:41:00:089	mmatrtajova	clay=2; ore=1; sheep=1; wheat=0; wood=1; unknown=0; knights=5; dev-cards=0	roads=[104,134; 134,135; 135,136; 136,120; 120,105; 105,106; 106,90; 90,73]; settlements=[150,122; 122,152; 152,73]	okay,& i will come tomorrow, around 1020	 	 
498.1	11:41:01:832	Markus	 	 	No problem Ash	 	 
498.2	11:41:08:344	Markus	 	 	OK	 	 
499	11:41:14:400	mmatrtajova	clay=2; ore=1; sheep=1; wheat=0; wood=1; unknown=0; knights=5; dev-cards=0	roads=[104,134; 134,135; 135,136; 136,120; 120,105; 105,106; 106,90; 90,73]; settlements=[150,122; 122,152; 152,73]	:)& thanks!	 	 
499.1	11:41:17:543	Markus	 	 	Ash, please remembe to fill in the questionnaire	 	 
500	11:41:26:664	mmatrtajova	clay=2; ore=1; sheep=1; wheat=0; wood=1; unknown=0; knights=5; dev-cards=0	roads=[104,134; 134,135; 135,136; 136,120; 120,105; 105,106; 106,90; 90,73]; settlements=[150,122; 122,152; 152,73]	ash, I cant,& off to a lecture	 	 
501	11:41:33:138	ash	clay=0; ore=2; sheep=1; wheat=0; wood=1; unknown=0; knights=1; dev-cards=0	roads=[137,101; 101,100; 100,99; 99,116; 116,138; 138,139]; settlements=[154,101; 101,99]	ok& will do	 	 
502	11:41:39:837	ash	clay=0; ore=2; sheep=1; wheat=0; wood=1; unknown=0; knights=1; dev-cards=0	roads=[137,101; 101,100; 100,99; 99,116; 116,138; 138,139]; settlements=[154,101; 101,99]	oh ok& are we stopping	 	 
502.1	11:41:44:631	Markus	 	 	Money in my office	 	 
503	11:41:44:791	mmatrtajova	clay=2; ore=1; sheep=1; wheat=0; wood=1; unknown=0; knights=5; dev-cards=0	roads=[104,134; 134,135; 135,136; 136,120; 120,105; 105,106; 106,90; 90,73]; settlements=[150,122; 122,152; 152,73]	well, thanks, it was a great game!	 	 
503.1	11:41:49:295	Markus	 	 	Informatics Forum 3.24	 	 
504	11:41:59:229	ash	clay=0; ore=2; sheep=1; wheat=0; wood=1; unknown=0; knights=1; dev-cards=0	roads=[137,101; 101,100; 100,99; 99,116; 116,138; 138,139]; settlements=[154,101; 101,99]	yeah& thanks& that was fun	 	 
504.1	11:42:05:055	Markus	 	 	good to hear	 	 
505	11:42:12:917	ash	clay=0; ore=2; sheep=1; wheat=0; wood=1; unknown=0; knights=1; dev-cards=0	roads=[137,101; 101,100; 100,99; 99,116; 116,138; 138,139]; settlements=[154,101; 101,99]	when is a good time to come get the money markus?	 	 
505.1	11:42:35:135	Markus	 	 	anytime except today and Thu afternoon	 	 
506	11:42:42:678	ash	clay=0; ore=2; sheep=1; wheat=0; wood=1; unknown=0; knights=1; dev-cards=0	roads=[137,101; 101,100; 100,99; 99,116; 116,138; 138,139]; settlements=[154,101; 101,99]	ok& cool	 	 
507	11:42:49:928	ash	clay=0; ore=2; sheep=1; wheat=0; wood=1; unknown=0; knights=1; dev-cards=0	roads=[137,101; 101,100; 100,99; 99,116; 116,138; 138,139]; settlements=[154,101; 101,99]	bye	 	 
508	11:43:46:106	mmatrtajova	clay=2; ore=1; sheep=1; wheat=0; wood=1; unknown=0; knights=5; dev-cards=0	roads=[104,134; 134,135; 135,136; 136,120; 120,105; 105,106; 106,90; 90,73]; settlements=[150,122; 122,152; 152,73]	bye	 	 
