ID	Timestamp	Emitter	Resources	Buildups	Text	Annotation	Comment
1	02:12:36:709	Server	 		raefbrisbin built a settlement.	 	 
2	02:12:37:719	Server	 		raefbrisbin built a road.	 	 
3	02:12:53:214	Server	 		gramos built a settlement.	 	 
4	02:13:11:759	catanstrophe	clay=0; ore=0; sheep=0; wheat=0; wood=0; unknown=0; knights=0; dev-cards=0		man& this is not a board to go last in	 	 
5	02:13:11:900	Server	 		gramos built a road.	 	 
6	02:13:29:040	gramos	clay=0; ore=0; sheep=0; wheat=0; wood=0; unknown=0; knights=0; dev-cards=0		Heck& I'm second& and I'm feeling the pinch	 	 
7	02:14:00:915	raefbrisbin	clay=0; ore=0; sheep=0; wheat=0; wood=0; unknown=0; knights=0; dev-cards=0		crap,& I had to answer the door& and didn't think long enough	 	 
8	02:14:01:846	Server	 		Ghettoette built a settlement.	 	 
9	02:14:03:466	Server	 		Ghettoette built a road.	 	 
10	02:16:00:190	raefbrisbin	clay=0; ore=0; sheep=0; wheat=0; wood=0; unknown=0; knights=0; dev-cards=0		am I connected?	 	 
11	02:16:06:351	gramos	clay=0; ore=0; sheep=0; wheat=0; wood=0; unknown=0; knights=0; dev-cards=0		as far as i can tell	 	 
12	02:16:08:623	Ghettoette	clay=0; ore=0; sheep=0; wheat=0; wood=0; unknown=0; knights=0; dev-cards=0		looks like it	 	 
13	02:16:09:235	catanstrophe	clay=0; ore=0; sheep=0; wheat=0; wood=0; unknown=0; knights=0; dev-cards=0		yeah& i am trying to figure out where to go	 	 
14	02:16:29:408	raefbrisbin	clay=0; ore=0; sheep=0; wheat=0; wood=0; unknown=0; knights=0; dev-cards=0		no worries.& just checking.& Last time it only told me I was disconnected when I tried to type&	 	 
15	02:16:46:290	gramos	clay=0; ore=0; sheep=0; wheat=0; wood=0; unknown=0; knights=0; dev-cards=0		you're secretly trying to distract catanstrophe,& admit it.	 	 
16	02:17:03:196	raefbrisbin	clay=0; ore=0; sheep=0; wheat=0; wood=0; unknown=0; knights=0; dev-cards=0		mind games	 	 
17	02:17:09:472	raefbrisbin	clay=0; ore=0; sheep=0; wheat=0; wood=0; unknown=0; knights=0; dev-cards=0		like using my real name as a handle	 	 
18	02:17:19:576	Server	 		catanstrophe built a settlement.	 	 
19	02:17:31:999	Server	 		catanstrophe built a road.	 	 
20	02:17:35:804	Server	 		catanstrophe built a settlement.	 	 
21	02:17:37:773	gramos	clay=0; ore=0; sheep=0; wheat=0; wood=0; unknown=0; knights=0; dev-cards=0		:)	 	 
22	02:17:45:071	Server	 		catanstrophe built a road.	 	 
23	02:18:12:760	Server	 		Ghettoette built a settlement.	 	 
24	02:18:14:791	Server	 		Ghettoette built a road.	 	 
25	02:18:36:024	Server	 		gramos built a settlement.	 	 
26	02:19:08:176	Server	 		gramos built a road.	 
27	02:19:30:102	raefbrisbin	clay=0; ore=0; sheep=0; wheat=0; wood=0; unknown=0; knights=0; dev-cards=0		wow	 	 
28	02:19:49:068	gramos	clay=1; ore=0; sheep=0; wheat=1; wood=1; unknown=0; knights=0; dev-cards=0	roads=[100,70]; settlements=[116,86]	some nice desert-front property& if you want.& cheap.	 	 
29	02:20:15:269	Server	 		raefbrisbin built a settlement.	 	 
30	02:20:16:271	Server	 		raefbrisbin built a road.	 	 
31	02:20:21:584	Server	 		raefbrisbin rolled a 2 and a 5.	 	 
32	02:20:35:032	raefbrisbin	clay=0; ore=0; sheep=0; wheat=1; wood=1; unknown=0; knights=0; dev-cards=0	roads=[122,36]; settlements=[139,52]	jesus	 	 
33	02:21:00:705	Ghettoette	clay=0; ore=0; sheep=0; wheat=2; wood=0; unknown=0; knights=0; dev-cards=0	roads=[171,133]; settlements=[171,150]	aw& crap	 	 
34	02:21:01:541	Server	 		raefbrisbin built a road.	 	 
35	02:21:15:800	raefbrisbin	clay=0; ore=0; sheep=0; wheat=1; wood=0; unknown=0; knights=0; dev-cards=0	roads=[122,36; 36,37]; settlements=[139,52]	sorry	 	 
36	02:21:24:473	Server	 		gramos rolled a 4 and a 2.	 	 
37	02:21:24:474	Server	 		catanstrophe gets 1 wheat. raefbrisbin gets 1 ore.	 	 
38	02:21:26:857	raefbrisbin	clay=0; ore=1; sheep=0; wheat=1; wood=0; unknown=0; knights=0; dev-cards=0	roads=[122,36; 36,37]; settlements=[139,52]	Seemed like most important resource	 	 
39	02:21:34:487	Ghettoette	clay=0; ore=0; sheep=0; wheat=2; wood=0; unknown=0; knights=0; dev-cards=0	roads=[171,133]; settlements=[171,150]	ha no worries	 	 
40	02:21:43:233	Server	 		gramos built a road.	 	 
41	02:21:47:832	raefbrisbin	clay=0; ore=1; sheep=0; wheat=1; wood=0; unknown=0; knights=0; dev-cards=0	roads=[122,36; 36,37]; settlements=[139,52]	was going with the 9 wheat.& but f wheat	 	 
42	02:21:52:706	Server	 		Ghettoette rolled a 3 and a 3.	 	 
43	02:21:52:708	Server	 		catanstrophe gets 1 wheat. raefbrisbin gets 1 ore.	 	 
44	02:21:59:496	gramos	clay=0; ore=0; sheep=0; wheat=1; wood=0; unknown=0; knights=0; dev-cards=0	roads=[100,70; 70,71]; settlements=[116,86]	that's the spirit	 	 
45	02:22:15:577	Server	 		catanstrophe rolled a 3 and a 4.	 	 
46	02:23:00:871	catanstrophe	clay=0; ore=2; sheep=0; wheat=4; wood=0; unknown=0; knights=0; dev-cards=0	roads=[67,184]; settlements=[84,184]	does anyone have any ore?	 	 
47	02:23:05:411	gramos	clay=0; ore=0; sheep=0; wheat=1; wood=0; unknown=0; knights=0; dev-cards=0	roads=[100,70; 70,71]; settlements=[116,86]	no	 	 
48	02:23:06:907	gramos	clay=0; ore=0; sheep=0; wheat=1; wood=0; unknown=0; knights=0; dev-cards=0	roads=[100,70; 70,71]; settlements=[116,86]	none	 	 
49	02:23:11:114	Ghettoette	clay=0; ore=0; sheep=0; wheat=2; wood=0; unknown=0; knights=0; dev-cards=0	roads=[171,133]; settlements=[171,150]	nope	 	 
50	02:23:35:991	Server	 		raefbrisbin rolled a 4 and a 6.	 	 
51	02:23:35:992	Server	 		catanstrophe gets 1 sheep. gramos gets 1 sheep.	 	 
52	02:23:42:356	raefbrisbin	clay=0; ore=1; sheep=0; wheat=1; wood=0; unknown=0; knights=0; dev-cards=0	roads=[122,36; 36,37]; settlements=[139,52]	lol	 	 
53	02:23:47:057	Ghettoette	clay=0; ore=0; sheep=0; wheat=2; wood=0; unknown=0; knights=0; dev-cards=0	roads=[171,133]; settlements=[171,150]	d'oh!	 	 
54	02:23:52:083	Server	 		gramos rolled a 2 and a 5.	 	 
55	02:23:57:901	gramos	clay=0; ore=0; sheep=1; wheat=1; wood=0; unknown=0; knights=0; dev-cards=0	roads=[100,70; 70,71]; settlements=[116,86]	ohgood	 	 
56	02:24:47:491	gramos	clay=0; ore=0; sheep=1; wheat=2; wood=0; unknown=0; knights=0; dev-cards=0	roads=[100,70; 70,71]; settlements=[116,86]	I would like some ore.& I can offer wheat...	 	 
57	02:25:15:760	Server	 		Ghettoette rolled a 4 and a 5.	 	 
58	02:25:15:761	Server	 		Ghettoette gets 1 wheat. raefbrisbin gets 1 wood. gramos gets 1 wheat.	 	 
59	02:25:28:246	Server	 		catanstrophe rolled a 3 and a 5.	 	 
60	02:25:28:248	Server	 		Ghettoette gets 1 clay.	 	 
61	02:25:40:842	raefbrisbin	clay=0; ore=1; sheep=0; wheat=1; wood=1; unknown=0; knights=0; dev-cards=0	roads=[122,36; 36,37]; settlements=[139,52]	ouch,& twice robbered	 	 
62	02:25:50:355	Server	 		raefbrisbin rolled a 6 and a 2.	 	 
63	02:25:50:358	Server	 		Ghettoette gets 1 clay.	 	 
64	02:25:56:716	Server	 		gramos rolled a 5 and a 3.	 	 
65	02:25:56:718	Server	 		Ghettoette gets 1 clay.	 	 
66	02:25:57:181	raefbrisbin	clay=0; ore=1; sheep=0; wheat=1; wood=1; unknown=0; knights=0; dev-cards=0	roads=[122,36; 36,37]; settlements=[139,52]	thrice	 	 
67	02:26:05:218	Server	 		Ghettoette rolled a 6 and a 2.	 	 
68	02:26:05:219	Server	 		Ghettoette gets 1 clay.	 	 
69	02:26:12:203	raefbrisbin	clay=0; ore=1; sheep=0; wheat=1; wood=1; unknown=0; knights=0; dev-cards=0	roads=[122,36; 36,37]; settlements=[139,52]	omg	 	 
70	02:26:19:837	gramos	clay=0; ore=0; sheep=1; wheat=3; wood=0; unknown=0; knights=0; dev-cards=0	roads=[100,70; 70,71]; settlements=[116,86]	rough game...	 	 
71	02:26:23:528	Ghettoette	clay=4; ore=0; sheep=0; wheat=3; wood=0; unknown=0; knights=0; dev-cards=0	roads=[171,133]; settlements=[171,150]	anyone want to give me wood for brick or wheat?	 	 
72	02:26:28:107	raefbrisbin	clay=0; ore=1; sheep=0; wheat=1; wood=1; unknown=0; knights=0; dev-cards=0	roads=[122,36; 36,37]; settlements=[139,52]	lol	 	 
73	02:26:36:584	gramos	clay=0; ore=0; sheep=1; wheat=3; wood=0; unknown=0; knights=0; dev-cards=0	roads=[100,70; 70,71]; settlements=[116,86]	none to give,& alas	 	 

74	02:26:52:687	Server	 		catanstrophe rolled a 3 and a 1.	 	 
75	02:26:52:690	Server	 		Ghettoette gets 1 wheat. catanstrophe gets 1 wheat. raefbrisbin gets 1 wheat. gramos gets 1 wheat.	 	 
76	02:27:14:747	catanstrophe	clay=0; ore=2; sheep=1; wheat=4; wood=0; unknown=0; knights=0; dev-cards=0	roads=[67,184]; settlements=[84,184]	i will 1 sheep for 1 wheat	 	 
77	02:27:21:669	catanstrophe	clay=0; ore=2; sheep=1; wheat=4; wood=0; unknown=0; knights=0; dev-cards=0	roads=[67,184]; settlements=[84,184]	i will give 1 sheep...	 	 
78	02:27:39:191	gramos	clay=0; ore=0; sheep=1; wheat=4; wood=0; unknown=0; knights=0; dev-cards=0	roads=[100,70; 70,71]; settlements=[116,86]	ok,& I'll take that	 	 
79	02:27:54:797	Server	 		catanstrophe made an offer to trade 1 sheep for 1 wheat.	 	 
80	02:28:01:078	Server	 		catanstrophe traded 1 sheep for 1 wheat from gramos.	 	 
81	02:28:26:361	Server	 		catanstrophe traded 4 wheat for 1 ore from the bank.	 	 
82	02:28:33:834	Server	 		raefbrisbin rolled a 5 and a 2.	 	 
83	02:29:05:320	Server	 		gramos rolled a 6 and a 4.	 	 
84	02:29:05:322	Server	 		Ghettoette gets 1 wood. catanstrophe gets 1 sheep. raefbrisbin gets 1 wood. gramos gets 1 sheep.	 	 
85	02:29:11:921	gramos	clay=0; ore=0; sheep=3; wheat=3; wood=0; unknown=0; knights=0; dev-cards=0	roads=[100,70; 70,71]; settlements=[116,86]	great,& more sheep	 	 
86	02:29:24:008	gramos	clay=0; ore=0; sheep=3; wheat=3; wood=0; unknown=0; knights=0; dev-cards=0	roads=[100,70; 70,71]; settlements=[116,86]	anyone have ore?	 	 
87	02:29:29:884	gramos	clay=0; ore=0; sheep=3; wheat=3; wood=0; unknown=0; knights=0; dev-cards=0	roads=[100,70; 70,71]; settlements=[116,86]	I can be generous with sheep or wheat	 	 
88	02:29:50:112	Server	 		Ghettoette rolled a 1 and a 1.	 	 
89	02:29:50:113	Server	 		Ghettoette gets 1 clay.	 	 
90	02:30:05:404	Server	 		Ghettoette built a road.	 	 
91	02:30:09:105	raefbrisbin	clay=0; ore=1; sheep=0; wheat=3; wood=2; unknown=0; knights=0; dev-cards=0	roads=[122,36; 36,37]; settlements=[139,52]	even when I block the 8!	 	 
92	02:30:17:624	Server	 		catanstrophe rolled a 2 and a 6.	 	 
93	02:30:17:625	Server	 		catanstrophe gets 1 wood. raefbrisbin gets 1 wood.	 	 
94	02:30:26:456	catanstrophe	clay=0; ore=3; sheep=1; wheat=1; wood=1; unknown=0; knights=0; dev-cards=0	roads=[67,184]; settlements=[84,184]	does anyone have wheat?	 	 
95	02:30:33:244	raefbrisbin	clay=0; ore=1; sheep=0; wheat=3; wood=3; unknown=0; knights=0; dev-cards=0	roads=[122,36; 36,37]; settlements=[139,52]	ya	 	 
96	02:30:38:962	catanstrophe	clay=0; ore=3; sheep=1; wheat=1; wood=1; unknown=0; knights=0; dev-cards=0	roads=[67,184]; settlements=[84,184]	i can give you a sheep	 	 
97	02:30:39:610	gramos	clay=0; ore=0; sheep=3; wheat=3; wood=0; unknown=0; knights=0; dev-cards=0	roads=[100,70; 70,71]; settlements=[116,86]	i have lots	 	 
98	02:30:51:760	gramos	clay=0; ore=0; sheep=3; wheat=3; wood=0; unknown=0; knights=0; dev-cards=0	roads=[100,70; 70,71]; settlements=[116,86]	I don[t need sheep though	 	 
99	02:30:54:219	raefbrisbin	clay=0; ore=1; sheep=0; wheat=3; wood=3; unknown=0; knights=0; dev-cards=0	roads=[122,36; 36,37]; settlements=[139,52]	don't need sheep	 	 
100	02:30:54:582	catanstrophe	clay=0; ore=3; sheep=1; wheat=1; wood=1; unknown=0; knights=0; dev-cards=0	roads=[67,184]; settlements=[84,184]	wood?	 	 
101	02:31:30:671	gramos	clay=0; ore=0; sheep=3; wheat=3; wood=0; unknown=0; knights=0; dev-cards=0	roads=[100,70; 70,71]; settlements=[116,86]	yes, give me wood& and I'll give you wheat	 	 
102	02:31:35:052	Server	 		raefbrisbin rolled a 3 and a 3.	 	 
103	02:31:35:054	Server	 		catanstrophe gets 1 wheat. raefbrisbin gets 1 ore.	
104	02:31:35:350	gramos	clay=0; ore=0; sheep=3; wheat=3; wood=0; unknown=0; knights=0; dev-cards=0	roads=[100,70; 70,71]; settlements=[116,86]	umml ,next turn	 	 
105	02:31:35:521	catanstrophe	clay=0; ore=3; sheep=1; wheat=2; wood=1; unknown=0; knights=0; dev-cards=0	roads=[67,184]; settlements=[84,184]	oh sht	 	 
106	02:31:37:568	catanstrophe	clay=0; ore=3; sheep=1; wheat=2; wood=1; unknown=0; knights=0; dev-cards=0	roads=[67,184]; settlements=[84,184]	ok	 	 
107	02:31:41:169	catanstrophe	clay=0; ore=3; sheep=1; wheat=2; wood=1; unknown=0; knights=0; dev-cards=0	roads=[67,184]; settlements=[84,184]	sht = shoot	 	 
108	02:31:42:300	catanstrophe	clay=0; ore=3; sheep=1; wheat=2; wood=1; unknown=0; knights=0; dev-cards=0	roads=[67,184]; settlements=[84,184]	:)	 	 
109	02:31:55:838	raefbrisbin	clay=0; ore=2; sheep=0; wheat=3; wood=3; unknown=0; knights=0; dev-cards=0	roads=[122,36; 36,37]; settlements=[139,52]	anyone have a wheat or ore?	 	 
110	02:32:06:277	gramos	clay=0; ore=0; sheep=3; wheat=3; wood=0; unknown=0; knights=0; dev-cards=0	roads=[100,70; 70,71]; settlements=[116,86]	I have wheat engouh for all of you	 	 
111	02:32:22:061	raefbrisbin	clay=0; ore=2; sheep=0; wheat=3; wood=3; unknown=0; knights=0; dev-cards=0	roads=[122,36; 36,37]; settlements=[139,52]	wood for ore?	 	 
112	02:32:28:209	raefbrisbin	clay=0; ore=2; sheep=0; wheat=3; wood=3; unknown=0; knights=0; dev-cards=0	roads=[122,36; 36,37]; settlements=[139,52]	for wheat	 	 
113	02:32:30:093	raefbrisbin	clay=0; ore=2; sheep=0; wheat=3; wood=3; unknown=0; knights=0; dev-cards=0	roads=[122,36; 36,37]; settlements=[139,52]	sorry	 	 
114	02:32:40:437	gramos	clay=0; ore=0; sheep=3; wheat=3; wood=0; unknown=0; knights=0; dev-cards=0	roads=[100,70; 70,71]; settlements=[116,86]	I can give you wheat& if you giv eme wood, yes	 	 
115	02:32:47:572	raefbrisbin	clay=0; ore=2; sheep=0; wheat=3; wood=3; unknown=0; knights=0; dev-cards=0	roads=[122,36; 36,37]; settlements=[139,52]	1:1?	 	 
116	02:32:59:550	gramos	clay=0; ore=0; sheep=3; wheat=3; wood=0; unknown=0; knights=0; dev-cards=0	roads=[100,70; 70,71]; settlements=[116,86]	you can give me 2 wood& if you'd like.& otherwise 1-1	 	 
117	02:33:10:937	raefbrisbin	clay=0; ore=2; sheep=0; wheat=3; wood=3; unknown=0; knights=0; dev-cards=0	roads=[122,36; 36,37]; settlements=[139,52]	lol,& pretty tight still	 	 
118	02:33:26:438	Server	 		raefbrisbin made an offer to trade 1 wood for 1 wheat.	 	 
119	02:33:31:509	Server	 		raefbrisbin traded 1 wood for 1 wheat from gramos.	 	 
120	02:33:47:874	Server	 		raefbrisbin traded 2 wheat for 1 ore from a port.	 	 
121	02:33:53:171	Server	 		raefbrisbin built a city.	 	 
122	02:33:56:529	Server	 		gramos rolled a 1 and a 2.	 	 
123	02:33:56:530	Server	 		catanstrophe gets 1 ore. gramos gets 1 clay.	 	 
124	02:34:02:920	Server	 		gramos built a settlement.	 	 
125	02:34:08:935	Server	 		Ghettoette rolled a 5 and a 1.	 	 
126	02:34:08:936	Server	 		catanstrophe gets 1 wheat. raefbrisbin gets 2 ore.	 	 
127	02:34:19:756	Server	 		catanstrophe rolled a 5 and a 2.	 	 
128	02:35:00:601	raefbrisbin	clay=0; ore=1; sheep=0; wheat=0; wood=2; unknown=0; knights=0; dev-cards=0	roads=[122,36; 36,37]	grr	 	 
129	02:35:01:565	Server	 		catanstrophe built a city.	 	 
130	02:35:06:349	raefbrisbin	clay=0; ore=1; sheep=0; wheat=0; wood=2; unknown=0; knights=0; dev-cards=0	roads=[122,36; 36,37]	just what you needed	 	 
131	02:35:12:952	Server	 		raefbrisbin rolled a 2 and a 5.	 	 
132	02:35:27:363	Server	 		gramos rolled a 4 and a 6.	 	 
133	02:35:27:365	Server	 		Ghettoette gets 1 wood. catanstrophe gets 1 sheep. raefbrisbin gets 2 wood. gramos gets 1 sheep.	 	 
134	02:35:43:117	Server	 		Ghettoette rolled a 2 and a 1.	 	 
135	02:35:43:119	Server	 		catanstrophe gets 2 ore. gramos gets 2 clay.	 	 
136	02:35:54:047	Ghettoette	clay=2; ore=0; sheep=0; wheat=1; wood=1; unknown=0; knights=0; dev-cards=0	roads=[171,133; 133,188]; settlements=[171,150]	anyone want to give me a sheep for a brick?	 	 
137	02:36:06:045	gramos	clay=2; ore=0; sheep=3; wheat=1; wood=0; unknown=0; knights=0; dev-cards=0	roads=[100,70; 70,71]; settlements=[116,86; 86,88]	yes,& I can give 1-1 a sheep for your brick	 	 
138	02:36:09:942	Ghettoette	clay=2; ore=0; sheep=0; wheat=1; wood=1; unknown=0; knights=0; dev-cards=0	roads=[171,133; 133,188]; settlements=[171,150]	ok	 	 
139	02:36:20:556	Server	 		Ghettoette made an offer to trade 1 clay for 1 sheep.	 	 
140	02:36:22:523	Server	 		Ghettoette traded 1 clay for 1 sheep from gramos.	 	 
141	02:36:31:096	Server	 		Ghettoette built a settlement.	 	 
142	02:36:39:598	Server	 		catanstrophe rolled a 3 and a 3.	 	 
143	02:36:39:600	Server	 		raefbrisbin gets 2 ore.	 	 
144	02:36:49:910	gramos	clay=3; ore=0; sheep=2; wheat=1; wood=0; unknown=0; knights=0; dev-cards=0	roads=[100,70; 70,71]; settlements=[116,86; 86,88]	why did I hve so much sheep?& I'm next to a 10, 11, and 12!	 	 
145	02:37:03:901	Server	 		raefbrisbin rolled a 5 and a 1.	 	 
146	02:37:03:902	Server	 		raefbrisbin gets 2 ore.	 	 
147	02:37:11:685	raefbrisbin	clay=0; ore=6; sheep=0; wheat=0; wood=4; unknown=0; knights=0; dev-cards=0	roads=[122,36; 36,37]	ayone need ore?	 	 
148	02:37:15:134	gramos	clay=3; ore=0; sheep=2; wheat=1; wood=0; unknown=0; knights=0; dev-cards=0	roads=[100,70; 70,71]; settlements=[116,86; 86,88]	yess	 	 
149	02:37:24:453	gramos	clay=3; ore=0; sheep=2; wheat=1; wood=0; unknown=0; knights=0; dev-cards=0	roads=[100,70; 70,71]; settlements=[116,86; 86,88]	can offer clay or sheep	 	 
150	02:37:31:105	raefbrisbin	clay=0; ore=6; sheep=0; wheat=0; wood=4; unknown=0; knights=0; dev-cards=0	roads=[122,36; 36,37]	clay please	 	 
151	02:37:44:973	gramos	clay=3; ore=0; sheep=2; wheat=1; wood=0; unknown=0; knights=0; dev-cards=0	roads=[100,70; 70,71]; settlements=[116,86; 86,88]	go for it.	 	 
152	02:37:52:434	Server	 		raefbrisbin made an offer to trade 1 ore for 1 clay.	 	 
153	02:37:54:628	Server	 		raefbrisbin traded 1 ore for 1 clay from gramos.	 	 
154	02:38:03:347	raefbrisbin	clay=1; ore=5; sheep=0; wheat=0; wood=4; unknown=0; knights=0; dev-cards=0	roads=[122,36; 36,37]	anyone more?	 	 
155	02:38:06:645	raefbrisbin	clay=1; ore=5; sheep=0; wheat=0; wood=4; unknown=0; knights=0; dev-cards=0	roads=[122,36; 36,37]	any more?	 	 
156	02:38:19:235	gramos	clay=2; ore=1; sheep=2; wheat=1; wood=0; unknown=0; knights=0; dev-cards=0	roads=[100,70; 70,71]; settlements=[116,86; 86,88]	we can do the same again	 	 
157	02:38:20:168	raefbrisbin	clay=1; ore=5; sheep=0; wheat=0; wood=4; unknown=0; knights=0; dev-cards=0	roads=[122,36; 36,37]	looking for a sheep?	 	 
158	02:38:30:397	Server	 		raefbrisbin made an offer to trade 1 ore for 1 sheep.	 	 
159	02:38:30:453	gramos	clay=2; ore=1; sheep=2; wheat=1; wood=0; unknown=0; knights=0; dev-cards=0	roads=[100,70; 70,71]; settlements=[116,86; 86,88]	ore for brick/clay	 	 
160	02:38:36:980	Server	 		raefbrisbin traded 1 ore for 1 sheep from gramos.	 	 
161	02:38:38:106	raefbrisbin	clay=1; ore=4; sheep=1; wheat=0; wood=4; unknown=0; knights=0; dev-cards=0	roads=[122,36; 36,37]	sorry& that;s for sheep	 	 
162	02:38:44:947	gramos	clay=2; ore=2; sheep=1; wheat=1; wood=0; unknown=0; knights=0; dev-cards=0	roads=[100,70; 70,71]; settlements=[116,86; 86,88]	t's good	 	 
163	02:38:48:631	raefbrisbin	clay=1; ore=4; sheep=1; wheat=0; wood=4; unknown=0; knights=0; dev-cards=0	roads=[122,36; 36,37]	k	 	 
164	02:39:06:151	Ghettoette	clay=0; ore=0; sheep=0; wheat=0; wood=0; unknown=0; knights=0; dev-cards=0	roads=[171,133; 133,188]; settlements=[171,150; 150,205]	so catanstrophe, gramos, and who else has won a game so far?	 	 
165	02:39:13:808	Server	 		raefbrisbin built a road.	 
166	02:39:23:901	Server	 		gramos rolled a 4 and a 6.	 	 
167	02:39:23:903	Server	 		Ghettoette gets 1 wood. catanstrophe gets 1 sheep. raefbrisbin gets 2 wood. gramos gets 1 sheep.	 	 
168	02:39:39:831	Server	 		Ghettoette rolled a 6 and a 1.	 	 
169	02:39:58:836	gramos	clay=2; ore=1; sheep=1; wheat=0; wood=0; unknown=0; knights=0; dev-cards=1	roads=[100,70; 70,71]; settlements=[116,86; 86,88]	I'm 1 for 2	 	 

170	02:40:46:622	Server	 		catanstrophe rolled a 2 and a 2.	 	 
171	02:40:46:624	Server	 		Ghettoette gets 1 wheat. catanstrophe gets 2 wheat. raefbrisbin gets 1 wheat. gramos gets 1 wheat.	 	 
172	02:40:54:998	catanstrophe	clay=0; ore=2; sheep=2; wheat=2; wood=0; unknown=0; knights=0; dev-cards=0	roads=[67,184]	anyone have ore?	 	 
173	02:41:01:373	raefbrisbin	clay=0; ore=3; sheep=1; wheat=1; wood=0; unknown=0; knights=0; dev-cards=0	roads=[122,36; 36,37; 37,38]	ya	 	 
174	02:41:08:165	catanstrophe	clay=0; ore=2; sheep=2; wheat=2; wood=0; unknown=0; knights=0; dev-cards=0	roads=[67,184]	i'll give youa sheep	 	 
175	02:41:15:034	raefbrisbin	clay=0; ore=3; sheep=1; wheat=1; wood=0; unknown=0; knights=0; dev-cards=0	roads=[122,36; 36,37; 37,38]	need only wood/clay	 	 
176	02:41:19:317	catanstrophe	clay=0; ore=2; sheep=2; wheat=2; wood=0; unknown=0; knights=0; dev-cards=0	roads=[67,184]	darn	 	 
177	02:41:26:244	catanstrophe	clay=0; ore=2; sheep=2; wheat=2; wood=0; unknown=0; knights=0; dev-cards=0	roads=[67,184]	two sheep?	 	 
178	02:41:34:307	raefbrisbin	clay=0; ore=3; sheep=1; wheat=1; wood=0; unknown=0; knights=0; dev-cards=0	roads=[122,36; 36,37; 37,38]	no help& sorry	 	 
179	02:41:42:207	catanstrophe	clay=0; ore=2; sheep=2; wheat=2; wood=0; unknown=0; knights=0; dev-cards=0	roads=[67,184]	does anyne have clay?	 	 
180	02:41:51:540	gramos	clay=2; ore=1; sheep=1; wheat=1; wood=0; unknown=0; knights=0; dev-cards=1	roads=[100,70; 70,71]; settlements=[116,86; 86,88]	I have one I can trade	 	 
181	02:41:57:579	catanstrophe	clay=0; ore=2; sheep=2; wheat=2; wood=0; unknown=0; knights=0; dev-cards=0	roads=[67,184]	what do ypu want?	 	 
182	02:42:04:944	gramos	clay=2; ore=1; sheep=1; wheat=1; wood=0; unknown=0; knights=0; dev-cards=1	roads=[100,70; 70,71]; settlements=[116,86; 86,88]	wood would be great,& else ore	 	 
183	02:42:09:905	catanstrophe	clay=0; ore=2; sheep=2; wheat=2; wood=0; unknown=0; knights=0; dev-cards=0	roads=[67,184]	ugh& dont have it	 	 
184	02:42:13:354	catanstrophe	clay=0; ore=2; sheep=2; wheat=2; wood=0; unknown=0; knights=0; dev-cards=0	roads=[67,184]	anything else?	 	 
185	02:42:20:771	gramos	clay=2; ore=1; sheep=1; wheat=1; wood=0; unknown=0; knights=0; dev-cards=1	roads=[100,70; 70,71]; settlements=[116,86; 86,88]	no& sorry	 	 
186	02:42:32:127	Server	 		raefbrisbin rolled a 1 and a 5.	 	 
187	02:42:32:128	Server	 		catanstrophe gets 2 wheat. raefbrisbin gets 2 ore.	 	 
188	02:42:42:831	raefbrisbin	clay=0; ore=5; sheep=1; wheat=1; wood=0; unknown=0; knights=0; dev-cards=0	roads=[122,36; 36,37; 37,38]	ore for any wood/clay?	 	 
189	02:42:50:423	gramos	clay=2; ore=1; sheep=1; wheat=1; wood=0; unknown=0; knights=0; dev-cards=1	roads=[100,70; 70,71]; settlements=[116,86; 86,88]	I have a clay for you raef	 	 
190	02:42:56:794	raefbrisbin	clay=0; ore=5; sheep=1; wheat=1; wood=0; unknown=0; knights=0; dev-cards=0	roads=[122,36; 36,37; 37,38]	k	 	 
191	02:43:09:070	Server	 		raefbrisbin made an offer to trade 1 ore for 1 clay.	 	 
192	02:43:10:624	Server	 		raefbrisbin traded 1 ore for 1 clay from gramos.	 	 
193	02:43:28:578	Server	 		raefbrisbin traded 4 ore for 1 wood from the bank.	 	 
194	02:43:33:887	Server	 		raefbrisbin built a settlement.	 	 
195	02:43:40:560	Server	 		gramos rolled a 4 and a 6.	 	 
196	02:43:40:562	Server	 		Ghettoette gets 1 wood. catanstrophe gets 1 sheep. raefbrisbin gets 2 wood. gramos gets 1 sheep.	 	 
197	02:43:57:593	Server	 		Ghettoette rolled a 1 and a 5.	 	 
198	02:43:57:595	Server	 		catanstrophe gets 2 wheat. raefbrisbin gets 2 ore.	 	 
199	02:44:14:830	Server	 		catanstrophe rolled a 1 and a 3.	 	 
200	02:44:14:831	Server	 		Ghettoette gets 1 wheat. catanstrophe gets 2 wheat. raefbrisbin gets 1 wheat. gramos gets 1 wheat.	 	 
201	02:44:36:172	raefbrisbin	clay=0; ore=1; sheep=0; wheat=1; wood=2; unknown=0; knights=0; dev-cards=0	roads=[122,36; 36,37; 37,38]; settlements=[52,39]	t	 	 
202	02:44:40:806	catanstrophe	clay=0; ore=2; sheep=2; wheat=7; wood=0; unknown=0; knights=1; dev-cards=0	roads=[67,184]	anyone have ore?	 	 
203	02:44:47:741	raefbrisbin	clay=0; ore=1; sheep=0; wheat=1; wood=2; unknown=0; knights=0; dev-cards=0	roads=[122,36; 36,37; 37,38]; settlements=[52,39]	yup	 	 
204	02:44:55:835	raefbrisbin	clay=0; ore=1; sheep=0; wheat=1; wood=2; unknown=0; knights=0; dev-cards=0	roads=[122,36; 36,37; 37,38]; settlements=[52,39]	just 1	 	 
205	02:44:57:638	catanstrophe	clay=0; ore=2; sheep=2; wheat=7; wood=0; unknown=0; knights=1; dev-cards=0	roads=[67,184]	i'll give you a sheep or wheat?	 	 
206	02:45:01:946	raefbrisbin	clay=0; ore=1; sheep=0; wheat=1; wood=2; unknown=0; knights=0; dev-cards=0	roads=[122,36; 36,37; 37,38]; settlements=[52,39]	sheep	 	 
207	02:45:25:094	Server	 		catanstrophe made an offer to trade 1 sheep for 1 ore.	 	 
208	02:45:35:982	Server	 		catanstrophe traded 1 sheep for 1 ore from raefbrisbin.	 	 
209	02:45:49:534	Server	 		catanstrophe built a city.	 	 
210	02:46:17:053	Server	 		catanstrophe traded 4 wheat for 1 ore from the bank.	 	 
211	02:46:27:487	Server	 		raefbrisbin rolled a 2 and a 1.	 	 
212	02:46:27:490	Server	 		catanstrophe gets 2 ore. gramos gets 2 clay.	 	 
213	02:46:43:417	Server	 		gramos rolled a 6 and a 6.	 	 
214	02:46:43:418	Server	 		gramos gets 1 sheep.	 	 
215	02:46:53:208	gramos	clay=3; ore=1; sheep=2; wheat=1; wood=0; unknown=0; knights=0; dev-cards=2	roads=[100,70; 70,71]; settlements=[116,86; 86,88]	does anyone have wood they can spare	 	 
216	02:46:54:368	catanstrophe	clay=0; ore=2; sheep=0; wheat=0; wood=0; unknown=0; knights=1; dev-cards=1	roads=[67,184]; cities=[184,84]	that's really impressive (sheep)	 	 
217	02:46:59:561	Ghettoette	clay=0; ore=1; sheep=0; wheat=2; wood=2; unknown=0; knights=0; dev-cards=0	roads=[171,133; 133,188]; settlements=[171,150; 150,205]	yes	 	 
218	02:47:06:769	Ghettoette	clay=0; ore=1; sheep=0; wheat=2; wood=2; unknown=0; knights=0; dev-cards=0	roads=[171,133; 133,188]; settlements=[171,150; 150,205]	for a sheep& or brick	 	 
219	02:47:06:945	gramos	clay=3; ore=1; sheep=2; wheat=1; wood=0; unknown=0; knights=0; dev-cards=2	roads=[100,70; 70,71]; settlements=[116,86; 86,88]	I can offer brick....	 	 
220	02:47:12:175	Ghettoette	clay=0; ore=1; sheep=0; wheat=2; wood=2; unknown=0; knights=0; dev-cards=0	roads=[171,133; 133,188]; settlements=[171,150; 150,205]	ok	 	 
221	02:47:15:669	gramos	clay=3; ore=1; sheep=2; wheat=1; wood=0; unknown=0; knights=0; dev-cards=2	roads=[100,70; 70,71]; settlements=[116,86; 86,88]	take your pick,& sheep or brick	 	 
222	02:47:15:734	raefbrisbin	clay=0; ore=0; sheep=1; wheat=1; wood=2; unknown=0; knights=0; dev-cards=0	roads=[122,36; 36,37; 37,38]; settlements=[52,39]	i have a wood	 	 
223	02:47:25:466	raefbrisbin	clay=0; ore=0; sheep=1; wheat=1; wood=2; unknown=0; knights=0; dev-cards=0	roads=[122,36; 36,37; 37,38]; settlements=[52,39]	brick& if in it	 	 
224	02:47:34:394	gramos	clay=3; ore=1; sheep=2; wheat=1; wood=0; unknown=0; knights=0; dev-cards=2	roads=[100,70; 70,71]; settlements=[116,86; 86,88]	I will trade with both!& sheep for ghettoette, brick for raef	 	 
225	02:47:49:942	Ghettoette	clay=0; ore=1; sheep=0; wheat=2; wood=2; unknown=0; knights=0; dev-cards=0	roads=[171,133; 133,188]; settlements=[171,150; 150,205]	ok	 	 
226	02:47:52:824	raefbrisbin	clay=0; ore=0; sheep=1; wheat=1; wood=2; unknown=0; knights=0; dev-cards=0	roads=[122,36; 36,37; 37,38]; settlements=[52,39]	k	 	 
227	02:48:16:492	Server	 		gramos made an offer to trade 1 sheep for 1 wood.	 	 
228	02:48:22:362	Server	 		gramos traded 1 sheep for 1 wood from Ghettoette.
229	02:48:28:355	gramos	clay=3; ore=1; sheep=1; wheat=1; wood=1; unknown=0; knights=0; dev-cards=2	roads=[100,70; 70,71]; settlements=[116,86; 86,88]	hope I did that right	 	 
230	02:48:53:241	Server	 		gramos made an offer to trade 1 sheep for 1 wood.	 	 
231	02:49:13:792	gramos	clay=3; ore=1; sheep=1; wheat=1; wood=1; unknown=0; knights=0; dev-cards=2	roads=[100,70; 70,71]; settlements=[116,86; 86,88]	ah, you were quick <& i was slow.& next raef...	 	 
232	02:49:25:692	Server	 		gramos made an offer to trade 1 clay for 1 wood.	 	 
233	02:49:30:419	Server	 		gramos traded 1 clay for 1 wood from raefbrisbin.	 	 
234	02:49:49:953	Server	 		gramos built a road.	 	 
235	02:50:04:811	Server	 		gramos built a road.	 	 
	 	 
236	02:50:10:062	Server	 		Ghettoette rolled a 1 and a 4.	 	 
237	02:50:10:064	Server	 		Ghettoette gets 1 sheep. gramos gets 1 ore.	 	 
238	02:50:32:399	Server	 		catanstrophe rolled a 3 and a 6.	 	 
239	02:50:32:400	Server	 		Ghettoette gets 1 wheat. raefbrisbin gets 2 wood. gramos gets 1 wheat.	 	 
240	02:50:49:653	Server	 		raefbrisbin rolled a 4 and a 2.	 	 
241	02:50:49:654	Server	 		catanstrophe gets 2 wheat.	 	 
242	02:50:57:514	Server	 		raefbrisbin built a road.	 	 
243	02:51:05:524	Server	 		gramos rolled a 3 and a 6.	 	 
244	02:51:05:526	Server	 		Ghettoette gets 1 wheat. raefbrisbin gets 2 wood. gramos gets 1 wheat.	 	 
245	02:51:28:699	Server	 		Ghettoette rolled a 1 and a 6.	 	 
246	02:52:10:981	raefbrisbin	clay=0; ore=0; sheep=1; wheat=1; wood=4; unknown=0; knights=0; dev-cards=0	roads=[122,36; 36,37; 37,38; 38,106]; settlements=[52,39]	gotta be the 8	 	 
247	02:52:22:938	raefbrisbin	clay=0; ore=0; sheep=1; wheat=1; wood=4; unknown=0; knights=0; dev-cards=0	roads=[122,36; 36,37; 37,38; 38,106]; settlements=[52,39]	meant wood	 	 
248	02:52:46:433	Ghettoette	clay=0; ore=0; sheep=1; wheat=3; wood=1; unknown=0; knights=0; dev-cards=0	roads=[171,133; 133,188]; settlements=[171,150; 150,205]	think the 6 has been rolled more!	 	 
249	02:52:58:657	Ghettoette	clay=0; ore=0; sheep=1; wheat=3; wood=1; unknown=0; knights=0; dev-cards=0	roads=[171,133; 133,188]; settlements=[171,150; 150,205]	anyone want to give a brick for wheat?	 	 
250	02:53:07:291	raefbrisbin	clay=0; ore=0; sheep=1; wheat=1; wood=4; unknown=0; knights=0; dev-cards=0	roads=[122,36; 36,37; 37,38; 38,106]; settlements=[52,39]	o brickn	 	 
251	02:53:09:741	raefbrisbin	clay=0; ore=0; sheep=1; wheat=1; wood=4; unknown=0; knights=0; dev-cards=0	roads=[122,36; 36,37; 37,38; 38,106]; settlements=[52,39]	no	 	 
252	02:53:19:670	raefbrisbin	clay=0; ore=0; sheep=1; wheat=1; wood=4; unknown=0; knights=0; dev-cards=0	roads=[122,36; 36,37; 37,38; 38,106]; settlements=[52,39]	that was a weird blip	 	 
253	02:53:19:817	Server	 		Ghettoette traded 3 wheat for 1 clay from a port.	 	 
254	02:53:28:042	Server	 		Ghettoette built a road.	 	 
255	02:53:33:007	raefbrisbin	clay=0; ore=0; sheep=1; wheat=1; wood=4; unknown=0; knights=0; dev-cards=0	roads=[122,36; 36,37; 37,38; 38,106]; settlements=[52,39]	made my first key last	 	 
256	02:54:15:555	Server	 		catanstrophe rolled a 4 and a 4.	 	 
257	02:54:15:556	Server	 		Ghettoette gets 2 clay. catanstrophe gets 2 wood. raefbrisbin gets 1 wood.	 	 
258	02:54:24:552	catanstrophe	clay=0; ore=3; sheep=0; wheat=1; wood=2; unknown=0; knights=2; dev-cards=0	roads=[67,184]; cities=[184,84]	anyne have brick?	 	 
259	02:54:33:360	gramos	clay=0; ore=0; sheep=0; wheat=2; wood=0; unknown=0; knights=0; dev-cards=3	roads=[100,70; 70,71; 71,101; 101,86]; settlements=[116,86; 86,88]	none left	 	 
260	02:54:41:889	raefbrisbin	clay=0; ore=0; sheep=1; wheat=1; wood=5; unknown=0; knights=0; dev-cards=0	roads=[122,36; 36,37; 37,38; 38,106]; settlements=[52,39]	just ghetto...	 	 
261	02:54:43:769	Ghettoette	clay=2; ore=0; sheep=1; wheat=0; wood=0; unknown=0; knights=0; dev-cards=0	roads=[171,133; 133,188; 188,132]; settlements=[171,150; 150,205]	for?	 	 
262	02:54:48:922	catanstrophe	clay=0; ore=3; sheep=0; wheat=1; wood=2; unknown=0; knights=2; dev-cards=0	roads=[67,184]; cities=[184,84]	ore	 	 
263	02:54:56:225	Ghettoette	clay=2; ore=0; sheep=1; wheat=0; wood=0; unknown=0; knights=0; dev-cards=0	roads=[171,133; 133,188; 188,132]; settlements=[171,150; 150,205]	2?	 	 
264	02:54:59:506	catanstrophe	clay=0; ore=3; sheep=0; wheat=1; wood=2; unknown=0; knights=2; dev-cards=0	roads=[67,184]; cities=[184,84]	1:1	 	 
265	02:55:03:251	raefbrisbin	clay=0; ore=0; sheep=1; wheat=1; wood=5; unknown=0; knights=0; dev-cards=0	roads=[122,36; 36,37; 37,38; 38,106]; settlements=[52,39]	dev cards	 	 
266	02:55:18:497	Ghettoette	clay=2; ore=0; sheep=1; wheat=0; wood=0; unknown=0; knights=0; dev-cards=0	roads=[171,133; 133,188; 188,132]; settlements=[171,150; 150,205]	no thanks	 	 
267	02:55:26:998	gramos	clay=0; ore=0; sheep=0; wheat=2; wood=0; unknown=0; knights=0; dev-cards=3	roads=[100,70; 70,71; 71,101; 101,86]; settlements=[116,86; 86,88]	hardball	 	 
268	02:55:41:342	catanstrophe	clay=0; ore=3; sheep=0; wheat=1; wood=2; unknown=0; knights=2; dev-cards=0	roads=[67,184]; cities=[184,84]	anyone have sheep	 	 
269	02:55:52:084	gramos	clay=0; ore=0; sheep=0; wheat=2; wood=0; unknown=0; knights=0; dev-cards=3	roads=[100,70; 70,71; 71,101; 101,86]; settlements=[116,86; 86,88]	I'm cleaned out	 	 
270	02:56:21:606	Server	 		raefbrisbin rolled a 5 and a 4.	 	 
271	02:56:21:607	Server	 		raefbrisbin gets 2 wood.	 	 
272	02:56:34:348	Server	 		raefbrisbin traded 2 wood for 1 clay from a port.	 	 
273	02:56:38:163	Server	 		raefbrisbin built a settlement.	 	 
274	02:56:51:447	Server	 		gramos rolled a 6 and a 4.	 	 
275	02:56:51:449	Server	 		Ghettoette gets 1 wood. catanstrophe gets 2 sheep. raefbrisbin gets 2 wood. gramos gets 1 sheep.	 	 
276	02:57:34:778	gramos	clay=0; ore=0; sheep=1; wheat=2; wood=1; unknown=0; knights=1; dev-cards=2	roads=[100,70; 70,71; 71,101; 101,86]; settlements=[116,86; 86,88]	strange,& I moved the robber& and didn't get to steal anything....?	 	 
277	02:57:55:647	Ghettoette	clay=2; ore=0; sheep=1; wheat=0; wood=1; unknown=0; knights=0; dev-cards=0	roads=[171,133; 133,188; 188,132]; settlements=[171,150; 150,205]	that's weird	 	 
278	02:57:56:974	raefbrisbin	clay=0; ore=0; sheep=0; wheat=0; wood=5; unknown=0; knights=0; dev-cards=0	roads=[122,36; 36,37; 37,38; 38,106]; settlements=[52,39; 39,107]	you stole a wood	 	 
279	02:58:00:287	raefbrisbin	clay=0; ore=0; sheep=0; wheat=0; wood=5; unknown=0; knights=0; dev-cards=0	roads=[122,36; 36,37; 37,38; 38,106]; settlements=[52,39; 39,107]	from me	 	 
280	02:58:07:447	raefbrisbin	clay=0; ore=0; sheep=0; wheat=0; wood=5; unknown=0; knights=0; dev-cards=0	roads=[122,36; 36,37; 37,38; 38,106]; settlements=[52,39; 39,107]	I lost it	 	 
281	02:58:09:481	gramos	clay=0; ore=0; sheep=1; wheat=2; wood=1; unknown=0; knights=1; dev-cards=2	roads=[100,70; 70,71; 71,101; 101,86]; settlements=[116,86; 86,88]	oh,& it did it automatically	 	 
282	02:58:16:075	gramos	clay=0; ore=0; sheep=1; wheat=2; wood=1; unknown=0; knights=1; dev-cards=2	roads=[100,70; 70,71; 71,101; 101,86]; settlements=[116,86; 86,88]	yeah,& ok,& I see it.	 	 
283	02:58:20:445	raefbrisbin	clay=0; ore=0; sheep=0; wheat=0; wood=5; unknown=0; knights=0; dev-cards=0	roads=[122,36; 36,37; 37,38; 38,106]; settlements=[52,39; 39,107]	sorry for the give away	 	 
284	02:58:21:368	Server	 		Ghettoette rolled a 4 and a 6.	 	 
285	02:58:21:370	Server	 		Ghettoette gets 1 wood. catanstrophe gets 2 sheep. raefbrisbin gets 2 wood. gramos gets 1 sheep.	 	 
286	02:58:32:725	gramos	clay=0; ore=0; sheep=2; wheat=2; wood=1; unknown=0; knights=1; dev-cards=2	roads=[100,70; 70,71; 71,101; 101,86]; settlements=[116,86; 86,88]	no& it's much appreciated& thanks.	 	 
287	02:58:34:705	gramos	clay=0; ore=0; sheep=2; wheat=2; wood=1; unknown=0; knights=1; dev-cards=2	roads=[100,70; 70,71; 71,101; 101,86]; settlements=[116,86; 86,88]	:)	 	 
288	02:58:55:967	Ghettoette	clay=2; ore=0; sheep=1; wheat=0; wood=2; unknown=0; knights=0; dev-cards=0	roads=[171,133; 133,188; 188,132]; settlements=[171,150; 150,205]	anyone want a wood or brick for a wheat?	 	 
289	02:59:04:500	catanstrophe	clay=0; ore=3; sheep=4; wheat=1; wood=2; unknown=0; knights=2; dev-cards=0	roads=[67,184]; cities=[184,84]	yes	 	 
290	02:59:07:743	Ghettoette	clay=2; ore=0; sheep=1; wheat=0; wood=2; unknown=0; knights=0; dev-cards=0	roads=[171,133; 133,188; 188,132]; settlements=[171,150; 150,205]	ok	 	 
291	02:59:11:950	Ghettoette	clay=2; ore=0; sheep=1; wheat=0; wood=2; unknown=0; knights=0; dev-cards=0	roads=[171,133; 133,188; 188,132]; settlements=[171,150; 150,205]	which?	 	 
292	02:59:12:808	catanstrophe	clay=0; ore=3; sheep=4; wheat=1; wood=2; unknown=0; knights=2; dev-cards=0	roads=[67,184]; cities=[184,84]	i'll give a wheat for a brick	 	 
293	02:59:16:191	Ghettoette	clay=2; ore=0; sheep=1; wheat=0; wood=2; unknown=0; knights=0; dev-cards=0	roads=[171,133; 133,188; 188,132]; settlements=[171,150; 150,205]	ok	 	 
294	02:59:31:851	Server	 		Ghettoette made an offer to trade 1 clay for 1 wheat.	 	 
295	02:59:36:048	Server	 		Ghettoette traded 1 clay for 1 wheat from catanstrophe.	 	 
296	02:59:43:902	Server	 		Ghettoette built a settlement.	 	 
297	02:59:51:880	Server	 		catanstrophe rolled a 6 and a 1.	 	 
298	03:00:06:168	raefbrisbin	clay=0; ore=0; sheep=0; wheat=0; wood=7; unknown=0; knights=0; dev-cards=0	roads=[122,36; 36,37; 37,38; 38,106]; settlements=[52,39; 39,107]	I have 7 wood	 	 
299	03:00:11:420	raefbrisbin	clay=0; ore=0; sheep=0; wheat=0; wood=7; unknown=0; knights=0; dev-cards=0	roads=[122,36; 36,37; 37,38; 38,106]; settlements=[52,39; 39,107]	if you're wondering	 	 
300	03:00:28:928	gramos	clay=0; ore=0; sheep=2; wheat=2; wood=1; unknown=0; knights=1; dev-cards=2	roads=[100,70; 70,71; 71,101; 101,86]; settlements=[116,86; 86,88]	that's so awesome.& really useful.	 	 
301	03:00:51:941	catanstrophe	clay=1; ore=1; sheep=1; wheat=0; wood=2; unknown=0; knights=2; dev-cards=0	roads=[67,184]; cities=[184,84]	does anone have clay or wheat?	 	 
302	03:01:04:580	gramos	clay=0; ore=0; sheep=2; wheat=2; wood=1; unknown=0; knights=1; dev-cards=2	roads=[100,70; 70,71; 71,101; 101,86]; settlements=[116,86; 86,88]	I can give a wheat for ore or umm, clay	 	 
303	03:01:26:583	catanstrophe	clay=1; ore=1; sheep=1; wheat=0; wood=2; unknown=0; knights=2; dev-cards=0	roads=[67,184]; cities=[184,84]	i can give a wood for the wheat	 	 
304	03:01:40:314	gramos	clay=0; ore=0; sheep=2; wheat=2; wood=1; unknown=0; knights=1; dev-cards=2	roads=[100,70; 70,71; 71,101; 101,86]; settlements=[116,86; 86,88]	ok I'll tak eit	 	 
305	03:01:57:509	catanstrophe	clay=1; ore=1; sheep=1; wheat=0; wood=2; unknown=0; knights=2; dev-cards=0	roads=[67,184]; cities=[184,84]	oh shoot& i need to mov the roober	 	 
306	03:02:16:485	catanstrophe	clay=1; ore=1; sheep=1; wheat=0; wood=3; unknown=0; knights=2; dev-cards=0	roads=[67,184]; cities=[184,84]	sorry to do this again	 	 
307	03:02:30:090	Server	 		catanstrophe made an offer to trade 1 wood for 1 wheat.	 	 
308	03:02:33:532	Server	 		catanstrophe traded 1 wood for 1 wheat from gramos.	 	 
309	03:02:53:254	Server	 		catanstrophe built a road.	 	 
310	03:03:01:990	Server	 		raefbrisbin rolled a 5 and a 6.	 	 
311	03:03:01:992	Server	 		catanstrophe gets 2 wood. raefbrisbin gets 1 sheep. gramos gets 1 sheep, 1 wood.	 	 
312	03:03:29:084	Server	 		raefbrisbin traded 2 wood for 1 clay from a port.	 	 
313	03:03:32:878	Server	 		raefbrisbin built a road.	 	 
314	03:03:42:307	Server	 		gramos rolled a 4 and a 4.	 	 
315	03:03:42:309	Server	 		Ghettoette gets 2 clay. catanstrophe gets 2 wood. raefbrisbin gets 1 wood.	 	 
316	03:03:58:805	gramos	clay=0; ore=0; sheep=3; wheat=1; wood=3; unknown=0; knights=1; dev-cards=2	roads=[100,70; 70,71; 71,101; 101,86]; settlements=[116,86; 86,88]	can anyone spare a brikc?	 	 
317	03:04:06:744	Ghettoette	clay=2; ore=0; sheep=0; wheat=0; wood=1; unknown=0; knights=0; dev-cards=0	roads=[171,133; 133,188; 188,132]; settlements=[171,150; 150,205; 205,148]	for ore?	 	 
318	03:04:08:590	raefbrisbin	clay=0; ore=0; sheep=1; wheat=0; wood=4; unknown=0; knights=0; dev-cards=0	roads=[122,36; 36,37; 37,38; 38,106; 106,39]; settlements=[52,39; 39,107]	sorry	 	 
319	03:04:14:513	gramos	clay=0; ore=0; sheep=3; wheat=1; wood=3; unknown=0; knights=1; dev-cards=2	roads=[100,70; 70,71; 71,101; 101,86]; settlements=[116,86; 86,88]	I have none.& I can offer sheep or wood	 	 
320	03:04:32:441	Ghettoette	clay=2; ore=0; sheep=0; wheat=0; wood=1; unknown=0; knights=0; dev-cards=0	roads=[171,133; 133,188; 188,132]; settlements=[171,150; 150,205; 205,148]	sorry	 	 
321	03:04:34:885	gramos	clay=0; ore=0; sheep=3; wheat=1; wood=3; unknown=0; knights=1; dev-cards=2	roads=[100,70; 70,71; 71,101; 101,86]; settlements=[116,86; 86,88]	ok	 	 
322	03:04:41:755	Server	 		Ghettoette rolled a 3 and a 5.	 	 
323	03:04:41:757	Server	 		Ghettoette gets 2 clay. catanstrophe gets 2 wood. raefbrisbin gets 1 wood.	 	 
324	03:04:57:229	catanstrophe	clay=0; ore=0; sheep=0; wheat=0; wood=7; unknown=0; knights=2; dev-cards=1	roads=[67,184; 184,201]; cities=[184,84]	ghettoette - i can give wood for brick	 	 
325	03:05:11:991	raefbrisbin	clay=0; ore=0; sheep=1; wheat=0; wood=5; unknown=0; knights=0; dev-cards=0	roads=[122,36; 36,37; 37,38; 38,106; 106,39]; settlements=[52,39; 39,107]	i have wood to offer	 	 
326	03:05:15:835	Ghettoette	clay=4; ore=0; sheep=0; wheat=0; wood=1; unknown=0; knights=0; dev-cards=0	roads=[171,133; 133,188; 188,132]; settlements=[171,150; 150,205; 205,148]	ok	 	 
327	03:05:24:650	catanstrophe	clay=0; ore=0; sheep=0; wheat=0; wood=7; unknown=0; knights=2; dev-cards=1	roads=[67,184; 184,201]; cities=[184,84]	2 wood for 2 brick?	 	 
328	03:05:28:343	Server	 		Ghettoette made an offer to trade 1 clay for 1 sheep.	 	 
329	03:05:46:299	catanstrophe	clay=0; ore=0; sheep=0; wheat=0; wood=7; unknown=0; knights=2; dev-cards=1	roads=[67,184; 184,201]; cities=[184,84]	it said sheep	 	 
330	03:05:53:355	Ghettoette	clay=4; ore=0; sheep=0; wheat=0; wood=1; unknown=0; knights=0; dev-cards=0	roads=[171,133; 133,188; 188,132]; settlements=[171,150; 150,205; 205,148]	oh woops	 	 
331	03:05:58:781	catanstrophe	clay=0; ore=0; sheep=0; wheat=0; wood=7; unknown=0; knights=2; dev-cards=1	roads=[67,184; 184,201]; cities=[184,84]	but want to do 2 for 2?	 	 
332	03:06:16:314	Ghettoette	clay=4; ore=0; sheep=0; wheat=0; wood=1; unknown=0; knights=0; dev-cards=0	roads=[171,133; 133,188; 188,132]; settlements=[171,150; 150,205; 205,148]	i don't think i need 2	 	 
333	03:06:20:851	Server	 		Ghettoette made an offer to trade 1 clay for 1 wood.	 	 
334	03:06:20:893	catanstrophe	clay=0; ore=0; sheep=0; wheat=0; wood=7; unknown=0; knights=2; dev-cards=1	roads=[67,184; 184,201]; cities=[184,84]	ok 1:1 is fine	 	 
335	03:06:23:966	Server	 		Ghettoette traded 1 clay for 1 wood from catanstrophe.	 	 
336	03:06:38:157	gramos	clay=0; ore=0; sheep=3; wheat=1; wood=3; unknown=0; knights=1; dev-cards=2	roads=[100,70; 70,71; 71,101; 101,86]; settlements=[116,86; 86,88]	I'd love clay, too.& I can give sheep or wheat...	 	 
337	03:06:41:500	Server	 		Ghettoette built a road.	 	 
338	03:06:49:091	Ghettoette	clay=2; ore=0; sheep=0; wheat=0; wood=1; unknown=0; knights=0; dev-cards=0	roads=[171,133; 133,188; 188,132; 132,172]; settlements=[171,150; 150,205; 205,148]	both?	 	 
339	03:07:04:934	gramos	clay=0; ore=0; sheep=3; wheat=1; wood=3; unknown=0; knights=1; dev-cards=2	roads=[100,70; 70,71; 71,101; 101,86]; settlements=[116,86; 86,88]	hmmm...well,& 1 sheep and 1 wheat, perhaps?	 	 
340	03:07:09:119	gramos	clay=0; ore=0; sheep=3; wheat=1; wood=3; unknown=0; knights=1; dev-cards=2	roads=[100,70; 70,71; 71,101; 101,86]; settlements=[116,86; 86,88]	for your 1 clay?	 	 
341	03:07:14:395	Ghettoette	clay=2; ore=0; sheep=0; wheat=0; wood=1; unknown=0; knights=0; dev-cards=0	roads=[171,133; 133,188; 188,132; 132,172]; settlements=[171,150; 150,205; 205,148]	sure	 	 
342	03:07:27:013	Server	 		Ghettoette made an offer to trade 1 clay for 1 sheep, 1 wheat.	 	 
343	03:07:29:942	Server	 		Ghettoette traded 1 clay for 1 sheep, 1 wheat from gramos.	 	 
344	03:07:40:240	Server	 		Ghettoette built a settlement.	 	 
345	03:07:48:258	Server	 		catanstrophe rolled a 4 and a 2.	 	 
346	03:07:48:260	Server	 		catanstrophe gets 2 wheat. raefbrisbin gets 2 ore.	 	 
347	03:08:03:483	catanstrophe	clay=1; ore=0; sheep=0; wheat=2; wood=6; unknown=0; knights=2; dev-cards=1	roads=[67,184; 184,201]; cities=[184,84]	anyone have brick?	 	 
348	03:08:10:026	gramos	clay=1; ore=0; sheep=2; wheat=0; wood=3; unknown=0; knights=1; dev-cards=2	roads=[100,70; 70,71; 71,101; 101,86]; settlements=[116,86; 86,88]	never gonna give it up	 	 
349	03:08:16:792	catanstrophe	clay=1; ore=0; sheep=0; wheat=2; wood=6; unknown=0; knights=2; dev-cards=1	roads=[67,184; 184,201]; cities=[184,84]	2 wood?	 	 
350	03:08:19:821	Ghettoette	clay=0; ore=0; sheep=0; wheat=0; wood=0; unknown=0; knights=0; dev-cards=0	roads=[171,133; 133,188; 188,132; 132,172]; settlements=[171,150; 150,205; 205,148; 148,173]	nope	 	 
351	03:08:28:052	catanstrophe	clay=1; ore=0; sheep=0; wheat=2; wood=6; unknown=0; knights=2; dev-cards=1	roads=[67,184; 184,201]; cities=[184,84]	ok	 	 
352	03:08:47:981	catanstrophe	clay=1; ore=0; sheep=0; wheat=2; wood=6; unknown=0; knights=2; dev-cards=1	roads=[67,184; 184,201]; cities=[184,84]	i'll trade 1 wood for a sheep	 	 
353	03:08:54:817	catanstrophe	clay=1; ore=0; sheep=0; wheat=2; wood=6; unknown=0; knights=2; dev-cards=1	roads=[67,184; 184,201]; cities=[184,84]	to anyone	 	 
354	03:09:06:431	gramos	clay=1; ore=0; sheep=2; wheat=0; wood=3; unknown=0; knights=1; dev-cards=2	roads=[100,70; 70,71; 71,101; 101,86]; settlements=[116,86; 86,88]	*crickets*	 	 
355	03:09:33:760	Server	 		catanstrophe built a road.	 	 
356	03:09:49:782	Server	 		catanstrophe traded 4 wood for 1 clay from the bank.	 	 
	 
357	03:09:57:077	Server	 		raefbrisbin rolled a 1 and a 3.	 	 
358	03:09:57:079	Server	 		Ghettoette gets 1 wheat. catanstrophe gets 2 wheat. raefbrisbin gets 1 wheat. gramos gets 1 wheat.	 	 
359	03:10:19:299	raefbrisbin	clay=0; ore=2; sheep=1; wheat=1; wood=5; unknown=0; knights=0; dev-cards=0	roads=[122,36; 36,37; 37,38; 38,106; 106,39]; settlements=[52,39; 39,107]	anyone willing to give up wood or clay?	 	 
360	03:10:26:609	gramos	clay=1; ore=0; sheep=2; wheat=1; wood=3; unknown=0; knights=1; dev-cards=2	roads=[100,70; 70,71; 71,101; 101,86]; settlements=[116,86; 86,88]	I have wood to spare	 	 
361	03:10:35:630	gramos	clay=1; ore=0; sheep=2; wheat=1; wood=3; unknown=0; knights=1; dev-cards=2	roads=[100,70; 70,71; 71,101; 101,86]; settlements=[116,86; 86,88]	ore would be lovely	 	 
362	03:10:39:139	raefbrisbin	clay=0; ore=2; sheep=1; wheat=1; wood=5; unknown=0; knights=0; dev-cards=0	roads=[122,36; 36,37; 37,38; 38,106; 106,39]; settlements=[52,39; 39,107]	what would you like for 1	 	 
363	03:10:40:008	raefbrisbin	clay=0; ore=2; sheep=1; wheat=1; wood=5; unknown=0; knights=0; dev-cards=0	roads=[122,36; 36,37; 37,38; 38,106; 106,39]; settlements=[52,39; 39,107]	ok	 	 
364	03:10:41:235	gramos	clay=1; ore=0; sheep=2; wheat=1; wood=3; unknown=0; knights=1; dev-cards=2	roads=[100,70; 70,71; 71,101; 101,86]; settlements=[116,86; 86,88]	but wheat is nice too	 	 
365	03:10:44:671	gramos	clay=1; ore=0; sheep=2; wheat=1; wood=3; unknown=0; knights=1; dev-cards=2	roads=[100,70; 70,71; 71,101; 101,86]; settlements=[116,86; 86,88]	your choice	 	 
366	03:11:12:100	Server	 		raefbrisbin made an offer to trade 1 wheat for 1 wood.	 	 
367	03:11:17:514	Server	 		gramos rolled a 5 and a 2.	 
368	03:11:34:063	gramos	clay=1; ore=0; sheep=2; wheat=1; wood=3; unknown=0; knights=1; dev-cards=2	roads=[100,70; 70,71; 71,101; 101,86]; settlements=[116,86; 86,88]	uh-oh& we lost raef	 	 
369	03:12:12:190	raefbrisbin	clay=0; ore=2; sheep=1; wheat=1; wood=1; unknown=0; knights=0; dev-cards=0	roads=[122,36; 36,37; 37,38; 38,106; 106,39]; settlements=[52,39; 39,107]	that;s terrible!	 	 
370	03:12:22:839	raefbrisbin	clay=0; ore=2; sheep=1; wheat=1; wood=1; unknown=0; knights=0; dev-cards=0	roads=[122,36; 36,37; 37,38; 38,106; 106,39]; settlements=[52,39; 39,107]	trading& and could have built a city anyway	 	 
371	03:12:31:467	raefbrisbin	clay=0; ore=2; sheep=1; wheat=1; wood=1; unknown=0; knights=0; dev-cards=0	roads=[122,36; 36,37; 37,38; 38,106; 106,39]; settlements=[52,39; 39,107]	brutal	 	 
372	03:12:32:691	gramos	clay=1; ore=0; sheep=2; wheat=1; wood=3; unknown=0; knights=1; dev-cards=2	roads=[100,70; 70,71; 71,101; 101,86]; settlements=[116,86; 86,88]	well we can stlil trade& if you want	 	 
373	03:12:43:422	gramos	clay=1; ore=0; sheep=2; wheat=1; wood=3; unknown=0; knights=1; dev-cards=2	roads=[100,70; 70,71; 71,101; 101,86]; settlements=[116,86; 86,88]	what did you want to give,& wheat or ore?	 	 
374	03:12:47:157	raefbrisbin	clay=0; ore=2; sheep=1; wheat=1; wood=1; unknown=0; knights=0; dev-cards=0	roads=[122,36; 36,37; 37,38; 38,106; 106,39]; settlements=[52,39; 39,107]	I just discarded& because my cards weren't used	 	 
375	03:12:56:016	gramos	clay=1; ore=0; sheep=2; wheat=1; wood=3; unknown=0; knights=1; dev-cards=2	roads=[100,70; 70,71; 71,101; 101,86]; settlements=[116,86; 86,88]	oh, ouch.	 	 
376	03:13:07:115	raefbrisbin	clay=0; ore=2; sheep=1; wheat=1; wood=1; unknown=0; knights=0; dev-cards=0	roads=[122,36; 36,37; 37,38; 38,106; 106,39]; settlements=[52,39; 39,107]	wtf	 	 
377	03:13:27:752	Server	 		gramos built a settlement.	 	 
378	03:13:30:208	raefbrisbin	clay=0; ore=2; sheep=1; wheat=1; wood=1; unknown=0; knights=0; dev-cards=0	roads=[122,36; 36,37; 37,38; 38,106; 106,39]; settlements=[52,39; 39,107]	my internet hasn't gone down once	 	 
379	03:13:30:847	Server	 		gramos built a road.	 	 
380	03:13:38:911	gramos	clay=0; ore=0; sheep=1; wheat=0; wood=1; unknown=0; knights=1; dev-cards=2	roads=[100,70; 70,71; 71,101; 101,86; 86,102]; settlements=[116,86; 86,88; 88,118]	it's not cool	 	 
381	03:13:45:086	Server	 		Ghettoette rolled a 4 and a 1.	 	 
382	03:13:45:088	Server	 		Ghettoette gets 1 ore, 1 sheep. gramos gets 1 ore.	 	 
383	03:14:14:084	Server	 		catanstrophe rolled a 4 and a 2.	 	 
384	03:14:14:086	Server	 		catanstrophe gets 2 wheat. raefbrisbin gets 2 ore.	 	 
385	03:14:30:674	Server	 		catanstrophe traded 4 wheat for 1 clay from the bank.	 	 
386	03:14:38:433	Server	 		catanstrophe built a settlement.	 	 
387	03:14:45:065	Server	 		raefbrisbin rolled a 5 and a 5.	 	 
388	03:14:45:066	Server	 		Ghettoette gets 2 wood. catanstrophe gets 2 sheep. raefbrisbin gets 2 wood. gramos gets 1 sheep.	 	 
389	03:15:00:295	raefbrisbin	clay=0; ore=4; sheep=1; wheat=1; wood=3; unknown=0; knights=0; dev-cards=0	roads=[122,36; 36,37; 37,38; 38,106; 106,39]; settlements=[52,39; 39,107]	anyone trading clay or wood?	 	 
390	03:15:07:300	Ghettoette	clay=0; ore=1; sheep=1; wheat=1; wood=2; unknown=0; knights=0; dev-cards=0	roads=[171,133; 133,188; 188,132; 132,172]; settlements=[171,150; 150,205; 205,148; 148,173]	wood, yes	 	 
391	03:15:14:730	Ghettoette	clay=0; ore=1; sheep=1; wheat=1; wood=2; unknown=0; knights=0; dev-cards=0	roads=[171,133; 133,188; 188,132; 132,172]; settlements=[171,150; 150,205; 205,148; 148,173]	for ore	 	 
392	03:15:25:805	raefbrisbin	clay=0; ore=4; sheep=1; wheat=1; wood=3; unknown=0; knights=0; dev-cards=0	roads=[122,36; 36,37; 37,38; 38,106; 106,39]; settlements=[52,39; 39,107]	ok	 	 
393	03:15:40:633	Ghettoette	clay=0; ore=1; sheep=1; wheat=1; wood=2; unknown=0; knights=0; dev-cards=0	roads=[171,133; 133,188; 188,132; 132,172]; settlements=[171,150; 150,205; 205,148; 148,173]	can do 2:2 if you want	 	 
394	03:15:58:142	Server	 		raefbrisbin made an offer to trade 1 ore for 1 wood.	 	 
395	03:16:02:063	Server	 		raefbrisbin traded 1 ore for 1 wood from Ghettoette.	 	 
396	03:16:10:324	Server	 		raefbrisbin traded 3 ore for 1 clay from a port.	 	 
397	03:16:18:101	Server	 		raefbrisbin traded 2 wood for 1 clay from a port.	 	 
398	03:16:21:654	Server	 		raefbrisbin built a road.	 	 
399	03:16:23:396	Server	 		raefbrisbin built a road.	 	 
400	03:16:29:236	Server	 		gramos rolled a 2 and a 5.	 	 
401	03:16:54:435	gramos	clay=0; ore=1; sheep=2; wheat=0; wood=1; unknown=0; knights=1; dev-cards=2	roads=[100,70; 70,71; 71,101; 101,86; 86,102]; settlements=[116,86; 86,88; 88,118]	sorry,& catanstrophe, I didn't WANT to roll the 7...	 	 
402	03:17:14:993	gramos	clay=0; ore=1; sheep=2; wheat=0; wood=1; unknown=0; knights=1; dev-cards=2	roads=[100,70; 70,71; 71,101; 101,86; 86,102]; settlements=[116,86; 86,88; 88,118]	ok...&I can offer a wood and a sheep for 1 wheat.& Anyone?	 	 
403	03:17:34:995	Ghettoette	clay=0; ore=2; sheep=1; wheat=1; wood=1; unknown=0; knights=0; dev-cards=0	roads=[171,133; 133,188; 188,132; 132,172]; settlements=[171,150; 150,205; 205,148; 148,173]	no& thanks	 	 
404	03:17:39:539	Server	 		Ghettoette rolled a 1 and a 4.	 	 
405	03:17:39:542	Server	 		Ghettoette gets 1 ore, 1 sheep. gramos gets 1 ore.	 	 
406	03:18:01:473	Ghettoette	clay=0; ore=3; sheep=2; wheat=1; wood=1; unknown=0; knights=0; dev-cards=0	roads=[171,133; 133,188; 188,132; 132,172]; settlements=[171,150; 150,205; 205,148; 148,173]	anyone want to give me wheat for wood or sheep?	 	 
407	03:18:13:550	gramos	clay=0; ore=2; sheep=2; wheat=0; wood=1; unknown=0; knights=1; dev-cards=2	roads=[100,70; 70,71; 71,101; 101,86; 86,102]; settlements=[116,86; 86,88; 88,118]	would& if I could	 	 
408	03:18:22:886	Server	 		catanstrophe rolled a 2 and a 2.	 	 
409	03:18:22:888	Server	 		Ghettoette gets 1 wheat. catanstrophe gets 2 wheat. raefbrisbin gets 1 wheat. gramos gets 1 wheat.	 	 
410	03:19:09:696	raefbrisbin	clay=0; ore=0; sheep=1; wheat=2; wood=0; unknown=0; knights=0; dev-cards=0	roads=[122,36; 36,37; 37,38; 38,106; 106,39; 39,56; 56,73]; settlements=[52,39; 39,107]	z	 	 
411	03:19:09:893	catanstrophe	clay=0; ore=0; sheep=1; wheat=3; wood=0; unknown=0; knights=3; dev-cards=0	roads=[67,184; 184,201; 201,202]; cities=[184,84]	ayone have ore?&  i'll give a wheat	 	 
412	03:19:34:413	gramos	clay=0; ore=2; sheep=2; wheat=1; wood=1; unknown=0; knights=1; dev-cards=2	roads=[100,70; 70,71; 71,101; 101,86; 86,102]; settlements=[116,86; 86,88; 88,118]	I must decline	 	 
413	03:19:41:152	raefbrisbin	clay=0; ore=0; sheep=1; wheat=2; wood=0; unknown=0; knights=0; dev-cards=0	roads=[122,36; 36,37; 37,38; 38,106; 106,39; 39,56; 56,73]; settlements=[52,39; 39,107]	ya, geting to that point	 	 
414	03:19:48:937	catanstrophe	clay=0; ore=0; sheep=1; wheat=3; wood=0; unknown=0; knights=3; dev-cards=0	roads=[67,184; 184,201; 201,202]; cities=[184,84]	ghettoette?	 	 
415	03:19:53:788	Ghettoette	clay=0; ore=3; sheep=2; wheat=2; wood=1; unknown=0; knights=0; dev-cards=0	roads=[171,133; 133,188; 188,132; 132,172]; settlements=[171,150; 150,205; 205,148; 148,173]	sorry	 	 
416	03:20:01:999	Server	 		raefbrisbin rolled a 1 and a 3.	 	 
417	03:20:02:000	Server	 		Ghettoette gets 1 wheat. catanstrophe gets 2 wheat. raefbrisbin gets 1 wheat. gramos gets 1 wheat.	 	 
418	03:20:24:387	Server	 		raefbrisbin traded 2 wheat for 1 ore from a port.	
 	 
419	03:20:40:835	gramos	clay=0; ore=2; sheep=2; wheat=2; wood=1; unknown=0; knights=1; dev-cards=2	roads=[100,70; 70,71; 71,101; 101,86; 86,102]; settlements=[116,86; 86,88; 88,118]	raef I'm beginning to envy that road...	 	 
420	03:20:42:901	Server	 		gramos rolled a 2 and a 4.	 	 
421	03:20:42:904	Server	 		catanstrophe gets 2 wheat. raefbrisbin gets 2 ore.	 	 
422	03:20:53:413	raefbrisbin	clay=0; ore=2; sheep=0; wheat=0; wood=0; unknown=0; knights=0; dev-cards=1	roads=[122,36; 36,37; 37,38; 38,106; 106,39; 39,56; 56,73]; settlements=[52,39; 39,107]	what road?	 	 
423	03:21:14:348	catanstrophe	clay=0; ore=0; sheep=1; wheat=7; wood=0; unknown=0; knights=3; dev-cards=0	roads=[67,184; 184,201; 201,202]; cities=[184,84]	battle of the longest road coming soon to a theater near you	 	 
424	03:21:49:614	raefbrisbin	clay=0; ore=2; sheep=0; wheat=0; wood=0; unknown=0; knights=0; dev-cards=1	roads=[122,36; 36,37; 37,38; 38,106; 106,39; 39,56; 56,73]; settlements=[52,39; 39,107]	z	 	 
425	03:22:06:257	raefbrisbin	clay=0; ore=2; sheep=0; wheat=0; wood=0; unknown=0; knights=0; dev-cards=1	roads=[122,36; 36,37; 37,38; 38,106; 106,39; 39,56; 56,73]; settlements=[52,39; 39,107]	sorry,& I just need to type a letter to keep checking if I'm connected	 	 
426	03:22:21:399	gramos	clay=0; ore=0; sheep=0; wheat=0; wood=1; unknown=0; knights=1; dev-cards=4	roads=[100,70; 70,71; 71,101; 101,86; 86,102]; settlements=[116,86; 86,88; 88,118]	where the heck can I look up what the Dev cards do	 	 
427	03:22:30:094	gramos	clay=0; ore=0; sheep=0; wheat=0; wood=1; unknown=0; knights=1; dev-cards=4	roads=[100,70; 70,71; 71,101; 101,86; 86,102]; settlements=[116,86; 86,88; 88,118]	it only says the name,& no card text	 	 
428	03:22:42:257	catanstrophe	clay=0; ore=0; sheep=1; wheat=7; wood=0; unknown=0; knights=3; dev-cards=0	roads=[67,184; 184,201; 201,202]; cities=[184,84]	i dont think there is one on the game	 	 
429	03:22:49:079	catanstrophe	clay=0; ore=0; sheep=1; wheat=7; wood=0; unknown=0; knights=3; dev-cards=0	roads=[67,184; 184,201; 201,202]; cities=[184,84]	i'd just go on google	 	 
430	03:22:56:774	catanstrophe	clay=0; ore=0; sheep=1; wheat=7; wood=0; unknown=0; knights=3; dev-cards=0	roads=[67,184; 184,201; 201,202]; cities=[184,84]	or tell us& what you have	 	 
431	03:23:06:235	gramos	clay=0; ore=0; sheep=0; wheat=0; wood=1; unknown=0; knights=1; dev-cards=4	roads=[100,70; 70,71; 71,101; 101,86; 86,102]; settlements=[116,86; 86,88; 88,118]	thanks, catanstrophe,& always helpful.& :)	 	 
432	03:23:08:053	gramos	clay=0; ore=0; sheep=0; wheat=0; wood=1; unknown=0; knights=1; dev-cards=4	roads=[100,70; 70,71; 71,101; 101,86; 86,102]; settlements=[116,86; 86,88; 88,118]	I got it...	 	 
433	03:23:13:690	raefbrisbin	clay=0; ore=2; sheep=0; wheat=0; wood=0; unknown=0; knights=0; dev-cards=1	roads=[122,36; 36,37; 37,38; 38,106; 106,39; 39,56; 56,73]; settlements=[52,39; 39,107]	I mean.& monopoly is most confusing?	 	 
434	03:23:22:750	raefbrisbin	clay=0; ore=2; sheep=0; wheat=0; wood=0; unknown=0; knights=0; dev-cards=1	roads=[122,36; 36,37; 37,38; 38,106; 106,39; 39,56; 56,73]; settlements=[52,39; 39,107]	everything else should be as it says	 	 
435	03:23:35:481	Ghettoette	clay=0; ore=3; sheep=2; wheat=3; wood=1; unknown=0; knights=0; dev-cards=0	roads=[171,133; 133,188; 188,132; 132,172]; settlements=[171,150; 150,205; 205,148; 148,173]	year of plenty& you get two from the bank, i think	 	 
436	03:23:45:681	Server	 		Ghettoette rolled a 3 and a 5.	 	 
437	03:23:45:683	Server	 		Ghettoette gets 2 clay. catanstrophe gets 1 clay.	 	 
438	03:23:51:939	Server	 		Ghettoette built a city.	 	 
439	03:23:56:505	gramos	clay=0; ore=0; sheep=0; wheat=0; wood=1; unknown=0; knights=1; dev-cards=4	roads=[100,70; 70,71; 71,101; 101,86; 86,102]; settlements=[116,86; 86,88; 88,118]	well,& forgot I can't play cards& I just drew,& so sorry for wasting yoru time with that!	 	 
440	03:24:28:443	Server	 		Ghettoette built a road.	 	 
441	03:24:34:014	Server	 		catanstrophe rolled a 2 and a 2.	 	 
442	03:24:34:016	Server	 		Ghettoette gets 1 wheat. catanstrophe gets 2 wheat. raefbrisbin gets 1 wheat. gramos gets 1 wheat.	 	 
443	03:25:23:147	Server	 		catanstrophe traded 8 wheat for 1 ore, 1 wood from the bank.	 	 
444	03:25:31:150	Server	 		catanstrophe built a road.	 	 
445	03:25:40:299	Server	 		raefbrisbin rolled a 6 and a 1.	 	 
446	03:26:08:572	raefbrisbin	clay=1; ore=2; sheep=0; wheat=1; wood=0; unknown=0; knights=0; dev-cards=1	roads=[122,36; 36,37; 37,38; 38,106; 106,39; 39,56; 56,73]; settlements=[52,39; 39,107]	why didn't it let me choose?	 	 
447	03:26:14:833	raefbrisbin	clay=1; ore=2; sheep=0; wheat=1; wood=0; unknown=0; knights=0; dev-cards=1	roads=[122,36; 36,37; 37,38; 38,106; 106,39; 39,56; 56,73]; settlements=[52,39; 39,107]	there are two people there..	 	 
448	03:26:17:855	catanstrophe	clay=0; ore=0; sheep=0; wheat=0; wood=0; unknown=0; knights=3; dev-cards=1	roads=[67,184; 184,201; 201,202; 202,66]; cities=[184,84]	i had no cards	 	 
449	03:26:21:616	raefbrisbin	clay=1; ore=2; sheep=0; wheat=1; wood=0; unknown=0; knights=0; dev-cards=1	roads=[122,36; 36,37; 37,38; 38,106; 106,39; 39,56; 56,73]; settlements=[52,39; 39,107]	ahh	 	 
450	03:26:23:746	gramos	clay=0; ore=0; sheep=0; wheat=1; wood=1; unknown=0; knights=1; dev-cards=4	roads=[100,70; 70,71; 71,101; 101,86; 86,102]; settlements=[116,86; 86,88; 88,118]	catan's cleaned out	 	 
451	03:26:27:320	raefbrisbin	clay=1; ore=2; sheep=0; wheat=1; wood=0; unknown=0; knights=0; dev-cards=1	roads=[122,36; 36,37; 37,38; 38,106; 106,39; 39,56; 56,73]; settlements=[52,39; 39,107]	default	 	 
452	03:26:32:297	raefbrisbin	clay=1; ore=2; sheep=0; wheat=1; wood=0; unknown=0; knights=0; dev-cards=1	roads=[122,36; 36,37; 37,38; 38,106; 106,39; 39,56; 56,73]; settlements=[52,39; 39,107]	mybad	 	 
453	03:26:56:263	Server	 		gramos rolled a 1 and a 4.	 	 
454	03:26:56:264	Server	 		Ghettoette gets 1 ore, 2 sheep. gramos gets 1 ore.	 	 
455	03:27:07:768	gramos	clay=0; ore=4; sheep=0; wheat=1; wood=1; unknown=0; knights=1; dev-cards=3	roads=[100,70; 70,71; 71,101; 101,86; 86,102]; settlements=[116,86; 86,88; 88,118]	thanks all	 	 
456	03:27:19:633	raefbrisbin	clay=1; ore=0; sheep=0; wheat=1; wood=0; unknown=0; knights=1; dev-cards=0	roads=[122,36; 36,37; 37,38; 38,106; 106,39; 39,56; 56,73]; settlements=[52,39; 39,107]	do not pass go	 	 
457	03:27:25:343	catanstrophe	clay=0; ore=0; sheep=0; wheat=0; wood=0; unknown=0; knights=3; dev-cards=1	roads=[67,184; 184,201; 201,202; 202,66]; cities=[184,84]	yikes& gramos is sitting on 3 dev cards + 6 pts	 	 
458	03:27:37:024	gramos	clay=0; ore=4; sheep=0; wheat=1; wood=1; unknown=0; knights=1; dev-cards=3	roads=[100,70; 70,71; 71,101; 101,86; 86,102]; settlements=[116,86; 86,88; 88,118]	well,& until the autobahn is built	 	 
459	03:27:39:272	gramos	clay=0; ore=4; sheep=0; wheat=1; wood=1; unknown=0; knights=1; dev-cards=3	roads=[100,70; 70,71; 71,101; 101,86; 86,102]; settlements=[116,86; 86,88; 88,118]	up north	 	 
460	03:27:48:734	Server	 		Ghettoette rolled a 5 and a 4.	 	 
461	03:27:48:736	Server	 		Ghettoette gets 1 wheat. raefbrisbin gets 3 wood. gramos gets 2 wheat.	 	 
462	03:27:49:269	catanstrophe	clay=0; ore=0; sheep=0; wheat=0; wood=0; unknown=0; knights=3; dev-cards=1	roads=[67,184; 184,201; 201,202; 202,66]; cities=[184,84]	game might be over before that happens	 	 
463	03:28:10:496	gramos	clay=0; ore=4; sheep=0; wheat=3; wood=1; unknown=0; knights=1; dev-cards=3	roads=[100,70; 70,71; 71,101; 101,86; 86,102]; settlements=[116,86; 86,88; 88,118]	so sure you'll win, catanstrophe?& ;)	 	 
464	03:28:21:597	catanstrophe	clay=0; ore=0; sheep=0; wheat=0; wood=0; unknown=0; knights=3; dev-cards=1	roads=[67,184; 184,201; 201,202; 202,66]; cities=[184,84]	no& i think you're really close	
465	03:28:24:853	Ghettoette	clay=0; ore=0; sheep=4; wheat=3; wood=0; unknown=0; knights=0; dev-cards=0	roads=[171,133; 133,188; 188,132; 132,172; 172,150]; settlements=[150,205; 205,148; 148,173]	anyone want to trade ore for sheep or wheat?	 	 
466	03:28:30:784	catanstrophe	clay=0; ore=0; sheep=0; wheat=0; wood=0; unknown=0; knights=3; dev-cards=1	roads=[67,184; 184,201; 201,202; 202,66]; cities=[184,84]	don't have any cards	 	 
467	03:28:49:135	gramos	clay=0; ore=4; sheep=0; wheat=3; wood=1; unknown=0; knights=1; dev-cards=3	roads=[100,70; 70,71; 71,101; 101,86; 86,102]; settlements=[116,86; 86,88; 88,118]	sorry,& ghettoette	 	 
468	03:28:59:820	Server	 		Ghettoette traded 4 sheep for 2 ore from a port.	 	 
 	 
469	03:29:23:788	Server	 		catanstrophe rolled a 6 and a 6.	 	 
470	03:29:23:790	Server	 		raefbrisbin gets 1 sheep. gramos gets 1 sheep.	 	 
471	03:29:34:059	Server	 		raefbrisbin rolled a 3 and a 3.	 	 
472	03:29:34:061	Server	 		catanstrophe gets 2 wheat. raefbrisbin gets 2 ore.	 	 
473	03:29:44:623	Server	 		raefbrisbin built a road.	 	 
474	03:29:49:674	gramos	clay=0; ore=3; sheep=1; wheat=3; wood=1; unknown=0; knights=1; dev-cards=3	roads=[100,70; 70,71; 71,101; 101,86; 86,102]; settlements=[116,86; 86,88; 88,118]	ugh	 	 
475	03:30:46:857	Server	 		raefbrisbin traded 2 wood for 1 wheat from a port.	 	 
476	03:30:55:983	Server	 		gramos rolled a 5 and a 3.	 	 
477	03:30:55:984	Server	 		Ghettoette gets 3 clay. catanstrophe gets 1 clay, 2 wood. raefbrisbin gets 1 wood.	 	 
478	03:31:14:643	Server	 		gramos built a city.	 	 
479	03:31:37:569	Server	 		Ghettoette rolled a 2 and a 1.	 	 
480	03:31:37:570	Server	 		catanstrophe gets 3 ore. gramos gets 3 clay.	 	 
481	03:31:58:900	Ghettoette	clay=3; ore=2; sheep=0; wheat=3; wood=0; unknown=0; knights=0; dev-cards=0	roads=[171,133; 133,188; 188,132; 132,172; 172,150]; settlements=[150,205; 205,148; 148,173]	want to give me ore for brick?	 	 
482	03:32:03:921	raefbrisbin	clay=0; ore=1; sheep=1; wheat=2; wood=1; unknown=0; knights=1; dev-cards=0	roads=[122,36; 36,37; 37,38; 38,106; 106,39; 39,56; 56,73; 73,90]; settlements=[52,39; 39,107]	how do we add time?	 	 
483	03:32:08:678	raefbrisbin	clay=0; ore=1; sheep=1; wheat=2; wood=1; unknown=0; knights=1; dev-cards=0	roads=[122,36; 36,37; 37,38; 38,106; 106,39; 39,56; 56,73; 73,90]; settlements=[52,39; 39,107]	add time	 	 
484	03:32:11:034	raefbrisbin	clay=0; ore=1; sheep=1; wheat=2; wood=1; unknown=0; knights=1; dev-cards=0	roads=[122,36; 36,37; 37,38; 38,106; 106,39; 39,56; 56,73; 73,90]; settlements=[52,39; 39,107]	addtime	 	 
485	03:32:17:287	gramos	clay=3; ore=0; sheep=0; wheat=0; wood=1; unknown=0; knights=2; dev-cards=3	roads=[100,70; 70,71; 71,101; 101,86; 86,102]; settlements=[116,88; 88,118]	addtime	 	 
486	03:32:23:464	gramos	clay=3; ore=0; sheep=0; wheat=0; wood=1; unknown=0; knights=2; dev-cards=3	roads=[100,70; 70,71; 71,101; 101,86; 86,102]; settlements=[116,88; 88,118]	oops	 	 
487	03:32:35:339	gramos	clay=3; ore=0; sheep=0; wheat=0; wood=1; unknown=0; knights=2; dev-cards=3	roads=[100,70; 70,71; 71,101; 101,86; 86,102]; settlements=[116,88; 88,118]	well,& I think we'll be done before THAT	 	 
488	03:32:55:496	Server	 		Ghettoette traded 3 clay for 1 ore from a port.	 	 
489	03:33:26:714	Server	 		Ghettoette built a city.	 	 
490	03:33:33:332	Server	 		catanstrophe rolled a 4 and a 4.	 	 
491	03:33:33:334	Server	 		Ghettoette gets 3 clay. catanstrophe gets 1 clay, 2 wood. raefbrisbin gets 1 wood.	 	 
492	03:33:42:541	catanstrophe	clay=2; ore=4; sheep=0; wheat=2; wood=4; unknown=0; knights=4; dev-cards=0	roads=[67,184; 184,201; 201,202; 202,66]; cities=[184,84]	anyone have sheeo?	 	 
493	03:33:47:158	gramos	clay=3; ore=0; sheep=0; wheat=0; wood=1; unknown=0; knights=2; dev-cards=3	roads=[100,70; 70,71; 71,101; 101,86; 86,102]; settlements=[116,88; 88,118]	I do not	 	 
494	03:33:50:655	Ghettoette	clay=3; ore=0; sheep=0; wheat=1; wood=0; unknown=0; knights=0; dev-cards=0	roads=[171,133; 133,188; 188,132; 132,172; 172,150]; settlements=[150,205; 205,173]; cities=[171,148]	no	 	 
495	03:34:12:108	raefbrisbin	clay=0; ore=1; sheep=1; wheat=2; wood=2; unknown=0; knights=1; dev-cards=0	roads=[122,36; 36,37; 37,38; 38,106; 106,39; 39,56; 56,73; 73,90]; settlements=[52,39; 39,107]	too tight,& not trading with anyone anymore	 	 
496	03:34:17:729	Server	 		catanstrophe built a city.	 	 
497	03:34:37:286	Server	 		catanstrophe built a road.	 	 
498	03:34:48:442	Server	 		raefbrisbin rolled a 4 and a 5.	 	 
499	03:34:48:444	Server	 		Ghettoette gets 1 wheat. gramos gets 2 wheat.	 	 
500	03:35:09:518	Server	 		gramos rolled a 1 and a 6.	 	 
501	03:35:22:764	gramos	clay=3; ore=0; sheep=0; wheat=2; wood=1; unknown=0; knights=2; dev-cards=3	roads=[100,70; 70,71; 71,101; 101,86; 86,102]; settlements=[116,88; 88,118]	crap,& I don't want to move the robber	 	 
502	03:36:05:679	Server	 		gramos built a road.	 	 
503	03:36:08:531	Server	 		gramos built a road.	 	 
504	03:36:16:487	Server	 		gramos built a road.	 	 
505	03:36:27:065	Server	 		Ghettoette rolled a 1 and a 5.	 	 
506	03:36:27:067	Server	 		catanstrophe gets 2 wheat. raefbrisbin gets 2 ore.	 	 
507	03:36:40:512	Server	 		catanstrophe rolled a 4 and a 3.	 	 
508	03:37:37:665	Server	 		raefbrisbin rolled a 5 and a 5.	 	 
509	03:37:37:667	Server	 		Ghettoette gets 3 wood. catanstrophe gets 2 sheep. raefbrisbin gets 2 wood. gramos gets 1 sheep.	 	 
510	03:37:53:956	Server	 		raefbrisbin built a road.	 	 
511	03:38:02:190	Server	 		raefbrisbin traded 2 wood for 1 clay from a port.	 	 
512	03:38:04:474	Server	 		raefbrisbin built a road.	 	 
513	03:38:07:898	Server	 		gramos rolled a 2 and a 2.	 	 
514	03:38:07:900	Server	 		Ghettoette gets 1 wheat. catanstrophe gets 2 wheat. raefbrisbin gets 1 wheat. gramos gets 2 wheat.	 	 
515	03:38:27:406	Server	 		Ghettoette rolled a 6 and a 4.	 	 
516	03:38:27:408	Server	 		Ghettoette gets 3 wood. catanstrophe gets 2 sheep. raefbrisbin gets 2 wood. gramos gets 1 sheep.	 	 
517	03:38:35:567	Server	 		Ghettoette built a road.	 	 
518	03:39:01:281	Server	 		Ghettoette traded 3 wood for 1 sheep from a port.	 	 
519	03:39:06:613	Server	 		Ghettoette built a settlement.	 	 
520	03:39:37:187	raefbrisbin	clay=0; ore=2; sheep=0; wheat=1; wood=2; unknown=0; knights=2; dev-cards=0	roads=[122,36; 36,37; 37,38; 38,106; 106,39; 39,56; 56,73; 73,90; 90,139; 139,140]; settlements=[52,39; 39,107]	z	 	 
521	03:39:37:723	Server	 		Ghettoette built a road.	 	 
522	03:39:43:080	gramos	clay=0; ore=0; sheep=1; wheat=3; wood=0; unknown=0; knights=2; dev-cards=3	roads=[100,70; 70,71; 71,101; 101,86; 86,102; 102,72; 72,99; 99,98]; settlements=[116,88; 88,118]	yes, yes,& y ou're still here	 	 
523	03:39:43:161	Server	 		catanstrophe rolled a 6 and a 6.	 	 
524	03:39:43:163	Server	 		raefbrisbin gets 1 sheep. gramos gets 1 sheep.	 	 
525	03:39:47:306	gramos	clay=0; ore=0; sheep=2; wheat=3; wood=0; unknown=0; knights=2; dev-cards=3	roads=[100,70; 70,71; 71,101; 101,86; 86,102; 102,72; 72,99; 99,98]; settlements=[116,88; 88,118]	building friggin roads	 	 
526	03:40:04:189	raefbrisbin	clay=0; ore=2; sheep=1; wheat=1; wood=2; unknown=0; knights=2; dev-cards=0	roads=[122,36; 36,37; 37,38; 38,106; 106,39; 39,56; 56,73; 73,90; 90,139; 139,140]; settlements=[52,39; 39,107]	just checking,& don't wanna get skipped for no reason	 	 
527	03:40:04:630	Server	 		catanstrophe traded 4 wheat for 1 clay from the bank.	 	 
528	03:40:11:203	gramos	clay=0; ore=0; sheep=2; wheat=3; wood=0; unknown=0; knights=2; dev-cards=3	roads=[100,70; 70,71; 71,101; 101,86; 86,102; 102,72; 72,99; 99,98]; settlements=[116,88; 88,118]	I know,& just teasing.	 	 
529	03:40:25:833	raefbrisbin	clay=0; ore=2; sheep=1; wheat=1; wood=2; unknown=0; knights=2; dev-cards=0	roads=[122,36; 36,37; 37,38; 38,106; 106,39; 39,56; 56,73; 73,90; 90,139; 139,140]; settlements=[52,39; 39,107]	losing a city hurt	 	 
530	03:40:27:085	Server	 		catanstrophe built a settlement.	 	 
531	03:40:39:372	Server	 		raefbrisbin rolled a 3 and a 4.	 	 
532	03:41:25:774	Server	 		gramos rolled a 6 and a 4.	 	 
533	03:41:25:776	Server	 		Ghettoette gets 3 wood. catanstrophe gets 3 sheep. raefbrisbin gets 2 wood. gramos gets 1 sheep.	 	 
534	03:41:42:996	gramos	clay=0; ore=0; sheep=3; wheat=3; wood=0; unknown=0; knights=2; dev-cards=3	roads=[100,70; 70,71; 71,101; 101,86; 86,102; 102,72; 72,99; 99,98]; settlements=[116,88; 88,118]	so, umm, anyone need sheep and wheat?	 	 
535	03:41:51:095	gramos	clay=0; ore=0; sheep=3; wheat=3; wood=0; unknown=0; knights=2; dev-cards=3	roads=[100,70; 70,71; 71,101; 101,86; 86,102; 102,72; 72,99; 99,98]; settlements=[116,88; 88,118]	ore would be nice....	 	 
536	03:41:58:641	Server	 		Ghettoette rolled a 2 and a 2.	 	 
537	03:41:58:643	Server	 		Ghettoette gets 1 wheat. catanstrophe gets 2 wheat. raefbrisbin gets 1 wheat. gramos gets 2 wheat.	 	 
538	03:42:17:477	Server	 		Ghettoette traded 3 wood for 1 ore from a port.	 	 
539	03:42:23:500	Server	 		catanstrophe rolled a 4 and a 4.	 	 
540	03:42:23:502	Server	 		Ghettoette gets 3 clay. catanstrophe gets 2 clay, 2 wood. raefbrisbin gets 1 wood.	 	 
541	03:42:40:608	Server	 		catanstrophe built a settlement.	 	 
542	03:42:47:168	gramos	clay=0; ore=0; sheep=3; wheat=5; wood=0; unknown=0; knights=2; dev-cards=3	roads=[100,70; 70,71; 71,101; 101,86; 86,102; 102,72; 72,99; 99,98]; settlements=[116,88; 88,118]	woo-hoo!	 	 
543	03:42:47:200	raefbrisbin	clay=0; ore=1; sheep=1; wheat=1; wood=5; unknown=0; knights=2; dev-cards=1	roads=[122,36; 36,37; 37,38; 38,106; 106,39; 39,56; 56,73; 73,90; 90,139; 139,140]; settlements=[52,39; 39,107]	gg night	 	 
544	03:42:50:469	gramos	clay=0; ore=0; sheep=3; wheat=5; wood=0; unknown=0; knights=2; dev-cards=3	roads=[100,70; 70,71; 71,101; 101,86; 86,102; 102,72; 72,99; 99,98]; settlements=[116,88; 88,118]	nicely played	 	 
545	03:42:52:886	catanstrophe	clay=1; ore=1; sheep=4; wheat=1; wood=2; unknown=0; knights=4; dev-cards=0	roads=[67,184; 184,201; 201,202; 202,66; 66,50]; settlements=[82,50]; cities=[184,84; 84,203]	thanks	 	 
546	03:42:59:593	catanstrophe	clay=1; ore=1; sheep=4; wheat=1; wood=2; unknown=0; knights=4; dev-cards=0	roads=[67,184; 184,201; 201,202; 202,66; 66,50]; settlements=[82,50]; cities=[184,84; 84,203]	so i guess i am done for games	 	 
547	03:43:06:597	Ghettoette	clay=3; ore=1; sheep=0; wheat=3; wood=0; unknown=0; knights=0; dev-cards=0	roads=[171,133; 133,188; 188,132; 132,172; 172,150; 150,166; 166,134]; settlements=[150,205; 205,173; 173,182]; cities=[171,148]	good game!	 	 
548	03:43:11:721	catanstrophe	clay=1; ore=1; sheep=4; wheat=1; wood=2; unknown=0; knights=4; dev-cards=0	roads=[67,184; 184,201; 201,202; 202,66; 66,50]; settlements=[82,50]; cities=[184,84; 84,203]	yeah this was close	 	 
549	03:43:15:486	Ghettoette	clay=3; ore=1; sheep=0; wheat=3; wood=0; unknown=0; knights=0; dev-cards=0	roads=[171,133; 133,188; 188,132; 132,172; 172,150; 150,166; 166,134]; settlements=[150,205; 205,173; 173,182]; cities=[171,148]	now go Eagles!	 	 
550	03:43:21:509	catanstrophe	clay=1; ore=1; sheep=4; wheat=1; wood=2; unknown=0; knights=4; dev-cards=0	roads=[67,184; 184,201; 201,202; 202,66; 66,50]; settlements=[82,50]; cities=[184,84; 84,203]	haha wooo!	 	 
