ID	Timestamp	Emitter	Resources	Buildups	Text	Annotation	Comment
0.1	18:09:45:473	gotwood4sheep	 	 	Hey LJ	 	 
1	18:13:07:016	ljaybrad123	clay=0; ore=0; sheep=0; wheat=0; wood=0; unknown=0; knights=0; dev-cards=0		hi,	 	 
2	18:14:57:833	gotwood4sheep	clay=0; ore=0; sheep=0; wheat=0; wood=0; unknown=0; knights=0; dev-cards=0		how's things?	 	 
3	18:15:08:616	gotwood4sheep	clay=0; ore=0; sheep=0; wheat=0; wood=0; unknown=0; knights=0; dev-cards=0		hope we'll get full 4player games in this season ;)	 	 
4	18:16:30:531	ljaybrad123	clay=0; ore=0; sheep=0; wheat=0; wood=0; unknown=0; knights=0; dev-cards=0		hopefully!	 	 
5	18:16:35:368	ljaybrad123	clay=0; ore=0; sheep=0; wheat=0; wood=0; unknown=0; knights=0; dev-cards=0		would make a change	 	 
6	18:24:04:601	ljaybrad123	clay=0; ore=0; sheep=0; wheat=0; wood=0; unknown=0; knights=0; dev-cards=0		i have a new computer, so hopefully less buggy	 	 
7	18:24:14:367	gotwood4sheep	clay=0; ore=0; sheep=0; wheat=0; wood=0; unknown=0; knights=0; dev-cards=0		cool cool	 	 
8	18:24:17:338	gotwood4sheep	clay=0; ore=0; sheep=0; wheat=0; wood=0; unknown=0; knights=0; dev-cards=0		I'm on a work laptop ;)	 	 
9	18:24:22:862	gotwood4sheep	clay=0; ore=0; sheep=0; wheat=0; wood=0; unknown=0; knights=0; dev-cards=0		expect I'll be ok too :D	 	 
10	18:24:54:597	inca	clay=0; ore=0; sheep=0; wheat=0; wood=0; unknown=0; knights=0; dev-cards=0		hey	 	 
11	18:25:04:071	gotwood4sheep	clay=0; ore=0; sheep=0; wheat=0; wood=0; unknown=0; knights=0; dev-cards=0		hello!	 	 
12	18:26:08:845	ljaybrad123	clay=0; ore=0; sheep=0; wheat=0; wood=0; unknown=0; knights=0; dev-cards=0		hi	 	 
13	18:29:04:543	gotwood4sheep	clay=0; ore=0; sheep=0; wheat=0; wood=0; unknown=0; knights=0; dev-cards=0		halloo!	 	 
14	18:29:09:519	gotwood4sheep	clay=0; ore=0; sheep=0; wheat=0; wood=0; unknown=0; knights=0; dev-cards=0		all 4, great!	 	 
15	18:29:14:065	inca	clay=0; ore=0; sheep=0; wheat=0; wood=0; unknown=0; knights=0; dev-cards=0		good luck all	 	 
16	18:29:18:920	gotwood4sheep	clay=0; ore=0; sheep=0; wheat=0; wood=0; unknown=0; knights=0; dev-cards=0		good luck!	 	 
17	18:29:24:074	CheshireCatGrin	clay=0; ore=0; sheep=0; wheat=0; wood=0; unknown=0; knights=0; dev-cards=0		Hi!	 	 
18	18:29:41:107	Server	 		ljaybrad123 built a settlement.	 	 
19	18:29:46:819	Server	 		ljaybrad123 built a road.	 	 
20	18:30:27:718	Server	 		CheshireCatGrin built a settlement.	 	 
21	18:30:35:983	Server	 		CheshireCatGrin built a road.	 	 
22	18:30:59:005	Server	 		inca built a settlement.	 	 
23	18:31:04:167	Server	 		inca built a road.	 	 
24	18:31:33:126	CheshireCatGrin	clay=0; ore=0; sheep=0; wheat=0; wood=0; unknown=0; knights=0; dev-cards=0		Just so you know, I'm new to the online league, so still getting used to this board, etc!	 	 
25	18:31:39:891	gotwood4sheep	clay=0; ore=0; sheep=0; wheat=0; wood=0; unknown=0; knights=0; dev-cards=0		no worries!	 	 
26	18:31:41:367	ljaybrad123	clay=0; ore=0; sheep=0; wheat=0; wood=0; unknown=0; knights=0; dev-cards=0		no worries,	 	 
27	18:31:51:300	ljaybrad123	clay=0; ore=0; sheep=0; wheat=0; wood=0; unknown=0; knights=0; dev-cards=0		it took us a while too	 	 
28	18:31:57:076	Server	 		gotwood4sheep built a settlement.	 	 
29	18:31:59:436	Server	 		gotwood4sheep built a road.	 	 
30	18:32:01:099	Server	 		gotwood4sheep built a settlement.	 	 
31	18:32:02:507	CheshireCatGrin	clay=0; ore=0; sheep=0; wheat=0; wood=0; unknown=0; knights=0; dev-cards=0		Haha, hopefully not too long ;)	 	 
32	18:32:03:541	Server	 		gotwood4sheep built a road.	 	 
33	18:32:20:100	Server	 		inca built a settlement.	 	 
34	18:32:25:453	Server	 		inca built a road.	 	 
35	18:32:39:970	Server	 		CheshireCatGrin built a settlement.	 	 
36	18:32:48:526	Server	 		CheshireCatGrin built a road.	 	 
37	18:32:50:485	gotwood4sheep	clay=0; ore=1; sheep=1; wheat=1; wood=0; unknown=0; knights=0; dev-cards=0	roads=[69,136]; settlements=[86,137]	at least we'll each get 4 games to relearn it :D	 	 
38	18:33:11:517	ljaybrad123	clay=0; ore=0; sheep=0; wheat=0; wood=0; unknown=0; knights=0; dev-cards=0		playing with 4 people means not many options!	 	 
39	18:33:18:454	Server	 		ljaybrad123 built a settlement.	 	 
40	18:33:21:539	Server	 		ljaybrad123 built a road.	 	 
41	18:33:26:026	gotwood4sheep	clay=0; ore=1; sheep=1; wheat=1; wood=0; unknown=0; knights=0; dev-cards=0	roads=[69,136]; settlements=[86,137]	yeah, indeed!  we only had 3 player games in the last league	 	 
42	18:33:26:851	Server	 		ljaybrad123 rolled a 6 and a 6.	 	 
43	18:33:26:859	Server	 		CheshireCatGrin gets 1 clay.	 	 
44	18:33:27:281	gotwood4sheep	clay=0; ore=1; sheep=1; wheat=1; wood=0; unknown=0; knights=0; dev-cards=0	roads=[69,136]; settlements=[86,137]	except one	 	 
45	18:33:35:598	inca	clay=1; ore=0; sheep=1; wheat=0; wood=1; unknown=0; knights=0; dev-cards=0	roads=[122,150]; settlements=[139,150]	same in our league	 	 
46	18:33:38:140	inca	clay=1; ore=0; sheep=1; wheat=0; wood=1; unknown=0; knights=0; dev-cards=0	roads=[122,150]; settlements=[139,150]	it's way more fun this way	 	 
47	18:33:41:868	Server	 		CheshireCatGrin rolled a 5 and a 6.	 	 
48	18:33:41:877	Server	 		gotwood4sheep gets 1 wheat.	 	 
49	18:34:08:410	Server	 		inca rolled a 6 and a 4.	 	 
50	18:34:08:418	Server	 		ljaybrad123 gets 1 clay. inca gets 1 clay, 1 sheep.	 	 
51	18:34:17:673	Server	 		inca built a road.	 	 
52	18:34:23:039	Server	 		gotwood4sheep rolled a 3 and a 1.	 	 
53	18:34:23:047	Server	 		gotwood4sheep gets 1 sheep, 1 wood. CheshireCatGrin gets 1 sheep.	 	 
54	18:34:37:768	gotwood4sheep	clay=0; ore=0; sheep=1; wheat=1; wood=1; unknown=0; knights=0; dev-cards=1	roads=[69,136]; settlements=[86,137]	anyone got clay they'd trade?	 	 
55	18:34:42:136	ljaybrad123	clay=1; ore=0; sheep=0; wheat=0; wood=2; unknown=0; knights=0; dev-cards=0	roads=[84,200]; settlements=[101,201]	nope	 	 
56	18:34:46:709	inca	clay=1; ore=0; sheep=2; wheat=0; wood=0; unknown=0; knights=0; dev-cards=0	roads=[122,150; 150,166]; settlements=[139,150]	sorry, nope	 	 
57	18:34:53:271	CheshireCatGrin	clay=2; ore=1; sheep=1; wheat=1; wood=0; unknown=0; knights=0; dev-cards=0	roads=[170,88]; settlements=[186,105]	Sure, got any wood?	 	 
58	18:35:06:338	gotwood4sheep	clay=0; ore=0; sheep=1; wheat=1; wood=1; unknown=0; knights=0; dev-cards=1	roads=[69,136]; settlements=[86,137]	sheep or wheat to trade, am afraid	 	 
59	18:35:16:541	CheshireCatGrin	clay=2; ore=1; sheep=1; wheat=1; wood=0; unknown=0; knights=0; dev-cards=0	roads=[170,88]; settlements=[186,105]	Ah, no then, sorry	 	 
60	18:35:19:174	gotwood4sheep	clay=0; ore=0; sheep=1; wheat=1; wood=1; unknown=0; knights=0; dev-cards=1	roads=[69,136]; settlements=[86,137]	no worries!	 	 
61	18:35:24:113	Server	 		ljaybrad123 rolled a 2 and a 5.	 	 
62	18:35:52:219	Server	 		ljaybrad123 built a road.	 	 
63	18:35:55:122	Server	 		ljaybrad123 built a road.	 	 
64	18:36:03:369	Server	 		CheshireCatGrin rolled a 5 and a 4.	 	 
65	18:36:03:375	Server	 		inca gets 1 wheat, 1 wood.	 	 
66	18:36:47:869	Server	 		inca rolled a 2 and a 6.	 	 
67	18:36:47:877	Server	 		ljaybrad123 gets 1 wheat. CheshireCatGrin gets 1 clay.	 	 
68	18:36:50:723	Server	 		inca built a settlement.	 	 
69	18:37:06:028	Server	 		gotwood4sheep rolled a 6 and a 6.	 	 
70	18:37:06:035	Server	 		CheshireCatGrin gets 1 clay.	 	 
71	18:37:12:498	gotwood4sheep	clay=0; ore=0; sheep=1; wheat=2; wood=1; unknown=0; knights=1; dev-cards=0	roads=[69,136]; settlements=[86,137]	anyone for clay?	 	 
72	18:37:15:986	gotwood4sheep	clay=0; ore=0; sheep=1; wheat=2; wood=1; unknown=0; knights=1; dev-cards=0	roads=[69,136]; settlements=[86,137]	(got)	 	 
73	18:37:19:067	inca	clay=0; ore=0; sheep=1; wheat=0; wood=0; unknown=0; knights=0; dev-cards=0	roads=[122,150; 150,166]; settlements=[139,150; 150,182]	afraid not	 	 
74	18:37:19:927	gotwood4sheep	clay=0; ore=0; sheep=1; wheat=2; wood=1; unknown=0; knights=1; dev-cards=0	roads=[69,136]; settlements=[86,137]	will trade sheep or wheat	 	 
75	18:37:20:764	gotwood4sheep	clay=0; ore=0; sheep=1; wheat=2; wood=1; unknown=0; knights=1; dev-cards=0	roads=[69,136]; settlements=[86,137]	?	 	 
76	18:37:22:414	ljaybrad123	clay=0; ore=0; sheep=0; wheat=1; wood=0; unknown=0; knights=0; dev-cards=0	roads=[84,200; 200,199; 199,182]; settlements=[101,201]	nope	 	 
77	18:37:34:476	CheshireCatGrin	clay=3; ore=1; sheep=1; wheat=0; wood=0; unknown=0; knights=0; dev-cards=0	roads=[170,88]; settlements=[186,105]	clay for wheat	 	 
78	18:37:40:842	gotwood4sheep	clay=0; ore=0; sheep=1; wheat=2; wood=1; unknown=0; knights=1; dev-cards=0	roads=[69,136]; settlements=[86,137]	1 for 1?	 	 
79	18:37:43:972	CheshireCatGrin	clay=3; ore=1; sheep=1; wheat=0; wood=0; unknown=0; knights=0; dev-cards=0	roads=[170,88]; settlements=[186,105]	Yep	 	 
80	18:37:48:003	gotwood4sheep	clay=0; ore=0; sheep=1; wheat=2; wood=1; unknown=0; knights=1; dev-cards=0	roads=[69,136]; settlements=[86,137]	deal	 	 
81	18:37:58:318	Server	 		gotwood4sheep made an offer to trade 1 wheat for 1 clay.	 	 
82	18:38:06:565	gotwood4sheep	clay=0; ore=0; sheep=1; wheat=2; wood=1; unknown=0; knights=1; dev-cards=0	roads=[69,136]; settlements=[86,137]	the deal mechanism's a bit clunky	 	 
83	18:38:14:659	Server	 		gotwood4sheep traded 1 wheat for 1 clay from CheshireCatGrin.	 	 
84	18:38:16:067	gotwood4sheep	clay=1; ore=0; sheep=1; wheat=1; wood=1; unknown=0; knights=1; dev-cards=0	roads=[69,136]; settlements=[86,137]	but i got the hang of it towards the end last season	 	 
85	18:38:25:587	ljaybrad123	clay=0; ore=0; sheep=0; wheat=1; wood=0; unknown=0; knights=0; dev-cards=0	roads=[84,200; 200,199; 199,182]; settlements=[101,201]	its ok when you get used to it	 	 
86	18:38:29:026	gotwood4sheep	clay=1; ore=0; sheep=1; wheat=1; wood=1; unknown=0; knights=1; dev-cards=0	roads=[69,136]; settlements=[86,137]	the key is to make sure you've checked the right colour box :D	 	 
87	18:38:32:876	Server	 		gotwood4sheep built a road.	 	 
88	18:38:37:205	Server	 		ljaybrad123 rolled a 6 and a 2.	 	 
89	18:38:37:211	Server	 		ljaybrad123 gets 1 wheat. CheshireCatGrin gets 1 clay.	 	 
90	18:38:47:404	Server	 		CheshireCatGrin rolled a 4 and a 1.	 	 
91	18:38:47:411	Server	 		gotwood4sheep gets 1 ore. CheshireCatGrin gets 1 ore. inca gets 1 ore.	 	 
92	18:38:50:773	gotwood4sheep	clay=0; ore=1; sheep=1; wheat=1; wood=0; unknown=0; knights=1; dev-cards=0	roads=[69,136; 136,52]; settlements=[86,137]	some people traded generously and to the wrong people ;)	 	 
93	18:38:55:653	inca	clay=0; ore=1; sheep=1; wheat=0; wood=0; unknown=0; knights=0; dev-cards=0	roads=[122,150; 150,166]; settlements=[139,150; 150,182]	haha	 	 
94	18:38:55:716	ljaybrad123	clay=0; ore=0; sheep=0; wheat=2; wood=0; unknown=0; knights=0; dev-cards=0	roads=[84,200; 200,199; 199,182]; settlements=[101,201]	ooops	 	 
95	18:38:58:283	CheshireCatGrin	clay=3; ore=2; sheep=1; wheat=1; wood=0; unknown=0; knights=0; dev-cards=0	roads=[170,88]; settlements=[186,105]	haha	 	 
96	18:39:17:878	CheshireCatGrin	clay=3; ore=2; sheep=1; wheat=1; wood=0; unknown=0; knights=0; dev-cards=0	roads=[170,88]; settlements=[186,105]	how do you buy development cards?	 	 
97	18:39:18:167	ljaybrad123	clay=0; ore=0; sheep=0; wheat=2; wood=0; unknown=0; knights=0; dev-cards=0	roads=[84,200; 200,199; 199,182]; settlements=[101,201]	I think we ended up reasonably even didn't we?	 	 
98	18:39:21:130	gotwood4sheep	clay=0; ore=1; sheep=1; wheat=1; wood=0; unknown=0; knights=1; dev-cards=0	roads=[69,136; 136,52]; settlements=[86,137]	yeah	 	 
99	18:39:27:896	ljaybrad123	clay=0; ore=0; sheep=0; wheat=2; wood=0; unknown=0; knights=0; dev-cards=0	roads=[84,200; 200,199; 199,182]; settlements=[101,201]	at the bottom, acard	 	 
100	18:39:37:056	gotwood4sheep	clay=0; ore=1; sheep=1; wheat=1; wood=0; unknown=0; knights=1; dev-cards=0	roads=[69,136; 136,52]; settlements=[86,137]	"click the buy button next to ""card"""	 	 
101	18:39:42:416	ljaybrad123	clay=0; ore=0; sheep=0; wheat=2; wood=0; unknown=0; knights=0; dev-cards=0	roads=[84,200; 200,199; 199,182]; settlements=[101,201]	that has changed, it used to say development card	 	 
102	18:39:55:666	gotwood4sheep	clay=0; ore=1; sheep=1; wheat=1; wood=0; unknown=0; knights=1; dev-cards=0	roads=[69,136; 136,52]; settlements=[86,137]	you can only buy when text is black	 	 
103	18:40:03:413	gotwood4sheep	clay=0; ore=1; sheep=1; wheat=1; wood=0; unknown=0; knights=1; dev-cards=0	roads=[69,136; 136,52]; settlements=[86,137]	which means you have enough resources	 	 
104	18:40:04:912	Server	 		inca rolled a 1 and a 6.	 	 
105	18:40:09:195	CheshireCatGrin	clay=3; ore=1; sheep=0; wheat=0; wood=0; unknown=0; knights=0; dev-cards=1	roads=[170,88]; settlements=[186,105]	Ah, I see! I was only looking only in my little box	 	 
106	18:40:33:169	Server	 		gotwood4sheep rolled a 6 and a 2.	 	 
107	18:40:33:175	Server	 		ljaybrad123 gets 1 wheat. CheshireCatGrin gets 1 clay.	 	 
108	18:40:39:208	Server	 		ljaybrad123 rolled a 6 and a 2.	 	 
109	18:40:39:214	Server	 		ljaybrad123 gets 1 wheat. CheshireCatGrin gets 1 clay.	 	 
110	18:41:05:232	Server	 		CheshireCatGrin rolled a 4 and a 2.	 	 
111	18:41:05:239	Server	 		ljaybrad123 gets 1 wood. inca gets 1 wood.	 	 
112	18:41:20:763	Server	 		inca rolled a 5 and a 3.	 	 
113	18:41:20:770	Server	 		ljaybrad123 gets 1 wheat. CheshireCatGrin gets 1 clay.	 	 
114	18:41:29:176	Server	 		inca built a road.	 	 
115	18:41:42:938	Server	 		gotwood4sheep rolled a 5 and a 1.	 	 
116	18:41:42:943	Server	 		gotwood4sheep gets 1 wheat. CheshireCatGrin gets 1 wheat.	 	 
117	18:41:46:772	Server	 		ljaybrad123 rolled a 3 and a 5.	 	 
118	18:41:46:778	Server	 		ljaybrad123 gets 1 wheat. CheshireCatGrin gets 1 clay.	 	 
119	18:41:57:735	ljaybrad123	clay=0; ore=0; sheep=0; wheat=6; wood=1; unknown=0; knights=0; dev-cards=0	roads=[84,200; 200,199; 199,182]; settlements=[101,201]	anyone have clay?	 	 
120	18:42:02:949	gotwood4sheep	clay=0; ore=1; sheep=0; wheat=1; wood=0; unknown=0; knights=2; dev-cards=0	roads=[69,136; 136,52]; settlements=[86,137]	nada sorry	 	 
121	18:42:07:892	inca	clay=0; ore=0; sheep=1; wheat=0; wood=0; unknown=0; knights=0; dev-cards=0	roads=[122,150; 150,166; 166,165]; settlements=[139,150; 150,182]	sorry, not any more	 	 
122	18:42:16:808	CheshireCatGrin	clay=6; ore=1; sheep=0; wheat=1; wood=0; unknown=0; knights=0; dev-cards=1	roads=[170,88]; settlements=[186,105]	Yep. What do you have?	 	 
123	18:42:20:669	ljaybrad123	clay=0; ore=0; sheep=0; wheat=6; wood=1; unknown=0; knights=0; dev-cards=0	roads=[84,200; 200,199; 199,182]; settlements=[101,201]	wheat	 	 
124	18:42:23:999	ljaybrad123	clay=0; ore=0; sheep=0; wheat=6; wood=1; unknown=0; knights=0; dev-cards=0	roads=[84,200; 200,199; 199,182]; settlements=[101,201]	lots of wheat	 	 
125	18:42:29:675	CheshireCatGrin	clay=6; ore=1; sheep=0; wheat=1; wood=0; unknown=0; knights=0; dev-cards=1	roads=[170,88]; settlements=[186,105]	(I only seem to ever have caly. Lots of clay)	 	 
126	18:42:39:189	ljaybrad123	clay=0; ore=0; sheep=0; wheat=6; wood=1; unknown=0; knights=0; dev-cards=0	roads=[84,200; 200,199; 199,182]; settlements=[101,201]	lots of 8s recently...	 	 
127	18:42:42:565	ljaybrad123	clay=0; ore=0; sheep=0; wheat=6; wood=1; unknown=0; knights=0; dev-cards=0	roads=[84,200; 200,199; 199,182]; settlements=[101,201]	2 for 2?	 	 
128	18:42:44:320	CheshireCatGrin	clay=6; ore=1; sheep=0; wheat=1; wood=0; unknown=0; knights=0; dev-cards=1	roads=[170,88]; settlements=[186,105]	Haha, wheat is the one thing I don't want	 	 
129	18:42:45:630	CheshireCatGrin	clay=6; ore=1; sheep=0; wheat=1; wood=0; unknown=0; knights=0; dev-cards=1	roads=[170,88]; settlements=[186,105]	Sorry	 	 
130	18:43:04:781	Server	 		CheshireCatGrin rolled a 3 and a 6.	 	 
131	18:43:04:786	Server	 		inca gets 1 wheat, 1 wood.	 	 
132	18:43:09:785	ljaybrad123	clay=0; ore=0; sheep=0; wheat=6; wood=1; unknown=0; knights=0; dev-cards=0	roads=[84,200; 200,199; 199,182]; settlements=[101,201]	I hate this button!	 	 
133	18:43:10:197	gotwood4sheep	clay=0; ore=1; sheep=0; wheat=1; wood=0; unknown=0; knights=2; dev-cards=0	roads=[69,136; 136,52]; settlements=[86,137]	CCG, I may be interested later :)	 	 
134	18:43:20:092	gotwood4sheep	clay=0; ore=1; sheep=0; wheat=1; wood=0; unknown=0; knights=2; dev-cards=0	roads=[69,136; 136,52]; settlements=[86,137]	did you 'done' too soon, LJ?	 	 
135	18:43:24:561	ljaybrad123	clay=0; ore=0; sheep=0; wheat=6; wood=1; unknown=0; knights=0; dev-cards=0	roads=[84,200; 200,199; 199,182]; settlements=[101,201]	again	 	 
136	18:43:28:750	ljaybrad123	clay=0; ore=0; sheep=0; wheat=6; wood=1; unknown=0; knights=0; dev-cards=0	roads=[84,200; 200,199; 199,182]; settlements=[101,201]	as always	 	 
137	18:43:35:005	gotwood4sheep	clay=0; ore=1; sheep=0; wheat=1; wood=0; unknown=0; knights=2; dev-cards=0	roads=[69,136; 136,52]; settlements=[86,137]	it is painfully close to all the other buttons	 	 
138	18:43:36:968	inca	clay=0; ore=0; sheep=1; wheat=1; wood=1; unknown=0; knights=0; dev-cards=0	roads=[122,150; 150,166; 166,165]; settlements=[139,150; 150,182]	ah, i always do that too	 	 
139	18:43:41:500	inca	clay=0; ore=0; sheep=1; wheat=1; wood=1; unknown=0; knights=0; dev-cards=0	roads=[122,150; 150,166; 166,165]; settlements=[139,150; 150,182]	thinking it means 'done' with the trade	 	 
140	18:44:05:179	gotwood4sheep	clay=0; ore=1; sheep=0; wheat=1; wood=0; unknown=0; knights=2; dev-cards=0	roads=[69,136; 136,52]; settlements=[86,137]	ambiguous buttons...	 	 
141	18:44:22:655	Server	 		CheshireCatGrin traded 4 clay for 1 wood from the bank.	 	 
142	18:44:33:777	Server	 		CheshireCatGrin built a road.	 	 
143	18:44:42:361	Server	 		inca rolled a 2 and a 6.	 	 
144	18:44:42:365	Server	 		ljaybrad123 gets 1 wheat. CheshireCatGrin gets 1 clay.	 	 
145	18:44:49:545	Server	 		gotwood4sheep rolled a 2 and a 4.	 	 
146	18:44:49:549	Server	 		gotwood4sheep gets 1 wheat. CheshireCatGrin gets 1 wheat.	 	 
147	18:45:07:345	Server	 		ljaybrad123 rolled a 6 and a 6.	 	 
148	18:45:07:349	Server	 		CheshireCatGrin gets 1 clay.	 	 
149	18:45:14:306	gotwood4sheep	clay=0; ore=1; sheep=0; wheat=2; wood=0; unknown=0; knights=2; dev-cards=0	roads=[69,136; 136,52]; settlements=[86,137]	CCG rolling in clay!	 	 
150	18:45:30:398	CheshireCatGrin	clay=3; ore=1; sheep=0; wheat=2; wood=0; unknown=0; knights=0; dev-cards=1	roads=[170,88; 88,171]; settlements=[186,105]	Haha	 	 
151	18:45:35:885	Server	 		ljaybrad123 traded 4 wheat for 1 clay from the bank.	 	 
152	18:45:39:925	CheshireCatGrin	clay=3; ore=1; sheep=0; wheat=2; wood=0; unknown=0; knights=0; dev-cards=1	roads=[170,88; 88,171]; settlements=[186,105]	Something else might be nice ...	 	 
153	18:45:46:787	Server	 		ljaybrad123 built a road.	 	 
154	18:45:55:287	Server	 		CheshireCatGrin rolled a 4 and a 3.	 	 
155	18:47:02:943	Server	 		inca rolled a 4 and a 5.	 	 
156	18:47:02:948	Server	 		inca gets 1 wheat, 1 wood.	 	 
157	18:47:29:968	inca	clay=0; ore=0; sheep=1; wheat=1; wood=2; unknown=0; knights=0; dev-cards=0	roads=[122,150; 150,166; 166,165]; settlements=[139,150; 150,182]	could i get one of your many clays CCG? can give you sheep or wood	 	 
158	18:47:38:105	CheshireCatGrin	clay=3; ore=1; sheep=0; wheat=3; wood=0; unknown=0; knights=0; dev-cards=1	roads=[170,88; 88,171]; settlements=[186,105]	clay for wood	 	 
159	18:47:41:781	CheshireCatGrin	clay=3; ore=1; sheep=0; wheat=3; wood=0; unknown=0; knights=0; dev-cards=1	roads=[170,88; 88,171]; settlements=[186,105]	1 for 1	 	 
160	18:47:41:802	inca	clay=0; ore=0; sheep=1; wheat=1; wood=2; unknown=0; knights=0; dev-cards=0	roads=[122,150; 150,166; 166,165]; settlements=[139,150; 150,182]	cool	 	 
161	18:48:00:495	Server	 		inca made an offer to trade 1 wood for 1 clay.	 	 
162	18:48:07:779	Server	 		inca traded 1 wood for 1 clay from CheshireCatGrin.	 	 
163	18:48:11:606	inca	clay=1; ore=0; sheep=1; wheat=1; wood=1; unknown=0; knights=0; dev-cards=0	roads=[122,150; 150,166; 166,165]; settlements=[139,150; 150,182]	cheers!	 	 
164	18:48:15:583	CheshireCatGrin	clay=2; ore=1; sheep=0; wheat=3; wood=1; unknown=0; knights=0; dev-cards=1	roads=[170,88; 88,171]; settlements=[186,105]	:)	 	 
165	18:48:17:095	Server	 		inca built a road.	 	 
166	18:48:18:455	gotwood4sheep	clay=0; ore=1; sheep=0; wheat=2; wood=0; unknown=0; knights=2; dev-cards=0	roads=[69,136; 136,52]; settlements=[86,137]	consummate execution on the trade :D	 	 
167	18:48:25:281	Server	 		gotwood4sheep rolled a 5 and a 6.	 	 
168	18:48:25:285	Server	 		gotwood4sheep gets 1 wheat.	 	 
169	18:48:31:279	gotwood4sheep	clay=0; ore=1; sheep=0; wheat=3; wood=0; unknown=0; knights=2; dev-cards=0	roads=[69,136; 136,52]; settlements=[86,137]	anyone got a sheep?	 	 
170	18:48:34:089	gotwood4sheep	clay=0; ore=1; sheep=0; wheat=3; wood=0; unknown=0; knights=2; dev-cards=0	roads=[69,136; 136,52]; settlements=[86,137]	can offer a wheat	 	 
171	18:48:35:640	ljaybrad123	clay=0; ore=0; sheep=0; wheat=3; wood=0; unknown=0; knights=0; dev-cards=0	roads=[84,200; 200,199; 199,182; 182,101]; settlements=[101,201]	nope	 	 
172	18:48:38:915	CheshireCatGrin	clay=2; ore=1; sheep=0; wheat=3; wood=1; unknown=0; knights=0; dev-cards=1	roads=[170,88; 88,171]; settlements=[186,105]	nope	 	 
173	18:48:49:855	inca	clay=0; ore=0; sheep=1; wheat=1; wood=0; unknown=0; knights=0; dev-cards=0	roads=[122,150; 150,166; 166,165; 165,148]; settlements=[139,150; 150,182]	sorry, think i need mine	 	 
174	18:48:52:284	gotwood4sheep	clay=0; ore=1; sheep=0; wheat=3; wood=0; unknown=0; knights=2; dev-cards=0	roads=[69,136; 136,52]; settlements=[86,137]	no problemo	 	 
175	18:48:55:177	Server	 		ljaybrad123 rolled a 2 and a 3.	 	 
176	18:48:55:181	Server	 		gotwood4sheep gets 1 ore. CheshireCatGrin gets 1 ore. inca gets 1 ore.	 	 
177	18:49:08:822	Server	 		CheshireCatGrin rolled a 5 and a 4.	 	 
178	18:49:08:827	Server	 		inca gets 1 wheat, 1 wood.	 	 
179	18:49:25:188	CheshireCatGrin	clay=2; ore=2; sheep=0; wheat=3; wood=1; unknown=0; knights=0; dev-cards=1	roads=[170,88; 88,171]; settlements=[186,105]	anyone got a sheep?	 	 
180	18:49:30:802	ljaybrad123	clay=0; ore=0; sheep=0; wheat=3; wood=0; unknown=0; knights=0; dev-cards=0	roads=[84,200; 200,199; 199,182; 182,101]; settlements=[101,201]	no	 	 
181	18:49:31:936	gotwood4sheep	clay=0; ore=2; sheep=0; wheat=3; wood=0; unknown=0; knights=2; dev-cards=0	roads=[69,136; 136,52]; settlements=[86,137]	only inca	 	 
182	18:49:31:971	inca	clay=0; ore=1; sheep=1; wheat=2; wood=1; unknown=0; knights=0; dev-cards=0	roads=[122,150; 150,166; 166,165; 165,148]; settlements=[139,150; 150,182]	sorry	 	 
183	18:49:37:078	gotwood4sheep	clay=0; ore=2; sheep=0; wheat=3; wood=0; unknown=0; knights=2; dev-cards=0	roads=[69,136; 136,52]; settlements=[86,137]	and he's holding his	 	 
184	18:49:44:563	gotwood4sheep	clay=0; ore=2; sheep=0; wheat=3; wood=0; unknown=0; knights=2; dev-cards=0	roads=[69,136; 136,52]; settlements=[86,137]	and the closest I'm at is my avatar	 	 
185	18:49:48:220	gotwood4sheep	clay=0; ore=2; sheep=0; wheat=3; wood=0; unknown=0; knights=2; dev-cards=0	roads=[69,136; 136,52]; settlements=[86,137]	which i think is a cloud, actually	 	 
186	18:49:50:373	inca	clay=0; ore=1; sheep=1; wheat=2; wood=1; unknown=0; knights=0; dev-cards=0	roads=[122,150; 150,166; 166,165; 165,148]; settlements=[139,150; 150,182]	haha	 	 
187	18:49:51:747	gotwood4sheep	clay=0; ore=2; sheep=0; wheat=3; wood=0; unknown=0; knights=2; dev-cards=0	roads=[69,136; 136,52]; settlements=[86,137]	(a sheep with no legs)	 	 
188	18:49:54:856	CheshireCatGrin	clay=2; ore=2; sheep=0; wheat=3; wood=1; unknown=0; knights=0; dev-cards=1	roads=[170,88; 88,171]; settlements=[186,105]	haha, ok	 	 
189	18:50:03:446	ljaybrad123	clay=0; ore=0; sheep=0; wheat=3; wood=0; unknown=0; knights=0; dev-cards=0	roads=[84,200; 200,199; 199,182; 182,101]; settlements=[101,201]	its better than some of them.... :p	 	 
190	18:50:08:044	gotwood4sheep	clay=0; ore=2; sheep=0; wheat=3; wood=0; unknown=0; knights=2; dev-cards=0	roads=[69,136; 136,52]; settlements=[86,137]	lol	 	 
191	18:50:14:740	ljaybrad123	clay=0; ore=0; sheep=0; wheat=3; wood=0; unknown=0; knights=0; dev-cards=0	roads=[84,200; 200,199; 199,182; 182,101]; settlements=[101,201]	it looks like a very... intoxicated cloud	 	 
192	18:50:21:473	gotwood4sheep	clay=0; ore=2; sheep=0; wheat=3; wood=0; unknown=0; knights=2; dev-cards=0	roads=[69,136; 136,52]; settlements=[86,137]	maybe it's laughing gas	 	 
193	18:50:41:007	Server	 		CheshireCatGrin built a road.	 	 
194	18:50:49:009	Server	 		inca rolled a 6 and a 3.	 	 
195	18:50:49:014	Server	 		inca gets 1 wheat, 1 wood.	 	 
196	18:50:54:337	gotwood4sheep	clay=0; ore=2; sheep=0; wheat=3; wood=0; unknown=0; knights=2; dev-cards=0	roads=[69,136; 136,52]; settlements=[86,137]	9s aplenty	 	 
197	18:51:02:560	Server	 		gotwood4sheep rolled a 6 and a 5.	 	 
198	18:51:02:564	Server	 		gotwood4sheep gets 1 wheat.	 	 
199	18:51:11:849	gotwood4sheep	clay=0; ore=2; sheep=0; wheat=4; wood=0; unknown=0; knights=2; dev-cards=0	roads=[69,136; 136,52]; settlements=[86,137]	anyone got anything they'd trade for wheat?	 	 
200	18:51:16:568	gotwood4sheep	clay=0; ore=2; sheep=0; wheat=4; wood=0; unknown=0; knights=2; dev-cards=0	roads=[69,136; 136,52]; settlements=[86,137]	i can offer wheat :D	 	 
201	18:51:19:595	ljaybrad123	clay=0; ore=0; sheep=0; wheat=3; wood=0; unknown=0; knights=0; dev-cards=0	roads=[84,200; 200,199; 199,182; 182,101]; settlements=[101,201]	loads of wheat	 	 
202	18:51:30:186	CheshireCatGrin	clay=1; ore=2; sheep=0; wheat=3; wood=0; unknown=0; knights=0; dev-cards=1	roads=[170,88; 88,171; 171,71]; settlements=[186,105]	don't need any, sorry	 	 
203	18:51:33:206	gotwood4sheep	clay=0; ore=2; sheep=0; wheat=4; wood=0; unknown=0; knights=2; dev-cards=0	roads=[69,136; 136,52]; settlements=[86,137]	we all seem to have a surfeit.  harvests are good	 	 
204	18:51:41:361	inca	clay=0; ore=0; sheep=0; wheat=2; wood=2; unknown=0; knights=0; dev-cards=1	roads=[122,150; 150,166; 166,165; 165,148]; settlements=[139,150; 150,182]	yep i've got plenty now too, sorry	 	 
205	18:51:43:788	Server	 		ljaybrad123 rolled a 6 and a 2.	 	 
206	18:51:43:793	Server	 		ljaybrad123 gets 1 wheat. CheshireCatGrin gets 1 clay.	 	 
207	18:51:58:802	Server	 		CheshireCatGrin rolled a 3 and a 1.	 	 
208	18:51:58:805	Server	 		gotwood4sheep gets 1 sheep, 1 wood. CheshireCatGrin gets 1 sheep.	 	 
209	18:52:26:098	Server	 		inca rolled a 5 and a 6.	 	 
210	18:52:26:103	Server	 		gotwood4sheep gets 1 wheat.	 	 
211	18:52:34:364	Server	 		gotwood4sheep rolled a 2 and a 4.	 	 
212	18:52:34:370	Server	 		gotwood4sheep gets 1 wheat. ljaybrad123 gets 1 wood. CheshireCatGrin gets 1 wheat. inca gets 1 wood.	 	 
213	18:52:43:308	gotwood4sheep	clay=0; ore=2; sheep=1; wheat=6; wood=1; unknown=0; knights=2; dev-cards=0	roads=[69,136; 136,52]; settlements=[86,137]	anyone got clay?	 	 
214	18:52:47:799	ljaybrad123	clay=0; ore=0; sheep=0; wheat=4; wood=1; unknown=0; knights=0; dev-cards=0	roads=[84,200; 200,199; 199,182; 182,101]; settlements=[101,201]	nope	 	 
215	18:52:48:440	inca	clay=0; ore=0; sheep=0; wheat=2; wood=3; unknown=0; knights=0; dev-cards=1	roads=[122,150; 150,166; 166,165; 165,148]; settlements=[139,150; 150,182]	afraid not	 	 
216	18:52:55:958	CheshireCatGrin	clay=2; ore=2; sheep=1; wheat=4; wood=0; unknown=0; knights=0; dev-cards=1	roads=[170,88; 88,171; 171,71]; settlements=[186,105]	not to trade, sorry	 	 
217	18:53:03:170	gotwood4sheep	clay=0; ore=2; sheep=1; wheat=6; wood=1; unknown=0; knights=2; dev-cards=0	roads=[69,136; 136,52]; settlements=[86,137]	not even for an ore?	 	 
218	18:53:09:716	CheshireCatGrin	clay=2; ore=2; sheep=1; wheat=4; wood=0; unknown=0; knights=0; dev-cards=1	roads=[170,88; 88,171; 171,71]; settlements=[186,105]	oooh	 	 
219	18:53:15:435	CheshireCatGrin	clay=2; ore=2; sheep=1; wheat=4; wood=0; unknown=0; knights=0; dev-cards=1	roads=[170,88; 88,171; 171,71]; settlements=[186,105]	you have me, go on	 	 
220	18:53:17:704	CheshireCatGrin	clay=2; ore=2; sheep=1; wheat=4; wood=0; unknown=0; knights=0; dev-cards=1	roads=[170,88; 88,171; 171,71]; settlements=[186,105]	1 for 1?	 	 
221	18:53:21:560	gotwood4sheep	clay=0; ore=2; sheep=1; wheat=6; wood=1; unknown=0; knights=2; dev-cards=0	roads=[69,136; 136,52]; settlements=[86,137]	sure thing	 	 
222	18:53:28:514	Server	 		gotwood4sheep made an offer to trade 1 ore for 1 clay.	 	 
223	18:53:32:042	Server	 		gotwood4sheep traded 1 ore for 1 clay from CheshireCatGrin.	 	 
224	18:53:40:630	gotwood4sheep	clay=1; ore=1; sheep=1; wheat=6; wood=1; unknown=0; knights=2; dev-cards=0	roads=[69,136; 136,52]; settlements=[86,137]	many thanks, hope that was mutually beneficial :)
225	18:53:44:140	Server	 		gotwood4sheep built a settlement.	 	 
226	18:53:49:489	Server	 		gotwood4sheep traded 2 wheat for 1 sheep from a port.	 	 
227	18:53:54:710	Server	 		ljaybrad123 rolled a 2 and a 3.	 	 
228	18:53:54:713	Server	 		gotwood4sheep gets 1 ore. CheshireCatGrin gets 1 ore. inca gets 1 ore.	 	 
229	18:54:03:712	CheshireCatGrin	clay=1; ore=4; sheep=1; wheat=4; wood=0; unknown=0; knights=0; dev-cards=1	roads=[170,88; 88,171; 171,71]; settlements=[186,105]	If a 7 doesn't come up, it will be ...	 	 
230	18:54:04:701	gotwood4sheep	clay=0; ore=1; sheep=0; wheat=2; wood=0; unknown=0; knights=2; dev-cards=1	roads=[69,136; 136,52]; settlements=[86,137; 137,52]	i like it when trading helps all	 	 
231	18:54:06:166	ljaybrad123	clay=0; ore=0; sheep=0; wheat=4; wood=1; unknown=0; knights=0; dev-cards=0	roads=[84,200; 200,199; 199,182; 182,101]; settlements=[101,201]	anyone have clay?	 	 
232	18:54:08:333	gotwood4sheep	clay=0; ore=1; sheep=0; wheat=2; wood=0; unknown=0; knights=2; dev-cards=1	roads=[69,136; 136,52]; settlements=[86,137; 137,52]	yeah lol	 	 
233	18:54:13:918	ljaybrad123	clay=0; ore=0; sheep=0; wheat=4; wood=1; unknown=0; knights=0; dev-cards=0	roads=[84,200; 200,199; 199,182; 182,101]; settlements=[101,201]	want wheat?	 	 
234	18:54:16:527	gotwood4sheep	clay=0; ore=1; sheep=0; wheat=2; wood=0; unknown=0; knights=2; dev-cards=1	roads=[69,136; 136,52]; settlements=[86,137; 137,52]	your coffers runneth over	 	 
235	18:54:21:392	inca	clay=0; ore=1; sheep=0; wheat=2; wood=3; unknown=0; knights=0; dev-cards=1	roads=[122,150; 150,166; 166,165; 165,148]; settlements=[139,150; 150,182]	sorry lj, still got none	 	 
236	18:54:25:491	gotwood4sheep	clay=0; ore=1; sheep=0; wheat=2; wood=0; unknown=0; knights=2; dev-cards=1	roads=[69,136; 136,52]; settlements=[86,137; 137,52]	i'm clayless, apologies	 	 
237	18:54:33:921	gotwood4sheep	clay=0; ore=1; sheep=0; wheat=2; wood=0; unknown=0; knights=2; dev-cards=1	roads=[69,136; 136,52]; settlements=[86,137; 137,52]	[clueless]	 	 
238	18:54:35:608	CheshireCatGrin	clay=1; ore=4; sheep=1; wheat=4; wood=0; unknown=0; knights=0; dev-cards=1	roads=[170,88; 88,171; 171,71]; settlements=[186,105]	i've no clay to trade (Really, this time)	 	 
239	18:54:39:711	Server	 		ljaybrad123 traded 4 wheat for 1 clay from the bank.	 	 
240	18:54:49:721	Server	 		ljaybrad123 built a road.	 	 
241	18:54:56:642	Server	 		CheshireCatGrin rolled a 4 and a 2.	 	 
242	18:54:56:647	Server	 		gotwood4sheep gets 1 wheat. ljaybrad123 gets 1 wood. CheshireCatGrin gets 1 wheat. inca gets 1 wood.	 	 
243	18:55:25:091	Server	 		CheshireCatGrin built a city.	 	 
244	18:55:36:147	gotwood4sheep	clay=0; ore=1; sheep=0; wheat=3; wood=0; unknown=0; knights=2; dev-cards=1	roads=[69,136; 136,52]; settlements=[86,137; 137,52]	bright light big city	 	 
245	18:55:51:485	Server	 		inca rolled a 5 and a 2.	 	 
246	18:56:33:797	Server	 		inca traded 3 wood for 1 clay from a port.	 	 
247	18:56:41:144	Server	 		inca built a road.	 	 
248	18:56:46:817	Server	 		gotwood4sheep rolled a 5 and a 1.	 	 
249	18:56:46:821	Server	 		ljaybrad123 gets 1 wood. inca gets 1 wood.	 	 
250	18:56:52:703	Server	 		gotwood4sheep traded 2 wheat for 1 sheep from a port.	 	 
251	18:56:59:957	Server	 		ljaybrad123 rolled a 5 and a 2.	 	 
252	18:58:22:442	Server	 		CheshireCatGrin rolled a 6 and a 2.	 	 
253	18:58:22:446	Server	 		ljaybrad123 gets 1 wheat. CheshireCatGrin gets 1 clay.	 	 
254	18:58:38:490	CheshireCatGrin	clay=2; ore=1; sheep=0; wheat=2; wood=1; unknown=0; knights=1; dev-cards=0	roads=[170,88; 88,171; 171,71]	any one got a sheep?	 	 
255	18:58:45:159	inca	clay=0; ore=0; sheep=0; wheat=1; wood=0; unknown=0; knights=0; dev-cards=2	roads=[122,150; 150,166; 166,165; 165,148; 148,131]; settlements=[139,150; 150,182]	sorry, nope	 	 
256	18:58:45:551	ljaybrad123	clay=0; ore=0; sheep=0; wheat=2; wood=2; unknown=0; knights=0; dev-cards=0	roads=[84,200; 200,199; 199,182; 182,101; 101,184]; settlements=[101,201]	no sorry	 	 
257	18:58:54:429	gotwood4sheep	clay=0; ore=0; sheep=0; wheat=0; wood=0; unknown=0; knights=2; dev-cards=2	roads=[69,136; 136,52]; settlements=[86,137; 137,52]	i am without resource or recourse	 	 
258	18:59:37:529	Server	 		inca rolled a 1 and a 4.	 	 
259	18:59:37:534	Server	 		gotwood4sheep gets 1 ore. CheshireCatGrin gets 2 ore. inca gets 1 ore.	 	 
260	18:59:44:812	Server	 		gotwood4sheep rolled a 4 and a 1.	 	 
261	18:59:44:816	Server	 		gotwood4sheep gets 1 ore. CheshireCatGrin gets 2 ore. inca gets 1 ore.	 	 
262	18:59:52:056	Server	 		ljaybrad123 rolled a 6 and a 5.	 	 
263	18:59:52:060	Server	 		gotwood4sheep gets 1 wheat.	 	 
264	19:00:18:425	Server	 		CheshireCatGrin rolled a 2 and a 6.	 	 
265	19:00:18:430	Server	 		ljaybrad123 gets 1 wheat. CheshireCatGrin gets 1 clay.	 	 
266	19:00:29:736	Server	 		CheshireCatGrin built a city.	 	 
267	19:00:46:687	Server	 		inca rolled a 5 and a 3.	 	 
268	19:00:46:691	Server	 		ljaybrad123 gets 1 wheat. CheshireCatGrin gets 2 clay.	 	 
269	19:00:56:144	Server	 		gotwood4sheep rolled a 4 and a 1.	 	 
270	19:00:56:147	Server	 		gotwood4sheep gets 1 ore. CheshireCatGrin gets 2 ore. inca gets 1 ore.	 	 
271	19:01:02:565	Server	 		ljaybrad123 rolled a 5 and a 2.	 	 
272	19:01:10:093	gotwood4sheep	clay=0; ore=3; sheep=0; wheat=1; wood=0; unknown=0; knights=2; dev-cards=2	roads=[69,136; 136,52]; settlements=[86,137; 137,52]	ouch	 	 
273	19:01:16:264	ljaybrad123	clay=0; ore=0; sheep=0; wheat=4; wood=2; unknown=0; knights=0; dev-cards=0	roads=[84,200; 200,199; 199,182; 182,101; 101,184]; settlements=[101,201]	:(	 	 
274	19:01:40:560	gotwood4sheep	clay=0; ore=2; sheep=0; wheat=1; wood=0; unknown=0; knights=2; dev-cards=2	roads=[69,136; 136,52]; settlements=[86,137; 137,52]	boo	 	 
275	19:01:47:759	ljaybrad123	clay=0; ore=1; sheep=0; wheat=4; wood=2; unknown=0; knights=0; dev-cards=0	roads=[84,200; 200,199; 199,182; 182,101; 101,184]; settlements=[101,201]	anyone have sheep or clay?	 	 
276	19:01:50:484	CheshireCatGrin	clay=4; ore=0; sheep=0; wheat=0; wood=1; unknown=0; knights=1; dev-cards=0	roads=[170,88; 88,171; 171,71]; cities=[105,186]	Thank goodness for all the clay ...	 	 
277	19:02:01:653	CheshireCatGrin	clay=4; ore=0; sheep=0; wheat=0; wood=1; unknown=0; knights=1; dev-cards=0	roads=[170,88; 88,171; 171,71]; cities=[105,186]	Not anymore	 	 
278	19:02:02:027	inca	clay=1; ore=3; sheep=0; wheat=1; wood=0; unknown=0; knights=1; dev-cards=1	roads=[122,150; 150,166; 166,165; 165,148; 148,131]; settlements=[139,150; 150,182]	i need my one clay, sorry	 	 
279	19:02:20:583	Server	 		ljaybrad123 traded 4 wheat for 1 sheep from the bank.	 	 
280	19:02:27:267	Server	 		CheshireCatGrin rolled a 2 and a 4.	 	 
281	19:02:27:271	Server	 		ljaybrad123 gets 1 wood. inca gets 1 wood.	 	 
282	19:02:47:547	Server	 		inca rolled a 4 and a 4.	 	 
283	19:02:47:551	Server	 		ljaybrad123 gets 1 wheat. CheshireCatGrin gets 2 clay.	 	 
284	19:03:12:281	Server	 		gotwood4sheep rolled a 5 and a 3.	 	 
285	19:03:12:284	Server	 		ljaybrad123 gets 1 wheat. CheshireCatGrin gets 2 clay.	 	 
286	19:03:18:894	Server	 		ljaybrad123 rolled a 6 and a 6.	 	 
287	19:03:18:899	Server	 		CheshireCatGrin gets 2 clay.	 	 
288	19:03:24:648	inca	clay=1; ore=3; sheep=0; wheat=1; wood=1; unknown=0; knights=1; dev-cards=1	roads=[122,150; 150,166; 166,165; 165,148; 148,131]; settlements=[139,150; 150,182]	haha	 	 
289	19:03:36:793	Server	 		CheshireCatGrin rolled a 3 and a 3.	 	 
290	19:03:36:797	Server	 		gotwood4sheep gets 1 wheat. CheshireCatGrin gets 2 wheat.	 	 
291	19:03:37:612	gotwood4sheep	clay=0; ore=2; sheep=0; wheat=2; wood=1; unknown=0; knights=3; dev-cards=1	roads=[69,136; 136,52]; settlements=[86,137; 137,52]	CCG so wealthy!	 	 
292	19:03:39:577	gotwood4sheep	clay=0; ore=2; sheep=0; wheat=2; wood=1; unknown=0; knights=3; dev-cards=1	roads=[69,136; 136,52]; settlements=[86,137; 137,52]	kerching	 	 
293	19:03:43:504	CheshireCatGrin	clay=10; ore=0; sheep=0; wheat=2; wood=1; unknown=0; knights=1; dev-cards=0	roads=[170,88; 88,171; 171,71]; cities=[105,186]	SO MUCH CLAY	 	 
294	19:03:53:686	ljaybrad123	clay=0; ore=0; sheep=0; wheat=1; wood=2; unknown=0; knights=0; dev-cards=1	roads=[84,200; 200,199; 199,182; 182,101; 101,184]; settlements=[101,201]	be careful... wouldnt want to loose to a robber	 	 
295	19:04:16:757	gotwood4sheep	clay=0; ore=2; sheep=0; wheat=2; wood=1; unknown=0; knights=3; dev-cards=1	roads=[69,136; 136,52]; settlements=[86,137; 137,52]	i'll trade 2 clay for 2 ore, ccg?	 	 
296	19:04:26:196	Server	 		CheshireCatGrin traded 4 clay for 1 sheep from the bank.	 	 
297	19:04:54:564	CheshireCatGrin	clay=6; ore=0; sheep=1; wheat=2; wood=1; unknown=0; knights=1; dev-cards=0	roads=[170,88; 88,171; 171,71]; cities=[105,186]	Don't need ore, sorru	 	 
298	19:04:58:722	gotwood4sheep	clay=0; ore=2; sheep=0; wheat=2; wood=1; unknown=0; knights=3; dev-cards=1	roads=[69,136; 136,52]; settlements=[86,137; 137,52]	okey dokey	 	 
299	19:05:00:015	gotwood4sheep	clay=0; ore=2; sheep=0; wheat=2; wood=1; unknown=0; knights=3; dev-cards=1	roads=[69,136; 136,52]; settlements=[86,137; 137,52]	no prob	 	 
300	19:05:09:663	Server	 		CheshireCatGrin traded 4 clay for 1 wood from the bank.	 	 
301	19:05:15:084	Server	 		CheshireCatGrin built a road.	 	 
302	19:05:18:989	Server	 		CheshireCatGrin built a settlement.	 	 
303	19:05:36:873	Server	 		inca rolled a 1 and a 3.	 	 
304	19:05:36:878	Server	 		gotwood4sheep gets 1 sheep, 2 wood. CheshireCatGrin gets 2 sheep, 1 wood.	 	 
305	19:06:18:298	inca	clay=1; ore=3; sheep=0; wheat=1; wood=1; unknown=0; knights=1; dev-cards=1	roads=[122,150; 150,166; 166,165; 165,148; 148,131]; settlements=[139,150; 150,182]	anyone got wheat? I'll give wood or clay	 	 
306	19:06:22:678	CheshireCatGrin	clay=0; ore=0; sheep=2; wheat=1; wood=1; unknown=0; knights=1; dev-cards=0	roads=[170,88; 88,171; 171,71; 71,54]; cities=[105,186]	nope	 	 
307	19:06:26:476	ljaybrad123	clay=0; ore=0; sheep=0; wheat=1; wood=2; unknown=0; knights=0; dev-cards=1	roads=[84,200; 200,199; 199,182; 182,101; 101,184]; settlements=[101,201]	yes	 	 
308	19:06:29:082	gotwood4sheep	clay=0; ore=2; sheep=1; wheat=2; wood=3; unknown=0; knights=3; dev-cards=1	roads=[69,136; 136,52]; settlements=[86,137; 137,52]	1 wheat for 1 clay	 	 
309	19:06:30:104	ljaybrad123	clay=0; ore=0; sheep=0; wheat=1; wood=2; unknown=0; knights=0; dev-cards=1	roads=[84,200; 200,199; 199,182; 182,101; 101,184]; settlements=[101,201]	clay please	 	 
310	19:06:32:555	gotwood4sheep	clay=0; ore=2; sheep=1; wheat=2; wood=3; unknown=0; knights=3; dev-cards=1	roads=[69,136; 136,52]; settlements=[86,137; 137,52]	ah ha	 	 
311	19:06:33:789	gotwood4sheep	clay=0; ore=2; sheep=1; wheat=2; wood=3; unknown=0; knights=3; dev-cards=1	roads=[69,136; 136,52]; settlements=[86,137; 137,52]	snap	 	 
312	19:06:37:633	ljaybrad123	clay=0; ore=0; sheep=0; wheat=1; wood=2; unknown=0; knights=0; dev-cards=1	roads=[84,200; 200,199; 199,182; 182,101; 101,184]; settlements=[101,201]	:p	 	 
313	19:06:47:931	inca	clay=1; ore=3; sheep=0; wheat=1; wood=1; unknown=0; knights=1; dev-cards=1	roads=[122,150; 150,166; 166,165; 165,148; 148,131]; settlements=[139,150; 150,182]	sorry gotty!	 	 
314	19:06:52:665	gotwood4sheep	clay=0; ore=2; sheep=1; wheat=2; wood=3; unknown=0; knights=3; dev-cards=1	roads=[69,136; 136,52]; settlements=[86,137; 137,52]	flip a coin, inca :)	 	 
315	19:07:00:094	ljaybrad123	clay=0; ore=0; sheep=0; wheat=1; wood=2; unknown=0; knights=0; dev-cards=1	roads=[84,200; 200,199; 199,182; 182,101; 101,184]; settlements=[101,201]	im less of a threat :p	 	 
316	19:07:04:073	gotwood4sheep	clay=0; ore=2; sheep=1; wheat=2; wood=3; unknown=0; knights=3; dev-cards=1	roads=[69,136; 136,52]; settlements=[86,137; 137,52]	it's cool, LJ said yeah first	 	 
317	19:07:14:119	inca	clay=1; ore=3; sheep=0; wheat=1; wood=1; unknown=0; knights=1; dev-cards=1	roads=[122,150; 150,166; 166,165; 165,148; 148,131]; settlements=[139,150; 150,182]	yeah i'll go with the first one, sorry about that	 
318	19:07:24:203	Server	 		inca made an offer to trade 1 clay for 1 wheat.	 	 
319	19:07:28:818	Server	 		inca traded 1 clay for 1 wheat from ljaybrad123.	 	 
320	19:07:35:140	Server	 		inca built a city.	 	 
321	19:07:39:956	Server	 		gotwood4sheep rolled a 6 and a 4.	 	 
322	19:07:39:961	Server	 		ljaybrad123 gets 1 clay. inca gets 2 clay, 1 sheep.	 	 
323	19:07:56:878	gotwood4sheep	clay=0; ore=2; sheep=1; wheat=2; wood=3; unknown=0; knights=3; dev-cards=1	roads=[69,136; 136,52]; settlements=[86,137; 137,52]	anyone want to trade clay for something?	 	 
324	19:08:02:694	ljaybrad123	clay=2; ore=0; sheep=0; wheat=0; wood=2; unknown=0; knights=0; dev-cards=1	roads=[84,200; 200,199; 199,182; 182,101; 101,184]; settlements=[101,201]	nope	 	 
325	19:08:13:923	inca	clay=2; ore=0; sheep=1; wheat=0; wood=1; unknown=0; knights=1; dev-cards=1	roads=[122,150; 150,166; 166,165; 165,148; 148,131]; settlements=[139,182]	have you still got ore?	 	 
326	19:08:18:051	inca	clay=2; ore=0; sheep=1; wheat=0; wood=1; unknown=0; knights=1; dev-cards=1	roads=[122,150; 150,166; 166,165; 165,148; 148,131]; settlements=[139,182]	i'll trade 1 for 1	 	 
327	19:08:20:609	gotwood4sheep	clay=0; ore=2; sheep=1; wheat=2; wood=3; unknown=0; knights=3; dev-cards=1	roads=[69,136; 136,52]; settlements=[86,137; 137,52]	deal	 	 
328	19:08:29:673	Server	 		gotwood4sheep made an offer to trade 1 ore for 1 clay.	 	 
329	19:08:32:146	Server	 		gotwood4sheep traded 1 ore for 1 clay from inca.	 	 
330	19:08:40:809	gotwood4sheep	clay=1; ore=1; sheep=1; wheat=2; wood=3; unknown=0; knights=3; dev-cards=1	roads=[69,136; 136,52]; settlements=[86,137; 137,52]	anyone else?	 	 
331	19:08:46:551	CheshireCatGrin	clay=0; ore=0; sheep=2; wheat=1; wood=1; unknown=0; knights=1; dev-cards=0	roads=[170,88; 88,171; 171,71; 71,54]; cities=[105,186]	not me	 	 
332	19:08:46:663	gotwood4sheep	clay=1; ore=1; sheep=1; wheat=2; wood=3; unknown=0; knights=3; dev-cards=1	roads=[69,136; 136,52]; settlements=[86,137; 137,52]	i'd hunger for another	 	 
333	19:08:58:679	inca	clay=1; ore=1; sheep=1; wheat=0; wood=1; unknown=0; knights=1; dev-cards=1	roads=[122,150; 150,166; 166,165; 165,148; 148,131]; settlements=[139,182]	sorry, need my other one	 	 
334	19:09:01:280	gotwood4sheep	clay=1; ore=1; sheep=1; wheat=2; wood=3; unknown=0; knights=3; dev-cards=1	roads=[69,136; 136,52]; settlements=[86,137; 137,52]	kk	 	 
335	19:09:04:990	Server	 		gotwood4sheep traded 2 wheat for 1 clay from a port.	 	 
336	19:09:07:133	Server	 		gotwood4sheep built a road.	 	 
337	19:09:08:991	Server	 		gotwood4sheep built a road.	 	 
338	19:09:35:902	Server	 		ljaybrad123 rolled a 2 and a 5.	 	 
339	19:10:02:669	Server	 		ljaybrad123 built a road.	 	 
340	19:10:06:619	Server	 		ljaybrad123 built a road.	 	 
341	19:10:32:318	Server	 		CheshireCatGrin rolled a 6 and a 3.	 	 
342	19:10:32:321	Server	 		inca gets 1 wheat, 2 wood.	 	 
343	19:10:55:582	Server	 		inca rolled a 3 and a 1.	 	 
344	19:10:55:586	Server	 		gotwood4sheep gets 2 wood. CheshireCatGrin gets 1 wood.	 	 
345	19:11:20:011	Server	 		inca built a settlement.	 	 
346	19:11:26:483	Server	 		gotwood4sheep rolled a 5 and a 6.	 	 
347	19:11:26:489	Server	 		gotwood4sheep gets 1 wheat. CheshireCatGrin gets 1 sheep.	 	 
348	19:11:35:102	gotwood4sheep	clay=0; ore=1; sheep=1; wheat=1; wood=3; unknown=0; knights=3; dev-cards=1	roads=[69,136; 136,52; 52,68; 68,67]; settlements=[86,137; 137,52]	anyone got clay?	 	 
349	19:11:41:325	ljaybrad123	clay=0; ore=1; sheep=0; wheat=1; wood=0; unknown=0; knights=1; dev-cards=0	roads=[84,200; 200,199; 199,182; 182,101; 101,184; 184,118; 118,135]; settlements=[101,201]	nope	 	 
350	19:11:41:326	inca	clay=0; ore=0; sheep=0; wheat=0; wood=2; unknown=0; knights=1; dev-cards=1	roads=[122,150; 150,166; 166,165; 165,148; 148,131]; settlements=[139,182; 182,148]	sorry, not any more	 	 
351	19:11:50:069	CheshireCatGrin	clay=0; ore=0; sheep=3; wheat=0; wood=2; unknown=0; knights=1; dev-cards=0	roads=[170,88; 88,171; 171,71; 71,54]; cities=[105,186]	yeh, me neither	 	 
352	19:11:57:316	gotwood4sheep	clay=0; ore=1; sheep=1; wheat=1; wood=3; unknown=0; knights=3; dev-cards=1	roads=[69,136; 136,52; 52,68; 68,67]; settlements=[86,137; 137,52]	ccg, your well ran dry!	 	 
353	19:12:08:913	Server	 		ljaybrad123 rolled a 4 and a 2.	 	 
354	19:12:08:917	Server	 		gotwood4sheep gets 1 wheat. ljaybrad123 gets 1 wood. CheshireCatGrin gets 2 wheat. inca gets 1 wood.	 	 
355	19:12:10:886	CheshireCatGrin	clay=0; ore=0; sheep=3; wheat=2; wood=2; unknown=0; knights=1; dev-cards=0	roads=[170,88; 88,171; 171,71; 71,54]; cities=[105,186]	I know, no more 8s	 	 
356	19:12:26:267	Server	 		CheshireCatGrin rolled a 4 and a 1.	 	 
357	19:12:26:270	Server	 		gotwood4sheep gets 1 ore. CheshireCatGrin gets 2 ore. inca gets 2 ore.	 	 
358	19:12:56:843	Server	 		inca rolled a 1 and a 3.	 	 
359	19:12:56:846	Server	 		gotwood4sheep gets 2 wood. CheshireCatGrin gets 1 wood.	 	 
360	19:13:14:073	Server	 		gotwood4sheep rolled a 5 and a 1.	 	 
361	19:13:14:078	Server	 		gotwood4sheep gets 1 wheat. ljaybrad123 gets 1 wood. CheshireCatGrin gets 2 wheat. inca gets 1 wood.	 	 
362	19:13:30:773	gotwood4sheep	clay=0; ore=1; sheep=0; wheat=2; wood=5; unknown=0; knights=3; dev-cards=2	roads=[69,136; 136,52; 52,68; 68,67]; settlements=[86,137; 137,52]	anyone got clay or sheep?	 	 
363	19:13:35:495	ljaybrad123	clay=0; ore=1; sheep=0; wheat=1; wood=2; unknown=0; knights=1; dev-cards=0	roads=[84,200; 200,199; 199,182; 182,101; 101,184; 184,118; 118,135]; settlements=[101,201]	neither	 	 
364	19:13:36:228	inca	clay=0; ore=2; sheep=0; wheat=0; wood=4; unknown=0; knights=1; dev-cards=1	roads=[122,150; 150,166; 166,165; 165,148; 148,131]; settlements=[139,182; 182,148]	neither, sorry	 	 
365	19:13:46:666	CheshireCatGrin	clay=0; ore=1; sheep=2; wheat=3; wood=3; unknown=0; knights=1; dev-cards=1	roads=[170,88; 88,171; 171,71; 71,54]; cities=[105,186]	i have sheep, what are you offering?	 	 
366	19:13:54:124	gotwood4sheep	clay=0; ore=1; sheep=0; wheat=2; wood=5; unknown=0; knights=3; dev-cards=2	roads=[69,136; 136,52; 52,68; 68,67]; settlements=[86,137; 137,52]	an ore or wheat?	 	 
367	19:14:04:260	CheshireCatGrin	clay=0; ore=1; sheep=2; wheat=3; wood=3; unknown=0; knights=1; dev-cards=1	roads=[170,88; 88,171; 171,71; 71,54]; cities=[105,186]	sheep for ore?	 	 
368	19:14:08:973	gotwood4sheep	clay=0; ore=1; sheep=0; wheat=2; wood=5; unknown=0; knights=3; dev-cards=2	roads=[69,136; 136,52; 52,68; 68,67]; settlements=[86,137; 137,52]	1-1?	 	 
369	19:14:13:164	CheshireCatGrin	clay=0; ore=1; sheep=2; wheat=3; wood=3; unknown=0; knights=1; dev-cards=1	roads=[170,88; 88,171; 171,71; 71,54]; cities=[105,186]	sure	 	 
370	19:14:15:105	Server	 		gotwood4sheep made an offer to trade 1 ore for 1 sheep.	 	 
371	19:14:18:990	Server	 		gotwood4sheep traded 1 ore for 1 sheep from CheshireCatGrin.	 	 
372	19:14:22:100	gotwood4sheep	clay=0; ore=0; sheep=1; wheat=2; wood=5; unknown=0; knights=3; dev-cards=2	roads=[69,136; 136,52; 52,68; 68,67]; settlements=[86,137; 137,52]	ta :D	 	 
373	19:14:30:553	CheshireCatGrin	clay=0; ore=2; sheep=1; wheat=3; wood=3; unknown=0; knights=1; dev-cards=1	roads=[170,88; 88,171; 171,71; 71,54]; cities=[105,186]	:)	 	 
374	19:14:35:856	Server	 		gotwood4sheep traded 4 wood for 1 clay from the bank.	 	 
375	19:14:38:322	Server	 		gotwood4sheep built a settlement.	 	 
376	19:14:56:892	Server	 		ljaybrad123 rolled a 1 and a 3.	 	 
377	19:14:56:897	Server	 		gotwood4sheep gets 1 sheep, 2 wood. CheshireCatGrin gets 2 sheep, 1 wood.	 	 
378	19:15:02:639	CheshireCatGrin	clay=0; ore=2; sheep=3; wheat=3; wood=4; unknown=0; knights=1; dev-cards=1	roads=[170,88; 88,171; 171,71; 71,54]; cities=[105,186]	Are we playing to 10 points, by the way?	 	 
379	19:15:07:301	gotwood4sheep	clay=0; ore=0; sheep=1; wheat=1; wood=3; unknown=0; knights=4; dev-cards=1	roads=[69,136; 136,52; 52,68; 68,67]; settlements=[86,137; 137,52; 52,67]	yep	 	 
380	19:15:07:629	inca	clay=0; ore=2; sheep=0; wheat=0; wood=4; unknown=0; knights=1; dev-cards=1	roads=[122,150; 150,166; 166,165; 165,148; 148,131]; settlements=[139,182; 182,148]	think so	 	 
381	19:15:15:147	ljaybrad123	clay=0; ore=1; sheep=0; wheat=1; wood=1; unknown=0; knights=1; dev-cards=0	roads=[84,200; 200,199; 199,182; 182,101; 101,184; 184,118; 118,135]; settlements=[101,201]	yes, anyone have clay or sheep?	 	 
382	19:15:19:640	inca	clay=0; ore=2; sheep=0; wheat=0; wood=4; unknown=0; knights=1; dev-cards=1	roads=[122,150; 150,166; 166,165; 165,148; 148,131]; settlements=[139,182; 182,148]	sorry, nope	 	 
383	19:15:22:254	gotwood4sheep	clay=0; ore=0; sheep=1; wheat=1; wood=3; unknown=0; knights=4; dev-cards=1	roads=[69,136; 136,52; 52,68; 68,67]; settlements=[86,137; 137,52; 52,67]	sheep baaaa	 	 
384	19:15:28:550	ljaybrad123	clay=0; ore=1; sheep=0; wheat=1; wood=1; unknown=0; knights=1; dev-cards=0	roads=[84,200; 200,199; 199,182; 182,101; 101,184; 184,118; 118,135]; settlements=[101,201]	for wood?	 	 
385	19:15:31:837	gotwood4sheep	clay=0; ore=0; sheep=1; wheat=1; wood=3; unknown=0; knights=4; dev-cards=1	roads=[69,136; 136,52; 52,68; 68,67]; settlements=[86,137; 137,52; 52,67]	afraid not	 	 
386	19:15:34:489	CheshireCatGrin	clay=0; ore=2; sheep=3; wheat=3; wood=4; unknown=0; knights=1; dev-cards=1	roads=[170,88; 88,171; 171,71; 71,54]; cities=[105,186]	again, have sheep	 	 
387	19:15:37:562	gotwood4sheep	clay=0; ore=0; sheep=1; wheat=1; wood=3; unknown=0; knights=4; dev-cards=1	roads=[69,136; 136,52; 52,68; 68,67]; settlements=[86,137; 137,52; 52,67]	my sheep is lost in a log pile right now	 	 
388	19:15:37:642	CheshireCatGrin	clay=0; ore=2; sheep=3; wheat=3; wood=4; unknown=0; knights=1; dev-cards=1	roads=[170,88; 88,171; 171,71; 71,54]; cities=[105,186]	but not for wood	 	 
389	19:15:48:805	Server	 		CheshireCatGrin rolled a 6 and a 6.	 	 
390	19:15:48:810	Server	 		CheshireCatGrin gets 2 clay.	 	 
391	19:15:58:424	Server	 		CheshireCatGrin built a settlement.	 	 
392	19:16:17:576	CheshireCatGrin	clay=1; ore=2; sheep=2; wheat=2; wood=3; unknown=0; knights=1; dev-cards=1	roads=[170,88; 88,171; 171,71; 71,54]; settlements=[54,188]; cities=[105,186]	anyone have clay?	 	 
393	19:16:22:200	gotwood4sheep	clay=0; ore=0; sheep=1; wheat=1; wood=3; unknown=0; knights=4; dev-cards=1	roads=[69,136; 136,52; 52,68; 68,67]; settlements=[86,137; 137,52; 52,67]	only you :D	 	 
394	19:16:28:402	inca	clay=0; ore=2; sheep=0; wheat=0; wood=4; unknown=0; knights=1; dev-cards=1	roads=[122,150; 150,166; 166,165; 165,148; 148,131]; settlements=[139,182; 182,148]	haha do you need more?	 	 
395	19:16:32:864	ljaybrad123	clay=0; ore=1; sheep=0; wheat=1; wood=1; unknown=0; knights=1; dev-cards=0	roads=[84,200; 200,199; 199,182; 182,101; 101,184; 184,118; 118,135]; settlements=[101,201]	nope	 	 
396	19:16:37:735	inca	clay=0; ore=2; sheep=0; wheat=0; wood=4; unknown=0; knights=1; dev-cards=1	roads=[122,150; 150,166; 166,165; 165,148; 148,131]; settlements=[139,182; 182,148]	sorry, none	 	 
397	19:16:46:640	gotwood4sheep	clay=0; ore=0; sheep=1; wheat=1; wood=3; unknown=0; knights=4; dev-cards=1	roads=[69,136; 136,52; 52,68; 68,67]; settlements=[86,137; 137,52; 52,67]	ironic given the start of the game :)	 	 
398	19:16:53:290	gotwood4sheep	clay=0; ore=0; sheep=1; wheat=1; wood=3; unknown=0; knights=4; dev-cards=1	roads=[69,136; 136,52; 52,68; 68,67]; settlements=[86,137; 137,52; 52,67]	my kingdom for a brick!	 	 
399	19:16:58:485	CheshireCatGrin	clay=1; ore=2; sheep=2; wheat=2; wood=3; unknown=0; knights=1; dev-cards=1	roads=[170,88; 88,171; 171,71; 71,54]; settlements=[54,188]; cities=[105,186]	I meant ore	 	 
400	19:17:00:225	CheshireCatGrin	clay=1; ore=2; sheep=2; wheat=2; wood=3; unknown=0; knights=1; dev-cards=1	roads=[170,88; 88,171; 171,71; 71,54]; settlements=[54,188]; cities=[105,186]	Sorry	 	 
401	19:17:06:620	gotwood4sheep	clay=0; ore=0; sheep=1; wheat=1; wood=3; unknown=0; knights=4; dev-cards=1	roads=[69,136; 136,52; 52,68; 68,67]; settlements=[86,137; 137,52; 52,67]	sorry none of that either :(	 	 
402	19:17:14:805	inca	clay=0; ore=2; sheep=0; wheat=0; wood=4; unknown=0; knights=1; dev-cards=1	roads=[122,150; 150,166; 166,165; 165,148; 148,131]; settlements=[139,182; 182,148]	oh right, i've got ore	 	 
403	19:17:18:470	inca	clay=0; ore=2; sheep=0; wheat=0; wood=4; unknown=0; knights=1; dev-cards=1	roads=[122,150; 150,166; 166,165; 165,148; 148,131]; settlements=[139,182; 182,148]	you got clay left?	 	 
404	19:17:31:078	CheshireCatGrin	clay=1; ore=2; sheep=2; wheat=2; wood=3; unknown=0; knights=1; dev-cards=1	roads=[170,88; 88,171; 171,71; 71,54]; settlements=[54,188]; cities=[105,186]	Yeh, ore for clay? 1 for 1?	 	 
405	19:17:33:821	inca	clay=0; ore=2; sheep=0; wheat=0; wood=4; unknown=0; knights=1; dev-cards=1	roads=[122,150; 150,166; 166,165; 165,148; 148,131]; settlements=[139,182; 182,148]	sure thing	
406	19:17:59:398	Server	 		CheshireCatGrin made an offer to trade 1 clay for 1 ore.	 	 
407	19:18:03:912	Server	 		CheshireCatGrin traded 1 clay for 1 ore from inca.	 	 
408	19:18:18:078	Server	 		CheshireCatGrin built a city.	 	 
409	19:18:28:044	Server	 		inca rolled a 4 and a 2.	 	 
410	19:18:28:048	Server	 		gotwood4sheep gets 1 wheat. CheshireCatGrin gets 2 wheat.	 	 
411	19:18:35:809	Server	 		inca built a road.	 	 
412	19:18:39:283	CheshireCatGrin	clay=0; ore=0; sheep=2; wheat=2; wood=3; unknown=0; knights=1; dev-cards=1	roads=[170,88; 88,171; 171,71; 71,54]; cities=[105,186; 186,188]	I managed to register a successful trade!	 	 
413	19:18:43:851	gotwood4sheep	clay=0; ore=0; sheep=1; wheat=2; wood=3; unknown=0; knights=4; dev-cards=1	roads=[69,136; 136,52; 52,68; 68,67]; settlements=[86,137; 137,52; 52,67]	congrats!	 	 
414	19:18:43:873	inca	clay=0; ore=1; sheep=0; wheat=0; wood=3; unknown=0; knights=1; dev-cards=1	roads=[122,150; 150,166; 166,165; 165,148; 148,131; 131,114]; settlements=[139,182; 182,148]	:)	 	 
415	19:18:45:331	gotwood4sheep	clay=0; ore=0; sheep=1; wheat=2; wood=3; unknown=0; knights=4; dev-cards=1	roads=[69,136; 136,52; 52,68; 68,67]; settlements=[86,137; 137,52; 52,67]	you're a pro	 	 
416	19:18:50:811	Server	 		gotwood4sheep rolled a 6 and a 6.	 	 
417	19:18:50:814	Server	 		CheshireCatGrin gets 2 clay.	 	 
418	19:18:57:486	CheshireCatGrin	clay=2; ore=0; sheep=2; wheat=2; wood=3; unknown=0; knights=1; dev-cards=1	roads=[170,88; 88,171; 171,71; 71,54]; cities=[105,186; 186,188]	Haha, if only that were all that is needed	 	 
419	19:19:01:462	gotwood4sheep	clay=0; ore=0; sheep=1; wheat=2; wood=3; unknown=0; knights=4; dev-cards=1	roads=[69,136; 136,52; 52,68; 68,67]; settlements=[86,137; 137,52; 52,67]	ccg, coud i beg a clay?	 	 
420	19:19:05:293	gotwood4sheep	clay=0; ore=0; sheep=1; wheat=2; wood=3; unknown=0; knights=4; dev-cards=1	roads=[69,136; 136,52; 52,68; 68,67]; settlements=[86,137; 137,52; 52,67]	i can offer wheat or sheep?	 	 
421	19:19:07:302	gotwood4sheep	clay=0; ore=0; sheep=1; wheat=2; wood=3; unknown=0; knights=4; dev-cards=1	roads=[69,136; 136,52; 52,68; 68,67]; settlements=[86,137; 137,52; 52,67]	or wood?	 	 
422	19:19:30:700	CheshireCatGrin	clay=2; ore=0; sheep=2; wheat=2; wood=3; unknown=0; knights=1; dev-cards=1	roads=[170,88; 88,171; 171,71; 71,54]; cities=[105,186; 186,188]	not really, sorru	 	 
423	19:19:34:658	gotwood4sheep	clay=0; ore=0; sheep=1; wheat=2; wood=3; unknown=0; knights=4; dev-cards=1	roads=[69,136; 136,52; 52,68; 68,67]; settlements=[86,137; 137,52; 52,67]	sure?	 	 
424	19:19:37:361	CheshireCatGrin	clay=2; ore=0; sheep=2; wheat=2; wood=3; unknown=0; knights=1; dev-cards=1	roads=[170,88; 88,171; 171,71; 71,54]; cities=[105,186; 186,188]	sure	 	 
425	19:19:42:485	gotwood4sheep	clay=0; ore=0; sheep=1; wheat=2; wood=3; unknown=0; knights=4; dev-cards=1	roads=[69,136; 136,52; 52,68; 68,67]; settlements=[86,137; 137,52; 52,67]	a sheep _and_ a wood?	 	 
426	19:19:54:368	CheshireCatGrin	clay=2; ore=0; sheep=2; wheat=2; wood=3; unknown=0; knights=1; dev-cards=1	roads=[170,88; 88,171; 171,71; 71,54]; cities=[105,186; 186,188]	ok, sheep and a wood	 	 
427	19:20:04:166	Server	 		gotwood4sheep made an offer to trade 1 sheep, 1 wood for 1 clay.	 	 
428	19:20:07:929	Server	 		gotwood4sheep traded 1 sheep, 1 wood for 1 clay from CheshireCatGrin.	 	 
429	19:20:16:858	Server	 		gotwood4sheep traded 2 wheat for 1 clay from a port.	 	 
430	19:20:19:670	Server	 		gotwood4sheep built a road.	 	 
431	19:20:30:568	Server	 		gotwood4sheep built a road.	 	 
432	19:20:36:999	Server	 		ljaybrad123 rolled a 6 and a 5.	 	 
433	19:20:37:004	Server	 		gotwood4sheep gets 1 wheat. CheshireCatGrin gets 1 sheep.	 	 
434	19:20:48:464	ljaybrad123	clay=0; ore=1; sheep=0; wheat=1; wood=1; unknown=0; knights=1; dev-cards=0	roads=[84,200; 200,199; 199,182; 182,101; 101,184; 184,118; 118,135]; settlements=[101,201]	anyone have sheep for wood?	 	 
435	19:20:52:732	inca	clay=0; ore=1; sheep=0; wheat=0; wood=3; unknown=0; knights=1; dev-cards=1	roads=[122,150; 150,166; 166,165; 165,148; 148,131; 131,114]; settlements=[139,182; 182,148]	no sheep, sorry	 	 
436	19:20:57:549	CheshireCatGrin	clay=1; ore=0; sheep=4; wheat=2; wood=4; unknown=0; knights=1; dev-cards=1	roads=[170,88; 88,171; 171,71; 71,54]; cities=[105,186; 186,188]	not me	 	 
437	19:21:01:389	gotwood4sheep	clay=0; ore=0; sheep=0; wheat=1; wood=0; unknown=0; knights=4; dev-cards=1	roads=[69,136; 136,52; 52,68; 68,67; 67,152; 152,86]; settlements=[86,137; 137,52; 52,67]	i know ccg has one ;)	 	 
438	19:21:03:500	gotwood4sheep	clay=0; ore=0; sheep=0; wheat=1; wood=0; unknown=0; knights=4; dev-cards=1	roads=[69,136; 136,52; 52,68; 68,67; 67,152; 152,86]; settlements=[86,137; 137,52; 52,67]	afraid i'm out	 	 
439	19:21:06:735	CheshireCatGrin	clay=1; ore=0; sheep=4; wheat=2; wood=4; unknown=0; knights=1; dev-cards=1	roads=[170,88; 88,171; 171,71; 71,54]; cities=[105,186; 186,188]	I have sheep, not for wood	 	 
440	19:21:07:543	ljaybrad123	clay=0; ore=1; sheep=0; wheat=1; wood=1; unknown=0; knights=1; dev-cards=0	roads=[84,200; 200,199; 199,182; 182,101; 101,184; 184,118; 118,135]; settlements=[101,201]	me too :p	 	 
441	19:21:17:008	Server	 		CheshireCatGrin rolled a 6 and a 2.	 	 
442	19:21:17:013	Server	 		gotwood4sheep gets 1 wheat. ljaybrad123 gets 1 wheat. CheshireCatGrin gets 4 clay.	 	 
443	19:21:39:455	gotwood4sheep	clay=0; ore=0; sheep=0; wheat=2; wood=0; unknown=0; knights=4; dev-cards=1	roads=[69,136; 136,52; 52,68; 68,67; 67,152; 152,86]; settlements=[86,137; 137,52; 52,67]	lotsa clay	 	 
444	19:21:39:969	Server	 		CheshireCatGrin built a road.	 	 
445	19:21:40:825	gotwood4sheep	clay=0; ore=0; sheep=0; wheat=2; wood=0; unknown=0; knights=4; dev-cards=1	roads=[69,136; 136,52; 52,68; 68,67; 67,152; 152,86]; settlements=[86,137; 137,52; 52,67]	jubbly	 	 
446	19:21:49:433	Server	 		CheshireCatGrin built a road.	 	 
447	19:22:00:529	Server	 		CheshireCatGrin built a road.	 	 
448	19:22:04:682	Server	 		CheshireCatGrin built a road.	 	 
449	19:22:28:974	Server	 		CheshireCatGrin traded 4 sheep for 1 wood from the bank.	 	 
450	19:22:35:160	Server	 		CheshireCatGrin built a road.	 	 
451	19:22:48:118	gotwood4sheep	clay=0; ore=0; sheep=0; wheat=2; wood=0; unknown=0; knights=4; dev-cards=1	roads=[69,136; 136,52; 52,68; 68,67; 67,152; 152,86]; settlements=[86,137; 137,52; 52,67]	uh oh	 	 
452	19:22:52:678	gotwood4sheep	clay=0; ore=0; sheep=0; wheat=2; wood=0; unknown=0; knights=4; dev-cards=1	roads=[69,136; 136,52; 52,68; 68,67; 67,152; 152,86]; settlements=[86,137; 137,52; 52,67]	ccg is running away!	 	 
453	19:22:55:852	Server	 		inca rolled a 4 and a 2.	 	 
454	19:22:55:855	Server	 		gotwood4sheep gets 1 wheat. CheshireCatGrin gets 2 wheat.	 	 
455	19:23:12:622	Server	 		gotwood4sheep rolled a 3 and a 5.	 	 
456	19:23:12:627	Server	 		gotwood4sheep gets 1 wheat. ljaybrad123 gets 1 wheat. CheshireCatGrin gets 4 clay.	 	 
457	19:23:35:060	gotwood4sheep	clay=0; ore=0; sheep=0; wheat=4; wood=0; unknown=0; knights=4; dev-cards=1	roads=[69,136; 136,52; 52,68; 68,67; 67,152; 152,86]; settlements=[86,137; 137,52; 52,67]	anyone got sheep or ore for a wheat?	 	 
458	19:23:40:412	ljaybrad123	clay=0; ore=1; sheep=0; wheat=3; wood=1; unknown=0; knights=1; dev-cards=0	roads=[84,200; 200,199; 199,182; 182,101; 101,184; 184,118; 118,135]; settlements=[101,201]	nope	 	 
459	19:23:42:226	gotwood4sheep	clay=0; ore=0; sheep=0; wheat=4; wood=0; unknown=0; knights=4; dev-cards=1	roads=[69,136; 136,52; 52,68; 68,67; 67,152; 152,86]; settlements=[86,137; 137,52; 52,67]	feel free to say no quickly	 	 
460	19:23:47:723	CheshireCatGrin	clay=4; ore=0; sheep=0; wheat=4; wood=0; unknown=0; knights=1; dev-cards=1	roads=[170,88; 88,171; 171,71; 71,54; 54,38; 38,39; 39,56; 56,73; 73,90]; cities=[105,186; 186,188]	no	 	 
461	19:23:49:298	inca	clay=0; ore=1; sheep=0; wheat=0; wood=3; unknown=0; knights=1; dev-cards=0	roads=[122,150; 150,166; 166,165; 165,148; 148,131; 131,114]; settlements=[139,182; 182,148]	i've got an ore	 	 
462	19:23:51:970	inca	clay=0; ore=1; sheep=0; wheat=0; wood=3; unknown=0; knights=1; dev-cards=0	roads=[122,150; 150,166; 166,165; 165,148; 148,131; 131,114]; settlements=[139,182; 182,148]	let's do it	 	 
463	19:23:54:119	gotwood4sheep	clay=0; ore=0; sheep=0; wheat=4; wood=0; unknown=0; knights=4; dev-cards=1	roads=[69,136; 136,52; 52,68; 68,67; 67,152; 152,86]; settlements=[86,137; 137,52; 52,67]	1 for  1?	 	 
464	19:23:57:514	inca	clay=0; ore=1; sheep=0; wheat=0; wood=3; unknown=0; knights=1; dev-cards=0	roads=[122,150; 150,166; 166,165; 165,148; 148,131; 131,114]; settlements=[139,182; 182,148]	sure	 	 
465	19:24:00:016	Server	 		gotwood4sheep made an offer to trade 1 wheat for 1 ore.	 	 
466	19:24:02:250	Server	 		gotwood4sheep traded 1 wheat for 1 ore from inca.	 	 
467	19:24:05:945	gotwood4sheep	clay=0; ore=1; sheep=0; wheat=3; wood=0; unknown=0; knights=4; dev-cards=1	roads=[69,136; 136,52; 52,68; 68,67; 67,152; 152,86]; settlements=[86,137; 137,52; 52,67]	ta :D	 	 
468	19:24:09:196	Server	 		gotwood4sheep traded 2 wheat for 1 sheep from a port.	 	 
469	19:24:10:695	inca	clay=0; ore=0; sheep=0; wheat=1; wood=3; unknown=0; knights=1; dev-cards=0	roads=[122,150; 150,166; 166,165; 165,148; 148,131; 131,114]; settlements=[139,182; 182,148]	you too!	 	 
470	19:24:16:757	Server	 		ljaybrad123 rolled a 5 and a 6.	 	 
471	19:24:16:761	Server	 		gotwood4sheep gets 1 wheat. CheshireCatGrin gets 1 sheep.	 	 
472	19:24:26:032	gotwood4sheep	clay=0; ore=0; sheep=0; wheat=1; wood=0; unknown=0; knights=4; dev-cards=2	roads=[69,136; 136,52; 52,68; 68,67; 67,152; 152,86]; settlements=[86,137; 137,52; 52,67]	methinks this game is dead and over unless CCG rolls a 7 :/	 	 
473	19:24:29:671	ljaybrad123	clay=0; ore=1; sheep=0; wheat=3; wood=1; unknown=0; knights=1; dev-cards=0	roads=[84,200; 200,199; 199,182; 182,101; 101,184; 184,118; 118,135]; settlements=[101,201]	anything for wheat?	 	 
474	19:24:36:903	ljaybrad123	clay=0; ore=1; sheep=0; wheat=3; wood=1; unknown=0; knights=1; dev-cards=0	roads=[84,200; 200,199; 199,182; 182,101; 101,184; 184,118; 118,135]; settlements=[101,201]	ive had a bad game	 	 
475	19:24:37:721	gotwood4sheep	clay=0; ore=0; sheep=0; wheat=1; wood=0; unknown=0; knights=4; dev-cards=2	roads=[69,136; 136,52; 52,68; 68,67; 67,152; 152,86]; settlements=[86,137; 137,52; 52,67]	i only have wheat lol	 	 
476	19:24:49:087	ljaybrad123	clay=0; ore=1; sheep=0; wheat=3; wood=1; unknown=0; knights=1; dev-cards=0	roads=[84,200; 200,199; 199,182; 182,101; 101,184; 184,118; 118,135]; settlements=[101,201]	i have lots of wheat	 	 
477	19:24:53:001	gotwood4sheep	clay=0; ore=0; sheep=0; wheat=1; wood=0; unknown=0; knights=4; dev-cards=2	roads=[69,136; 136,52; 52,68; 68,67; 67,152; 152,86]; settlements=[86,137; 137,52; 52,67]	don't we all	 	 
478	19:24:53:148	inca	clay=0; ore=0; sheep=0; wheat=1; wood=3; unknown=0; knights=1; dev-cards=0	roads=[122,150; 150,166; 166,165; 165,148; 148,131; 131,114]; settlements=[139,182; 182,148]	you got clay?	 	 
479	19:25:00:519	ljaybrad123	clay=0; ore=1; sheep=0; wheat=3; wood=1; unknown=0; knights=1; dev-cards=0	roads=[84,200; 200,199; 199,182; 182,101; 101,184; 184,118; 118,135]; settlements=[101,201]	nope, just wheat	 	 
480	19:25:05:139	CheshireCatGrin	clay=4; ore=0; sheep=1; wheat=4; wood=0; unknown=0; knights=1; dev-cards=1	roads=[170,88; 88,171; 171,71; 71,54; 54,38; 38,39; 39,56; 56,73; 73,90]; cities=[105,186; 186,188]	I don't need wheat, and I might not win on this turn (or at all!)	 	 
481	19:25:06:868	ljaybrad123	clay=0; ore=1; sheep=0; wheat=3; wood=1; unknown=0; knights=1; dev-cards=0	roads=[84,200; 200,199; 199,182; 182,101; 101,184; 184,118; 118,135]; settlements=[101,201]	ideal want sheep	 	 
482	19:25:16:790	gotwood4sheep	clay=0; ore=0; sheep=0; wheat=1; wood=0; unknown=0; knights=4; dev-cards=2	roads=[69,136; 136,52; 52,68; 68,67; 67,152; 152,86]; settlements=[86,137; 137,52; 52,67]	true but you are quite well placed ;)	 	 
483	19:25:17:395	inca	clay=0; ore=0; sheep=0; wheat=1; wood=3; unknown=0; knights=1; dev-cards=0	roads=[122,150; 150,166; 166,165; 165,148; 148,131; 131,114]; settlements=[139,182; 182,148]	oh sorry, misunderstood you haha	 	 
484	19:25:21:065	inca	clay=0; ore=0; sheep=0; wheat=1; wood=3; unknown=0; knights=1; dev-cards=0	roads=[122,150; 150,166; 166,165; 165,148; 148,131; 131,114]; settlements=[139,182; 182,148]	nah nothign, sorry	 	 
485	19:25:25:241	Server	 		CheshireCatGrin rolled a 6 and a 5.	 	 
486	19:25:25:245	Server	 		gotwood4sheep gets 1 wheat. CheshireCatGrin gets 1 sheep.	 	 
487	19:25:35:955	inca	clay=0; ore=0; sheep=0; wheat=1; wood=3; unknown=0; knights=1; dev-cards=0	roads=[122,150; 150,166; 166,165; 165,148; 148,131; 131,114]; settlements=[139,182; 182,148]	ADDTIME	 	 
488	19:25:47:336	gotwood4sheep	clay=0; ore=0; sheep=0; wheat=2; wood=0; unknown=0; knights=4; dev-cards=2	roads=[69,136; 136,52; 52,68; 68,67; 67,152; 152,86]; settlements=[86,137; 137,52; 52,67]	*>>> CCG wins in <10mins	 	 
489	19:25:53:047	gotwood4sheep	clay=0; ore=0; sheep=0; wheat=2; wood=0; unknown=0; knights=4; dev-cards=2	roads=[69,136; 136,52; 52,68; 68,67; 67,152; 152,86]; settlements=[86,137; 137,52; 52,67]	;)	 	 
490	19:26:03:309	ljaybrad123	clay=0; ore=1; sheep=0; wheat=3; wood=1; unknown=0; knights=1; dev-cards=0	roads=[84,200; 200,199; 199,182; 182,101; 101,184; 184,118; 118,135]; settlements=[101,201]	:p	 	 
491	19:26:09:387	inca	clay=0; ore=0; sheep=0; wheat=1; wood=3; unknown=0; knights=1; dev-cards=0	roads=[122,150; 150,166; 166,165; 165,148; 148,131; 131,114]; settlements=[139,182; 182,148]	haha when that message came up i genuinely thought he had won	 	 
492	19:26:10:665	CheshireCatGrin	clay=4; ore=0; sheep=2; wheat=4; wood=0; unknown=0; knights=1; dev-cards=1	roads=[170,88; 88,171; 171,71; 71,54; 54,38; 38,39; 39,56; 56,73; 73,90]; cities=[105,186; 186,188]	Somehow don't imagine anyone is going to trade me wood?	 	 
493	19:26:15:691	inca	clay=0; ore=0; sheep=0; wheat=1; wood=3; unknown=0; knights=1; dev-cards=0	roads=[122,150; 150,166; 166,165; 165,148; 148,131; 131,114]; settlements=[139,182; 182,148]	no chance, haha	 	 
494	19:26:18:105	gotwood4sheep	clay=0; ore=0; sheep=0; wheat=2; wood=0; unknown=0; knights=4; dev-cards=2	roads=[69,136; 136,52; 52,68; 68,67; 67,152; 152,86]; settlements=[86,137; 137,52; 52,67]	alas ccg i have none	 	 
495	19:26:22:481	gotwood4sheep	clay=0; ore=0; sheep=0; wheat=2; wood=0; unknown=0; knights=4; dev-cards=2	roads=[69,136; 136,52; 52,68; 68,67; 67,152; 152,86]; settlements=[86,137; 137,52; 52,67]	you seem the trustworthy sort	
496	19:26:41:078	Server	 		CheshireCatGrin traded 4 clay for 1 wood from the bank.	 	 
497	19:26:47:827	Server	 		inca rolled a 1 and a 1.	 	 
498	19:26:47:831	Server	 		inca gets 4 sheep.	 	 
499	19:27:02:029	inca	clay=0; ore=0; sheep=4; wheat=1; wood=3; unknown=0; knights=1; dev-cards=0	roads=[122,150; 150,166; 166,165; 165,148; 148,131; 131,114]; settlements=[139,182; 182,148]	does anyone want sheep?	 	 
500	19:27:07:859	gotwood4sheep	clay=0; ore=0; sheep=0; wheat=2; wood=0; unknown=0; knights=4; dev-cards=2	roads=[69,136; 136,52; 52,68; 68,67; 67,152; 152,86]; settlements=[86,137; 137,52; 52,67]	nope, sorry	 	 
501	19:27:09:730	CheshireCatGrin	clay=0; ore=0; sheep=2; wheat=4; wood=1; unknown=0; knights=1; dev-cards=1	roads=[170,88; 88,171; 171,71; 71,54; 54,38; 38,39; 39,56; 56,73; 73,90]; cities=[105,186; 186,188]	nope	 	 
502	19:27:10:910	gotwood4sheep	clay=0; ore=0; sheep=0; wheat=2; wood=0; unknown=0; knights=4; dev-cards=2	roads=[69,136; 136,52; 52,68; 68,67; 67,152; 152,86]; settlements=[86,137; 137,52; 52,67]	i see you got a few	 	 
503	19:27:11:304	ljaybrad123	clay=0; ore=1; sheep=0; wheat=3; wood=1; unknown=0; knights=1; dev-cards=0	roads=[84,200; 200,199; 199,182; 182,101; 101,184; 184,118; 118,135]; settlements=[101,201]	please	 	 
504	19:27:20:312	ljaybrad123	clay=0; ore=1; sheep=0; wheat=3; wood=1; unknown=0; knights=1; dev-cards=0	roads=[84,200; 200,199; 199,182; 182,101; 101,184; 184,118; 118,135]; settlements=[101,201]	i have wheat	 	 
505	19:27:28:233	inca	clay=0; ore=0; sheep=4; wheat=1; wood=3; unknown=0; knights=1; dev-cards=0	roads=[122,150; 150,166; 166,165; 165,148; 148,131; 131,114]; settlements=[139,182; 182,148]	OK, one for one?	 	 
506	19:27:35:615	ljaybrad123	clay=0; ore=1; sheep=0; wheat=3; wood=1; unknown=0; knights=1; dev-cards=0	roads=[84,200; 200,199; 199,182; 182,101; 101,184; 184,118; 118,135]; settlements=[101,201]	sure	 	 
507	19:27:42:422	Server	 		inca made an offer to trade 1 sheep for 1 wheat.	 	 
508	19:27:45:238	Server	 		inca traded 1 sheep for 1 wheat from ljaybrad123.	 	 
509	19:28:12:412	Server	 		inca traded 3 sheep for 1 clay from a port.	 	 
510	19:28:16:770	Server	 		inca built a road.	 	 
511	19:28:23:467	Server	 		gotwood4sheep rolled a 5 and a 2.	 	 
512	19:28:53:934	gotwood4sheep	clay=0; ore=0; sheep=1; wheat=2; wood=0; unknown=0; knights=4; dev-cards=2	roads=[69,136; 136,52; 52,68; 68,67; 67,152; 152,86]; settlements=[86,137; 137,52; 52,67]	anyone got a wood?	 	 
513	19:28:56:422	gotwood4sheep	clay=0; ore=0; sheep=1; wheat=2; wood=0; unknown=0; knights=4; dev-cards=2	roads=[69,136; 136,52; 52,68; 68,67; 67,152; 152,86]; settlements=[86,137; 137,52; 52,67]	i can offer a sheep	 	 
514	19:29:00:878	gotwood4sheep	clay=0; ore=0; sheep=1; wheat=2; wood=0; unknown=0; knights=4; dev-cards=2	roads=[69,136; 136,52; 52,68; 68,67; 67,152; 152,86]; settlements=[86,137; 137,52; 52,67]	got wood for sheep	 	 
515	19:29:01:669	gotwood4sheep	clay=0; ore=0; sheep=1; wheat=2; wood=0; unknown=0; knights=4; dev-cards=2	roads=[69,136; 136,52; 52,68; 68,67; 67,152; 152,86]; settlements=[86,137; 137,52; 52,67]	sheesh	 	 
516	19:29:04:462	inca	clay=0; ore=0; sheep=0; wheat=2; wood=2; unknown=0; knights=1; dev-cards=0	roads=[122,150; 150,166; 166,165; 165,148; 148,131; 131,114; 114,98]; settlements=[139,182; 182,148]	haha	 	 
517	19:29:07:181	inca	clay=0; ore=0; sheep=0; wheat=2; wood=2; unknown=0; knights=1; dev-cards=0	roads=[122,150; 150,166; 166,165; 165,148; 148,131; 131,114; 114,98]; settlements=[139,182; 182,148]	sorry, need mine	 	 
518	19:29:14:292	ljaybrad123	clay=0; ore=1; sheep=1; wheat=2; wood=1; unknown=0; knights=1; dev-cards=0	roads=[84,200; 200,199; 199,182; 182,101; 101,184; 184,118; 118,135]; settlements=[101,201]	sorry needed	 	 
519	19:29:17:894	CheshireCatGrin	clay=0; ore=0; sheep=1; wheat=4; wood=1; unknown=0; knights=1; dev-cards=1	roads=[170,88; 88,171; 171,71; 71,54; 54,38; 38,39; 39,56; 56,73; 73,90]; cities=[105,186; 186,188]	none here	 	 
520	19:29:23:889	gotwood4sheep	clay=0; ore=0; sheep=1; wheat=2; wood=0; unknown=0; knights=4; dev-cards=2	roads=[69,136; 136,52; 52,68; 68,67; 67,152; 152,86]; settlements=[86,137; 137,52; 52,67]	ore for a sheep?	 	 
521	19:29:34:476	inca	clay=0; ore=0; sheep=0; wheat=2; wood=2; unknown=0; knights=1; dev-cards=0	roads=[122,150; 150,166; 166,165; 165,148; 148,131; 131,114; 114,98]; settlements=[139,182; 182,148]	sorry, no ore	 	 
522	19:29:40:002	CheshireCatGrin	clay=0; ore=0; sheep=1; wheat=4; wood=1; unknown=0; knights=1; dev-cards=1	roads=[170,88; 88,171; 171,71; 71,54; 54,38; 38,39; 39,56; 56,73; 73,90]; cities=[105,186; 186,188]	likewise	 	 
523	19:29:44:033	gotwood4sheep	clay=0; ore=0; sheep=1; wheat=2; wood=0; unknown=0; knights=4; dev-cards=2	roads=[69,136; 136,52; 52,68; 68,67; 67,152; 152,86]; settlements=[86,137; 137,52; 52,67]	alas	 	 
524	19:30:07:678	Server	 		ljaybrad123 rolled a 5 and a 1.	 	 
525	19:30:07:682	Server	 		gotwood4sheep gets 1 wheat. ljaybrad123 gets 1 wood. CheshireCatGrin gets 2 wheat. inca gets 1 wood.	 	 
526	19:30:24:670	gotwood4sheep	clay=1; ore=0; sheep=0; wheat=2; wood=0; unknown=0; knights=4; dev-cards=2	roads=[69,136; 136,52; 52,68; 68,67; 67,152; 152,86]; settlements=[86,137; 137,52; 52,67]	not lucky 7?	 	 
527	19:30:43:394	Server	 		CheshireCatGrin rolled a 2 and a 5.	 	 
528	19:30:45:594	gotwood4sheep	clay=1; ore=0; sheep=0; wheat=2; wood=0; unknown=0; knights=4; dev-cards=2	roads=[69,136; 136,52; 52,68; 68,67; 67,152; 152,86]; settlements=[86,137; 137,52; 52,67]	ouch	 	 
529	19:30:46:377	ljaybrad123	clay=0; ore=0; sheep=0; wheat=1; wood=2; unknown=0; knights=1; dev-cards=1	roads=[84,200; 200,199; 199,182; 182,101; 101,184; 184,118; 118,135]; settlements=[101,201]	:o	 	 
530	19:30:49:030	inca	clay=0; ore=0; sheep=0; wheat=2; wood=2; unknown=0; knights=1; dev-cards=0	roads=[122,150; 150,166; 166,165; 165,148; 148,131; 131,114; 114,98]; settlements=[139,182; 182,148]	unlucky!	 	 
531	19:30:56:345	gotwood4sheep	clay=1; ore=0; sheep=0; wheat=2; wood=0; unknown=0; knights=4; dev-cards=2	roads=[69,136; 136,52; 52,68; 68,67; 67,152; 152,86]; settlements=[86,137; 137,52; 52,67]	craps	 	 
532	19:31:08:686	CheshireCatGrin	clay=0; ore=0; sheep=1; wheat=2; wood=2; unknown=0; knights=2; dev-cards=0	roads=[170,88; 88,171; 171,71; 71,54; 54,38; 38,39; 39,56; 56,73; 73,90]; cities=[105,186; 186,188]	bother	 	 
533	19:31:15:690	gotwood4sheep	clay=1; ore=0; sheep=0; wheat=2; wood=0; unknown=0; knights=4; dev-cards=2	roads=[69,136; 136,52; 52,68; 68,67; 67,152; 152,86]; settlements=[86,137; 137,52; 52,67]	botheration	 	 
534	19:31:50:690	CheshireCatGrin	clay=0; ore=0; sheep=1; wheat=2; wood=2; unknown=0; knights=2; dev-cards=0	roads=[170,88; 88,171; 171,71; 71,54; 54,38; 38,39; 39,56; 56,73; 73,90]; cities=[105,186; 186,188]	I'm hitting done and its not moving on ...	 	 
535	19:32:00:687	gotwood4sheep	clay=1; ore=0; sheep=0; wheat=2; wood=0; unknown=0; knights=4; dev-cards=2	roads=[69,136; 136,52; 52,68; 68,67; 67,152; 152,86]; settlements=[86,137; 137,52; 52,67]	need to move robber	 	 
536	19:32:07:855	CheshireCatGrin	clay=0; ore=0; sheep=1; wheat=2; wood=2; unknown=0; knights=2; dev-cards=0	roads=[170,88; 88,171; 171,71; 71,54; 54,38; 38,39; 39,56; 56,73; 73,90]; cities=[105,186; 186,188]	haha	 	 
537	19:32:27:850	Server	 		inca rolled a 4 and a 5.	 	 
538	19:32:27:854	Server	 		inca gets 1 wheat, 2 wood.	 	 
539	19:32:38:308	CheshireCatGrin	clay=0; ore=0; sheep=1; wheat=2; wood=3; unknown=0; knights=2; dev-cards=0	roads=[170,88; 88,171; 171,71; 71,54; 54,38; 38,39; 39,56; 56,73; 73,90]; cities=[105,186; 186,188]	Oddly, it let me that time ... Thanks!	 	 
540	19:32:42:110	gotwood4sheep	clay=1; ore=0; sheep=0; wheat=2; wood=0; unknown=0; knights=4; dev-cards=2	roads=[69,136; 136,52; 52,68; 68,67; 67,152; 152,86]; settlements=[86,137; 137,52; 52,67]	;)	 	 
541	19:33:05:716	Server	 		inca traded 3 wood for 1 clay from a port.	 	 
542	19:33:09:205	Server	 		inca built a road.	 	 
543	19:33:21:471	Server	 		gotwood4sheep rolled a 1 and a 4.	 	 
544	19:33:21:473	Server	 		gotwood4sheep gets 1 ore. CheshireCatGrin gets 2 ore. inca gets 2 ore.	 	 
545	19:33:52:626	Server	 		gotwood4sheep built a city.	 	 
546	19:33:58:958	Server	 		ljaybrad123 rolled a 4 and a 1.	 	 
547	19:33:58:961	Server	 		gotwood4sheep gets 1 ore. CheshireCatGrin gets 2 ore. inca gets 2 ore.	 	 
548	19:34:29:527	Server	 		CheshireCatGrin rolled a 3 and a 3.	 	 
549	19:34:29:530	Server	 		gotwood4sheep gets 2 wheat. ljaybrad123 gets 1 wood. CheshireCatGrin gets 2 wheat. inca gets 1 wood.	 	 
550	19:34:37:389	Server	 		CheshireCatGrin built a city.	 	 
551	19:34:39:949	gotwood4sheep	clay=1; ore=1; sheep=0; wheat=2; wood=0; unknown=0; knights=4; dev-cards=1	roads=[69,136; 136,52; 52,68; 68,67; 67,152; 152,86]; settlements=[137,52; 52,67]	gg well played!	 	 
552	19:34:41:190	inca	clay=0; ore=4; sheep=0; wheat=3; wood=1; unknown=0; knights=1; dev-cards=0	roads=[122,150; 150,166; 166,165; 165,148; 148,131; 131,114; 114,98; 98,99]; settlements=[139,182; 182,148]	well played!	 	 
553	19:34:43:636	ljaybrad123	clay=0; ore=1; sheep=0; wheat=1; wood=2; unknown=0; knights=2; dev-cards=0	roads=[84,200; 200,199; 199,182; 182,101; 101,184; 184,118; 118,135]; settlements=[101,201]	well done	 	 
554	19:34:49:440	ljaybrad123	clay=0; ore=1; sheep=0; wheat=1; wood=2; unknown=0; knights=2; dev-cards=0	roads=[84,200; 200,199; 199,182; 182,101; 101,184; 184,118; 118,135]; settlements=[101,201]	i need to run	 	 
555	19:34:53:719	CheshireCatGrin	clay=0; ore=0; sheep=1; wheat=2; wood=3; unknown=0; knights=2; dev-cards=0	roads=[170,88; 88,171; 171,71; 71,54; 54,38; 38,39; 39,56; 56,73; 73,90]; cities=[105,186; 186,188; 188,54]	good game :)	 	 
556	19:34:53:913	ljaybrad123	clay=0; ore=1; sheep=0; wheat=1; wood=2; unknown=0; knights=2; dev-cards=0	roads=[84,200; 200,199; 199,182; 182,101; 101,184; 184,118; 118,135]; settlements=[101,201]	see you sunday perhaps	 	 
557	19:34:54:712	gotwood4sheep	clay=1; ore=1; sheep=0; wheat=2; wood=0; unknown=0; knights=4; dev-cards=1	roads=[69,136; 136,52; 52,68; 68,67; 67,152; 152,86]; settlements=[137,52; 52,67]	bye lj!	 	 
558	19:34:57:655	inca	clay=0; ore=4; sheep=0; wheat=3; wood=1; unknown=0; knights=1; dev-cards=0	roads=[122,150; 150,166; 166,165; 165,148; 148,131; 131,114; 114,98; 98,99]; settlements=[139,182; 182,148]	ok cheers lj, see you later	 	 
559	19:34:58:618	gotwood4sheep	clay=1; ore=1; sheep=0; wheat=2; wood=0; unknown=0; knights=4; dev-cards=1	roads=[69,136; 136,52; 52,68; 68,67; 67,152; 152,86]; settlements=[137,52; 52,67]	not	 	 
560	19:35:02:882	gotwood4sheep	clay=1; ore=1; sheep=0; wheat=2; wood=0; unknown=0; knights=4; dev-cards=1	roads=[69,136; 136,52; 52,68; 68,67; 67,152; 152,86]; settlements=[137,52; 52,67]	i don't think	 	 
561	19:35:05:560	gotwood4sheep	clay=1; ore=1; sheep=0; wheat=2; wood=0; unknown=0; knights=4; dev-cards=1	roads=[69,136; 136,52; 52,68; 68,67; 67,152; 152,86]; settlements=[137,52; 52,67]	but hey	 	 
562	19:35:09:176	gotwood4sheep	clay=1; ore=1; sheep=0; wheat=2; wood=0; unknown=0; knights=4; dev-cards=1	roads=[69,136; 136,52; 52,68; 68,67; 67,152; 152,86]; settlements=[137,52; 52,67]	later!	 	 
563	19:35:18:621	gotwood4sheep	clay=1; ore=1; sheep=0; wheat=2; wood=0; unknown=0; knights=4; dev-cards=1	roads=[69,136; 136,52; 52,68; 68,67; 67,152; 152,86]; settlements=[137,52; 52,67]	well done ccg	 	 
564	19:35:23:142	gotwood4sheep	clay=1; ore=1; sheep=0; wheat=2; wood=0; unknown=0; knights=4; dev-cards=1	roads=[69,136; 136,52; 52,68; 68,67; 67,152; 152,86]; settlements=[137,52; 52,67]	and inca	 	 
565	19:35:28:894	inca	clay=0; ore=4; sheep=0; wheat=3; wood=1; unknown=0; knights=1; dev-cards=0	roads=[122,150; 150,166; 166,165; 165,148; 148,131; 131,114; 114,98; 98,99]; settlements=[139,182; 182,148]	sunday do you mean? yeah i feel rescheduling is probabyl a better idea	 	 
566	19:35:33:352	gotwood4sheep	clay=1; ore=1; sheep=0; wheat=2; wood=0; unknown=0; knights=4; dev-cards=1	roads=[69,136; 136,52; 52,68; 68,67; 67,152; 152,86]; settlements=[137,52; 52,67]	race for the road	 	 
567	19:35:46:289	gotwood4sheep	clay=1; ore=1; sheep=0; wheat=2; wood=0; unknown=0; knights=4; dev-cards=1	roads=[69,136; 136,52; 52,68; 68,67; 67,152; 152,86]; settlements=[137,52; 52,67]	agreed	 	 
568	19:35:54:501	inca	clay=0; ore=4; sheep=0; wheat=3; wood=1; unknown=0; knights=1; dev-cards=0	roads=[122,150; 150,166; 166,165; 165,148; 148,131; 131,114; 114,98; 98,99]; settlements=[139,182; 182,148]	i'll send an email anyway	 	 
569	19:35:56:245	inca	clay=0; ore=4; sheep=0; wheat=3; wood=1; unknown=0; knights=1; dev-cards=0	roads=[122,150; 150,166; 166,165; 165,148; 148,131; 131,114; 114,98; 98,99]; settlements=[139,182; 182,148]	sorry about this	 	 
570	19:35:56:270	gotwood4sheep	clay=1; ore=1; sheep=0; wheat=2; wood=0; unknown=0; knights=4; dev-cards=1	roads=[69,136; 136,52; 52,68; 68,67; 67,152; 152,86]; settlements=[137,52; 52,67]	am free next week evenings again	 	 
571	19:35:59:270	gotwood4sheep	clay=1; ore=1; sheep=0; wheat=2; wood=0; unknown=0; knights=4; dev-cards=1	roads=[69,136; 136,52; 52,68; 68,67; 67,152; 152,86]; settlements=[137,52; 52,67]	ok :)	 	 
572	19:36:07:620	inca	clay=0; ore=4; sheep=0; wheat=3; wood=1; unknown=0; knights=1; dev-cards=0	roads=[122,150; 150,166; 166,165; 165,148; 148,131; 131,114; 114,98; 98,99]; settlements=[139,182; 182,148]	same here	 	 
573	19:36:11:605	inca	clay=0; ore=4; sheep=0; wheat=3; wood=1; unknown=0; knights=1; dev-cards=0	roads=[122,150; 150,166; 166,165; 165,148; 148,131; 131,114; 114,98; 98,99]; settlements=[139,182; 182,148]	we'll srot something out	 	 
574	19:36:18:050	gotwood4sheep	clay=1; ore=1; sheep=0; wheat=2; wood=0; unknown=0; knights=4; dev-cards=1	roads=[69,136; 136,52; 52,68; 68,67; 67,152; 152,86]; settlements=[137,52; 52,67]	cool cool	 	 
575	19:36:20:462	inca	clay=0; ore=4; sheep=0; wheat=3; wood=1; unknown=0; knights=1; dev-cards=0	roads=[122,150; 150,166; 166,165; 165,148; 148,131; 131,114; 114,98; 98,99]; settlements=[139,182; 182,148]	cheers, well played ccg	 	 
576	19:36:21:342	inca	clay=0; ore=4; sheep=0; wheat=3; wood=1; unknown=0; knights=1; dev-cards=0	roads=[122,150; 150,166; 166,165; 165,148; 148,131; 131,114; 114,98; 98,99]; settlements=[139,182; 182,148]	bye all	 	 
577	19:36:35:853	CheshireCatGrin	clay=0; ore=0; sheep=1; wheat=2; wood=3; unknown=0; knights=2; dev-cards=0	roads=[170,88; 88,171; 171,71; 71,54; 54,38; 38,39; 39,56; 56,73; 73,90]; cities=[105,186; 186,188; 188,54]	Bye, I'm probs going to go too!	 	 
578	19:36:37:083	gotwood4sheep	clay=1; ore=1; sheep=0; wheat=2; wood=0; unknown=0; knights=4; dev-cards=1	roads=[69,136; 136,52; 52,68; 68,67; 67,152; 152,86]; settlements=[137,52; 52,67]	bye!	 	 
579	19:36:41:540	gotwood4sheep	clay=1; ore=1; sheep=0; wheat=2; wood=0; unknown=0; knights=4; dev-cards=1	roads=[69,136; 136,52; 52,68; 68,67; 67,152; 152,86]; settlements=[137,52; 52,67]	me too bye :)	 	 
