ID	Timestamp	Emitter	Resources	Buildups	Text	Annotation	Comment
1	20:02:18:889	Agnes	clay=0; ore=0; sheep=0; wheat=0; wood=0; unknown=0; knights=0; dev-cards=0		Hi all	 	 
2	20:02:30:220	Agnes	clay=0; ore=0; sheep=0; wheat=0; wood=0; unknown=0; knights=0; dev-cards=0		apologies for missing the last game	 	 
3	20:02:30:436	nelsen	clay=0; ore=0; sheep=0; wheat=0; wood=0; unknown=0; knights=0; dev-cards=0		Hi there	 	 
4	20:03:02:057	nelsen	clay=0; ore=0; sheep=0; wheat=0; wood=0; unknown=0; knights=0; dev-cards=0		No problem!	 	 
5	20:05:06:090	Kersti	clay=0; ore=0; sheep=0; wheat=0; wood=0; unknown=0; knights=0; dev-cards=0		hello	 	 
6	20:05:19:970	Kersti	clay=0; ore=0; sheep=0; wheat=0; wood=0; unknown=0; knights=0; dev-cards=0		did the last game get played?	 	 
7	20:05:33:666	nelsen	clay=0; ore=0; sheep=0; wheat=0; wood=0; unknown=0; knights=0; dev-cards=0		yes	 	 
8	20:05:37:318	Kersti	clay=0; ore=0; sheep=0; wheat=0; wood=0; unknown=0; knights=0; dev-cards=0		cool	 	 
9	20:06:41:032	Kersti	clay=0; ore=0; sheep=0; wheat=0; wood=0; unknown=0; knights=0; dev-cards=0		who are we waiting on now?	 	 
10	20:06:56:410	nelsen	clay=0; ore=0; sheep=0; wheat=0; wood=0; unknown=0; knights=0; dev-cards=0		I think we're missing Mr. Sparkles	 	 
11	20:07:11:222	Agnes	clay=0; ore=0; sheep=0; wheat=0; wood=0; unknown=0; knights=0; dev-cards=0		how long do we wait?	 	 
12	20:07:33:400	Kersti	clay=0; ore=0; sheep=0; wheat=0; wood=0; unknown=0; knights=0; dev-cards=0		we can try emailing him	 	 
13	20:08:10:100	Agnes	clay=0; ore=0; sheep=0; wheat=0; wood=0; unknown=0; knights=0; dev-cards=0		make it so :-)	 	 
14	20:08:23:693	Kersti	clay=0; ore=0; sheep=0; wheat=0; wood=0; unknown=0; knights=0; dev-cards=0		I'm having trouble locating the emails :S	 	 
15	20:09:21:267	nelsen	clay=0; ore=0; sheep=0; wheat=0; wood=0; unknown=0; knights=0; dev-cards=0		"searching for ""socl"" works quite well for me"	 	 
16	20:09:28:303	nelsen	clay=0; ore=0; sheep=0; wheat=0; wood=0; unknown=0; knights=0; dev-cards=0		:)	 	 
17	20:09:32:114	Kersti	clay=0; ore=0; sheep=0; wheat=0; wood=0; unknown=0; knights=0; dev-cards=0		yer, not working for me	 	 
18	20:09:54:227	Kersti	clay=0; ore=0; sheep=0; wheat=0; wood=0; unknown=0; knights=0; dev-cards=0		I'm at about 85% of my gmail limit so I often find that it doesn;t find things so well	 	 
19	20:10:23:493	Kersti	clay=0; ore=0; sheep=0; wheat=0; wood=0; unknown=0; knights=0; dev-cards=0		got it	 	 
20	20:10:25:902	nelsen	clay=0; ore=0; sheep=0; wheat=0; wood=0; unknown=0; knights=0; dev-cards=0		gmail has got pretty slow since they changed the interface	 	 
21	20:11:31:616	Kersti	clay=0; ore=0; sheep=0; wheat=0; wood=0; unknown=0; knights=0; dev-cards=0		email sent	 	 
22	20:11:42:957	Kersti	clay=0; ore=0; sheep=0; wheat=0; wood=0; unknown=0; knights=0; dev-cards=0		last time he joined pretty quick	 	 
23	20:13:44:010	Kersti	clay=0; ore=0; sheep=0; wheat=0; wood=0; unknown=0; knights=0; dev-cards=0		he'll be 5-10 mins	 	 
24	20:14:02:143	nelsen	clay=0; ore=0; sheep=0; wheat=0; wood=0; unknown=0; knights=0; dev-cards=0		ok, cool	 	 
25	20:14:08:693	Agnes	clay=0; ore=0; sheep=0; wheat=0; wood=0; unknown=0; knights=0; dev-cards=0		well done	 	 
25.1	20:17:12:927	sparkles	 	 	in	 	 
26	20:17:22:314	nelsen	clay=0; ore=0; sheep=0; wheat=0; wood=0; unknown=0; knights=0; dev-cards=0		hey	 	 
27	20:17:22:787	Kersti	clay=0; ore=0; sheep=0; wheat=0; wood=0; unknown=0; knights=0; dev-cards=0		hi	 	 
28	20:17:28:969	sparkles	clay=0; ore=0; sheep=0; wheat=0; wood=0; unknown=0; knights=0; dev-cards=0		sorry, i'd have reaslised sooner but travelling around the north todayn is tricky	 	 
29	20:17:31:673	Agnes	clay=0; ore=0; sheep=0; wheat=0; wood=0; unknown=0; knights=0; dev-cards=0		hi!	 	 
30	20:17:42:675	Server	 		sparkles built a settlement.	 	 
31	20:17:43:934	Server	 		sparkles built a road.	 	 
32	20:18:32:172	Server	 		Agnes built a settlement.	 	 
33	20:18:37:324	Server	 		Agnes built a road.	 	 
34	20:18:53:561	Server	 		Kersti built a settlement.	 	 
35	20:19:03:088	Server	 		Kersti built a road.	 	 
36	20:19:13:869	Server	 		nelsen built a settlement.	 	 
37	20:19:20:654	Server	 		nelsen built a road.	 	 
38	20:20:32:058	Server	 		nelsen built a settlement.	 	 
39	20:20:35:106	Server	 		nelsen built a road.	 	 
40	20:21:19:624	Server	 		Kersti built a settlement.	 	 
41	20:21:29:182	Server	 		Kersti built a road.	 	 
42	20:21:34:704	Server	 		Agnes built a settlement.	 	 
43	20:21:35:496	Server	 		Agnes built a road.	 	 
44	20:22:17:130	Server	 		sparkles built a settlement.	 	 
45	20:22:17:933	Server	 		sparkles built a road.	 	 
46	20:22:20:461	Server	 		sparkles rolled a 4 and a 6.	 	 
47	20:22:20:463	Server	 		nelsen gets 2 ore. sparkles gets 1 sheep.	 	 
48	20:22:31:095	sparkles	clay=0; ore=0; sheep=3; wheat=0; wood=0; unknown=0; knights=0; dev-cards=0	roads=[104,139]; settlements=[105,156]	...anyone want sheep? :)	 	 
49	20:22:42:759	nelsen	clay=0; ore=3; sheep=0; wheat=1; wood=1; unknown=0; knights=0; dev-cards=0	roads=[100,118]; settlements=[116,135]	yep! I got ore	 	 
50	20:22:47:720	sparkles	clay=0; ore=0; sheep=3; wheat=0; wood=0; unknown=0; knights=0; dev-cards=0	roads=[104,139]; settlements=[105,156]	deal	 	 
51	20:22:56:297	Server	 		sparkles made an offer to trade 1 sheep for 1 ore.	 	 
52	20:23:01:973	Server	 		sparkles traded 1 sheep for 1 ore from nelsen.	 	 
53	20:23:06:591	sparkles	clay=0; ore=1; sheep=2; wheat=0; wood=0; unknown=0; knights=0; dev-cards=0	roads=[104,139]; settlements=[105,156]	cheers	 	 
54	20:23:07:486	Server	 		Agnes rolled a 4 and a 3.	 	 
55	20:23:13:956	nelsen	clay=0; ore=2; sheep=1; wheat=1; wood=1; unknown=0; knights=0; dev-cards=0	roads=[100,118]; settlements=[116,135]	thanks	 	 
56	20:23:51:852	Server	 		Kersti rolled a 6 and a 3.	 	 
57	20:23:51:854	Server	 		Kersti gets 1 wheat. nelsen gets 1 wheat. sparkles gets 1 wood.	 	 
58	20:24:08:471	Kersti	clay=2; ore=0; sheep=0; wheat=2; wood=0; unknown=0; knights=0; dev-cards=0	roads=[152,68]; settlements=[169,84]	anyone have wood?	 	 
59	20:24:15:469	nelsen	clay=0; ore=2; sheep=1; wheat=1; wood=1; unknown=0; knights=0; dev-cards=0	roads=[100,118]; settlements=[116,135]	sorry	 	 
60	20:24:20:378	Agnes	clay=0; ore=1; sheep=0; wheat=2; wood=1; unknown=0; knights=0; dev-cards=0	roads=[138,70]; settlements=[154,86]	not I	 	 
61	20:24:22:294	sparkles	clay=0; ore=1; sheep=2; wheat=0; wood=1; unknown=0; knights=0; dev-cards=0	roads=[104,139]; settlements=[105,156]	what are you offering?	 	 
62	20:24:38:094	Kersti	clay=2; ore=0; sheep=0; wheat=2; wood=0; unknown=0; knights=0; dev-cards=0	roads=[152,68]; settlements=[169,84]	wheat	 	 
63	20:24:41:153	sparkles	clay=0; ore=1; sheep=2; wheat=0; wood=1; unknown=0; knights=0; dev-cards=0	roads=[104,139]; settlements=[105,156]	deal	 	 
64	20:24:49:990	Server	 		Kersti made an offer to trade 1 wheat for 1 wood.	 	 
65	20:24:53:245	Server	 		Kersti traded 1 wheat for 1 wood from sparkles.	 	 
66	20:24:58:305	Kersti	clay=2; ore=0; sheep=0; wheat=1; wood=1; unknown=0; knights=0; dev-cards=0	roads=[152,68]; settlements=[169,84]	thanks	 	 
67	20:25:03:026	Server	 		Kersti built a road.	 	 
68	20:25:10:581	Server	 		nelsen rolled a 6 and a 4.	 	 
69	20:25:10:584	Server	 		nelsen gets 2 ore. sparkles gets 1 sheep.	 	 
70	20:25:35:316	Server	 		sparkles rolled a 3 and a 3.	 	 
71	20:25:35:318	Server	 		Kersti gets 1 wheat. sparkles gets 1 ore. Agnes gets 1 ore.	 	 
72	20:25:46:509	Server	 		Agnes rolled a 5 and a 3.	 	 
73	20:25:46:510	Server	 		sparkles gets 1 sheep. Agnes gets 1 sheep.	 	 
74	20:26:15:903	Server	 		Kersti rolled a 4 and a 3.	 	 
75	20:26:43:925	sparkles	clay=0; ore=2; sheep=3; wheat=1; wood=0; unknown=0; knights=0; dev-cards=0	roads=[104,139]; settlements=[105,156]	thief! :P	 	 
76	20:26:51:017	Kersti	clay=1; ore=0; sheep=1; wheat=2; wood=0; unknown=0; knights=0; dev-cards=0	roads=[152,68; 68,52]; settlements=[169,84]	I'm offering a wheat for a wood if anyone would like to trade	 	 
77	20:26:55:454	Kersti	clay=1; ore=0; sheep=1; wheat=2; wood=0; unknown=0; knights=0; dev-cards=0	roads=[152,68; 68,52]; settlements=[169,84]	:P	 	 
78	20:27:05:289	nelsen	clay=0; ore=3; sheep=0; wheat=0; wood=1; unknown=0; knights=0; dev-cards=1	roads=[100,118]; settlements=[116,135]	I will :)	 	 
79	20:27:13:438	Server	 		Kersti made an offer to trade 1 wheat for 1 wood.	 	 
80	20:27:18:841	Server	 		Kersti traded 1 wheat for 1 wood from nelsen.	 	 
81	20:27:26:775	Server	 		Kersti built a settlement.	 	 
82	20:27:34:152	Server	 		nelsen rolled a 5 and a 2.	 	 
83	20:27:35:167	Kersti	clay=0; ore=0; sheep=0; wheat=0; wood=0; unknown=0; knights=0; dev-cards=0	roads=[152,68; 68,52]; settlements=[169,84; 84,52]	thank-you	 	 
84	20:27:56:810	sparkles	clay=0; ore=1; sheep=3; wheat=1; wood=0; unknown=0; knights=0; dev-cards=0	roads=[104,139]; settlements=[105,156]	!!	 	 
85	20:28:06:757	nelsen	clay=0; ore=4; sheep=0; wheat=1; wood=0; unknown=0; knights=0; dev-cards=1	roads=[100,118]; settlements=[116,135]	hehe	 	 
86	20:28:07:252	Server	 		sparkles rolled a 1 and a 1.	 	 
87	20:28:07:254	Server	 		No player gets anything.	 	 
88	20:28:12:364	nelsen	clay=0; ore=4; sheep=0; wheat=1; wood=0; unknown=0; knights=0; dev-cards=1	roads=[100,118]; settlements=[116,135]	you had the most cards :)	 	 
89	20:28:19:108	sparkles	clay=0; ore=1; sheep=3; wheat=1; wood=0; unknown=0; knights=0; dev-cards=0	roads=[104,139]; settlements=[105,156]	you stole my ore :(	 
90	20:28:30:020	Server	 		Agnes rolled a 2 and a 3.	 	 
91	20:28:30:021	Server	 		nelsen gets 1 ore. sparkles gets 1 clay. Agnes gets 1 clay.	 	 
92	20:28:48:510	Server	 		Agnes built a road.	 	 
93	20:28:56:242	Server	 		Kersti rolled a 5 and a 5.	 	 
94	20:28:56:244	Server	 		nelsen gets 2 ore. sparkles gets 1 sheep.	 	 
95	20:29:06:189	Server	 		nelsen rolled a 1 and a 4.	 	 
96	20:29:06:191	Server	 		nelsen gets 1 ore. sparkles gets 1 clay. Agnes gets 1 clay.	 	 
97	20:29:18:169	nelsen	clay=0; ore=8; sheep=0; wheat=1; wood=0; unknown=0; knights=0; dev-cards=1	roads=[100,118]; settlements=[116,135]	will anyone give me wheat for ore?	 	 
98	20:29:25:874	sparkles	clay=2; ore=1; sheep=4; wheat=1; wood=0; unknown=0; knights=0; dev-cards=0	roads=[104,139]; settlements=[105,156]	nope	 	 
99	20:29:36:270	Kersti	clay=0; ore=0; sheep=0; wheat=0; wood=0; unknown=0; knights=0; dev-cards=0	roads=[152,68; 68,52]; settlements=[169,84; 84,52]	I'm broke	 	 
100	20:29:38:459	Agnes	clay=1; ore=1; sheep=0; wheat=1; wood=0; unknown=0; knights=0; dev-cards=1	roads=[138,70; 70,71]; settlements=[154,86]	sorry	 	 
101	20:29:43:715	nelsen	clay=0; ore=8; sheep=0; wheat=1; wood=0; unknown=0; knights=0; dev-cards=1	roads=[100,118]; settlements=[116,135]	anything else for ore?	 	 
102	20:29:51:475	sparkles	clay=2; ore=1; sheep=4; wheat=1; wood=0; unknown=0; knights=0; dev-cards=0	roads=[104,139]; settlements=[105,156]	sheep or clay	 	 
103	20:29:56:117	nelsen	clay=0; ore=8; sheep=0; wheat=1; wood=0; unknown=0; knights=0; dev-cards=1	roads=[100,118]; settlements=[116,135]	clay is good	 	 
104	20:30:10:738	Server	 		nelsen made an offer to trade 1 ore for 1 clay.	 	 
105	20:30:13:685	Server	 		nelsen traded 1 ore for 1 clay from sparkles.	 	 
106	20:30:19:833	sparkles	clay=1; ore=2; sheep=4; wheat=1; wood=0; unknown=0; knights=0; dev-cards=0	roads=[104,139]; settlements=[105,156]	this ore looks familiar...	 	 
107	20:30:31:643	nelsen	clay=1; ore=7; sheep=0; wheat=1; wood=0; unknown=0; knights=0; dev-cards=1	roads=[100,118]; settlements=[116,135]	maybe...	 	 
108	20:30:35:299	Server	 		nelsen traded 4 ore for 1 wheat from the bank.	 	 
109	20:30:39:744	Server	 		nelsen built a city.	 	 
110	20:30:48:875	Server	 		sparkles rolled a 5 and a 4.	 	 
111	20:30:48:876	Server	 		Kersti gets 1 wheat. nelsen gets 1 wheat. sparkles gets 1 wood.	 	 
112	20:31:14:140	sparkles	clay=1; ore=2; sheep=4; wheat=1; wood=1; unknown=0; knights=0; dev-cards=0	roads=[104,139]; settlements=[105,156]	anyone got spare wheat? have plenty of sheep	 	 
113	20:31:22:617	Kersti	clay=0; ore=0; sheep=0; wheat=1; wood=0; unknown=0; knights=0; dev-cards=0	roads=[152,68; 68,52]; settlements=[169,84; 84,52]	I can do that	 	 
114	20:31:27:681	Agnes	clay=1; ore=1; sheep=0; wheat=1; wood=0; unknown=0; knights=0; dev-cards=1	roads=[138,70; 70,71]; settlements=[154,86]	none here :-(	 	 
115	20:31:33:426	Server	 		sparkles made an offer to trade 1 sheep for 1 wheat.	 	 
116	20:31:35:850	Server	 		sparkles traded 1 sheep for 1 wheat from Kersti.	 	 
117	20:31:44:342	Server	 		sparkles traded 3 sheep for 1 ore from a port.	 	 
118	20:31:47:780	Server	 		sparkles built a city.	 	 
119	20:32:05:515	Server	 		Agnes rolled a 5 and a 3.	 	 
120	20:32:05:517	Server	 		Kersti gets 1 clay. nelsen gets 2 clay.	 	 
121	20:32:21:892	Server	 		Kersti rolled a 1 and a 6.	 	 
122	20:33:35:267	Server	 		Kersti built a road.	 	 
123	20:33:41:573	Server	 		nelsen rolled a 3 and a 1.	 	 
124	20:33:41:575	Server	 		Kersti gets 2 clay, 1 wood. Agnes gets 1 wood.	 	 
125	20:33:56:729	nelsen	clay=3; ore=0; sheep=0; wheat=1; wood=0; unknown=0; knights=0; dev-cards=1	roads=[100,118]	will anyone give we a wood for a clay?	 	 
126	20:34:01:850	Kersti	clay=2; ore=0; sheep=1; wheat=0; wood=1; unknown=0; knights=0; dev-cards=0	roads=[152,68; 68,52; 52,67]; settlements=[169,84; 84,52]	sorry	 	 
127	20:34:07:203	sparkles	clay=1; ore=0; sheep=0; wheat=0; wood=0; unknown=0; knights=0; dev-cards=0	roads=[104,139]	no wood	 	 
128	20:34:15:007	Agnes	clay=1; ore=1; sheep=0; wheat=1; wood=1; unknown=0; knights=0; dev-cards=1	roads=[138,70; 70,71]; settlements=[154,86]	sorry, none here	 	 
129	20:34:23:540	Server	 		sparkles rolled a 3 and a 5.	 	 
130	20:34:23:542	Server	 		Kersti gets 1 clay. nelsen gets 2 clay. sparkles gets 1 sheep. Agnes gets 1 sheep.	 	 
131	20:34:44:561	Server	 		Agnes rolled a 3 and a 6.	 	 
132	20:34:44:570	Server	 		Kersti gets 1 wheat. nelsen gets 1 wheat. sparkles gets 2 wood.	 	 
133	20:34:50:985	Server	 		Agnes built a road.	 	 
134	20:35:01:963	Server	 		Kersti rolled a 4 and a 3.	 	 
135	20:35:35:534	Kersti	clay=4; ore=0; sheep=1; wheat=1; wood=1; unknown=0; knights=0; dev-cards=0	roads=[152,68; 68,52; 52,67]; settlements=[169,84; 84,52]	I have a clay I'd like to swap for wood - any takers?	 	 
136	20:35:49:544	sparkles	clay=1; ore=0; sheep=1; wheat=0; wood=2; unknown=0; knights=0; dev-cards=0	roads=[104,139]	no takers here	 	 
137	20:35:56:063	nelsen	clay=4; ore=0; sheep=0; wheat=2; wood=0; unknown=0; knights=0; dev-cards=1	roads=[100,118]	no wood, sorry	 	 
138	20:35:59:924	Agnes	clay=0; ore=0; sheep=0; wheat=0; wood=0; unknown=0; knights=0; dev-cards=2	roads=[138,70; 70,71; 71,122]; settlements=[154,86]	I have ziltch!	 	 
139	20:36:08:692	Kersti	clay=4; ore=0; sheep=1; wheat=1; wood=1; unknown=0; knights=0; dev-cards=0	roads=[152,68; 68,52; 52,67]; settlements=[169,84; 84,52]	Alternatively, I'll swap clay for wheat	 	 
140	20:36:21:454	sparkles	clay=1; ore=0; sheep=1; wheat=0; wood=2; unknown=0; knights=0; dev-cards=0	roads=[104,139]	no takers :)	 	 
141	20:36:31:218	nelsen	clay=4; ore=0; sheep=0; wheat=2; wood=0; unknown=0; knights=0; dev-cards=1	roads=[100,118]	no deal :)	 	 
142	20:36:35:390	Server	 		Kersti built a road.	 	 
143	20:36:42:040	Server	 		nelsen rolled a 2 and a 5.	 	 
144	20:37:21:153	nelsen	clay=5; ore=0; sheep=0; wheat=2; wood=0; unknown=0; knights=0; dev-cards=1	roads=[100,118]	don't suppose anyone will give me a wood for a clay now?	 	 
145	20:37:29:089	sparkles	clay=0; ore=0; sheep=1; wheat=0; wood=2; unknown=0; knights=0; dev-cards=0	roads=[104,139]	...yes	 	 
146	20:37:32:592	nelsen	clay=5; ore=0; sheep=0; wheat=2; wood=0; unknown=0; knights=0; dev-cards=1	roads=[100,118]	ooh	 
147	20:37:40:383	Server	 		nelsen made an offer to trade 1 clay for 1 wood.	 	 
148	20:37:42:459	Server	 		nelsen traded 1 clay for 1 wood from sparkles.	 	 
149	20:37:57:740	Server	 		nelsen built a road.	 	 
150	20:38:06:804	Server	 		sparkles rolled a 4 and a 6.	 	 
151	20:38:06:806	Server	 		nelsen gets 3 ore. sparkles gets 1 sheep.	 	 
152	20:38:30:086	Server	 		sparkles built a road.	 	 
153	20:38:43:260	Server	 		Agnes rolled a 5 and a 6.	 	 
154	20:38:43:262	Server	 		Kersti gets 1 wood. nelsen gets 1 wood. Agnes gets 1 wood.	 	 
155	20:39:13:995	Kersti	clay=3; ore=0; sheep=1; wheat=1; wood=0; unknown=0; knights=0; dev-cards=0	roads=[152,68; 68,52; 52,67; 67,66]; settlements=[169,84; 84,52]	grrr	 	 
156	20:39:19:734	nelsen	clay=3; ore=3; sheep=0; wheat=2; wood=0; unknown=0; knights=0; dev-cards=1	roads=[100,118; 118,99]	daww	 	 
157	20:39:28:246	Agnes	clay=0; ore=0; sheep=0; wheat=0; wood=3; unknown=0; knights=0; dev-cards=1	roads=[138,70; 70,71; 71,122]; settlements=[154,86]	Would anybody like wood? I seem to have a surplus	 	 
158	20:39:35:570	nelsen	clay=3; ore=3; sheep=0; wheat=2; wood=0; unknown=0; knights=0; dev-cards=1	roads=[100,118; 118,99]	I'll give you a clay?	 	 
159	20:39:36:252	Kersti	clay=3; ore=0; sheep=1; wheat=1; wood=0; unknown=0; knights=0; dev-cards=0	roads=[152,68; 68,52; 52,67; 67,66]; settlements=[169,84; 84,52]	I can give you clay for it	 	 
160	20:39:36:664	Agnes	clay=0; ore=0; sheep=0; wheat=0; wood=3; unknown=0; knights=0; dev-cards=1	roads=[138,70; 70,71; 71,122]; settlements=[154,86]	in return for clay?	 	 
161	20:39:38:610	sparkles	clay=0; ore=0; sheep=2; wheat=0; wood=0; unknown=0; knights=0; dev-cards=0	roads=[104,139; 139,105]	i can give you sheep :p	 	 
162	20:39:45:158	Kersti	clay=3; ore=0; sheep=1; wheat=1; wood=0; unknown=0; knights=0; dev-cards=0	roads=[152,68; 68,52; 52,67; 67,66]; settlements=[169,84; 84,52]	since you took it from me!	 	 
163	20:39:59:683	Server	 		Agnes made an offer to trade 1 wood for 1 clay.	 	 
164	20:40:02:697	Server	 		Agnes traded 1 wood for 1 clay from nelsen.	 	 
165	20:40:09:673	nelsen	clay=2; ore=3; sheep=0; wheat=2; wood=1; unknown=0; knights=0; dev-cards=1	roads=[100,118; 118,99]	thanks!	 	 
166	20:40:44:354	Agnes	clay=1; ore=0; sheep=0; wheat=0; wood=2; unknown=0; knights=0; dev-cards=1	roads=[138,70; 70,71; 71,122]; settlements=[154,86]	only because nelson got in first!	 	 
167	20:40:44:354	Agnes	clay=1; ore=0; sheep=0; wheat=0; wood=2; unknown=0; knights=0; dev-cards=1	roads=[138,70; 70,71; 71,122]; settlements=[154,86]	only because nelson got in first!	 	 
168	20:40:50:122	Server	 		Agnes built a road.	 	 
169	20:41:05:462	Server	 		Kersti rolled a 3 and a 5.	 	 
170	20:41:05:464	Server	 		Kersti gets 1 clay. nelsen gets 2 clay. sparkles gets 1 sheep. Agnes gets 1 sheep.	 	 
171	20:41:17:294	Kersti	clay=4; ore=0; sheep=1; wheat=1; wood=0; unknown=0; knights=0; dev-cards=0	roads=[152,68; 68,52; 52,67; 67,66]; settlements=[169,84; 84,52]	anyone got wood?	 	 
172	20:41:31:086	sparkles	clay=0; ore=0; sheep=3; wheat=0; wood=0; unknown=0; knights=0; dev-cards=0	roads=[104,139; 139,105]	agnes does...	 	 
173	20:41:35:319	nelsen	clay=4; ore=3; sheep=0; wheat=2; wood=1; unknown=0; knights=0; dev-cards=1	roads=[100,118; 118,99]	not for trading :)	 	 
174	20:41:50:081	Kersti	clay=4; ore=0; sheep=1; wheat=1; wood=0; unknown=0; knights=0; dev-cards=0	roads=[152,68; 68,52; 52,67; 67,66]; settlements=[169,84; 84,52]	:) I'll give 2 clay for 1 wood	 	 
175	20:42:05:118	Agnes	clay=0; ore=0; sheep=1; wheat=0; wood=1; unknown=0; knights=0; dev-cards=1	roads=[138,70; 70,71; 71,122; 122,106]; settlements=[154,86]	I traded, and built road!	 	 
176	20:42:22:800	nelsen	clay=4; ore=3; sheep=0; wheat=2; wood=1; unknown=0; knights=0; dev-cards=1	roads=[100,118; 118,99]	sorry	 	 
177	20:42:22:919	sparkles	clay=0; ore=0; sheep=3; wheat=0; wood=0; unknown=0; knights=0; dev-cards=0	roads=[104,139; 139,105]	and you had 3 wood to begin	 	 
178	20:42:35:371	sparkles	clay=0; ore=0; sheep=3; wheat=0; wood=0; unknown=0; knights=0; dev-cards=0	roads=[104,139; 139,105]	so you have at least 1 left :p	 	 
179	20:43:00:670	Agnes	clay=0; ore=0; sheep=1; wheat=0; wood=1; unknown=0; knights=0; dev-cards=1	roads=[138,70; 70,71; 71,122; 122,106]; settlements=[154,86]	wow - you have a spreadsheet?!	 	 
180	20:43:23:462	Server	 		nelsen rolled a 1 and a 4.	 	 
181	20:43:23:464	Server	 		nelsen gets 2 ore. sparkles gets 2 clay. Agnes gets 1 clay.	 	 
182	20:43:30:061	Server	 		nelsen built a city.	 	 
183	20:43:35:268	sparkles	clay=2; ore=0; sheep=3; wheat=0; wood=0; unknown=0; knights=0; dev-cards=0	roads=[104,139; 139,105]	not in this game, but it was only this turn - i remember :p	 	 
184	20:43:42:094	Server	 		nelsen built a road.	 	 
185	20:44:06:090	sparkles	clay=2; ore=0; sheep=3; wheat=0; wood=0; unknown=0; knights=0; dev-cards=0	roads=[104,139; 139,105]	(i was actually spreadsheeting dice rolls in the last few games, because I was convinced	 	 
186	20:44:10:634	nelsen	clay=3; ore=2; sheep=0; wheat=0; wood=0; unknown=0; knights=0; dev-cards=1	roads=[100,118; 118,99; 99,98]; cities=[116,135]	will anyone give me wood, wheat or sheep for clay or ore? :)	 	 
187	20:44:12:784	sparkles	clay=2; ore=0; sheep=3; wheat=0; wood=0; unknown=0; knights=0; dev-cards=0	roads=[104,139; 139,105]	the dice were unfair - they weren't)	 	 
188	20:44:21:940	sparkles	clay=2; ore=0; sheep=3; wheat=0; wood=0; unknown=0; knights=0; dev-cards=0	roads=[104,139; 139,105]	nope :)	 	 
189	20:44:25:443	Kersti	clay=4; ore=0; sheep=1; wheat=1; wood=0; unknown=0; knights=0; dev-cards=0	roads=[152,68; 68,52; 52,67; 67,66]; settlements=[169,84; 84,52]	nope	 	 
190	20:44:45:769	nelsen	clay=3; ore=2; sheep=0; wheat=0; wood=0; unknown=0; knights=0; dev-cards=1	roads=[100,118; 118,99; 99,98]; cities=[116,135]	aww :)	 	 
191	20:44:52:533	Server	 		sparkles rolled a 1 and a 4.	 	 
192	20:44:52:534	Server	 		nelsen gets 2 ore. sparkles gets 2 clay. Agnes gets 1 clay.	 	 
193	20:45:48:573	Server	 		sparkles traded 3 clay for 1 wood from a port.	 	 
194	20:45:55:945	Server	 		sparkles built a road.	 	 
195	20:46:20:260	Server	 		Agnes rolled a 5 and a 6.	 	 
196	20:46:20:262	Server	 		Kersti gets 1 wood. nelsen gets 2 wood. Agnes gets 1 wood.	 	 
197	20:46:51:312	Agnes	clay=2; ore=0; sheep=1; wheat=0; wood=2; unknown=0; knights=0; dev-cards=1	roads=[138,70; 70,71; 71,122; 122,106]; settlements=[154,86]	I have spare wood - anybody have wheat?	 	 
198	20:46:56:842	Kersti	clay=4; ore=0; sheep=1; wheat=1; wood=1; unknown=0; knights=0; dev-cards=0	roads=[152,68; 68,52; 52,67; 67,66]; settlements=[169,84; 84,52]	no	 	 
199	20:46:57:995	nelsen	clay=3; ore=4; sheep=0; wheat=0; wood=2; unknown=0; knights=0; dev-cards=1	roads=[100,118; 118,99; 99,98]; cities=[116,135]	sorry	 	 
200	20:47:00:900	sparkles	clay=0; ore=0; sheep=3; wheat=0; wood=0; unknown=0; knights=0; dev-cards=0	roads=[104,139; 139,105; 105,156]	no	 	 
201	20:47:11:061	Kersti	clay=4; ore=0; sheep=1; wheat=1; wood=1; unknown=0; knights=0; dev-cards=0	roads=[152,68; 68,52; 52,67; 67,66]; settlements=[169,84; 84,52]	can give clay for wood	 	 
202	20:47:30:855	Agnes	clay=2; ore=0; sheep=1; wheat=0; wood=2; unknown=0; knights=0; dev-cards=1	roads=[138,70; 70,71; 71,122; 122,106]; settlements=[154,86]	<sigh>	 	 
203	20:47:35:475	Server	 		Agnes built a road.	 	 
204	20:47:38:448	sparkles	clay=0; ore=0; sheep=3; wheat=0; wood=0; unknown=0; knights=0; dev-cards=0	roads=[104,139; 139,105; 105,156]	nope	 	 
205	20:47:41:392	Server	 		Kersti rolled a 2 and a 3.	 	 
206	20:47:41:394	Server	 		nelsen gets 2 ore. sparkles gets 2 clay. Agnes gets 1 clay.	 	 
207	20:47:49:077	Server	 		Kersti built a settlement.	 	 
208	20:47:56:121	Server	 		nelsen rolled a 3 and a 2.	 	 
209	20:47:56:123	Server	 		nelsen gets 2 ore. sparkles gets 2 clay. Agnes gets 1 clay.	 	 
210	20:48:14:295	nelsen	clay=3; ore=8; sheep=0; wheat=0; wood=2; unknown=0; knights=0; dev-cards=1	roads=[100,118; 118,99; 99,98]; cities=[116,135]	anyone got sheep or wheat for my ore?	 	 
211	20:48:20:368	Kersti	clay=3; ore=0; sheep=0; wheat=0; wood=0; unknown=0; knights=0; dev-cards=0	roads=[152,68; 68,52; 52,67; 67,66]; settlements=[169,84; 84,52; 52,82]	nope	 	 
212	20:48:27:155	sparkles	clay=4; ore=0; sheep=3; wheat=0; wood=0; unknown=0; knights=0; dev-cards=0	roads=[104,139; 139,105; 105,156]	can do sheep	 
213	20:48:34:537	Server	 		nelsen made an offer to trade 1 ore for 1 sheep.	 	 
214	20:48:38:324	Server	 		nelsen traded 1 ore for 1 sheep from sparkles.	 	 
215	20:48:57:540	Server	 		nelsen traded 4 ore for 1 wheat from the bank.	 	 
216	20:49:01:046	Server	 		nelsen built a settlement.	 	 
217	20:49:10:789	Server	 		nelsen built a road.	 	 
218	20:49:18:625	Server	 		sparkles rolled a 1 and a 3.	 	 
219	20:49:18:626	Server	 		Kersti gets 2 clay, 1 wood. Agnes gets 1 wood.	 	 
220	20:49:33:185	sparkles	clay=4; ore=1; sheep=2; wheat=0; wood=0; unknown=0; knights=0; dev-cards=0	roads=[104,139; 139,105; 105,156]	anyone got wheat and want clay or sheep?	 	 
221	20:49:40:348	nelsen	clay=1; ore=3; sheep=0; wheat=0; wood=0; unknown=0; knights=0; dev-cards=1	roads=[100,118; 118,99; 99,98; 98,101]; cities=[116,135]	no wheat, sorry	 	 
222	20:50:11:879	Agnes	clay=3; ore=0; sheep=1; wheat=0; wood=2; unknown=0; knights=0; dev-cards=1	roads=[138,70; 70,71; 71,122; 122,106; 106,154]; settlements=[154,86]	none here	 	 
223	20:50:22:771	Server	 		sparkles traded 3 clay for 1 wheat from a port.	 	 
224	20:50:26:707	Kersti	clay=5; ore=0; sheep=0; wheat=0; wood=1; unknown=0; knights=0; dev-cards=0	roads=[152,68; 68,52; 52,67; 67,66]; settlements=[169,84; 84,52; 52,82]	no	 	 
225	20:50:32:032	Server	 		Agnes rolled a 2 and a 2.	 	 
226	20:50:32:034	Server	 		Kersti gets 2 clay, 1 wood. Agnes gets 1 wood.	 	 
227	20:50:50:712	Server	 		Agnes built a road.	 	 
228	20:50:56:183	Server	 		Agnes built a road.	 	 
229	20:51:08:216	Server	 		Kersti rolled a 3 and a 3.	 	 
230	20:51:08:217	Server	 		Kersti gets 1 wheat.	 	 
231	20:51:40:242	Kersti	clay=7; ore=0; sheep=0; wheat=1; wood=2; unknown=0; knights=0; dev-cards=0	roads=[152,68; 68,52; 52,67; 67,66]; settlements=[169,84; 84,52; 52,82]	I'm looking for sheep or wood and I have clay to give	 	 
232	20:51:48:356	nelsen	clay=1; ore=3; sheep=0; wheat=0; wood=0; unknown=0; knights=0; dev-cards=1	roads=[100,118; 118,99; 99,98; 98,101]; cities=[116,135]	no sheep or wood, sorry	 	 
233	20:51:56:866	sparkles	clay=1; ore=0; sheep=1; wheat=0; wood=0; unknown=0; knights=0; dev-cards=1	roads=[104,139; 139,105; 105,156]	nope	 	 
234	20:52:04:673	Agnes	clay=1; ore=0; sheep=1; wheat=0; wood=1; unknown=0; knights=0; dev-cards=1	roads=[138,70; 70,71; 71,122; 122,106; 106,154; 154,170; 170,186]; settlements=[154,86]	nope	 	 
235	20:52:11:958	Server	 		Kersti built a road.	 	 
236	20:52:37:208	Server	 		Kersti built a road.	 	 
237	20:52:58:034	Server	 		Kersti traded 3 clay for 1 sheep from a port.	 	 
238	20:53:02:979	Server	 		nelsen rolled a 2 and a 4.	 	 
239	20:53:02:981	Server	 		Kersti gets 1 wheat.	 	 
240	20:53:17:814	nelsen	clay=1; ore=3; sheep=0; wheat=0; wood=0; unknown=0; knights=0; dev-cards=1	roads=[100,118; 118,99; 99,98; 98,101]; cities=[116,135]	anyone got a wood for my ore?	 	 
241	20:53:21:756	Kersti	clay=2; ore=0; sheep=1; wheat=2; wood=0; unknown=0; knights=0; dev-cards=0	roads=[152,68; 68,52; 52,67; 67,66; 66,168; 168,184]; settlements=[169,84; 84,52; 52,82]	no	 	 
242	20:53:27:950	sparkles	clay=1; ore=0; sheep=1; wheat=0; wood=0; unknown=0; knights=0; dev-cards=1	roads=[104,139; 139,105; 105,156]	nope	 	 
243	20:53:31:970	Agnes	clay=1; ore=0; sheep=1; wheat=0; wood=1; unknown=0; knights=0; dev-cards=1	roads=[138,70; 70,71; 71,122; 122,106; 106,154; 154,170; 170,186]; settlements=[154,86]	nope	 	 
244	20:53:37:821	Server	 		nelsen traded 3 ore for 1 wood from a port.	 	 
245	20:53:41:010	Server	 		nelsen built a road.	 	 
246	20:53:54:818	Server	 		sparkles rolled a 3 and a 2.	 	 
247	20:53:54:820	Server	 		nelsen gets 3 ore. sparkles gets 2 clay. Agnes gets 1 clay.	 	 
248	20:54:14:401	sparkles	clay=3; ore=1; sheep=1; wheat=0; wood=0; unknown=0; knights=1; dev-cards=0	roads=[104,139; 139,105; 105,156]	anyone want clay?	 	 
249	20:54:22:018	nelsen	clay=0; ore=2; sheep=0; wheat=0; wood=0; unknown=0; knights=0; dev-cards=1	roads=[100,118; 118,99; 99,98; 98,101; 101,134]; cities=[116,135]	I'll give you ore/	 	 
250	20:54:22:088	Kersti	clay=2; ore=0; sheep=1; wheat=2; wood=0; unknown=0; knights=0; dev-cards=0	roads=[152,68; 68,52; 52,67; 67,66; 66,168; 168,184]; settlements=[169,84; 84,52; 52,82]	no thanks	 	 
251	20:54:24:192	Agnes	clay=2; ore=0; sheep=1; wheat=0; wood=1; unknown=0; knights=0; dev-cards=1	roads=[138,70; 70,71; 71,122; 122,106; 106,154; 154,170; 170,186]; settlements=[154,86]	no thanks	 	 
252	20:54:42:121	Server	 		sparkles made an offer to trade 1 clay for 1 ore.	 	 
253	20:54:45:307	Server	 		sparkles traded 1 clay for 1 ore from nelsen.	 	 
254	20:54:48:445	nelsen	clay=1; ore=1; sheep=0; wheat=0; wood=0; unknown=0; knights=0; dev-cards=1	roads=[100,118; 118,99; 99,98; 98,101; 101,134]; cities=[116,135]	thanks	 	 
255	20:55:02:082	Server	 		Agnes rolled a 2 and a 5.	 	 
256	20:55:43:856	Server	 		Agnes built a settlement.	 	 
257	20:55:56:498	Server	 		Kersti rolled a 3 and a 2.	 	 
258	20:55:56:500	Server	 		nelsen gets 3 ore. sparkles gets 2 clay. Agnes gets 1 clay.	 	 
259	20:56:10:178	Server	 		nelsen rolled a 2 and a 6.	 	 
260	20:56:10:179	Server	 		sparkles gets 1 sheep. Agnes gets 1 sheep.	 	 
261	20:56:19:760	nelsen	clay=1; ore=3; sheep=0; wheat=0; wood=0; unknown=0; knights=0; dev-cards=1	roads=[100,118; 118,99; 99,98; 98,101; 101,134]; cities=[116,135]	anyone give me wood for ore?	 	 
262	20:56:27:497	Kersti	clay=2; ore=0; sheep=1; wheat=0; wood=0; unknown=0; knights=0; dev-cards=0	roads=[152,68; 68,52; 52,67; 67,66; 66,168; 168,184]; settlements=[169,84; 84,52; 52,82]	none	 	 
263	20:56:31:144	sparkles	clay=4; ore=2; sheep=2; wheat=0; wood=0; unknown=0; knights=1; dev-cards=0	roads=[104,139; 139,105; 105,156]	nope	 	 
264	20:56:42:393	Server	 		nelsen traded 3 ore for 1 wood from a port.	 	 
265	20:56:46:993	Server	 		nelsen built a road.	 	 
266	20:56:52:572	Server	 		sparkles rolled a 4 and a 6.	 	 
267	20:56:52:574	Server	 		nelsen gets 4 ore. sparkles gets 1 sheep.	 	 
268	20:57:24:646	Server	 		sparkles traded 3 clay for 1 wood from a port.	 	 
269	20:57:27:612	Server	 		sparkles built a road.	 	 
270	20:57:33:412	Server	 		Agnes rolled a 4 and a 4.	 	 
271	20:57:33:414	Server	 		sparkles gets 1 sheep. Agnes gets 1 sheep.	 	 
272	20:57:56:258	Server	 		Kersti rolled a 1 and a 1.	 	 
273	20:57:56:260	Server	 		No player gets anything.	 	 
274	20:58:03:303	Server	 		nelsen rolled a 6 and a 4.	 	 
275	20:58:03:305	Server	 		nelsen gets 4 ore. sparkles gets 1 sheep.	 	 
276	20:58:24:122	nelsen	clay=0; ore=8; sheep=0; wheat=0; wood=0; unknown=0; knights=0; dev-cards=1	roads=[100,118; 118,99; 99,98; 98,101; 101,134; 134,150]; cities=[116,135]	I have ore and will trade it for anything else :)	 	 
277	20:58:31:124	sparkles	clay=0; ore=2; sheep=5; wheat=0; wood=0; unknown=0; knights=1; dev-cards=0	roads=[104,139; 139,105; 105,156; 156,172]	sheep	 	 
278	20:58:40:437	Server	 		nelsen made an offer to trade 1 ore for 1 sheep.	 	 
279	20:58:43:257	Server	 		nelsen traded 1 ore for 1 sheep from sparkles.	 	 
280	20:58:51:479	nelsen	clay=0; ore=7; sheep=1; wheat=0; wood=0; unknown=0; knights=0; dev-cards=1	roads=[100,118; 118,99; 99,98; 98,101; 101,134; 134,150]; cities=[116,135]	another one, anybody?	 	 
281	20:58:55:488	Kersti	clay=2; ore=0; sheep=1; wheat=0; wood=0; unknown=0; knights=0; dev-cards=0	roads=[152,68; 68,52; 52,67; 67,66; 66,168; 168,184]; settlements=[169,84; 84,52; 52,82]	not yet	 	 
282	20:58:56:978	Agnes	clay=2; ore=0; sheep=1; wheat=0; wood=0; unknown=0; knights=0; dev-cards=1	roads=[138,70; 70,71; 71,122; 122,106; 106,154; 154,170; 170,186]; settlements=[154,86; 86,203]	clay?	 	 
283	20:59:00:683	nelsen	clay=0; ore=7; sheep=1; wheat=0; wood=0; unknown=0; knights=0; dev-cards=1	roads=[100,118; 118,99; 99,98; 98,101; 101,134; 134,150]; cities=[116,135]	clay is good	 	 
284	20:59:10:556	Server	 		nelsen made an offer to trade 1 ore for 1 clay.	 	 
285	20:59:15:351	Server	 		nelsen traded 1 ore for 1 clay from Agnes.	 	 
286	20:59:25:652	Server	 		nelsen traded 3 ore for 1 wheat from a port.	 	 
287	20:59:31:950	Server	 		nelsen traded 3 ore for 1 wood from a port.	 	 
288	20:59:35:026	Server	 		nelsen built a settlement.	 	 
289	20:59:43:215	Server	 		sparkles rolled a 5 and a 2.	 	 
290	21:00:35:736	sparkles	clay=1; ore=3; sheep=4; wheat=0; wood=0; unknown=0; knights=1; dev-cards=0	roads=[104,139; 139,105; 105,156; 156,172]	anyone got wheat and want sheep or clay?	 	 
291	21:00:42:415	Kersti	clay=1; ore=0; sheep=1; wheat=0; wood=0; unknown=0; knights=0; dev-cards=0	roads=[152,68; 68,52; 52,67; 67,66; 66,168; 168,184]; settlements=[169,84; 84,52; 52,82]	nope	 	 
292	21:00:43:324	nelsen	clay=0; ore=0; sheep=0; wheat=0; wood=0; unknown=0; knights=0; dev-cards=1	roads=[100,118; 118,99; 99,98; 98,101; 101,134; 134,150]; settlements=[114,167]; cities=[116,135]	I got nowt	 	 
293	21:00:51:552	Agnes	clay=1; ore=1; sheep=1; wheat=0; wood=0; unknown=0; knights=0; dev-cards=1	roads=[138,70; 70,71; 71,122; 122,106; 106,154; 154,170; 170,186]; settlements=[154,86; 86,203]	afraid not	 	 
294	21:00:53:703	Server	 		sparkles traded 3 sheep for 1 wheat from a port.	 	 
295	21:01:04:523	Server	 		Agnes rolled a 6 and a 5.	 	 
296	21:01:04:525	Server	 		Kersti gets 1 wood. nelsen gets 2 wood. Agnes gets 1 wood.	 	 
297	21:01:14:115	Server	 		Agnes built a road.	 	 
298	21:01:19:082	Server	 		Kersti rolled a 4 and a 1.	 	 
299	21:01:19:085	Server	 		nelsen gets 3 ore. sparkles gets 2 clay. Agnes gets 1 clay.	 	 
300	21:01:28:362	Server	 		nelsen rolled a 1 and a 3.	 	 
301	21:01:28:364	Server	 		Kersti gets 2 clay, 1 wood. Agnes gets 1 wood.	 	 
302	21:01:43:611	nelsen	clay=0; ore=3; sheep=0; wheat=0; wood=2; unknown=0; knights=0; dev-cards=1	roads=[100,118; 118,99; 99,98; 98,101; 101,134; 134,150]; settlements=[114,167]; cities=[116,135]	anyone give me grain for wood?	 	 
303	21:01:50:777	Kersti	clay=3; ore=0; sheep=1; wheat=0; wood=2; unknown=0; knights=0; dev-cards=0	roads=[152,68; 68,52; 52,67; 67,66; 66,168; 168,184]; settlements=[169,84; 84,52; 52,82]	no	 	 
304	21:01:53:400	sparkles	clay=3; ore=3; sheep=1; wheat=1; wood=0; unknown=0; knights=1; dev-cards=0	roads=[104,139; 139,105; 105,156; 156,172]	nope	 	 
305	21:02:08:333	Server	 		sparkles rolled a 2 and a 1.	 	 
306	21:02:08:335	Server	 		Kersti gets 1 wheat. Agnes gets 1 sheep, 1 wheat.	 	 
307	21:02:31:051	sparkles	clay=3; ore=3; sheep=1; wheat=1; wood=0; unknown=0; knights=1; dev-cards=0	roads=[104,139; 139,105; 105,156; 156,172]	anyone want clay or sheep for wheat?	 	 
308	21:02:39:901	nelsen	clay=0; ore=3; sheep=0; wheat=0; wood=2; unknown=0; knights=0; dev-cards=1	roads=[100,118; 118,99; 99,98; 98,101; 101,134; 134,150]; settlements=[114,167]; cities=[116,135]	no can do, sorry	 	 
309	21:02:43:400	Kersti	clay=3; ore=0; sheep=1; wheat=1; wood=2; unknown=0; knights=0; dev-cards=0	roads=[152,68; 68,52; 52,67; 67,66; 66,168; 168,184]; settlements=[169,84; 84,52; 52,82]	no	 	 
310	21:02:49:623	Agnes	clay=1; ore=1; sheep=2; wheat=1; wood=1; unknown=0; knights=0; dev-cards=1	roads=[138,70; 70,71; 71,122; 122,106; 106,154; 154,170; 170,186; 186,90]; settlements=[154,86; 86,203]	no	 	 
311	21:02:53:499	Server	 		sparkles traded 3 clay for 1 wheat from a port.	 	 
312	21:02:56:927	Server	 		sparkles built a city.	 	 
313	21:03:05:337	Server	 		Agnes rolled a 5 and a 3.	 	 
314	21:03:05:339	Server	 		Kersti gets 2 clay. nelsen gets 2 clay. sparkles gets 2 sheep. Agnes gets 1 sheep.	 	 
315	21:03:13:153	Server	 		Agnes built a settlement.	 	 
316	21:03:21:024	Server	 		Kersti rolled a 3 and a 5.	 	 
317	21:03:21:026	Server	 		Kersti gets 2 clay. nelsen gets 2 clay. sparkles gets 2 sheep. Agnes gets 1 sheep.	 	 
318	21:03:29:484	Server	 		Kersti built a settlement.	 	 
319	21:03:44:414	Kersti	clay=6; ore=0; sheep=0; wheat=0; wood=1; unknown=0; knights=0; dev-cards=0	roads=[152,68; 68,52; 52,67; 67,66; 66,168; 168,184]; settlements=[169,84; 84,52; 52,82; 82,201]	I'll give clay for ore	 	 
320	21:03:54:265	nelsen	clay=4; ore=3; sheep=0; wheat=0; wood=2; unknown=0; knights=0; dev-cards=1	roads=[100,118; 118,99; 99,98; 98,101; 101,134; 134,150]; settlements=[114,167]; cities=[116,135]	sorry	 	 
321	21:03:54:805	sparkles	clay=0; ore=0; sheep=5; wheat=0; wood=0; unknown=0; knights=1; dev-cards=0	roads=[104,139; 139,105; 105,156; 156,172]; cities=[105,156]	i have sheep...	 	 
322	21:04:31:714	Server	 		Kersti traded 6 clay for 2 ore from a port.	 	 
323	21:04:37:367	Server	 		nelsen rolled a 4 and a 6.	 	 
324	21:04:37:369	Server	 		nelsen gets 4 ore. sparkles gets 2 sheep. Agnes gets 1 sheep.	 	 
325	21:04:56:256	Server	 		nelsen traded 3 clay for 1 wheat from a port.	 	 
326	21:05:01:174	Server	 		nelsen traded 3 ore for 1 wheat from a port.	 	 
327	21:05:05:565	Server	 		nelsen built a city.	 	 
328	21:05:10:997	Kersti	clay=0; ore=2; sheep=0; wheat=0; wood=1; unknown=0; knights=0; dev-cards=0	roads=[152,68; 68,52; 52,67; 67,66; 66,168; 168,184]; settlements=[169,84; 84,52; 52,82; 82,201]	good game	 	 
329	21:05:16:255	sparkles	clay=0; ore=0; sheep=7; wheat=0; wood=0; unknown=0; knights=1; dev-cards=0	roads=[104,139; 139,105; 105,156; 156,172]; cities=[105,156]	you're too good at this :D	 	 
330	21:05:18:891	Agnes	clay=0; ore=1; sheep=4; wheat=0; wood=0; unknown=0; knights=0; dev-cards=1	roads=[138,70; 70,71; 71,122; 122,106; 106,154; 154,170; 170,186; 186,90]; settlements=[154,86; 86,203; 203,107]	well done!	 	 
331	21:05:19:426	nelsen	clay=1; ore=1; sheep=0; wheat=0; wood=2; unknown=0; knights=0; dev-cards=1	roads=[100,118; 118,99; 99,98; 98,101; 101,134; 134,150]; cities=[116,135; 135,167]	:P	 	 
332	21:05:20:394	sparkles	clay=0; ore=0; sheep=7; wheat=0; wood=0; unknown=0; knights=1; dev-cards=0	roads=[104,139; 139,105; 105,156; 156,172]; cities=[105,156]	well played	 	 
333	21:05:29:068	nelsen	clay=1; ore=1; sheep=0; wheat=0; wood=2; unknown=0; knights=0; dev-cards=1	roads=[100,118; 118,99; 99,98; 98,101; 101,134; 134,150]; cities=[116,135; 135,167]	thanks, good game indeed	 	 
334	21:05:46:412	sparkles	clay=0; ore=0; sheep=7; wheat=0; wood=0; unknown=0; knights=1; dev-cards=0	roads=[104,139; 139,105; 105,156; 156,172]; cities=[105,156]	enjoy the spoils of victory	 	 
335	21:05:48:282	sparkles	clay=0; ore=0; sheep=7; wheat=0; wood=0; unknown=0; knights=1; dev-cards=0	roads=[104,139; 139,105; 105,156; 156,172]; cities=[105,156]	bye all	 	 
336	21:05:52:415	Kersti	clay=0; ore=2; sheep=0; wheat=0; wood=1; unknown=0; knights=0; dev-cards=0	roads=[152,68; 68,52; 52,67; 67,66; 66,168; 168,184]; settlements=[169,84; 84,52; 52,82; 82,201]	bye	 	 
337	21:05:55:201	nelsen	clay=1; ore=1; sheep=0; wheat=0; wood=2; unknown=0; knights=0; dev-cards=1	roads=[100,118; 118,99; 99,98; 98,101; 101,134; 134,150]; cities=[116,135; 135,167]	see you	 	 
