ID	Timestamp	Emitter	Resources	Buildups	Text	Annotation	Comment
0.1	17:01:54:541	inca	 	 	hey, just spectating if you're ok with that	 	 
1	17:06:11:645	dmm	clay=0; ore=0; sheep=0; wheat=0; wood=0; unknown=0; knights=0; dev-cards=0		no problem!	 	 
2	17:07:41:226	dmm	clay=0; ore=0; sheep=0; wheat=0; wood=0; unknown=0; knights=0; dev-cards=0		hi!	 	 
3	17:07:53:647	CheshireCatGrin	clay=0; ore=0; sheep=0; wheat=0; wood=0; unknown=0; knights=0; dev-cards=0		Hi to you both :)	 	 
3.1	17:07:57:340	inca	 	 	hey!	 	 
4	17:09:21:306	dmm	clay=0; ore=0; sheep=0; wheat=0; wood=0; unknown=0; knights=0; dev-cards=0		i'm quite glad niko isn't here yet because i'm not totally ready :P	 	 
5	17:09:38:559	CheshireCatGrin	clay=0; ore=0; sheep=0; wheat=0; wood=0; unknown=0; knights=0; dev-cards=0		haha	 	 
6	17:09:41:217	dmm	clay=0; ore=0; sheep=0; wheat=0; wood=0; unknown=0; knights=0; dev-cards=0		making cookies for a bake sale tomorrow	 	 
7	17:10:25:765	CheshireCatGrin	clay=0; ore=0; sheep=0; wheat=0; wood=0; unknown=0; knights=0; dev-cards=0		That sounds rather pleasant!	 	 
8	17:11:37:922	dmm	clay=0; ore=0; sheep=0; wheat=0; wood=0; unknown=0; knights=0; dev-cards=0		yeah! i just don't have an awful lot of time	 	 
9	17:11:55:198	gotwood4sheep	clay=0; ore=0; sheep=0; wheat=0; wood=0; unknown=0; knights=0; dev-cards=0		wassuup	 	 
10	17:11:57:500	dmm	clay=0; ore=0; sheep=0; wheat=0; wood=0; unknown=0; knights=0; dev-cards=0		hey	 	 
11	17:11:57:929	gotwood4sheep	clay=0; ore=0; sheep=0; wheat=0; wood=0; unknown=0; knights=0; dev-cards=0		LJ is out :(	 	 
12	17:11:59:558	CheshireCatGrin	clay=0; ore=0; sheep=0; wheat=0; wood=0; unknown=0; knights=0; dev-cards=0		Indeed, you said you were going out later, didn't you?	 	 
13	17:12:00:046	gotwood4sheep	clay=0; ore=0; sheep=0; wheat=0; wood=0; unknown=0; knights=0; dev-cards=0		good luck all	 	 
14	17:12:04:642	gotwood4sheep	clay=0; ore=0; sheep=0; wheat=0; wood=0; unknown=0; knights=0; dev-cards=0		may the winner take it all :D	 	 
15	17:12:05:947	dmm	clay=0; ore=0; sheep=0; wheat=0; wood=0; unknown=0; knights=0; dev-cards=0		can you hold on a little longer :P	 	 
16	17:12:11:688	CheshireCatGrin	clay=0; ore=0; sheep=0; wheat=0; wood=0; unknown=0; knights=0; dev-cards=0		Yep, hi and good luck!	 	 
17	17:12:13:969	dmm	clay=0; ore=0; sheep=0; wheat=0; wood=0; unknown=0; knights=0; dev-cards=0		i'll be 5-10 minutes	 	 
18	17:12:16:825	gotwood4sheep	clay=0; ore=0; sheep=0; wheat=0; wood=0; unknown=0; knights=0; dev-cards=0		no worries	 	 
19	17:12:21:229	gotwood4sheep	clay=0; ore=0; sheep=0; wheat=0; wood=0; unknown=0; knights=0; dev-cards=0		I will need to be gone about 1815	 	 
20	17:12:26:701	gotwood4sheep	clay=0; ore=0; sheep=0; wheat=0; wood=0; unknown=0; knights=0; dev-cards=0		but 3 players won't take an hour	 	 
21	17:12:47:130	gotwood4sheep	clay=0; ore=0; sheep=0; wheat=0; wood=0; unknown=0; knights=0; dev-cards=0		hi innis!	 	 
22	17:13:03:835	gotwood4sheep	clay=0; ore=0; sheep=0; wheat=0; wood=0; unknown=0; knights=0; dev-cards=0		can observers talk?	 	 
22.1	17:13:06:735	inca	 	 	hey! just wanted to watch the exciting finale	 	 
23	17:13:10:236	gotwood4sheep	clay=0; ore=0; sheep=0; wheat=0; wood=0; unknown=0; knights=0; dev-cards=0		this is very un assembly ;)	 	 
24	17:13:18:047	gotwood4sheep	clay=0; ore=0; sheep=0; wheat=0; wood=0; unknown=0; knights=0; dev-cards=0		grats on the last game	 	 
24.1	17:13:18:638	inca	 	 	yep, i'll try to keep quiet though during the game!	 	 
24.2	17:13:21:150	inca	 	 	cheers	 	 
25	17:13:23:639	gotwood4sheep	clay=0; ore=0; sheep=0; wheat=0; wood=0; unknown=0; knights=0; dev-cards=0		kibitz away :D	 	 
25.1	17:13:39:270	inca	 	 	yeah the game yesterday was done within 30 minutes, you'll be fine i'm sure	 	 
26	17:13:55:819	dmm	clay=0; ore=0; sheep=0; wheat=0; wood=0; unknown=0; knights=0; dev-cards=0		that one was unusually quick though	 	 
27	17:14:17:230	dmm	clay=0; ore=0; sheep=0; wheat=0; wood=0; unknown=0; knights=0; dev-cards=0		because you completely thrashed us :P	 	 
28	17:14:23:677	gotwood4sheep	clay=0; ore=0; sheep=0; wheat=0; wood=0; unknown=0; knights=0; dev-cards=0		lol	 	 
29	17:14:28:604	gotwood4sheep	clay=0; ore=0; sheep=0; wheat=0; wood=0; unknown=0; knights=0; dev-cards=0		how did you do it?	 	 
29.1	17:15:02:801	inca	 	 	haha it was quite lucky, my settlements gave me loads of ore and wheat, so i spammed city upgrades	 	 
29.2	17:15:22:488	inca	 	 	think i had 4/5 cities in the end	 	 
29.3	17:15:27:691	inca	 	 	4	 	 
30	17:15:32:708	gotwood4sheep	clay=0; ore=0; sheep=0; wheat=0; wood=0; unknown=0; knights=0; dev-cards=0		wowzer	 	 
31	17:15:46:681	CheshireCatGrin	clay=0; ore=0; sheep=0; wheat=0; wood=0; unknown=0; knights=0; dev-cards=0		I can't remember, but that sounds about right (4 cities)	 	 
31.1	17:16:47:504	inca	 	 	i'd appreciate it if you could all lose with less than 5VP, with niko getting no points at all	 	 
31.2	17:16:55:901	inca	 	 	cheers	 	 
32	17:17:05:781	gotwood4sheep	clay=0; ore=0; sheep=0; wheat=0; wood=0; unknown=0; knights=0; dev-cards=0		lol	 	 
33	17:17:07:674	dmm	clay=0; ore=0; sheep=0; wheat=0; wood=0; unknown=0; knights=0; dev-cards=0		okay i'm ready!	 	 
33.1	17:17:12:185	inca	 	 	good luck guys	 	 
34	17:17:16:048	gotwood4sheep	clay=0; ore=0; sheep=0; wheat=0; wood=0; unknown=0; knights=0; dev-cards=0		since you start with 2 it's impossible ;)	 	 
35	17:17:18:227	gotwood4sheep	clay=0; ore=0; sheep=0; wheat=0; wood=0; unknown=0; knights=0; dev-cards=0		gl all!	 	 
35.1	17:17:21:385	inca	 	 	haha, true	 	 
36	17:17:22:060	gotwood4sheep	clay=0; ore=0; sheep=0; wheat=0; wood=0; unknown=0; knights=0; dev-cards=0		last again, sheesh	 	 
37	17:17:24:494	gotwood4sheep	clay=0; ore=0; sheep=0; wheat=0; wood=0; unknown=0; knights=0; dev-cards=0		last all 4 times	 	 
38	17:17:33:175	CheshireCatGrin	clay=0; ore=0; sheep=0; wheat=0; wood=0; unknown=0; knights=0; dev-cards=0		Indeed, good luck to all	 	 
39	17:17:37:726	Server	 		dmm built a settlement.	 	 
40	17:17:39:826	Server	 		dmm built a road.	 	 
41	17:17:58:110	Server	 		CheshireCatGrin built a settlement.	 	 
42	17:18:04:033	Server	 		CheshireCatGrin built a road.	 	 
43	17:18:18:484	Server	 		gotwood4sheep built a settlement.	 	 
44	17:18:19:427	Server	 		gotwood4sheep built a road.	 	 
45	17:18:21:819	Server	 		gotwood4sheep built a settlement.	 	 
46	17:18:22:577	Server	 		gotwood4sheep built a road.	 	 
47	17:18:28:629	gotwood4sheep	clay=0; ore=0; sheep=1; wheat=1; wood=1; unknown=0; knights=0; dev-cards=0	roads=[100,167]; settlements=[116,184]	best of luck :D	 	 
48	17:18:33:757	gotwood4sheep	clay=0; ore=0; sheep=1; wheat=1; wood=1; unknown=0; knights=0; dev-cards=0	roads=[100,167]; settlements=[116,184]	it's been a real fun season	 	 
49	17:18:39:103	gotwood4sheep	clay=0; ore=0; sheep=1; wheat=1; wood=1; unknown=0; knights=0; dev-cards=0	roads=[100,167]; settlements=[116,184]	shame LJ wasn't so available	 	 
49.1	17:18:39:431	inca	 	 	indeed!	 	 
50	17:18:44:595	gotwood4sheep	clay=0; ore=0; sheep=1; wheat=1; wood=1; unknown=0; knights=0; dev-cards=0	roads=[100,167]; settlements=[116,184]	but there always seems to be 1/5 who has trouble	 	 
51	17:19:14:692	Server	 		CheshireCatGrin built a settlement.	 	 
52	17:19:37:928	Server	 		CheshireCatGrin built a road.	 	 
53	17:19:49:835	Server	 		dmm built a settlement.	 	 
54	17:19:50:785	Server	 		dmm built a road.	 	 
55	17:19:52:137	Server	 		dmm rolled a 6 and a 6.	 	 
56	17:19:52:138	Server	 		dmm gets 1 wheat.	 	 
57	17:19:59:741	Server	 		CheshireCatGrin rolled a 3 and a 3.	 	 
58	17:19:59:742	Server	 		gotwood4sheep gets 1 wood. dmm gets 1 wood. CheshireCatGrin gets 1 wood.	 	 
59	17:20:10:615	Server	 		gotwood4sheep rolled a 5 and a 6.	 	 
60	17:20:10:616	Server	 		CheshireCatGrin gets 1 wood.	 	 
61	17:20:18:266	Server	 		dmm rolled a 5 and a 3.	 	 
62	17:20:18:267	Server	 		dmm gets 1 ore.	 	 
63	17:20:37:888	gotwood4sheep	clay=0; ore=0; sheep=1; wheat=1; wood=2; unknown=0; knights=0; dev-cards=0	roads=[100,167]; settlements=[116,184]	wow I've just seen it says 'Rolled a [sic] 8'	 	 
63.1	17:20:47:882	inca	 	 	haha, never noticed that	 	 
64	17:20:48:605	dmm	clay=0; ore=2; sheep=0; wheat=2; wood=2; unknown=0; knights=0; dev-cards=0	roads=[188,105]; settlements=[205,122]	wood for ore, anyone?	 	 
65	17:20:49:410	gotwood4sheep	clay=0; ore=0; sheep=1; wheat=1; wood=2; unknown=0; knights=0; dev-cards=0	roads=[100,167]; settlements=[116,184]	you'd think given they are studying language thats something they'd notie	 	 
66	17:20:51:959	gotwood4sheep	clay=0; ore=0; sheep=1; wheat=1; wood=2; unknown=0; knights=0; dev-cards=0	roads=[100,167]; settlements=[116,184]	notice*	 	 
67	17:21:01:747	dmm	clay=0; ore=2; sheep=0; wheat=2; wood=2; unknown=0; knights=0; dev-cards=0	roads=[188,105]; settlements=[205,122]	me giving wood that is	 	 
68	17:21:10:447	gotwood4sheep	clay=0; ore=0; sheep=1; wheat=1; wood=2; unknown=0; knights=0; dev-cards=0	roads=[100,167]; settlements=[116,184]	have non, sorry	 	 
69	17:21:14:920	CheshireCatGrin	clay=0; ore=0; sheep=1; wheat=1; wood=3; unknown=0; knights=0; dev-cards=0	roads=[154,135]; settlements=[154,135]	ah, don't need any wood!	 	 
70	17:21:15:604	gotwood4sheep	clay=0; ore=0; sheep=1; wheat=1; wood=2; unknown=0; knights=0; dev-cards=0	roads=[100,167]; settlements=[116,184]	also matt won't either	 	 
71	17:21:24:702	Server	 		CheshireCatGrin rolled a 6 and a 6.	 	 
72	17:21:24:703	Server	 		dmm gets 1 wheat.	 	 
73	17:21:32:111	Server	 		gotwood4sheep rolled a 3 and a 2.	 	 
74	17:21:32:113	Server	 		gotwood4sheep gets 1 ore. CheshireCatGrin gets 1 wheat.	 	 
75	17:21:40:186	dmm	clay=0; ore=2; sheep=0; wheat=3; wood=2; unknown=0; knights=0; dev-cards=0	roads=[188,105]; settlements=[205,122]	i wonder how the deathmatch aspect will affect the amount of trading going on	 	 
76	17:21:40:483	Server	 		dmm rolled a 5 and a 6.	 	 
77	17:21:40:484	Server	 		CheshireCatGrin gets 1 wood.	 	 
78	17:21:47:071	gotwood4sheep	clay=0; ore=0; sheep=0; wheat=0; wood=2; unknown=0; knights=0; dev-cards=1	roads=[100,167]; settlements=[116,184]	lol	 	 
79	17:22:01:538	dmm	clay=0; ore=2; sheep=0; wheat=3; wood=2; unknown=0; knights=0; dev-cards=0	roads=[188,105]; settlements=[205,122]	another request for ore - this time i can give wood or wheat	 	 
80	17:22:08:079	gotwood4sheep	clay=0; ore=0; sheep=0; wheat=0; wood=2; unknown=0; knights=0; dev-cards=1	roads=[100,167]; settlements=[116,184]	afraid still none!	 	 
81	17:22:15:367	CheshireCatGrin	clay=0; ore=0; sheep=1; wheat=2; wood=4; unknown=0; knights=0; dev-cards=0	roads=[154,135]; settlements=[154,135]	still have no ore	 	 
82	17:22:19:078	dmm	clay=0; ore=2; sheep=0; wheat=3; wood=2; unknown=0; knights=0; dev-cards=0	roads=[188,105]; settlements=[205,122]	very well	 	 
83	17:22:24:005	Server	 		CheshireCatGrin rolled a 2 and a 6.	 	 
84	17:22:24:006	Server	 		dmm gets 1 ore.	 	 
85	17:22:29:015	gotwood4sheep	clay=0; ore=0; sheep=0; wheat=0; wood=2; unknown=0; knights=0; dev-cards=1	roads=[100,167]; settlements=[116,184]	more ore, duncan!	 	 
86	17:22:40:203	CheshireCatGrin	clay=0; ore=0; sheep=1; wheat=2; wood=4; unknown=0; knights=0; dev-cards=0	roads=[154,135]; settlements=[154,135]	anyone have clay?	 	 
87	17:22:40:257	dmm	clay=0; ore=3; sheep=0; wheat=3; wood=2; unknown=0; knights=0; dev-cards=0	roads=[188,105]; settlements=[205,122]	huzzah	 	 
88	17:22:43:275	dmm	clay=0; ore=3; sheep=0; wheat=3; wood=2; unknown=0; knights=0; dev-cards=0	roads=[188,105]; settlements=[205,122]	nope	 	 
89	17:22:43:936	gotwood4sheep	clay=0; ore=0; sheep=0; wheat=0; wood=2; unknown=0; knights=0; dev-cards=1	roads=[100,167]; settlements=[116,184]	nope	 	 
90	17:22:47:400	gotwood4sheep	clay=0; ore=0; sheep=0; wheat=0; wood=2; unknown=0; knights=0; dev-cards=1	roads=[100,167]; settlements=[116,184]	no 10s yet	 	 
91	17:22:50:135	CheshireCatGrin	clay=0; ore=0; sheep=1; wheat=2; wood=4; unknown=0; knights=0; dev-cards=0	roads=[154,135]; settlements=[154,135]	goodo ...	 	 
92	17:22:50:465	dmm	clay=0; ore=3; sheep=0; wheat=3; wood=2; unknown=0; knights=0; dev-cards=0	roads=[188,105]; settlements=[205,122]	at the moment i CAN'T get clay	 
93	17:23:09:804	Server	 		CheshireCatGrin traded 4 wood for 1 clay from the bank.	 	 
94	17:23:14:096	Server	 		gotwood4sheep rolled a 1 and a 4.	 	 
95	17:23:14:097	Server	 		gotwood4sheep gets 1 ore. CheshireCatGrin gets 1 wheat.	 	 
96	17:23:20:553	Server	 		dmm rolled a 1 and a 4.	 	 
97	17:23:20:554	Server	 		gotwood4sheep gets 1 ore. CheshireCatGrin gets 1 wheat.	 	 
98	17:23:24:152	Server	 		dmm built a city.	 	 
99	17:23:32:623	Server	 		CheshireCatGrin rolled a 1 and a 5.	 	 
100	17:23:32:624	Server	 		gotwood4sheep gets 1 wood. dmm gets 2 wood. CheshireCatGrin gets 1 wood.	 	 
101	17:23:42:119	Server	 		CheshireCatGrin built a road.	 	 
102	17:23:44:274	gotwood4sheep	clay=0; ore=2; sheep=0; wheat=0; wood=3; unknown=0; knights=0; dev-cards=1	roads=[100,167]; settlements=[116,184]	and duncan's off!	 	 
103	17:23:54:581	Server	 		gotwood4sheep rolled a 1 and a 3.	 	 
104	17:23:54:582	Server	 		gotwood4sheep gets 1 wheat. CheshireCatGrin gets 1 wheat.	 	 
105	17:24:04:445	dmm	clay=0; ore=0; sheep=0; wheat=1; wood=4; unknown=0; knights=0; dev-cards=0	roads=[188,105]	we'll see how long it lasts without sheep or clay and only 12 for wheat :/	 	 
106	17:24:05:491	Server	 		dmm rolled a 3 and a 5.	 	 
107	17:24:05:492	Server	 		dmm gets 1 ore.	 	 
108	17:24:08:819	gotwood4sheep	clay=0; ore=2; sheep=0; wheat=1; wood=3; unknown=0; knights=0; dev-cards=1	roads=[100,167]; settlements=[116,184]	lol	 	 
109	17:24:17:931	gotwood4sheep	clay=0; ore=2; sheep=0; wheat=1; wood=3; unknown=0; knights=0; dev-cards=1	roads=[100,167]; settlements=[116,184]	long as you keep rolling 8	 	 
110	17:24:20:148	gotwood4sheep	clay=0; ore=2; sheep=0; wheat=1; wood=3; unknown=0; knights=0; dev-cards=1	roads=[100,167]; settlements=[116,184]	you're in business	 	 
111	17:24:22:681	dmm	clay=0; ore=1; sheep=0; wheat=1; wood=4; unknown=0; knights=0; dev-cards=0	roads=[188,105]	anybody with clay now?	 	 
112	17:24:25:442	gotwood4sheep	clay=0; ore=2; sheep=0; wheat=1; wood=3; unknown=0; knights=0; dev-cards=1	roads=[100,167]; settlements=[116,184]	still no	 	 
113	17:24:33:369	CheshireCatGrin	clay=0; ore=0; sheep=1; wheat=5; wood=0; unknown=0; knights=0; dev-cards=0	roads=[154,135; 135,170]; settlements=[154,135]	i spent what i had	 	 
114	17:24:38:660	dmm	clay=0; ore=1; sheep=0; wheat=1; wood=4; unknown=0; knights=0; dev-cards=0	roads=[188,105]	how about sheep then?	 	 
115	17:24:46:472	gotwood4sheep	clay=0; ore=2; sheep=0; wheat=1; wood=3; unknown=0; knights=0; dev-cards=1	roads=[100,167]; settlements=[116,184]	none of those neither :(	 	 
116	17:24:47:204	dmm	clay=0; ore=1; sheep=0; wheat=1; wood=4; unknown=0; knights=0; dev-cards=0	roads=[188,105]	again i can offer wood	 	 
117	17:24:52:912	CheshireCatGrin	clay=0; ore=0; sheep=1; wheat=5; wood=0; unknown=0; knights=0; dev-cards=0	roads=[154,135; 135,170]; settlements=[154,135]	I have one, and I rather need it ...	 	 
118	17:24:56:774	gotwood4sheep	clay=0; ore=2; sheep=0; wheat=1; wood=3; unknown=0; knights=0; dev-cards=1	roads=[100,167]; settlements=[116,184]	neeeeeeeed	 	 
119	17:24:56:788	dmm	clay=0; ore=1; sheep=0; wheat=1; wood=4; unknown=0; knights=0; dev-cards=0	roads=[188,105]	oh well	 	 
120	17:25:02:812	Server	 		dmm traded 4 wood for 1 sheep from the bank.	 	 
121	17:25:09:231	Server	 		CheshireCatGrin rolled a 3 and a 5.	 	 
122	17:25:09:232	Server	 		dmm gets 1 ore.	 	 
123	17:25:12:336	gotwood4sheep	clay=0; ore=2; sheep=0; wheat=1; wood=3; unknown=0; knights=0; dev-cards=1	roads=[100,167]; settlements=[116,184]	8!	 	 
124	17:25:13:666	gotwood4sheep	clay=0; ore=2; sheep=0; wheat=1; wood=3; unknown=0; knights=0; dev-cards=1	roads=[100,167]; settlements=[116,184]	gah	 	 
125	17:25:21:723	Server	 		gotwood4sheep rolled a 6 and a 1.	 	 
126	17:25:42:568	Server	 		gotwood4sheep built a city.	 	 
127	17:25:45:787	Server	 		dmm rolled a 1 and a 3.	 	 
128	17:25:45:788	Server	 		gotwood4sheep gets 1 wheat. CheshireCatGrin gets 1 wheat.	 	 
129	17:25:57:828	gotwood4sheep	clay=0; ore=0; sheep=0; wheat=0; wood=3; unknown=0; knights=1; dev-cards=0	roads=[100,167]	this is war :D	 	 
130	17:26:00:683	Server	 		CheshireCatGrin rolled a 4 and a 1.	 	 
131	17:26:00:684	Server	 		gotwood4sheep gets 2 ore. CheshireCatGrin gets 1 wheat.	 	 
132	17:26:03:844	dmm	clay=0; ore=0; sheep=0; wheat=1; wood=0; unknown=0; knights=1; dev-cards=0	roads=[188,105]	damn right	 	 
133	17:26:09:328	dmm	clay=0; ore=0; sheep=0; wheat=1; wood=0; unknown=0; knights=1; dev-cards=0	roads=[188,105]	:D	 	 
134	17:26:21:521	CheshireCatGrin	clay=0; ore=0; sheep=1; wheat=6; wood=0; unknown=0; knights=0; dev-cards=0	roads=[154,135; 135,170]; settlements=[154,135]	Anyone want wheat?	 	 
135	17:26:25:665	gotwood4sheep	clay=0; ore=2; sheep=0; wheat=0; wood=3; unknown=0; knights=1; dev-cards=0	roads=[100,167]	no ta	 	 
136	17:26:27:525	CheshireCatGrin	clay=0; ore=0; sheep=1; wheat=6; wood=0; unknown=0; knights=0; dev-cards=0	roads=[154,135; 135,170]; settlements=[154,135]	I'm drowning in it ...	 	 
137	17:26:37:429	dmm	clay=0; ore=0; sheep=0; wheat=1; wood=0; unknown=0; knights=1; dev-cards=0	roads=[188,105]	all i have is wheat	 	 
138	17:26:38:302	gotwood4sheep	clay=0; ore=2; sheep=0; wheat=0; wood=3; unknown=0; knights=1; dev-cards=0	roads=[100,167]	you have a lot of yellow he	 	 
139	17:26:41:910	gotwood4sheep	clay=0; ore=2; sheep=0; wheat=0; wood=3; unknown=0; knights=1; dev-cards=0	roads=[100,167]	hex*	 	 
140	17:26:49:286	Server	 		CheshireCatGrin traded 4 wheat for 1 clay from the bank.	 	 
141	17:26:54:856	Server	 		gotwood4sheep rolled a 1 and a 2.	 	 
142	17:26:54:857	Server	 		gotwood4sheep gets 1 sheep.	 	 
143	17:26:58:445	Server	 		dmm rolled a 3 and a 2.	 	 
144	17:26:58:446	Server	 		gotwood4sheep gets 2 ore. CheshireCatGrin gets 1 wheat.	 	 
145	17:27:07:813	Server	 		CheshireCatGrin rolled a 3 and a 1.	 	 
146	17:27:07:815	Server	 		gotwood4sheep gets 1 wheat. CheshireCatGrin gets 1 wheat.	 	 
147	17:27:35:529	CheshireCatGrin	clay=1; ore=0; sheep=1; wheat=4; wood=0; unknown=0; knights=0; dev-cards=0	roads=[154,135; 135,170]; settlements=[154,135]	still no-one wants wheat ... ?	 	 
148	17:27:41:421	gotwood4sheep	clay=0; ore=4; sheep=1; wheat=1; wood=3; unknown=0; knights=1; dev-cards=0	roads=[100,167]	i can offer wood?	 	 
149	17:27:41:422	dmm	clay=0; ore=0; sheep=0; wheat=1; wood=0; unknown=0; knights=1; dev-cards=0	roads=[188,105]	nope	 	 
150	17:27:47:117	gotwood4sheep	clay=0; ore=4; sheep=1; wheat=1; wood=3; unknown=0; knights=1; dev-cards=0	roads=[100,167]	i seem to be woody	 	 
151	17:27:53:372	gotwood4sheep	clay=0; ore=4; sheep=1; wheat=1; wood=3; unknown=0; knights=1; dev-cards=0	roads=[100,167]	oh or a sheep	 	 
152	17:27:57:651	Server	 		gotwood4sheep rolled a 2 and a 3.	 	 
153	17:27:57:652	Server	 		gotwood4sheep gets 2 ore. CheshireCatGrin gets 1 wheat.	 	 
154	17:28:09:846	gotwood4sheep	clay=0; ore=6; sheep=1; wheat=1; wood=3; unknown=0; knights=1; dev-cards=0	roads=[100,167]	matt, wood or sheep for wheat?	 	 
155	17:28:18:379	dmm	clay=0; ore=0; sheep=0; wheat=1; wood=0; unknown=0; knights=1; dev-cards=0	roads=[188,105]	bah, having only 4 options for picking up resources is tough	 	 
156	17:28:27:652	CheshireCatGrin	clay=1; ore=0; sheep=1; wheat=5; wood=0; unknown=0; knights=0; dev-cards=0	roads=[154,135; 135,170]; settlements=[154,135]	i'd like a wood	 	 
157	17:28:32:955	gotwood4sheep	clay=0; ore=6; sheep=1; wheat=1; wood=3; unknown=0; knights=1; dev-cards=0	roads=[100,167]	deal!	 	 
158	17:28:36:694	Server	 		gotwood4sheep made an offer to trade 1 wood for 1 wheat.	 	 
159	17:28:41:608	Server	 		gotwood4sheep traded 1 wood for 1 wheat from CheshireCatGrin.	 	 
160	17:28:45:408	Server	 		gotwood4sheep built a city.	 	 
161	17:28:49:247	Server	 		dmm rolled a 2 and a 6.	 	 
162	17:28:49:248	Server	 		dmm gets 1 ore.	 	 
163	17:28:53:289	gotwood4sheep	clay=0; ore=3; sheep=1; wheat=0; wood=2; unknown=0; knights=1; dev-cards=0	roads=[100,167]; cities=[116,184]	ah 8	 	 
164	17:28:56:649	gotwood4sheep	clay=0; ore=3; sheep=1; wheat=0; wood=2; unknown=0; knights=1; dev-cards=0	roads=[100,167]; cities=[116,184]	my lost friend	 	 
165	17:29:17:102	dmm	clay=0; ore=1; sheep=0; wheat=1; wood=0; unknown=0; knights=1; dev-cards=0	roads=[188,105]	a more complex offer this time: i'll give an ore and a wheat for a clay and a wood	 	 
166	17:29:21:804	gotwood4sheep	clay=0; ore=3; sheep=1; wheat=0; wood=2; unknown=0; knights=1; dev-cards=0	roads=[100,167]; cities=[116,184]	i have no clay	 	 
167	17:29:26:555	gotwood4sheep	clay=0; ore=3; sheep=1; wheat=0; wood=2; unknown=0; knights=1; dev-cards=0	roads=[100,167]; cities=[116,184]	so your complexity is lost on me :)	 	 
168	17:29:28:344	CheshireCatGrin	clay=1; ore=0; sheep=1; wheat=4; wood=1; unknown=0; knights=0; dev-cards=0	roads=[154,135; 135,170]; settlements=[154,135]	i can't give away either	 	 
169	17:29:38:253	dmm	clay=0; ore=1; sheep=0; wheat=1; wood=0; unknown=0; knights=1; dev-cards=0	roads=[188,105]	sigh :(	 	 
170	17:29:43:274	Server	 		CheshireCatGrin rolled a 2 and a 4.	 	 
171	17:29:43:275	Server	 		gotwood4sheep gets 2 wood. dmm gets 2 wood. CheshireCatGrin gets 1 wood.	 	 
172	17:29:51:029	Server	 		CheshireCatGrin built a settlement.	 	 
173	17:29:52:473	dmm	clay=0; ore=1; sheep=0; wheat=1; wood=2; unknown=0; knights=1; dev-cards=0	roads=[188,105]	wood for all	 	 
174	17:30:03:611	Server	 		gotwood4sheep rolled a 6 and a 5.	 	 
175	17:30:03:613	Server	 		CheshireCatGrin gets 1 wood.	 	 
176	17:30:21:302	gotwood4sheep	clay=0; ore=3; sheep=1; wheat=0; wood=4; unknown=0; knights=1; dev-cards=0	roads=[100,167]; cities=[116,184]	matt, still want a wood for one of your wheat?	 	 
177	17:30:24:383	gotwood4sheep	clay=0; ore=3; sheep=1; wheat=0; wood=4; unknown=0; knights=1; dev-cards=0	roads=[100,167]; cities=[116,184]	or has that ship sailed	 	 
178	17:30:31:441	CheshireCatGrin	clay=0; ore=0; sheep=0; wheat=3; wood=2; unknown=0; knights=0; dev-cards=0	roads=[154,135; 135,170]; settlements=[154,135; 135,186]	no longer need wood	 	 
179	17:30:39:351	Server	 		gotwood4sheep traded 4 wood for 1 wheat from the bank.	 	 
180	17:30:44:623	Server	 		dmm rolled a 3 and a 1.	 	 
181	17:30:44:624	Server	 		gotwood4sheep gets 2 wheat. CheshireCatGrin gets 1 wheat.	 	 
182	17:30:58:545	dmm	clay=0; ore=1; sheep=0; wheat=1; wood=2; unknown=0; knights=1; dev-cards=0	roads=[188,105]	any clay lying around?	 	 
183	17:31:01:691	gotwood4sheep	clay=0; ore=2; sheep=0; wheat=2; wood=0; unknown=0; knights=1; dev-cards=1	roads=[100,167]; cities=[116,184]	still no	 	 
184	17:31:02:726	CheshireCatGrin	clay=0; ore=0; sheep=0; wheat=4; wood=2; unknown=0; knights=0; dev-cards=0	roads=[154,135; 135,170]; settlements=[154,135; 135,186]	not here	 	 
185	17:31:03:763	gotwood4sheep	clay=0; ore=2; sheep=0; wheat=2; wood=0; unknown=0; knights=1; dev-cards=1	roads=[100,167]; cities=[116,184]	no 10 to date	 	 
186	17:31:07:905	dmm	clay=0; ore=1; sheep=0; wheat=1; wood=2; unknown=0; knights=1; dev-cards=0	roads=[188,105]	wow	 	 
187	17:31:15:188	Server	 		CheshireCatGrin rolled a 6 and a 2.	 	 
188	17:31:15:189	Server	 		dmm gets 1 ore. CheshireCatGrin gets 1 ore.	 	 
189	17:31:18:595	dmm	clay=0; ore=2; sheep=0; wheat=1; wood=2; unknown=0; knights=1; dev-cards=0	roads=[188,105]	i'm feeling rather behind now...	 	 
190	17:31:41:111	dmm	clay=0; ore=2; sheep=0; wheat=1; wood=2; unknown=0; knights=1; dev-cards=0	roads=[188,105]	8s and 9s aren't as common as i'd hoped!	 	 
191	17:31:48:134	gotwood4sheep	clay=0; ore=2; sheep=0; wheat=2; wood=0; unknown=0; knights=1; dev-cards=1	roads=[100,167]; cities=[116,184]	10s are not plentiful	 	 
192	17:31:51:273	Server	 		CheshireCatGrin traded 4 wheat for 1 clay from the bank.	 	 
193	17:31:54:500	gotwood4sheep	clay=0; ore=2; sheep=0; wheat=2; wood=0; unknown=0; knights=1; dev-cards=1	roads=[100,167]; cities=[116,184]	8s have been common as they get	 	
194	17:31:55:462	Server	 		CheshireCatGrin built a road.	 	 
195	17:32:02:117	Server	 		gotwood4sheep rolled a 1 and a 2.	 	 
196	17:32:02:118	Server	 		gotwood4sheep gets 2 sheep. CheshireCatGrin gets 1 sheep.	 	 
197	17:32:08:456	Server	 		dmm rolled a 1 and a 1.	 	 
198	17:32:08:456	Server	 		No player gets anything.	 	 
199	17:32:16:415	Server	 		dmm traded 2 ore for 1 clay from a port.	 	 
200	17:32:19:060	Server	 		dmm built a road.	 	 
201	17:32:26:189	Server	 		CheshireCatGrin rolled a 2 and a 4.	 	 
202	17:32:26:190	Server	 		gotwood4sheep gets 2 wood. dmm gets 2 wood. CheshireCatGrin gets 1 wood.	 	 
203	17:33:11:633	Server	 		gotwood4sheep rolled a 6 and a 5.	 	 
204	17:33:11:635	Server	 		CheshireCatGrin gets 1 wood.	 	 
205	17:33:16:274	Server	 		dmm rolled a 2 and a 5.	 	 
206	17:34:51:790	gotwood4sheep	clay=0; ore=0; sheep=0; wheat=0; wood=2; unknown=0; knights=2; dev-cards=2	roads=[100,167]; cities=[116,184]	booo	 	 
207	17:34:57:369	gotwood4sheep	clay=0; ore=0; sheep=0; wheat=0; wood=2; unknown=0; knights=2; dev-cards=2	roads=[100,167]; cities=[116,184]	i stole from the wrong guy ;)	 	 
208	17:34:59:798	dmm	clay=0; ore=0; sheep=0; wheat=1; wood=4; unknown=0; knights=1; dev-cards=0	roads=[188,105; 105,88]	any clay?	 	 
209	17:35:02:542	gotwood4sheep	clay=0; ore=0; sheep=0; wheat=0; wood=2; unknown=0; knights=2; dev-cards=2	roads=[100,167]; cities=[116,184]	none still	 	 
210	17:35:05:120	gotwood4sheep	clay=0; ore=0; sheep=0; wheat=0; wood=2; unknown=0; knights=2; dev-cards=2	roads=[100,167]; cities=[116,184]	need to see a T	 	 
211	17:35:07:658	CheshireCatGrin	clay=0; ore=1; sheep=1; wheat=0; wood=2; unknown=0; knights=0; dev-cards=0	roads=[154,135; 135,170; 170,136]; settlements=[154,135; 135,186]	likewise	 	 
212	17:35:12:158	gotwood4sheep	clay=0; ore=0; sheep=0; wheat=0; wood=2; unknown=0; knights=2; dev-cards=2	roads=[100,167]; cities=[116,184]	then i'll let you know you can rob me	 	 
213	17:35:36:663	dmm	clay=0; ore=0; sheep=0; wheat=1; wood=4; unknown=0; knights=1; dev-cards=0	roads=[188,105; 105,88]	hmm i don't think there's anything else i can use right now... oh well	 	 
214	17:35:42:556	Server	 		CheshireCatGrin rolled a 3 and a 2.	 	 
215	17:35:42:558	Server	 		gotwood4sheep gets 2 ore. CheshireCatGrin gets 2 wheat.	 	 
216	17:35:56:805	dmm	clay=0; ore=0; sheep=0; wheat=1; wood=4; unknown=0; knights=1; dev-cards=0	roads=[188,105; 105,88]	ooh i'm a bit scared of those 2 soldiers+2 dev cards	 	 
217	17:35:56:923	Server	 		gotwood4sheep rolled a 2 and a 6.	 	 
218	17:35:56:925	Server	 		dmm gets 1 ore. CheshireCatGrin gets 1 ore.	 	 
219	17:36:09:727	Server	 		gotwood4sheep traded 4 ore for 1 clay from the bank.	 	 
220	17:36:12:683	Server	 		gotwood4sheep built a road.	 	 
221	17:36:16:392	Server	 		dmm rolled a 5 and a 6.	 	 
222	17:36:16:394	Server	 		CheshireCatGrin gets 1 wood.	 	 
223	17:36:17:712	gotwood4sheep	clay=0; ore=1; sheep=0; wheat=0; wood=1; unknown=0; knights=2; dev-cards=1	roads=[100,167; 167,84]; cities=[116,184]	there goes 1	 	 
224	17:36:24:034	gotwood4sheep	clay=0; ore=1; sheep=0; wheat=0; wood=1; unknown=0; knights=2; dev-cards=1	roads=[100,167; 167,84]; cities=[116,184]	needed to thieve	 	 
225	17:36:39:390	dmm	clay=0; ore=0; sheep=0; wheat=1; wood=4; unknown=0; knights=1; dev-cards=0	roads=[188,105; 105,88]	aha so there wasn't a soldier among them ;)	 	 
226	17:36:50:359	dmm	clay=0; ore=0; sheep=0; wheat=1; wood=4; unknown=0; knights=1; dev-cards=0	roads=[188,105; 105,88]	i haven't been paying attention... any tens yet?	 	 
227	17:36:53:787	gotwood4sheep	clay=0; ore=1; sheep=0; wheat=0; wood=1; unknown=0; knights=2; dev-cards=1	roads=[100,167; 167,84]; cities=[116,184]	still not one	 	 
228	17:36:56:957	gotwood4sheep	clay=0; ore=1; sheep=0; wheat=0; wood=1; unknown=0; knights=2; dev-cards=1	roads=[100,167; 167,84]; cities=[116,184]	how many rolls, 30?	 	 
229	17:36:58:925	dmm	clay=0; ore=0; sheep=0; wheat=1; wood=4; unknown=0; knights=1; dev-cards=0	roads=[188,105; 105,88]	okey doke	 	 
230	17:36:59:752	gotwood4sheep	clay=0; ore=1; sheep=0; wheat=0; wood=1; unknown=0; knights=2; dev-cards=1	roads=[100,167; 167,84]; cities=[116,184]	maybe 24?	 	 
231	17:37:03:654	Server	 		CheshireCatGrin rolled a 2 and a 2.	 	 
232	17:37:03:655	Server	 		gotwood4sheep gets 2 wheat. CheshireCatGrin gets 1 wheat.	 	 
233	17:37:12:926	gotwood4sheep	clay=0; ore=1; sheep=0; wheat=2; wood=1; unknown=0; knights=2; dev-cards=1	roads=[100,167; 167,84]; cities=[116,184]	ludicrous	 	 
234	17:37:29:276	Server	 		gotwood4sheep rolled a 2 and a 1.	 	 
235	17:37:29:278	Server	 		gotwood4sheep gets 2 sheep. CheshireCatGrin gets 1 sheep.	 	 
236	17:37:32:038	dmm	clay=0; ore=0; sheep=0; wheat=1; wood=4; unknown=0; knights=1; dev-cards=0	roads=[188,105; 105,88]	for some reason i often find 10s are much rarer than they should be	 	 
237	17:37:34:529	Server	 		dmm rolled a 6 and a 1.	 	 
238	17:37:38:832	gotwood4sheep	clay=0; ore=0; sheep=1; wheat=1; wood=1; unknown=0; knights=2; dev-cards=2	roads=[100,167; 167,84]; cities=[116,184]	as rare as 4s ;)	 	 
239	17:37:57:254	dmm	clay=0; ore=0; sheep=0; wheat=1; wood=4; unknown=0; knights=1; dev-cards=0	roads=[188,105; 105,88]	that's how it should be! but 4s always seem to come up more often in my experience	 	 
240	17:38:08:738	gotwood4sheep	clay=0; ore=0; sheep=1; wheat=1; wood=1; unknown=0; knights=2; dev-cards=2	roads=[100,167; 167,84]; cities=[116,184]	they have this game :D	 	 
241	17:38:12:749	dmm	clay=0; ore=0; sheep=0; wheat=1; wood=4; unknown=0; knights=1; dev-cards=0	roads=[188,105; 105,88]	why can't real life obey the rules of maths	 	 
242	17:38:21:033	gotwood4sheep	clay=0; ore=0; sheep=1; wheat=1; wood=0; unknown=0; knights=2; dev-cards=2	roads=[100,167; 167,84]; cities=[116,184]	our sample size is small ;)	 	 
243	17:38:24:306	Server	 		dmm traded 4 wood for 1 clay from the bank.	 	 
244	17:38:26:318	gotwood4sheep	clay=0; ore=0; sheep=1; wheat=1; wood=0; unknown=0; knights=2; dev-cards=2	roads=[100,167; 167,84]; cities=[116,184]	also you keep thieving me	 	 
245	17:38:27:277	Server	 		dmm built a road.	 	 
246	17:38:33:122	Server	 		CheshireCatGrin rolled a 2 and a 2.	 	 
247	17:38:33:123	Server	 		No player gets anything.	 	 
248	17:38:36:190	gotwood4sheep	clay=0; ore=0; sheep=1; wheat=1; wood=0; unknown=0; knights=2; dev-cards=2	roads=[100,167; 167,84]; cities=[116,184]	4 nooo	 	 
249	17:38:39:335	gotwood4sheep	clay=0; ore=0; sheep=1; wheat=1; wood=0; unknown=0; knights=2; dev-cards=2	roads=[100,167; 167,84]; cities=[116,184]	i will cut youooo	 	 
250	17:38:42:641	dmm	clay=0; ore=0; sheep=0; wheat=1; wood=0; unknown=0; knights=1; dev-cards=0	roads=[188,105; 105,88; 88,71]	sorry about that - i can't help feeling like you'll win at any moment ;)	 	 
251	17:38:58:496	Server	 		gotwood4sheep rolled a 3 and a 4.	 	 
252	17:39:08:444	Server	 		dmm rolled a 4 and a 2.	 	 
253	17:39:08:446	Server	 		gotwood4sheep gets 2 wood.	 	 
254	17:39:11:986	gotwood4sheep	clay=0; ore=0; sheep=1; wheat=2; wood=3; unknown=0; knights=3; dev-cards=1	roads=[100,167; 167,84]; cities=[116,184]	ahh soldier 7	 	 
255	17:39:12:906	dmm	clay=0; ore=0; sheep=0; wheat=0; wood=0; unknown=0; knights=1; dev-cards=0	roads=[188,105; 105,88; 88,71]	ah see, now you have 6! i was right to be aggressive	 	 
256	17:39:13:811	gotwood4sheep	clay=0; ore=0; sheep=1; wheat=2; wood=3; unknown=0; knights=3; dev-cards=1	roads=[100,167; 167,84]; cities=[116,184]	how that rules	 	 
257	17:39:27:505	gotwood4sheep	clay=0; ore=0; sheep=1; wheat=2; wood=3; unknown=0; knights=3; dev-cards=1	roads=[100,167; 167,84]; cities=[116,184]	i didn't want to deploy that soldier so soon >:(	 	 
258	17:39:29:262	Server	 		CheshireCatGrin rolled a 2 and a 3.	 	 
259	17:39:29:264	Server	 		gotwood4sheep gets 2 ore. CheshireCatGrin gets 2 wheat.	 	 
260	17:39:52:836	CheshireCatGrin	clay=0; ore=0; sheep=1; wheat=3; wood=1; unknown=0; knights=0; dev-cards=0	roads=[154,135; 135,170; 170,136]; settlements=[154,135; 135,186]	any chanve anyone wants a sheep in return for wheat?	 	 
261	17:39:59:077	gotwood4sheep	clay=0; ore=2; sheep=1; wheat=2; wood=3; unknown=0; knights=3; dev-cards=1	roads=[100,167; 167,84]; cities=[116,184]	no ta	 	 
262	17:40:05:413	dmm	clay=0; ore=0; sheep=0; wheat=0; wood=0; unknown=0; knights=1; dev-cards=0	roads=[188,105; 105,88; 88,71]	i have literally nothing to give	 	 
263	17:40:12:633	gotwood4sheep	clay=0; ore=2; sheep=1; wheat=2; wood=3; unknown=0; knights=3; dev-cards=1	roads=[100,167; 167,84]; cities=[116,184]	apart from your heart	 	 
264	17:40:13:859	Server	 		gotwood4sheep rolled a 1 and a 6.	 	 
265	17:40:24:493	Server	 		dmm rolled a 1 and a 4.	 	 
266	17:40:24:494	Server	 		gotwood4sheep gets 2 ore. CheshireCatGrin gets 2 wheat.	 	 
267	17:40:32:270	dmm	clay=0; ore=0; sheep=0; wheat=0; wood=0; unknown=0; knights=1; dev-cards=0	roads=[188,105; 105,88; 88,71]	ughhh	 	 
268	17:40:34:394	Server	 		CheshireCatGrin rolled a 4 and a 5.	 	 
269	17:40:34:396	Server	 		gotwood4sheep gets 2 sheep. dmm gets 2 ore. CheshireCatGrin gets 1 sheep.	 	 
270	17:40:38:572	dmm	clay=0; ore=2; sheep=0; wheat=0; wood=0; unknown=0; knights=1; dev-cards=0	roads=[188,105; 105,88; 88,71]	ooh	 	 
271	17:40:47:257	Server	 		CheshireCatGrin traded 4 wheat for 1 clay from the bank.	 	 
272	17:40:51:448	Server	 		CheshireCatGrin built a road.	 	 
273	17:40:52:761	gotwood4sheep	clay=0; ore=2; sheep=2; wheat=1; wood=1; unknown=0; knights=3; dev-cards=2	roads=[100,167; 167,84]; cities=[116,184]	nice rud	 	 
274	17:40:56:697	gotwood4sheep	clay=0; ore=2; sheep=2; wheat=1; wood=1; unknown=0; knights=3; dev-cards=2	roads=[100,167; 167,84]; cities=[116,184]	highway to heaven	 	 
275	17:41:01:518	Server	 		gotwood4sheep rolled a 3 and a 2.	 	 
276	17:41:01:520	Server	 		gotwood4sheep gets 2 ore. CheshireCatGrin gets 2 wheat.	 	 
277	17:41:07:282	Server	 		gotwood4sheep traded 4 ore for 1 clay from the bank.	 	 
278	17:41:09:013	Server	 		gotwood4sheep built a settlement.	 	 
279	17:41:11:846	Server	 		dmm rolled a 5 and a 2.	 	 
280	17:41:23:967	gotwood4sheep	clay=0; ore=0; sheep=0; wheat=0; wood=0; unknown=0; knights=3; dev-cards=2	roads=[100,167; 167,84]; cities=[116,184]	maaaaaaaa	 	 
281	17:41:27:484	gotwood4sheep	clay=0; ore=0; sheep=0; wheat=0; wood=0; unknown=0; knights=3; dev-cards=2	roads=[100,167; 167,84]; cities=[116,184]	enjoy my sheep	 	 
282	17:41:36:120	Server	 		CheshireCatGrin rolled a 4 and a 5.	 	 
283	17:41:36:121	Server	 		dmm gets 2 ore.	 	 
284	17:41:37:569	dmm	clay=0; ore=4; sheep=1; wheat=0; wood=0; unknown=0; knights=1; dev-cards=0	roads=[188,105; 105,88; 88,71]	i intend to	 	 
285	17:41:39:098	gotwood4sheep	clay=0; ore=0; sheep=0; wheat=0; wood=0; unknown=0; knights=3; dev-cards=2	roads=[100,167; 167,84]; cities=[116,184]	9 nnoo!	 	 
286	17:41:50:328	dmm	clay=0; ore=4; sheep=1; wheat=0; wood=0; unknown=0; knights=1; dev-cards=0	roads=[188,105; 105,88; 88,71]	ah 9 :)	 	 
287	17:41:53:806	Server	 		gotwood4sheep rolled a 2 and a 5.	 	 
288	17:42:02:874	dmm	clay=0; ore=3; sheep=1; wheat=0; wood=0; unknown=0; knights=1; dev-cards=0	roads=[188,105; 105,88; 88,71]	blast	 	 
289	17:42:04:189	Server	 		dmm rolled a 5 and a 3.	 	 
290	17:42:04:190	Server	 		gotwood4sheep gets 1 wheat.	 	 
291	17:42:06:545	gotwood4sheep	clay=0; ore=1; sheep=0; wheat=1; wood=0; unknown=0; knights=3; dev-cards=2	roads=[100,167; 167,84]; cities=[116,184]	ah haaa	 	 
292	17:42:09:472	gotwood4sheep	clay=0; ore=1; sheep=0; wheat=1; wood=0; unknown=0; knights=3; dev-cards=2	roads=[100,167; 167,84]; cities=[116,184]	revenge	 	
293	17:42:14:682	Server	 		dmm traded 2 ore for 1 wheat from a port.	 	 
294	17:42:16:900	CheshireCatGrin	clay=0; ore=0; sheep=2; wheat=2; wood=0; unknown=0; knights=0; dev-cards=0	roads=[154,135; 135,170; 170,136; 136,137]; settlements=[154,135; 135,186]	haha	 	 
295	17:42:22:807	Server	 		CheshireCatGrin rolled a 6 and a 2.	 	 
296	17:42:22:808	Server	 		gotwood4sheep gets 1 wheat.	 	 
297	17:42:32:511	Server	 		gotwood4sheep rolled a 3 and a 4.	 	 
298	17:42:45:851	gotwood4sheep	clay=0; ore=0; sheep=0; wheat=1; wood=0; unknown=0; knights=3; dev-cards=3	roads=[100,167; 167,84]; cities=[116,184]	gg all	 	 
299	17:42:48:937	gotwood4sheep	clay=0; ore=0; sheep=0; wheat=1; wood=0; unknown=0; knights=3; dev-cards=3	roads=[100,167; 167,84]; cities=[116,184]	got a run of VP cards	 	 
300	17:42:52:879	dmm	clay=0; ore=0; sheep=0; wheat=0; wood=0; unknown=0; knights=1; dev-cards=1	roads=[188,105; 105,88; 88,71]	ouch	 	 
300.1	17:42:56:285	inca	 	 	congrats niko!	 	 
301	17:42:58:485	CheshireCatGrin	clay=0; ore=0; sheep=1; wheat=2; wood=0; unknown=0; knights=0; dev-cards=0	roads=[154,135; 135,170; 170,136; 136,137]; settlements=[154,135; 135,186]	Well done :)	 	 
302	17:43:01:983	dmm	clay=0; ore=0; sheep=0; wheat=0; wood=0; unknown=0; knights=1; dev-cards=1	roads=[188,105; 105,88; 88,71]	well done	 	 
303	17:43:03:703	gotwood4sheep	clay=0; ore=0; sheep=0; wheat=1; wood=0; unknown=0; knights=3; dev-cards=3	roads=[100,167; 167,84]; cities=[116,184]	ta guys	 	 
304	17:43:10:130	gotwood4sheep	clay=0; ore=0; sheep=0; wheat=1; wood=0; unknown=0; knights=3; dev-cards=3	roads=[100,167; 167,84]; cities=[116,184]	lucky run of 5s at the start	 	 
305	17:43:16:874	gotwood4sheep	clay=0; ore=0; sheep=0; wheat=1; wood=0; unknown=0; knights=3; dev-cards=3	roads=[100,167; 167,84]; cities=[116,184]	meant i could build cities earlier	 	 
306	17:43:20:323	gotwood4sheep	clay=0; ore=0; sheep=0; wheat=1; wood=0; unknown=0; knights=3; dev-cards=3	roads=[100,167; 167,84]; cities=[116,184]	and buy cards to win	 	 
307	17:43:20:735	dmm	clay=0; ore=0; sheep=0; wheat=0; wood=0; unknown=0; knights=1; dev-cards=1	roads=[188,105; 105,88; 88,71]	5s weren't so lucky for me :'(	 	 
308	17:43:21:607	gotwood4sheep	clay=0; ore=0; sheep=0; wheat=1; wood=0; unknown=0; knights=3; dev-cards=3	roads=[100,167; 167,84]; cities=[116,184]	jammy really	 	 
309	17:43:32:741	gotwood4sheep	clay=0; ore=0; sheep=0; wheat=1; wood=0; unknown=0; knights=3; dev-cards=3	roads=[100,167; 167,84]; cities=[116,184]	so that game: no 10s	 	 
310	17:43:33:778	gotwood4sheep	clay=0; ore=0; sheep=0; wheat=1; wood=0; unknown=0; knights=3; dev-cards=3	roads=[100,167; 167,84]; cities=[116,184]	at all	 	 
311	17:43:37:744	gotwood4sheep	clay=0; ore=0; sheep=0; wheat=1; wood=0; unknown=0; knights=3; dev-cards=3	roads=[100,167; 167,84]; cities=[116,184]	that's one for the statisticians	 	 
312	17:43:42:512	dmm	clay=0; ore=0; sheep=0; wheat=0; wood=0; unknown=0; knights=1; dev-cards=1	roads=[188,105; 105,88; 88,71]	haha	 	 
312.1	17:43:42:779	inca	 	 	yeah that's bizarre	 	 
313	17:43:46:436	gotwood4sheep	clay=0; ore=0; sheep=0; wheat=1; wood=0; unknown=0; knights=3; dev-cards=3	roads=[100,167; 167,84]; cities=[116,184]	17 rounds, 51 rolls	 	 
314	17:44:00:048	dmm	clay=0; ore=0; sheep=0; wheat=0; wood=0; unknown=0; knights=1; dev-cards=1	roads=[188,105; 105,88; 88,71]	well, looks like i'll be seeing you all next season!	 	 
315	17:44:06:096	gotwood4sheep	clay=0; ore=0; sheep=0; wheat=1; wood=0; unknown=0; knights=3; dev-cards=3	roads=[100,167; 167,84]; cities=[116,184]	we should have seen 6/36, or about 8/51 10s	 	 
316	17:44:21:294	gotwood4sheep	clay=0; ore=0; sheep=0; wheat=1; wood=0; unknown=0; knights=3; dev-cards=3	roads=[100,167; 167,84]; cities=[116,184]	yep, afraid LJ gets relegated unless there's less demand	 	 
317	17:44:25:120	gotwood4sheep	clay=0; ore=0; sheep=0; wheat=1; wood=0; unknown=0; knights=3; dev-cards=3	roads=[100,167; 167,84]; cities=[116,184]	it was a much more balanced season	 	 
318	17:44:27:863	gotwood4sheep	clay=0; ore=0; sheep=0; wheat=1; wood=0; unknown=0; knights=3; dev-cards=3	roads=[100,167; 167,84]; cities=[116,184]	1 win each to the end	 	 
319	17:44:51:954	CheshireCatGrin	clay=0; ore=0; sheep=1; wheat=2; wood=0; unknown=0; knights=0; dev-cards=0	roads=[154,135; 135,170; 170,136; 136,137]; settlements=[154,135; 135,186]	Indeed, and I've enjoyed the season. But must dash! Bye!	 	 
320	17:44:52:458	dmm	clay=0; ore=0; sheep=0; wheat=0; wood=0; unknown=0; knights=1; dev-cards=1	roads=[188,105; 105,88; 88,71]	yep	 	 
321	17:44:59:240	dmm	clay=0; ore=0; sheep=0; wheat=0; wood=0; unknown=0; knights=1; dev-cards=1	roads=[188,105; 105,88; 88,71]	bye!	 	 
321.1	17:45:00:904	inca	 	 	see you later matt, cheers for all your commitment	 	 
322	17:45:03:470	dmm	clay=0; ore=0; sheep=0; wheat=0; wood=0; unknown=0; knights=1; dev-cards=1	roads=[188,105; 105,88; 88,71]	i think i'll get going too	 	 
322.1	17:45:06:612	inca	 	 	and the rest of you	 	 
323	17:45:12:448	dmm	clay=0; ore=0; sheep=0; wheat=0; wood=0; unknown=0; knights=1; dev-cards=1	roads=[188,105; 105,88; 88,71]	until next time!	 	 
324	17:45:16:982	gotwood4sheep	clay=0; ore=0; sheep=0; wheat=1; wood=0; unknown=0; knights=3; dev-cards=3	roads=[100,167; 167,84]; cities=[116,184]	inca you finished 2nd on VPs	 	 
324.1	17:45:20:609	inca	 	 	see you :)	 	 
324.2	17:45:23:063	inca	 	 	haha, seriuosly?	 	 
325	17:45:26:160	gotwood4sheep	clay=0; ore=0; sheep=0; wheat=1; wood=0; unknown=0; knights=3; dev-cards=3	roads=[100,167; 167,84]; cities=[116,184]	yup	 	 
325.1	17:45:32:343	inca	 	 	interesting turn of events	 	 
326	17:45:34:119	gotwood4sheep	clay=0; ore=0; sheep=0; wheat=1; wood=0; unknown=0; knights=3; dev-cards=3	roads=[100,167; 167,84]; cities=[116,184]	I've been keeping count on my laptop to check for win conditions	 	 
326.1	17:45:42:634	inca	 	 	i thought i was heading for dead last until last game	 	 
327	17:45:46:120	gotwood4sheep	clay=0; ore=0; sheep=0; wheat=1; wood=0; unknown=0; knights=3; dev-cards=3	roads=[100,167; 167,84]; cities=[116,184]	since dmm got 3 and matt 5, it finished	 	 
328	17:45:55:524	gotwood4sheep	clay=0; ore=0; sheep=0; wheat=1; wood=0; unknown=0; knights=3; dev-cards=3	roads=[100,167; 167,84]; cities=[116,184]	me on 34, you 25, matt 24, duncan 22	 	 
329	17:46:03:773	gotwood4sheep	clay=0; ore=0; sheep=0; wheat=1; wood=0; unknown=0; knights=3; dev-cards=3	roads=[100,167; 167,84]; cities=[116,184]	congrats ;)	 	 
329.1	17:46:10:615	inca	 	 	cool! well i'm dead pleased with that	 	 
330	17:46:11:443	gotwood4sheep	clay=0; ore=0; sheep=0; wheat=1; wood=0; unknown=0; knights=3; dev-cards=3	roads=[100,167; 167,84]; cities=[116,184]	if you'd had one more game I reckon you'd have hit stride	 	 
331	17:46:14:984	gotwood4sheep	clay=0; ore=0; sheep=0; wheat=1; wood=0; unknown=0; knights=3; dev-cards=3	roads=[100,167; 167,84]; cities=[116,184]	did you read the blog?	 	 
331.1	17:46:18:891	inca	 	 	cheers! and congrats on defending the title	 	 
332	17:46:28:027	gotwood4sheep	clay=0; ore=0; sheep=0; wheat=1; wood=0; unknown=0; knights=3; dev-cards=3	roads=[100,167; 167,84]; cities=[116,184]	ta :D	 	 
332.1	17:46:37:916	inca	 	 	heh i did have a read through it, wonder if that helped	 	 
333	17:46:43:592	gotwood4sheep	clay=0; ore=0; sheep=0; wheat=1; wood=0; unknown=0; knights=3; dev-cards=3	roads=[100,167; 167,84]; cities=[116,184]	good blog, interesting	 	 
333.1	17:46:47:564	inca	 	 	was surprised at some of the relative values of resources	 	 
334	17:46:50:802	gotwood4sheep	clay=0; ore=0; sheep=0; wheat=1; wood=0; unknown=0; knights=3; dev-cards=3	roads=[100,167; 167,84]; cities=[116,184]	this game has some hidden complexity	 	 
335	17:46:53:322	gotwood4sheep	clay=0; ore=0; sheep=0; wheat=1; wood=0; unknown=0; knights=3; dev-cards=3	roads=[100,167; 167,84]; cities=[116,184]	indeed yes	 	 
335.1	17:46:59:436	inca	 	 	i always saw clay as vital but they rate it as the least vital	 	 
336	17:47:04:244	gotwood4sheep	clay=0; ore=0; sheep=0; wheat=1; wood=0; unknown=0; knights=3; dev-cards=3	roads=[100,167; 167,84]; cities=[116,184]	so it is	 	 
337	17:47:10:082	gotwood4sheep	clay=0; ore=0; sheep=0; wheat=1; wood=0; unknown=0; knights=3; dev-cards=3	roads=[100,167; 167,84]; cities=[116,184]	the longest road is easiest to compete	 	 
338	17:47:12:915	gotwood4sheep	clay=0; ore=0; sheep=0; wheat=1; wood=0; unknown=0; knights=3; dev-cards=3	roads=[100,167; 167,84]; cities=[116,184]	and settlements lose value	 	 
339	17:47:15:788	gotwood4sheep	clay=0; ore=0; sheep=0; wheat=1; wood=0; unknown=0; knights=3; dev-cards=3	roads=[100,167; 167,84]; cities=[116,184]	ore/wheat ftw	 	 
340	17:47:22:990	gotwood4sheep	clay=0; ore=0; sheep=0; wheat=1; wood=0; unknown=0; knights=3; dev-cards=3	roads=[100,167; 167,84]; cities=[116,184]	I underrated sheep for a while	 	 
341	17:47:27:940	gotwood4sheep	clay=0; ore=0; sheep=0; wheat=1; wood=0; unknown=0; knights=3; dev-cards=3	roads=[100,167; 167,84]; cities=[116,184]	but they are great for card wins	 	 
342	17:47:41:538	gotwood4sheep	clay=0; ore=0; sheep=0; wheat=1; wood=0; unknown=0; knights=3; dev-cards=3	roads=[100,167; 167,84]; cities=[116,184]	I must rush and walk the dog, we should chat more soon!  Hopefully another season is round the corne	 	 
343	17:47:47:687	gotwood4sheep	clay=0; ore=0; sheep=0; wheat=1; wood=0; unknown=0; knights=3; dev-cards=3	roads=[100,167; 167,84]; cities=[116,184]	corner*	 	 
343.1	17:48:01:774	inca	 	 	ok, was nice 'meeting' you!	 	 
343.2	17:48:06:190	inca	 	 	hoepfully see you again nex time	 	 
344	17:48:08:012	gotwood4sheep	clay=0; ore=0; sheep=0; wheat=1; wood=0; unknown=0; knights=3; dev-cards=3	roads=[100,167; 167,84]; cities=[116,184]	indeed, you too!	 	 
344.1	17:48:13:905	inca	 	 	see you later :)	 	 
344.2	17:48:16:028	inca	 	 	x	 	 
