ID	Timestamp	Emitter	Resources	Buildups	Text	Annotation	Comment
1	19:59:27:971	raefbrisbin	clay=0; ore=0; sheep=0; wheat=0; wood=0; unknown=0; knights=0; dev-cards=0		good luck!	 	 
2	19:59:34:211	raefbrisbin	clay=0; ore=0; sheep=0; wheat=0; wood=0; unknown=0; knights=0; dev-cards=0		i hate you jade	 	 
3	19:59:40:642	zorburt	clay=0; ore=0; sheep=0; wheat=0; wood=0; unknown=0; knights=0; dev-cards=0		i started the game last time& so someoen else ewant to click start game?	 	 
4	19:59:48:982	zorburt	clay=0; ore=0; sheep=0; wheat=0; wood=0; unknown=0; knights=0; dev-cards=0		i'm going to eat you alive raef.	 	 
5	20:00:01:896	raefbrisbin	clay=0; ore=0; sheep=0; wheat=0; wood=0; unknown=0; knights=0; dev-cards=0		yikes	 	 
6	20:00:13:265	raefbrisbin	clay=0; ore=0; sheep=0; wheat=0; wood=0; unknown=0; knights=0; dev-cards=0		rock mountain	 	 
7	20:02:06:695	Server	 		Ghettoette built a settlement.	 	 
8	20:02:19:919	Server	 		Ghettoette built a road.	 	 
9	20:02:22:563	Server	 		zorburt built a settlement.	 	 
10	20:02:23:371	Server	 		zorburt built a road.	 	 
11	20:03:50:167	catanstrophe	clay=0; ore=0; sheep=0; wheat=0; wood=0; unknown=0; knights=0; dev-cards=0		this board is rough	 	 
12	20:03:59:066	zorburt	clay=0; ore=0; sheep=0; wheat=0; wood=0; unknown=0; knights=0; dev-cards=0		yeah.	 	 
13	20:04:13:325	Server	 		raefbrisbin built a settlement.	 	 
14	20:04:14:673	Server	 		raefbrisbin built a road.	 	 
15	20:04:19:656	catanstrophe	clay=0; ore=0; sheep=0; wheat=0; wood=0; unknown=0; knights=0; dev-cards=0		that 9-5-10 that ghettoette took is by far the best spot	 	 
16	20:04:30:217	raefbrisbin	clay=0; ore=0; sheep=0; wheat=0; wood=0; unknown=0; knights=0; dev-cards=0		no doubt	 	 
17	20:04:30:501	Server	 		catanstrophe built a settlement.	 	 
18	20:04:38:562	Server	 		catanstrophe built a road.	 	 
19	20:04:38:694	Ghettoette	clay=0; ore=0; sheep=0; wheat=0; wood=0; unknown=0; knights=0; dev-cards=0		here's hoping!	 	 
20	20:05:05:237	catanstrophe	clay=0; ore=0; sheep=0; wheat=0; wood=0; unknown=0; knights=0; dev-cards=0		oh whoops& i forgot i get to go twice	 	 
21	20:05:07:530	catanstrophe	clay=0; ore=0; sheep=0; wheat=0; wood=0; unknown=0; knights=0; dev-cards=0		darn.	 	 
22	20:05:44:009	Server	 		catanstrophe built a settlement.	 	 
23	20:05:58:367	Server	 		catanstrophe built a road.	 	 
24	20:06:01:707	Server	 		raefbrisbin built a settlement.	 	 
25	20:06:02:831	Server	 		raefbrisbin built a road.	 	 
26	20:06:22:141	Server	 		zorburt built a settlement.	 	 
27	20:06:31:440	Server	 		zorburt built a road.	 	 
28	20:06:43:633	Server	 		Ghettoette built a settlement.	 	 
29	20:06:44:708	Server	 		Ghettoette built a road.	 	 
30	20:06:48:298	Server	 		Ghettoette rolled a 3 and a 6.	 	 
31	20:06:48:299	Server	 		Ghettoette gets 1 wood. zorburt gets 1 wood. raefbrisbin gets 1 wood. catanstrophe gets 1 wood.	 	 
32	20:06:59:261	Server	 		zorburt rolled a 1 and a 6.	 	 
33	20:07:50:661	raefbrisbin	clay=0; ore=1; sheep=0; wheat=1; wood=1; unknown=0; knights=0; dev-cards=0	roads=[84,168]; settlements=[84,169]	wow, ok	 	 
34	20:07:57:578	Server	 		zorburt built a road.	 	 
35	20:08:16:386	Server	 		raefbrisbin rolled a 5 and a 6.	 	 
36	20:08:16:388	Server	 		catanstrophe gets 2 ore.	 	 
37	20:08:39:383	Server	 		catanstrophe rolled a 2 and a 3.	 	 
38	20:08:39:384	Server	 		Ghettoette gets 1 ore, 1 sheep. catanstrophe gets 1 ore.	 	 
39	20:08:42:995	zorburt	clay=0; ore=1; sheep=1; wheat=0; wood=1; unknown=0; knights=0; dev-cards=0	roads=[166,170; 170,165]; settlements=[167,171]	i knew you had what i wanted :p	 	 
40	20:09:12:595	catanstrophe	clay=0; ore=5; sheep=1; wheat=0; wood=1; unknown=0; knights=0; dev-cards=0	roads=[134,103]; settlements=[135,120]	anyone have wheat	 	 
41	20:09:17:772	zorburt	clay=0; ore=1; sheep=1; wheat=0; wood=1; unknown=0; knights=0; dev-cards=0	roads=[166,170; 170,165]; settlements=[167,171]	no	 	 
42	20:09:27:655	Ghettoette	clay=0; ore=1; sheep=3; wheat=1; wood=1; unknown=0; knights=0; dev-cards=0	roads=[138,99]; settlements=[139,116]	sorry	 	 
43	20:09:31:296	raefbrisbin	clay=0; ore=1; sheep=0; wheat=1; wood=1; unknown=0; knights=0; dev-cards=0	roads=[84,168]; settlements=[84,169]	sorry	 	 
44	20:09:51:503	catanstrophe	clay=0; ore=5; sheep=1; wheat=0; wood=1; unknown=0; knights=0; dev-cards=0	roads=[134,103]; settlements=[135,120]	brick?	 	 
45	20:09:58:543	raefbrisbin	clay=0; ore=1; sheep=0; wheat=1; wood=1; unknown=0; knights=0; dev-cards=0	roads=[84,168]; settlements=[84,169]	nope	 	 
46	20:09:59:870	Ghettoette	clay=0; ore=1; sheep=3; wheat=1; wood=1; unknown=0; knights=0; dev-cards=0	roads=[138,99]; settlements=[139,116]	nope	 	 
47	20:10:05:878	zorburt	clay=0; ore=1; sheep=1; wheat=0; wood=1; unknown=0; knights=0; dev-cards=0	roads=[166,170; 170,165]; settlements=[167,171]	no	 	 
48	20:10:12:272	Server	 		Ghettoette rolled a 4 and a 2.	 	 
49	20:10:12:273	Server	 		zorburt gets 1 wood. catanstrophe gets 1 sheep.	 	 
50	20:10:37:980	Server	 		zorburt rolled a 2 and a 1.	 	 
51	20:10:37:981	Server	 		raefbrisbin gets 2 wheat.	 	 
52	20:10:53:186	zorburt	clay=0; ore=1; sheep=1; wheat=0; wood=2; unknown=0; knights=0; dev-cards=0	roads=[166,170; 170,165]; settlements=[167,171]	anyone have brick now?	 	 
53	20:11:00:918	raefbrisbin	clay=0; ore=1; sheep=0; wheat=3; wood=1; unknown=0; knights=0; dev-cards=0	roads=[84,168]; settlements=[84,169]	lol, how?	 	 
54	20:11:06:517	zorburt	clay=0; ore=1; sheep=1; wheat=0; wood=2; unknown=0; knights=0; dev-cards=0	roads=[166,170; 170,165]; settlements=[167,171]	i dunno.& miracle?	 	 
55	20:11:14:894	catanstrophe	clay=0; ore=5; sheep=2; wheat=0; wood=1; unknown=0; knights=0; dev-cards=0	roads=[134,103]; settlements=[135,120]	no 10s rolled	 	 
56	20:11:22:643	Server	 		raefbrisbin rolled a 2 and a 3.	 	 
57	20:11:22:644	Server	 		Ghettoette gets 1 ore, 1 sheep. catanstrophe gets 1 ore.	 	 
58	20:11:39:227	raefbrisbin	clay=0; ore=1; sheep=0; wheat=3; wood=1; unknown=0; knights=0; dev-cards=0	roads=[84,168]; settlements=[84,169]	looking to trade wheat for ore	 	 
59	20:11:43:352	catanstrophe	clay=0; ore=6; sheep=2; wheat=0; wood=1; unknown=0; knights=0; dev-cards=0	roads=[134,103]; settlements=[135,120]	here	 	 
60	20:11:45:478	catanstrophe	clay=0; ore=6; sheep=2; wheat=0; wood=1; unknown=0; knights=0; dev-cards=0	roads=[134,103]; settlements=[135,120]	i can do it	 	 
61	20:11:55:443	raefbrisbin	clay=0; ore=1; sheep=0; wheat=3; wood=1; unknown=0; knights=0; dev-cards=0	roads=[84,168]; settlements=[84,169]	need 2 ore?	 	 
62	20:11:58:469	catanstrophe	clay=0; ore=6; sheep=2; wheat=0; wood=1; unknown=0; knights=0; dev-cards=0	roads=[134,103]; settlements=[135,120]	i can give you ore	 	 
63	20:11:59:457	raefbrisbin	clay=0; ore=1; sheep=0; wheat=3; wood=1; unknown=0; knights=0; dev-cards=0	roads=[84,168]; settlements=[84,169]	anything work?	 	 
64	20:12:16:170	catanstrophe	clay=0; ore=6; sheep=2; wheat=0; wood=1; unknown=0; knights=0; dev-cards=0	roads=[134,103]; settlements=[135,120]	oh wait,& you want wheat?	 	 
65	20:12:20:862	raefbrisbin	clay=0; ore=1; sheep=0; wheat=3; wood=1; unknown=0; knights=0; dev-cards=0	roads=[84,168]; settlements=[84,169]	want 2 ore	 	 
66	20:12:37:436	catanstrophe	clay=0; ore=6; sheep=2; wheat=0; wood=1; unknown=0; knights=0; dev-cards=0	roads=[134,103]; settlements=[135,120]	i can do 1 for 1	 	 
67	20:12:52:051	catanstrophe	clay=0; ore=6; sheep=2; wheat=0; wood=1; unknown=0; knights=0; dev-cards=0	roads=[134,103]; settlements=[135,120]	i give one ore for one wheat	 	 
68	20:13:00:010	catanstrophe	clay=0; ore=6; sheep=2; wheat=0; wood=1; unknown=0; knights=0; dev-cards=0	roads=[134,103]; settlements=[135,120]	or i could do for 2-for-2	 	 
69	20:13:15:124	Server	 		raefbrisbin made an offer to trade 2 wheat for 2 ore.	 	 
70	20:13:25:298	raefbrisbin	clay=0; ore=1; sheep=0; wheat=3; wood=1; unknown=0; knights=0; dev-cards=0	roads=[84,168]; settlements=[84,169]	did anything show?	 	 
71	20:13:29:754	Server	 		raefbrisbin traded 2 wheat for 2 ore from catanstrophe.	 	 
72	20:13:36:338	catanstrophe	clay=0; ore=4; sheep=2; wheat=2; wood=1; unknown=0; knights=0; dev-cards=0	roads=[134,103]; settlements=[135,120]	yep worked!	 	 
73	20:13:37:882	catanstrophe	clay=0; ore=4; sheep=2; wheat=2; wood=1; unknown=0; knights=0; dev-cards=0	roads=[134,103]; settlements=[135,120]	nice trade	 	 
74	20:13:51:488	Server	 		catanstrophe rolled a 4 and a 1.	 	 
75	20:13:51:489	Server	 		Ghettoette gets 1 ore, 1 sheep. catanstrophe gets 1 ore.	 	 
76	20:14:08:659	Server	 		catanstrophe built a city.	 	 
77	20:14:27:306	Server	 		Ghettoette rolled a 5 and a 6.	 	 
78	20:14:27:308	Server	 		catanstrophe gets 3 ore.	 	 
79	20:14:47:951	Server	 		zorburt rolled a 5 and a 2.	 	 
80	20:14:56:442	raefbrisbin	clay=0; ore=3; sheep=0; wheat=1; wood=1; unknown=0; knights=0; dev-cards=0	roads=[84,168]; settlements=[84,169]	wow, two 11's already,& doesn't look good	 	 
81	20:14:58:866	zorburt	clay=0; ore=1; sheep=1; wheat=0; wood=2; unknown=0; knights=0; dev-cards=0	roads=[166,170; 170,165]; settlements=[167,171]	man why do i always roll the 7s!	 	 
82	20:15:16:955	zorburt	clay=0; ore=1; sheep=1; wheat=0; wood=2; unknown=0; knights=0; dev-cards=0	roads=[166,170; 170,165]; settlements=[167,171]	yeah catanstrophe is the king of ore mountain.	 	 
83	20:15:20:059	catanstrophe	clay=0; ore=3; sheep=0; wheat=0; wood=1; unknown=0; knights=0; dev-cards=0	roads=[134,103]	wow that blew	 	 
84	20:15:23:211	catanstrophe	clay=0; ore=3; sheep=0; wheat=0; wood=1; unknown=0; knights=0; dev-cards=0	roads=[134,103]	not anymore!	 	 
85	20:15:25:816	catanstrophe	clay=0; ore=3; sheep=0; wheat=0; wood=1; unknown=0; knights=0; dev-cards=0	roads=[134,103]	:)	 	 
86	20:15:58:236	zorburt	clay=0; ore=1; sheep=1; wheat=0; wood=3; unknown=0; knights=0; dev-cards=0	roads=[166,170; 170,165]; settlements=[167,171]	oh MAN	 	 
87	20:16:04:554	zorburt	clay=0; ore=1; sheep=1; wheat=0; wood=3; unknown=0; knights=0; dev-cards=0	roads=[166,170; 170,165]; settlements=[167,171]	i mixed up the colours& and just blocked myself!	 	 
88	20:16:04:997	raefbrisbin	clay=0; ore=3; sheep=0; wheat=1; wood=1; unknown=0; knights=0; dev-cards=0	roads=[84,168]; settlements=[84,169]	nice work	 	 
89	20:16:16:849	zorburt	clay=0; ore=1; sheep=1; wheat=0; wood=3; unknown=0; knights=0; dev-cards=0	roads=[166,170; 170,165]; settlements=[167,171]	this is terrible.	 	 
90	20:16:30:541	Server	 		raefbrisbin rolled a 2 and a 1.	 	 
91	20:16:30:549	Server	 		raefbrisbin gets 2 wheat.	 	 
92	20:16:42:327	Server	 		raefbrisbin built a city.	 	 
93	20:16:52:308	Server	 		catanstrophe rolled a 1 and a 2.	 	 
94	20:16:52:309	Server	 		raefbrisbin gets 3 wheat.	 	 
95	20:16:59:423	catanstrophe	clay=0; ore=3; sheep=0; wheat=0; wood=1; unknown=0; knights=0; dev-cards=0	roads=[134,103]	wow these 3's	 	 
96	20:17:08:628	catanstrophe	clay=0; ore=3; sheep=0; wheat=0; wood=1; unknown=0; knights=0; dev-cards=0	roads=[134,103]	raef - are you looking to trade some of that wheat?	 	 
97	20:17:15:409	raefbrisbin	clay=0; ore=0; sheep=0; wheat=4; wood=1; unknown=0; knights=0; dev-cards=0	roads=[84,168]	gone	 	 
98	20:17:22:777	raefbrisbin	clay=0; ore=0; sheep=0; wheat=4; wood=1; unknown=0; knights=0; dev-cards=0	roads=[84,168]	oh shit	 	 
99	20:17:24:144	raefbrisbin	clay=0; ore=0; sheep=0; wheat=4; wood=1; unknown=0; knights=0; dev-cards=0	roads=[84,168]	again	 	 
100	20:17:34:084	catanstrophe	clay=0; ore=3; sheep=0; wheat=0; wood=1; unknown=0; knights=0; dev-cards=0	roads=[134,103]	?	 	 
101	20:17:43:124	raefbrisbin	clay=0; ore=0; sheep=0; wheat=4; wood=1; unknown=0; knights=0; dev-cards=0	roads=[84,168]	didn't realize another 3 was rolled	 	 
102	20:17:53:556	raefbrisbin	clay=0; ore=0; sheep=0; wheat=4; wood=1; unknown=0; knights=0; dev-cards=0	roads=[84,168]	I'm ok right now	 	 
103	20:18:02:223	catanstrophe	clay=0; ore=3; sheep=0; wheat=0; wood=1; unknown=0; knights=0; dev-cards=0	roads=[134,103]	i can give an ore or a wood	 	 
104	20:18:02:240	raefbrisbin	clay=0; ore=0; sheep=0; wheat=4; wood=1; unknown=0; knights=0; dev-cards=0	roads=[84,168]	evryone needs clay	 	 
105	20:18:15:871	catanstrophe	clay=0; ore=3; sheep=0; wheat=0; wood=1; unknown=0; knights=0; dev-cards=0	roads=[134,103]	ok	 	 
106	20:18:22:103	Server	 		Ghettoette rolled a 4 and a 2.	 	 
107	20:18:22:104	Server	 		zorburt gets 1 wood. catanstrophe gets 1 sheep.	 	 
108	20:19:02:221	raefbrisbin	clay=0; ore=0; sheep=0; wheat=0; wood=1; unknown=0; knights=0; dev-cards=0	roads=[84,168]	ouch	 	 
109	20:19:04:709	Ghettoette	clay=0; ore=2; sheep=4; wheat=4; wood=0; unknown=0; knights=0; dev-cards=0	roads=[138,99]; settlements=[139,116]	sorry!	 	 
110	20:19:29:926	raefbrisbin	clay=0; ore=0; sheep=0; wheat=0; wood=1; unknown=0; knights=0; dev-cards=0	roads=[84,168]	robber and monopoly	 	 
111	20:19:40:915	Ghettoette	clay=0; ore=2; sheep=4; wheat=4; wood=0; unknown=0; knights=0; dev-cards=0	roads=[138,99]; settlements=[139,116]	anyone have ore to trade me for wheat or sheep?	 	 
112	20:20:24:182	zorburt	clay=0; ore=1; sheep=1; wheat=0; wood=4; unknown=0; knights=0; dev-cards=0	roads=[166,170; 170,165]; settlements=[167,171]	no	 	 
113	20:20:25:266	catanstrophe	clay=0; ore=3; sheep=1; wheat=0; wood=1; unknown=0; knights=0; dev-cards=0	roads=[134,103]	i'll give one ore for 2 wheat	 	 
114	20:20:38:438	raefbrisbin	clay=0; ore=0; sheep=0; wheat=0; wood=1; unknown=0; knights=0; dev-cards=0	roads=[84,168]	haha	 	 
115	20:20:38:736	Ghettoette	clay=0; ore=2; sheep=4; wheat=4; wood=0; unknown=0; knights=0; dev-cards=0	roads=[138,99]; settlements=[139,116]	ok	 	 
116	20:20:42:260	catanstrophe	clay=0; ore=3; sheep=1; wheat=0; wood=1; unknown=0; knights=0; dev-cards=0	roads=[134,103]	ok sounds good	 	 
117	20:20:44:264	raefbrisbin	clay=0; ore=0; sheep=0; wheat=0; wood=1; unknown=0; knights=0; dev-cards=0	roads=[84,168]	wow	 	 
118	20:21:00:573	Server	 		Ghettoette made an offer to trade 2 wheat for 1 ore.	 	 
119	20:21:06:548	Server	 		Ghettoette traded 2 wheat for 1 ore from catanstrophe.	 	 
120	20:21:31:993	Server	 		Ghettoette built a city.	 	 

121	20:21:39:471	Server	 		zorburt rolled a 6 and a 4.	 	 
122	20:21:39:473	Server	 		Ghettoette gets 2 wheat. catanstrophe gets 2 wheat.	 	 
123	20:21:45:610	zorburt	clay=0; ore=1; sheep=1; wheat=0; wood=4; unknown=0; knights=0; dev-cards=0	roads=[166,170; 170,165]; settlements=[167,171]	bloody hell.	 	 
124	20:21:53:633	zorburt	clay=0; ore=1; sheep=1; wheat=0; wood=4; unknown=0; knights=0; dev-cards=0	roads=[166,170; 170,165]; settlements=[167,171]	i can't believe i blocked myself& and i could have gotten a brick.	 	 
125	20:22:12:231	Server	 		raefbrisbin rolled a 4 and a 1.	 	 
126	20:22:12:233	Server	 		Ghettoette gets 1 ore, 2 sheep. catanstrophe gets 1 ore.	 	 
127	20:22:23:204	Server	 		catanstrophe rolled a 1 and a 4.	 	 
128	20:22:23:205	Server	 		Ghettoette gets 1 ore, 2 sheep. catanstrophe gets 1 ore.	 	 
129	20:22:36:922	Server	 		catanstrophe built a city.	 	 
130	20:22:50:355	Server	 		Ghettoette rolled a 4 and a 4.	 	 
131	20:22:50:356	Server	 		Ghettoette gets 2 sheep. zorburt gets 1 sheep. raefbrisbin gets 1 sheep.	 	 
132	20:23:55:633	Ghettoette	clay=0; ore=2; sheep=10; wheat=2; wood=0; unknown=0; knights=0; dev-cards=0	roads=[138,99]	anyone want to give me brick or wood?	 	 
133	20:24:03:735	zorburt	clay=0; ore=1; sheep=2; wheat=0; wood=4; unknown=0; knights=0; dev-cards=0	roads=[166,170; 170,165]; settlements=[167,171]	i can give you a wood.	 	 
134	20:24:10:065	catanstrophe	clay=0; ore=0; sheep=0; wheat=1; wood=1; unknown=0; knights=0; dev-cards=1	roads=[134,103]; cities=[135,120]	wow ou have 14 cards!	 	 
135	20:24:16:459	zorburt	clay=0; ore=1; sheep=2; wheat=0; wood=4; unknown=0; knights=0; dev-cards=0	roads=[166,170; 170,165]; settlements=[167,171]	for a wheat?	 	 
136	20:24:24:341	Ghettoette	clay=0; ore=2; sheep=10; wheat=2; wood=0; unknown=0; knights=0; dev-cards=0	roads=[138,99]	ok	 	 
137	20:24:28:511	zorburt	clay=0; ore=1; sheep=2; wheat=0; wood=4; unknown=0; knights=0; dev-cards=0	roads=[166,170; 170,165]; settlements=[167,171]	2 wheats?	 	 
138	20:24:36:103	Ghettoette	clay=0; ore=2; sheep=10; wheat=2; wood=0; unknown=0; knights=0; dev-cards=0	roads=[138,99]	can't do	 	 
139	20:24:39:136	zorburt	clay=0; ore=1; sheep=2; wheat=0; wood=4; unknown=0; knights=0; dev-cards=0	roads=[166,170; 170,165]; settlements=[167,171]	ok.	 	 
140	20:25:13:358	Server	 		Ghettoette made an offer to trade 1 wheat for 1 wood.	 	 
141	20:25:17:375	Server	 		Ghettoette traded 1 wheat for 1 wood from zorburt.	 	 
142	20:25:29:846	Server	 		Ghettoette traded 4 sheep for 1 clay from the bank.	 	 
143	20:25:35:066	Server	 		Ghettoette built a road.	 	 
144	20:26:14:729	Server	 		zorburt rolled a 6 and a 6.	 	 
145	20:26:14:731	Server	 		No player gets anything.	 	 
146	20:26:47:794	Server	 		raefbrisbin rolled a 2 and a 3.	 	 
147	20:26:47:795	Server	 		Ghettoette gets 1 ore, 2 sheep. catanstrophe gets 2 ore.	 	 
148	20:27:02:332	raefbrisbin	clay=0; ore=0; sheep=1; wheat=0; wood=1; unknown=0; knights=0; dev-cards=0	roads=[84,168]	little board makes this pretty lopsided	 	 
149	20:27:12:271	Server	 		catanstrophe rolled a 4 and a 1.	 	 
150	20:27:12:273	Server	 		Ghettoette gets 1 ore, 2 sheep. catanstrophe gets 2 ore.	 	 
151	20:27:32:454	catanstrophe	clay=0; ore=4; sheep=0; wheat=1; wood=1; unknown=0; knights=0; dev-cards=1	roads=[134,103]; cities=[135,120]	ok prob know the answer to this,& but does anyone have any brick?	 	 
152	20:27:41:271	Ghettoette	clay=0; ore=3; sheep=9; wheat=0; wood=0; unknown=0; knights=0; dev-cards=1	roads=[138,99; 99,98]	nope	 	 
153	20:27:43:540	zorburt	clay=0; ore=0; sheep=1; wheat=0; wood=3; unknown=0; knights=0; dev-cards=1	roads=[166,170; 170,165]; settlements=[167,171]	no	 	 
154	20:28:01:210	Server	 		catanstrophe traded 4 ore for 1 clay from the bank.	 	 
155	20:28:05:882	Server	 		catanstrophe built a road.	 	 
156	20:28:11:132	Server	 		Ghettoette rolled a 6 and a 3.	 	 
157	20:28:11:134	Server	 		Ghettoette gets 1 wood. zorburt gets 1 wood. raefbrisbin gets 2 wood. catanstrophe gets 2 wood.	 	 
158	20:29:53:021	Server	 		Ghettoette traded 4 sheep for 1 clay from the bank.	 	 
159	20:29:57:046	Server	 		Ghettoette built a settlement.	 	 
160	20:30:27:996	Server	 		zorburt rolled a 4 and a 4.	 	 
161	20:30:27:997	Server	 		Ghettoette gets 2 sheep. zorburt gets 1 sheep. raefbrisbin gets 1 sheep.	 	 
162	20:30:36:696	zorburt	clay=0; ore=3; sheep=2; wheat=0; wood=4; unknown=0; knights=0; dev-cards=0	roads=[166,170; 170,165]; settlements=[167,171]	that's not as many ores as i thought were out there.	 	 
163	20:31:03:801	zorburt	clay=0; ore=3; sheep=2; wheat=0; wood=4; unknown=0; knights=0; dev-cards=0	roads=[166,170; 170,165]; settlements=[167,171]	does anyone want to give me a wood?	 	 
164	20:31:08:711	raefbrisbin	clay=0; ore=0; sheep=2; wheat=0; wood=3; unknown=0; knights=0; dev-cards=0	roads=[84,168]	sure	 	 
165	20:31:09:734	catanstrophe	clay=0; ore=0; sheep=0; wheat=0; wood=2; unknown=0; knights=0; dev-cards=1	roads=[134,103; 103,86]; cities=[135,120]	for brick?	 	 
166	20:31:15:226	zorburt	clay=0; ore=3; sheep=2; wheat=0; wood=4; unknown=0; knights=0; dev-cards=0	roads=[166,170; 170,165]; settlements=[167,171]	i don't have any brick.	 	 
167	20:31:23:309	zorburt	clay=0; ore=3; sheep=2; wheat=0; wood=4; unknown=0; knights=0; dev-cards=0	roads=[166,170; 170,165]; settlements=[167,171]	ok raef.& i can give you an ore or a sheep.		 
168	20:31:25:951	catanstrophe	clay=0; ore=0; sheep=0; wheat=0; wood=2; unknown=0; knights=0; dev-cards=1	roads=[134,103; 103,86]; cities=[135,120]	ok& i can't trade this time around then	 	 
169	20:31:28:323	raefbrisbin	clay=0; ore=0; sheep=2; wheat=0; wood=3; unknown=0; knights=0; dev-cards=0	roads=[84,168]	ore	 	 
170	20:31:38:279	zorburt	clay=0; ore=3; sheep=2; wheat=0; wood=4; unknown=0; knights=0; dev-cards=0	roads=[166,170; 170,165]; settlements=[167,171]	OK	 	 
171	20:31:56:734	Server	 		zorburt made an offer to trade 1 ore for 1 wood.	 	 
172	20:32:00:242	Server	 		zorburt traded 1 ore for 1 wood from raefbrisbin.	 	 
173	20:32:25:348	Server	 		zorburt traded 4 wood for 1 wheat from the bank.	 	 
174	20:32:43:473	Server	 		raefbrisbin rolled a 3 and a 5.	 	 
175	20:32:43:475	Server	 		Ghettoette gets 2 sheep. zorburt gets 1 sheep. raefbrisbin gets 1 sheep.	 	 
176	20:33:21:360	raefbrisbin	clay=0; ore=1; sheep=3; wheat=0; wood=2; unknown=0; knights=0; dev-cards=0	roads=[84,168]	wood for sheep?	 	 
177	20:33:27:011	Ghettoette	clay=0; ore=0; sheep=8; wheat=0; wood=0; unknown=0; knights=1; dev-cards=0	roads=[138,99; 99,98]; settlements=[139,114]	sure	 	 
178	20:33:38:390	Ghettoette	clay=0; ore=0; sheep=8; wheat=0; wood=0; unknown=0; knights=1; dev-cards=0	roads=[138,99; 99,98]; settlements=[139,114]	oh you want wood?	 	 
179	20:33:47:901	raefbrisbin	clay=0; ore=1; sheep=3; wheat=0; wood=2; unknown=0; knights=0; dev-cards=0	roads=[84,168]	want 1-2 sheep	 	 
180	20:33:59:300	Ghettoette	clay=0; ore=0; sheep=8; wheat=0; wood=0; unknown=0; knights=1; dev-cards=0	roads=[138,99; 99,98]; settlements=[139,114]	will do 1 sheep for 1 wood	 	 
181	20:34:24:204	Server	 		catanstrophe rolled a 4 and a 2.	 	 
182	20:34:24:206	Server	 		zorburt gets 1 wood. catanstrophe gets 2 sheep.	 	 
183	20:34:45:477	Server	 		Ghettoette rolled a 4 and a 6.	 	 
184	20:34:45:478	Server	 		Ghettoette gets 1 clay, 2 wheat. zorburt gets 1 clay. catanstrophe gets 2 wheat.	 	 
185	20:35:22:570	Server	 		Ghettoette traded 6 sheep for 2 ore from a port.	 	 
186	20:35:33:911	Server	 		zorburt rolled a 5 and a 1.	 	 
187	20:35:33:912	Server	 		zorburt gets 1 wood. catanstrophe gets 2 sheep.	 	 
188	20:35:45:944	Server	 		zorburt built a settlement.	 	 
189	20:36:06:780	zorburt	clay=0; ore=2; sheep=2; wheat=0; wood=2; unknown=0; knights=0; dev-cards=0	roads=[166,170; 170,165]; settlements=[167,171; 171,165]	i'd like a wheat.	 	 
190	20:36:15:853	zorburt	clay=0; ore=2; sheep=2; wheat=0; wood=2; unknown=0; knights=0; dev-cards=0	roads=[166,170; 170,165]; settlements=[167,171; 171,165]	i can trade sheep or wood?	 	 
191	20:36:28:897	raefbrisbin	clay=0; ore=1; sheep=3; wheat=0; wood=2; unknown=0; knights=0; dev-cards=0	roads=[84,168]	none	 	 
192	20:36:43:652	catanstrophe	clay=0; ore=0; sheep=5; wheat=2; wood=2; unknown=0; knights=1; dev-cards=0	roads=[134,103; 103,86]; cities=[135,120]	cant' do	 	 
193	20:36:52:538	Ghettoette	clay=1; ore=2; sheep=1; wheat=2; wood=0; unknown=0; knights=1; dev-cards=0	roads=[138,99; 99,98]; settlements=[139,114]	nope	 	 
194	20:36:58:723	Server	 		raefbrisbin rolled a 1 and a 5.	 	 
195	20:36:58:724	Server	 		zorburt gets 1 wood. catanstrophe gets 2 sheep.	 	 
196	20:37:06:417	Server	 		catanstrophe rolled a 1 and a 2.	 	 
197	20:37:06:418	Server	 		raefbrisbin gets 3 wheat.	 	 
198	20:37:17:972	raefbrisbin	clay=0; ore=1; sheep=3; wheat=3; wood=2; unknown=0; knights=0; dev-cards=0	roads=[84,168]	sucks to have numbers never rolled	 	 
199	20:37:18:526	Server	 		catanstrophe traded 4 sheep for 1 clay from the bank.	 	 
200	20:37:30:110	Server	 		catanstrophe built a settlement.	 	 
201	20:37:38:435	Server	 		Ghettoette rolled a 4 and a 1.	 	 
202	20:37:38:437	Server	 		Ghettoette gets 1 ore. catanstrophe gets 2 ore.	 	 
203	20:37:48:655	Server	 		Ghettoette built a city.	 	 
204	20:37:55:701	Server	 		zorburt rolled a 1 and a 2.	 	 
205	20:37:55:702	Server	 		raefbrisbin gets 3 wheat. catanstrophe gets 1 wheat.	 	 
206	20:38:17:168	Server	 		zorburt traded 2 wood for 1 clay from a port.	 	 
207	20:38:27:330	Server	 		zorburt built a road.	 	 
208	20:38:36:071	Server	 		raefbrisbin rolled a 2 and a 4.	 	 
209	20:38:36:073	Server	 		zorburt gets 1 wood. catanstrophe gets 3 sheep.	 	 
210	20:38:43:071	Server	 		catanstrophe rolled a 4 and a 3.	 	 
211	20:39:41:300	Server	 		catanstrophe built a road.	 	 
212	20:39:49:013	Server	 		Ghettoette rolled a 4 and a 5.	 	 
213	20:39:49:014	Server	 		Ghettoette gets 2 wood. zorburt gets 1 wood. raefbrisbin gets 2 wood. catanstrophe gets 2 wood.	 	 
214	20:40:00:611	Server	 		zorburt rolled a 2 and a 5.	 	 
215	20:40:13:227	Ghettoette	clay=0; ore=0; sheep=1; wheat=0; wood=2; unknown=0; knights=1; dev-cards=0	roads=[138,99; 99,98]; cities=[116,139]	haha darn you people	 	 
216	20:40:26:030	raefbrisbin	clay=0; ore=1; sheep=0; wheat=2; wood=1; unknown=0; knights=0; dev-cards=0	roads=[84,168]	worst game ever	 	 
217	20:40:42:470	Server	 		zorburt traded 2 wood for 1 wheat from a port.	 	 
218	20:40:57:033	Server	 		raefbrisbin rolled a 5 and a 1.	 	 
219	20:40:57:035	Server	 		zorburt gets 1 wood. catanstrophe gets 3 sheep.	 	 
220	20:41:04:098	Server	 		catanstrophe rolled a 2 and a 5.	 	 
221	20:42:04:814	Server	 		Ghettoette rolled a 4 and a 6.	 	 
222	20:42:04:815	Server	 		Ghettoette gets 2 clay, 2 wheat. zorburt gets 1 clay. catanstrophe gets 2 wheat.	 	 
223	20:42:18:108	Server	 		Ghettoette built a road.	 	 
224	20:42:34:199	Ghettoette	clay=1; ore=0; sheep=1; wheat=2; wood=0; unknown=0; knights=1; dev-cards=0	roads=[138,99; 99,98; 98,82]; cities=[116,139]	anyone want to give me a wood for a wheat?	 	 
225	20:42:43:017	zorburt	clay=1; ore=2; sheep=2; wheat=1; wood=2; unknown=0; knights=0; dev-cards=0	roads=[166,170; 170,165; 165,186]; settlements=[167,171; 171,165]	ok	 	 
226	20:42:46:859	zorburt	clay=1; ore=2; sheep=2; wheat=1; wood=2; unknown=0; knights=0; dev-cards=0	roads=[166,170; 170,165; 165,186]; settlements=[167,171; 171,165]	i will	 	 
227	20:42:48:467	Ghettoette	clay=1; ore=0; sheep=1; wheat=2; wood=0; unknown=0; knights=1; dev-cards=0	roads=[138,99; 99,98; 98,82]; cities=[116,139]	ok	 	 
228	20:43:01:489	Server	 		Ghettoette made an offer to trade 1 wheat for 1 wood.	 	 
229	20:43:05:696	Server	 		Ghettoette traded 1 wheat for 1 wood from zorburt.	 	 
230	20:43:10:833	Server	 		Ghettoette built a settlement.	 	 
231	20:43:18:687	Server	 		zorburt rolled a 6 and a 5.	 	 
232	20:43:18:689	Server	 		catanstrophe gets 4 ore.	 	 
233	20:43:28:582	Server	 		zorburt built a settlement.	 	 
234	20:43:29:403	raefbrisbin	clay=0; ore=1; sheep=0; wheat=2; wood=1; unknown=0; knights=0; dev-cards=0	roads=[84,168]	4 has never been rolled	 	 
235	20:43:46:702	Server	 		raefbrisbin rolled a 5 and a 6.	 	 
236	20:43:46:703	Server	 		catanstrophe gets 4 ore.	 	 
237	20:44:05:916	zorburt	clay=0; ore=1; sheep=0; wheat=0; wood=0; unknown=0; knights=0; dev-cards=1	roads=[166,170; 170,165; 165,186]; settlements=[167,171; 171,165; 165,203]	yeah.& nor 2s.	 	 
238	20:44:11:460	Server	 		catanstrophe built a road.	 	 
239	20:44:18:577	raefbrisbin	clay=0; ore=1; sheep=0; wheat=2; wood=1; unknown=0; knights=0; dev-cards=0	roads=[84,168]	incredibly different odds	 	 
240	20:44:24:355	Server	 		catanstrophe built a road.	 	 
241	20:44:27:327	Server	 		catanstrophe rolled a 6 and a 4.	 	 
242	20:44:27:329	Server	 		Ghettoette gets 2 clay, 2 wheat. zorburt gets 1 clay. catanstrophe gets 2 wheat.	 	 
243	20:44:44:480	Ghettoette	clay=2; ore=0; sheep=0; wheat=2; wood=0; unknown=0; knights=1; dev-cards=0	roads=[138,99; 99,98; 98,82]; settlements=[114,82]; cities=[116,139]	better get rid of some ore	 	 
244	20:44:44:999	catanstrophe	clay=0; ore=9; sheep=0; wheat=4; wood=1; unknown=0; knights=1; dev-cards=0	roads=[134,103; 103,86; 86,69; 69,52; 52,120]; cities=[135,120]	anyone have  sheep?&  i can give wheat	 	 
245	20:44:50:658	catanstrophe	clay=0; ore=9; sheep=0; wheat=4; wood=1; unknown=0; knights=1; dev-cards=0	roads=[134,103; 103,86; 86,69; 69,52; 52,120]; cities=[135,120]	or clay	 	 
246	20:44:55:481	catanstrophe	clay=0; ore=9; sheep=0; wheat=4; wood=1; unknown=0; knights=1; dev-cards=0	roads=[134,103; 103,86; 86,69; 69,52; 52,120]; cities=[135,120]	i am looking for sheep or clay	 	 
247	20:45:01:587	zorburt	clay=1; ore=1; sheep=0; wheat=0; wood=0; unknown=0; knights=0; dev-cards=1	roads=[166,170; 170,165; 165,186]; settlements=[167,171; 171,165; 165,203]	no	 	 
248	20:45:03:746	Ghettoette	clay=2; ore=0; sheep=0; wheat=2; wood=0; unknown=0; knights=1; dev-cards=0	roads=[138,99; 99,98; 98,82]; settlements=[114,82]; cities=[116,139]	nope	 	 
249	20:46:03:465	Server	 		catanstrophe traded 8 ore for 1 clay, 1 sheep from the bank.	 	 
250	20:46:07:653	Server	 		catanstrophe built a settlement.	 	 
251	20:46:21:128	Server	 		Ghettoette rolled a 3 and a 4.	 	 
252	20:46:56:107	Server	 		zorburt rolled a 2 and a 3.	 	 
253	20:46:56:109	Server	 		Ghettoette gets 2 ore, 3 sheep. catanstrophe gets 2 ore.	 	 
254	20:47:09:656	Server	 		raefbrisbin rolled a 6 and a 1.	 	 
255	20:47:46:192	Server	 		catanstrophe rolled a 5 and a 1.	 	 
256	20:47:46:194	Server	 		zorburt gets 1 wood.	 	 
257	20:48:01:754	Server	 		Ghettoette rolled a 5 and a 1.	 	 
258	20:48:01:756	Server	 		zorburt gets 1 wood.	 	 
259	20:48:07:153	Server	 		Ghettoette built a city.	 	 
260	20:48:13:159	Server	 		zorburt rolled a 3 and a 4.	 	 
261	20:49:27:537	Server	 		zorburt built a road.	 	 
262	20:49:38:688	Server	 		raefbrisbin rolled a 5 and a 3.	 	 
263	20:49:38:689	Server	 		zorburt gets 2 sheep.	 	 
264	20:49:48:201	Server	 		catanstrophe rolled a 3 and a 6.	 	 
265	20:49:48:203	Server	 		Ghettoette gets 2 wood. zorburt gets 1 wood. raefbrisbin gets 2 wood. catanstrophe gets 2 wood.	 	 
266	20:50:02:529	Server	 		Ghettoette rolled a 2 and a 6.	 	 
267	20:50:02:530	Server	 		zorburt gets 2 sheep.	 	 
268	20:50:14:264	Ghettoette	clay=0; ore=0; sheep=0; wheat=0; wood=2; unknown=0; knights=1; dev-cards=0	roads=[138,99; 99,98; 98,82]; cities=[116,139; 139,82]	aaahhh	 	 
269	20:50:14:621	Server	 		zorburt rolled a 3 and a 2.	 	 
270	20:50:14:622	Server	 		Ghettoette gets 2 ore, 3 sheep. catanstrophe gets 2 ore.	 	 
271	20:50:26:912	catanstrophe	clay=0; ore=4; sheep=0; wheat=2; wood=2; unknown=0; knights=1; dev-cards=0	roads=[134,103; 103,86; 86,69; 69,52; 52,120]; settlements=[86,52]; cities=[135,120]	oh man that is a lot of sheep down there	 	 
272	20:51:18:383	Server	 		zorburt made an offer to trade 4 sheep for 1 wheat.	 	 
273	20:51:29:313	Server	 		raefbrisbin rolled a 2 and a 1.	 	 
274	20:51:29:315	Server	 		zorburt gets 1 wheat. raefbrisbin gets 3 wheat. catanstrophe gets 1 wheat.	 	 
275	20:52:01:259	Server	 		raefbrisbin traded 4 wheat for 1 clay from the bank.	 	 
276	20:52:06:064	Server	 		raefbrisbin built a road.	 	 
277	20:52:12:604	Server	 		catanstrophe rolled a 6 and a 3.	 	 
278	20:52:12:606	Server	 		Ghettoette gets 2 wood. zorburt gets 1 wood. raefbrisbin gets 2 wood. catanstrophe gets 2 wood.	 	 
279	20:52:21:226	Server	 		catanstrophe built a city.	 	 
280	20:52:47:540	Server	 		catanstrophe traded 4 wood for 1 sheep from the bank.	 	 
281	20:52:55:338	Server	 		Ghettoette rolled a 1 and a 1.	 	 
282	20:52:55:341	Server	 		zorburt gets 2 clay.	 	 
283	20:53:35:718	Server	 		Ghettoette traded 3 wood for 1 wheat from a port.	 	 
284	20:53:51:473	Server	 		zorburt rolled a 5 and a 1.	 	 
285	20:53:51:475	Server	 		zorburt gets 1 wood. catanstrophe gets 4 sheep.	 	 
286	20:54:23:502	raefbrisbin	clay=0; ore=1; sheep=0; wheat=1; wood=4; unknown=0; knights=0; dev-cards=0	roads=[84,168; 168,184]	last chance at rolling the first 4	 	 
287	20:54:32:545	Server	 		zorburt built a road.	 	 
288	20:54:37:442	catanstrophe	clay=0; ore=0; sheep=4; wheat=0; wood=0; unknown=0; knights=1; dev-cards=1	roads=[134,103; 103,86; 86,69; 69,52; 52,120]; cities=[135,120; 120,86]	why last chance?	 	 
289	20:54:38:267	Server	 		zorburt built a settlement.	 	 
290	20:54:45:814	raefbrisbin	clay=0; ore=1; sheep=0; wheat=1; wood=4; unknown=0; knights=0; dev-cards=0	roads=[84,168; 168,184]	game is over	 	 
291	20:55:05:828	Server	 		raefbrisbin rolled a 2 and a 6.	 	 
292	20:55:05:829	Server	 		zorburt gets 2 sheep.	 	 
293	20:55:06:469	catanstrophe	clay=0; ore=0; sheep=4; wheat=0; wood=0; unknown=0; knights=1; dev-cards=1	roads=[134,103; 103,86; 86,69; 69,52; 52,120]; cities=[135,120; 120,86]	wait, why	 	 
294	20:55:25:912	raefbrisbin	clay=0; ore=1; sheep=0; wheat=1; wood=4; unknown=0; knights=0; dev-cards=0	roads=[84,168; 168,184]	you won't get a point?	 	 
295	20:55:45:199	catanstrophe	clay=0; ore=0; sheep=4; wheat=0; wood=0; unknown=0; knights=1; dev-cards=1	roads=[134,103; 103,86; 86,69; 69,52; 52,120]; cities=[135,120; 120,86]	i thought catan ended when someone got 10pts	 	 
296	20:55:53:431	raefbrisbin	clay=0; ore=1; sheep=0; wheat=1; wood=4; unknown=0; knights=0; dev-cards=0	roads=[84,168; 168,184]	you have 9	 	 
297	20:55:58:523	catanstrophe	clay=0; ore=0; sheep=4; wheat=0; wood=0; unknown=0; knights=1; dev-cards=1	roads=[134,103; 103,86; 86,69; 69,52; 52,120]; cities=[135,120; 120,86]	ohhh	 	 
298	20:56:00:599	catanstrophe	clay=0; ore=0; sheep=4; wheat=0; wood=0; unknown=0; knights=1; dev-cards=1	roads=[134,103; 103,86; 86,69; 69,52; 52,120]; cities=[135,120; 120,86]	god i a out of it	 	 
299	20:56:02:688	catanstrophe	clay=0; ore=0; sheep=4; wheat=0; wood=0; unknown=0; knights=1; dev-cards=1	roads=[134,103; 103,86; 86,69; 69,52; 52,120]; cities=[135,120; 120,86]	sorry	 	 
300	20:56:13:252	catanstrophe	clay=0; ore=0; sheep=4; wheat=0; wood=0; unknown=0; knights=1; dev-cards=1	roads=[134,103; 103,86; 86,69; 69,52; 52,120]; cities=[135,120; 120,86]	no i am not winning any time soon	 	 
301	20:56:18:164	Server	 		catanstrophe rolled a 5 and a 6.	 	 
302	20:56:18:165	Server	 		catanstrophe gets 4 ore.	 	 
303	20:56:41:909	Server	 		catanstrophe traded 4 sheep for 2 wheat from a port.	 	 
304	20:56:51:251	catanstrophe	clay=0; ore=4; sheep=0; wheat=2; wood=0; unknown=0; knights=1; dev-cards=1	roads=[134,103; 103,86; 86,69; 69,52; 52,120]; cities=[135,120; 120,86]	actually, wait sorry& i guess i can	 	 
305	20:56:57:363	Server	 		catanstrophe built a city.	 	 
306	20:57:06:676	zorburt	clay=0; ore=0; sheep=4; wheat=0; wood=2; unknown=0; knights=0; dev-cards=2	roads=[166,170; 170,165; 165,186; 186,202; 202,201]; settlements=[167,171; 171,165; 165,203; 203,201]	LOL	 	 
307	20:57:08:560	Ghettoette	clay=0; ore=1; sheep=2; wheat=0; wood=1; unknown=0; knights=1; dev-cards=1	roads=[138,99; 99,98; 98,82]; cities=[116,139; 139,82]	good game everyone!	 	 
308	20:57:08:574	zorburt	clay=0; ore=0; sheep=4; wheat=0; wood=2; unknown=0; knights=0; dev-cards=2	roads=[166,170; 170,165; 165,186; 186,202; 202,201]; settlements=[167,171; 171,165; 165,203; 203,201]	good times.	 	 
309	20:57:13:064	raefbrisbin	clay=0; ore=1; sheep=0; wheat=1; wood=4; unknown=0; knights=0; dev-cards=0	roads=[84,168; 168,184]	gg	 	 
310	20:57:26:595	zorburt	clay=0; ore=0; sheep=4; wheat=0; wood=2; unknown=0; knights=0; dev-cards=2	roads=[166,170; 170,165; 165,186; 186,202; 202,201]; settlements=[167,171; 171,165; 165,203; 203,201]	that was fun.&  we'll have to organize for another game.	 	 
311	20:57:54:432	catanstrophe	clay=0; ore=1; sheep=0; wheat=0; wood=0; unknown=0; knights=1; dev-cards=1	roads=[134,103; 103,86; 86,69; 69,52; 52,120]; cities=[135,120; 120,86; 86,52]	yeah def	 	 
312	20:58:00:732	catanstrophe	clay=0; ore=1; sheep=0; wheat=0; wood=0; unknown=0; knights=1; dev-cards=1	roads=[134,103; 103,86; 86,69; 69,52; 52,120]; cities=[135,120; 120,86; 86,52]	i will try to be less out of it	 	 
