ID	Timestamp	Emitter	Resources	Buildups	Text	Annotation	Comment
1	20:36:11:552	Server	 		Kersti built a settlement.	 	 
2	20:36:24:962	Server	 		Kersti built a road.	 	 
3	20:36:47:620	Server	 		nelsen built a settlement.	 	 
4	20:36:59:548	Server	 		nelsen built a road.	 	 
5	20:37:11:258	Server	 		Tyrant Lord built a settlement.	 	 
6	20:37:26:192	Server	 		Tyrant Lord built a road.	 	 
7	20:39:08:968	Server	 		Agnes built a settlement.	 	 
8	20:39:14:496	Server	 		Agnes built a road.	 	 
9	20:39:40:438	Server	 		Agnes built a settlement.	 	 
10	20:39:41:806	Server	 		Agnes built a road.	 	 
11	20:40:20:186	Server	 		Tyrant Lord built a settlement.	 	 
12	20:40:23:389	Server	 		Tyrant Lord built a road.	 	 
13	20:40:59:146	Server	 		nelsen built a settlement.	 	 
14	20:41:05:066	Server	 		nelsen built a road.	 	 
15	20:42:03:963	Server	 		Kersti built a settlement.	 	 
16	20:42:46:006	Server	 		Kersti built a road.	 	 
17	20:42:50:347	Server	 		Kersti rolled a 6 and a 3.	 	 
18	20:42:50:349	Server	 		Kersti gets 1 ore. nelsen gets 1 wheat. Agnes gets 1 wheat.	 	 
19	20:43:40:877	Server	 		nelsen rolled a 4 and a 3.	 	 
20	20:44:19:248	Server	 		Tyrant Lord rolled a 4 and a 4.	 	 
21	20:44:19:249	Server	 		nelsen gets 1 wood. Tyrant Lord gets 1 wood. Agnes gets 1 ore.	 	 
22	20:44:45:434	Server	 		Tyrant Lord built a road.	 	 
23	20:44:56:999	Server	 		Agnes rolled a 4 and a 6.	 	 
24	20:44:57:000	Server	 		Kersti gets 1 wood. Tyrant Lord gets 1 sheep. Agnes gets 1 sheep, 1 wood.	 	 
25	20:45:35:301	Agnes	clay=0; ore=1; sheep=2; wheat=2; wood=2; unknown=0; knights=0; dev-cards=0	roads=[171,118]; settlements=[171,135]	I could use some brick	 	 
26	20:45:44:701	Agnes	clay=0; ore=1; sheep=2; wheat=2; wood=2; unknown=0; knights=0; dev-cards=0	roads=[171,118]; settlements=[171,135]	anybody want sheep?	 	 
27	20:45:56:540	Kersti	clay=0; ore=0; sheep=0; wheat=0; wood=2; unknown=0; knights=0; dev-cards=1	roads=[122,103]; settlements=[139,103]	No brick here	 	 
28	20:46:08:585	Tyrant Lord	clay=0; ore=1; sheep=1; wheat=0; wood=0; unknown=0; knights=0; dev-cards=0	roads=[84,88; 88,72]; settlements=[101,105]	none either	 	 
29	20:46:12:569	Agnes	clay=0; ore=1; sheep=2; wheat=2; wood=2; unknown=0; knights=0; dev-cards=0	roads=[171,118]; settlements=[171,135]	<sigh>	 	 
30	20:46:13:244	nelsen	clay=0; ore=0; sheep=1; wheat=1; wood=3; unknown=0; knights=0; dev-cards=0	roads=[168,99]; settlements=[184,99]	nope, me neither	 	 
31	20:46:43:820	Server	 		Kersti rolled a 2 and a 3.	 	 
32	20:46:43:821	Server	 		Kersti gets 1 clay. nelsen gets 1 wood. Tyrant Lord gets 1 clay.	 	 
33	20:46:59:156	Server	 		Kersti built a road.	 	 
34	20:47:11:822	Server	 		nelsen rolled a 3 and a 4.	 	 
35	20:47:51:419	Server	 		Tyrant Lord rolled a 3 and a 5.	 	 
36	20:47:51:421	Server	 		nelsen gets 1 wood. Tyrant Lord gets 1 wood. Agnes gets 1 ore.	 	 
37	20:48:12:866	Server	 		Tyrant Lord built a road.	 	 
38	20:48:32:235	Server	 		Agnes rolled a 5 and a 6.	 	 
39	20:48:32:237	Server	 		Kersti gets 1 wood. Agnes gets 1 wood.	 	 
40	20:49:12:389	Agnes	clay=0; ore=2; sheep=2; wheat=2; wood=3; unknown=0; knights=0; dev-cards=0	roads=[171,118]; settlements=[171,135]	Anybody have spare ore?	 	 
41	20:49:17:466	Kersti	clay=0; ore=0; sheep=0; wheat=0; wood=2; unknown=0; knights=1; dev-cards=0	roads=[122,103; 103,120]; settlements=[139,103]	nope	 	 
42	20:49:18:151	Agnes	clay=0; ore=2; sheep=2; wheat=2; wood=3; unknown=0; knights=0; dev-cards=0	roads=[171,118]; settlements=[171,135]	I have wood	 	 
43	20:49:23:776	nelsen	clay=0; ore=0; sheep=1; wheat=1; wood=5; unknown=0; knights=0; dev-cards=0	roads=[168,99]; settlements=[184,99]	nope	 	 
44	20:50:12:498	Server	 		Kersti rolled a 1 and a 3.	 	 
45	20:50:12:499	Server	 		Agnes gets 1 clay.	 	 
46	20:50:30:920	Kersti	clay=0; ore=0; sheep=0; wheat=0; wood=2; unknown=0; knights=1; dev-cards=0	roads=[122,103; 103,120]; settlements=[139,103]	Agnes, would you swap clay for wood?	 	 
47	20:50:55:270	Agnes	clay=1; ore=0; sheep=0; wheat=0; wood=3; unknown=0; knights=0; dev-cards=2	roads=[171,118]; settlements=[171,135]	errr….which way around?	 	 
48	20:51:04:417	Kersti	clay=0; ore=0; sheep=0; wheat=0; wood=2; unknown=0; knights=1; dev-cards=0	roads=[122,103; 103,120]; settlements=[139,103]	I give you wood, you give me clay?	 	 
49	20:51:04:821	Agnes	clay=1; ore=0; sheep=0; wheat=0; wood=3; unknown=0; knights=0; dev-cards=2	roads=[171,118]; settlements=[171,135]	I need clay	 	 
50	20:51:19:455	Server	 		nelsen rolled a 6 and a 6.	 	 
51	20:51:19:456	Server	 		Tyrant Lord gets 1 ore.	 	 
52	20:52:05:022	nelsen	clay=0; ore=0; sheep=1; wheat=1; wood=5; unknown=0; knights=0; dev-cards=0	roads=[168,99]; settlements=[184,99]	If anyone still has clay, I'll trade a couple of wood for it	 	 
53	20:52:27:270	Agnes	clay=1; ore=0; sheep=0; wheat=0; wood=3; unknown=0; knights=0; dev-cards=2	roads=[171,118]; settlements=[171,135]	sorry	 	 
54	20:52:46:986	Server	 		nelsen traded 4 wood for 1 clay from the bank.	 	 
55	20:52:53:915	Server	 		nelsen built a road.	 	 
56	20:52:59:025	Server	 		Tyrant Lord rolled a 1 and a 5.	 	 
57	20:52:59:026	Server	 		nelsen gets 1 clay.	 	 
58	20:53:20:651	Server	 		Agnes rolled a 1 and a 6.	 	 
59	20:53:33:302	Tyrant Lord	clay=0; ore=2; sheep=1; wheat=0; wood=0; unknown=0; knights=0; dev-cards=0	roads=[84,88; 88,72; 72,73]; settlements=[101,105]	none sorry	 	 
60	20:54:13:834	Server	 		Agnes built a road.	 	 
61	20:54:19:456	Server	 		Agnes built a road.	 	 
62	20:54:30:184	Server	 		Kersti rolled a 2 and a 3.	 	 
63	20:54:30:185	Server	 		Kersti gets 1 clay. nelsen gets 1 wood. Tyrant Lord gets 1 clay.	 	 
64	20:55:17:189	Server	 		Kersti built a road.	 	 
65	20:55:22:590	Server	 		nelsen rolled a 2 and a 6.	 	 
66	20:55:22:592	Server	 		Agnes gets 1 ore.	 	 
67	20:55:32:664	Server	 		Tyrant Lord rolled a 5 and a 3.	 	 
68	20:55:32:665	Server	 		Agnes gets 1 ore.	 	 
69	20:56:09:051	Tyrant Lord	clay=1; ore=2; sheep=1; wheat=0; wood=0; unknown=0; knights=0; dev-cards=0	roads=[84,88; 88,72; 72,73]; settlements=[101,105]	anyone wanna trade one of their wheat for an ore?	 	 
70	20:56:23:278	Kersti	clay=0; ore=0; sheep=0; wheat=0; wood=1; unknown=0; knights=1; dev-cards=0	roads=[122,103; 103,120; 120,106]; settlements=[139,103]	got none	 	 
71	20:56:26:458	nelsen	clay=0; ore=0; sheep=1; wheat=1; wood=1; unknown=0; knights=0; dev-cards=0	roads=[168,99; 99,116]; settlements=[184,99]	nope, sorry	 	 
72	20:56:30:739	Agnes	clay=0; ore=2; sheep=0; wheat=0; wood=1; unknown=0; knights=0; dev-cards=2	roads=[171,118; 118,134; 134,133]; settlements=[171,135]	not here, sorry	 	 
73	20:56:35:567	Tyrant Lord	clay=1; ore=2; sheep=1; wheat=0; wood=0; unknown=0; knights=0; dev-cards=0	roads=[84,88; 88,72; 72,73]; settlements=[101,105]	cool	 	 
74	20:56:44:809	Server	 		Agnes rolled a 4 and a 4.	 	 
75	20:56:44:810	Server	 		Agnes gets 1 ore.	 	 
76	20:56:56:703	Server	 		Kersti rolled a 5 and a 3.	 	 
77	20:56:56:705	Server	 		Agnes gets 1 ore.	 	 
78	20:57:03:597	Server	 		nelsen rolled a 1 and a 4.	 	 
79	20:57:03:599	Server	 		Kersti gets 1 clay. nelsen gets 1 wood. Tyrant Lord gets 1 clay.	 	 
80	20:57:16:083	Server	 		Tyrant Lord rolled a 6 and a 6.	 	 
81	20:57:16:084	Server	 		Tyrant Lord gets 1 ore.	 	 
82	20:57:40:595	Server	 		Agnes rolled a 5 and a 4.	 	 
83	20:57:40:596	Server	 		Kersti gets 1 ore. nelsen gets 1 wheat. Agnes gets 1 wheat.	 	 
84	20:58:04:896	Tyrant Lord	clay=2; ore=3; sheep=1; wheat=0; wood=0; unknown=0; knights=0; dev-cards=0	roads=[84,88; 88,72; 72,73]; settlements=[101,105]	I have clay if anyone wants to trade it for wheat?	 	 
85	20:58:11:568	nelsen	clay=0; ore=0; sheep=1; wheat=2; wood=2; unknown=0; knights=0; dev-cards=0	roads=[168,99; 99,116]; settlements=[184,99]	yep, I can do that	 	 
86	20:58:12:595	Agnes	clay=0; ore=4; sheep=0; wheat=1; wood=1; unknown=0; knights=0; dev-cards=2	roads=[171,118; 118,134; 134,133]; settlements=[171,135]	I have ore now, that I can trade for wheat	 	 
87	20:58:41:889	Tyrant Lord	clay=2; ore=3; sheep=1; wheat=0; wood=0; unknown=0; knights=0; dev-cards=0	roads=[84,88; 88,72; 72,73]; settlements=[101,105]	i need wheat ><	 	 
88	20:58:48:498	nelsen	clay=0; ore=0; sheep=1; wheat=2; wood=2; unknown=0; knights=0; dev-cards=0	roads=[168,99; 99,116]; settlements=[184,99]	I have a spare wheat	 	 
89	20:59:01:511	Agnes	clay=0; ore=4; sheep=0; wheat=1; wood=1; unknown=0; knights=0; dev-cards=2	roads=[171,118; 118,134; 134,133]; settlements=[171,135]	yay! Would you like ore in return?	 	 
90	20:59:20:805	nelsen	clay=0; ore=0; sheep=1; wheat=2; wood=2; unknown=0; knights=0; dev-cards=0	roads=[168,99; 99,116]; settlements=[184,99]	yes, OK	 	 
91	20:59:52:918	Server	 		Agnes made an offer to trade 1 ore for 1 wheat.	 	 
92	21:00:15:172	Tyrant Lord	clay=2; ore=3; sheep=1; wheat=0; wood=0; unknown=0; knights=0; dev-cards=0	roads=[84,88; 88,72; 72,73]; settlements=[101,105]	i dont have wheat sorry	 	 
93	21:00:39:295	Agnes	clay=0; ore=4; sheep=0; wheat=1; wood=1; unknown=0; knights=0; dev-cards=2	roads=[171,118; 118,134; 134,133]; settlements=[171,135]	Oh - did I do that wrong?	 	 
94	21:00:43:869	Agnes	clay=0; ore=4; sheep=0; wheat=1; wood=1; unknown=0; knights=0; dev-cards=2	roads=[171,118; 118,134; 134,133]; settlements=[171,135]	hang on...	 	 
95	21:00:48:802	Tyrant Lord	clay=2; ore=3; sheep=1; wheat=0; wood=0; unknown=0; knights=0; dev-cards=0	roads=[84,88; 88,72; 72,73]; settlements=[101,105]	lol	 	 
96	21:01:14:163	Server	 		Agnes made an offer to trade 1 ore for 1 wheat.	 	 
97	21:01:35:515	Agnes	clay=0; ore=4; sheep=0; wheat=1; wood=1; unknown=0; knights=0; dev-cards=2	roads=[171,118; 118,134; 134,133]; settlements=[171,135]	nelson - did you get the offer?	 	 
98	21:01:46:079	Tyrant Lord	clay=2; ore=3; sheep=1; wheat=0; wood=0; unknown=0; knights=0; dev-cards=0	roads=[84,88; 88,72; 72,73]; settlements=[101,105]	nope still not me you wanna trade with	 	 
99	21:01:54:031	nelsen	clay=0; ore=0; sheep=1; wheat=2; wood=2; unknown=0; knights=0; dev-cards=0	roads=[168,99; 99,116]; settlements=[184,99]	you still seem to be offering the trade to tyrant lord	 	 
100	21:02:00:798	Agnes	clay=0; ore=4; sheep=0; wheat=1; wood=1; unknown=0; knights=0; dev-cards=2	roads=[171,118; 118,134; 134,133]; settlements=[171,135]	offer should have gone to everybody	 	 
101	21:02:17:477	Agnes	clay=0; ore=4; sheep=0; wheat=1; wood=1; unknown=0; knights=0; dev-cards=2	roads=[171,118; 118,134; 134,133]; settlements=[171,135]	it isn't asking me *who* I want to trade with	 	 
102	21:02:36:582	Kersti	clay=1; ore=1; sheep=0; wheat=0; wood=1; unknown=0; knights=1; dev-cards=0	roads=[122,103; 103,120; 120,106]; settlements=[139,103]	On my screen it has you asking Tyrant Lord to confirm	 	 
103	21:02:41:622	nelsen	clay=0; ore=0; sheep=1; wheat=2; wood=2; unknown=0; knights=0; dev-cards=0	roads=[168,99; 99,116]; settlements=[184,99]	Same here	 	 
104	21:02:52:673	Tyrant Lord	clay=2; ore=3; sheep=1; wheat=0; wood=0; unknown=0; knights=0; dev-cards=0	roads=[84,88; 88,72; 72,73]; settlements=[101,105]	same I keep getting the offer	 	 
105	21:02:58:195	Agnes	clay=0; ore=4; sheep=0; wheat=1; wood=1; unknown=0; knights=0; dev-cards=2	roads=[171,118; 118,134; 134,133]; settlements=[171,135]	ah! got it	 	 
106	21:03:08:026	Server	 		Agnes made an offer to trade 1 ore for 1 wheat.	 	 
107	21:03:13:574	Server	 		Agnes traded 1 ore for 1 wheat from nelsen.	 	 
108	21:03:20:101	Agnes	clay=0; ore=3; sheep=0; wheat=2; wood=1; unknown=0; knights=0; dev-cards=2	roads=[171,118; 118,134; 134,133]; settlements=[171,135]	it's colour coded, not by name	 	 
109	21:03:26:315	Tyrant Lord	clay=2; ore=3; sheep=1; wheat=0; wood=0; unknown=0; knights=0; dev-cards=0	roads=[84,88; 88,72; 72,73]; settlements=[101,105]	ahh	 	 
110	21:03:34:764	Agnes	clay=0; ore=3; sheep=0; wheat=2; wood=1; unknown=0; knights=0; dev-cards=2	roads=[171,118; 118,134; 134,133]; settlements=[171,135]	a little non-intuitive, I feel	 	 
111	21:03:46:422	Kersti	clay=1; ore=1; sheep=0; wheat=0; wood=1; unknown=0; knights=1; dev-cards=0	roads=[122,103; 103,120; 120,106]; settlements=[139,103]	Matches the rest of the interface then :)	 	 
112	21:03:55:161	Agnes	clay=0; ore=3; sheep=0; wheat=2; wood=1; unknown=0; knights=0; dev-cards=2	roads=[171,118; 118,134; 134,133]; settlements=[171,135]	yeah :-(	 	 
113	21:04:04:994	Server	 		Agnes built a city.	 	 
114	21:04:12:153	Server	 		Kersti rolled a 4 and a 3.	 	 
115	21:04:50:191	Kersti	clay=1; ore=2; sheep=0; wheat=0; wood=1; unknown=0; knights=1; dev-cards=0	roads=[122,103; 103,120; 120,106]; settlements=[139,103]	After all that - anyone else got a spare wheat kicking about?	 	 
116	21:05:02:451	nelsen	clay=0; ore=1; sheep=1; wheat=1; wood=2; unknown=0; knights=0; dev-cards=0	roads=[168,99; 99,116]; settlements=[184,99]	sorry, not any more!	 	 
117	21:05:05:350	Agnes	clay=0; ore=0; sheep=0; wheat=0; wood=1; unknown=0; knights=0; dev-cards=2	roads=[171,118; 118,134; 134,133]	not after that :-)	 	 
118	21:05:16:404	Server	 		nelsen rolled a 6 and a 3.	 	 
119	21:05:16:405	Server	 		Kersti gets 1 ore. nelsen gets 1 wheat. Agnes gets 1 wheat.	 	 
120	21:05:32:091	nelsen	clay=0; ore=1; sheep=1; wheat=2; wood=2; unknown=0; knights=0; dev-cards=0	roads=[168,99; 99,116]; settlements=[184,99]	I have a spare wheat now, if anyone has clay?	 	 
121	21:05:45:066	Agnes	clay=0; ore=0; sheep=0; wheat=1; wood=1; unknown=0; knights=0; dev-cards=2	roads=[171,118; 118,134; 134,133]	afraid not	 	 
122	21:05:46:077	Kersti	clay=1; ore=3; sheep=0; wheat=0; wood=1; unknown=0; knights=1; dev-cards=0	roads=[122,103; 103,120; 120,106]; settlements=[139,103]	I need my clay, but I'd give you two ore for it	 	 
123	21:05:57:138	Tyrant Lord	clay=2; ore=2; sheep=1; wheat=0; wood=0; unknown=0; knights=0; dev-cards=0	roads=[84,88; 88,72; 72,73]; settlements=[101,105]	I do if you have wheat?	 	 
124	21:06:11:856	nelsen	clay=0; ore=1; sheep=1; wheat=2; wood=2; unknown=0; knights=0; dev-cards=0	roads=[168,99; 99,116]; settlements=[184,99]	Yup - my wheat for your clay	 	 
125	21:06:20:901	Tyrant Lord	clay=2; ore=2; sheep=1; wheat=0; wood=0; unknown=0; knights=0; dev-cards=0	roads=[84,88; 88,72; 72,73]; settlements=[101,105]	cool	 	 
126	21:06:23:686	Kersti	clay=1; ore=3; sheep=0; wheat=0; wood=1; unknown=0; knights=1; dev-cards=0	roads=[122,103; 103,120; 120,106]; settlements=[139,103]	clay plus 1 ore for your wheat	 	 
127	21:06:38:810	nelsen	clay=0; ore=1; sheep=1; wheat=2; wood=2; unknown=0; knights=0; dev-cards=0	roads=[168,99; 99,116]; settlements=[184,99]	ooh	 	 
128	21:06:46:619	nelsen	clay=0; ore=1; sheep=1; wheat=2; wood=2; unknown=0; knights=0; dev-cards=0	roads=[168,99; 99,116]; settlements=[184,99]	Any advance on that?	 	 
129	21:06:54:202	Tyrant Lord	clay=2; ore=2; sheep=1; wheat=0; wood=0; unknown=0; knights=0; dev-cards=0	roads=[84,88; 88,72; 72,73]; settlements=[101,105]	nah im good	 	 
130	21:07:00:000	Server	 		nelsen made an offer to trade 1 wheat for 1 clay, 1 ore.	 	 
131	21:07:05:055	Server	 		nelsen traded 1 wheat for 1 clay, 1 ore from Kersti.	 	 
132	21:07:15:406	Server	 		nelsen built a settlement.	 	 
133	21:07:21:121	Agnes	clay=0; ore=0; sheep=0; wheat=1; wood=1; unknown=0; knights=0; dev-cards=2	roads=[171,118; 118,134; 134,133]	Bah.	 	 
134	21:07:21:141	nelsen	clay=0; ore=2; sheep=0; wheat=0; wood=1; unknown=0; knights=0; dev-cards=0	roads=[168,99; 99,116]; settlements=[184,99; 99,133]	Sorry Agnes...	 	 
135	21:07:25:869	Server	 		Tyrant Lord rolled a 5 and a 3.	 	 
136	21:07:25:870	Server	 		nelsen gets 1 wood. Tyrant Lord gets 1 wood. Agnes gets 2 ore.	 	 
137	21:08:20:952	Server	 		Agnes rolled a 4 and a 5.	 	 
138	21:08:20:954	Server	 		Kersti gets 1 ore. nelsen gets 1 wheat. Agnes gets 1 wheat.	 	 
139	21:08:49:185	Server	 		Kersti rolled a 3 and a 4.	 	 
140	21:09:35:073	Server	 		nelsen rolled a 6 and a 2.	 	 
141	21:09:35:074	Server	 		nelsen gets 1 wood. Tyrant Lord gets 1 wood. Agnes gets 2 ore.	 	 
142	21:09:46:922	Server	 		Tyrant Lord rolled a 1 and a 3.	 	 
143	21:09:46:928	Server	 		Agnes gets 2 clay.	 	 
144	21:10:18:056	Tyrant Lord	clay=2; ore=2; sheep=1; wheat=0; wood=2; unknown=0; knights=0; dev-cards=0	roads=[84,88; 88,72; 72,73]; settlements=[101,105]	any spare wheat about i have spare clay ore or wood?	 	 
145	21:10:44:442	nelsen	clay=0; ore=2; sheep=0; wheat=1; wood=2; unknown=0; knights=0; dev-cards=0	roads=[168,99; 99,116]; settlements=[184,99; 99,133]	I'll trade my wheat for clay.	 	 
146	21:10:57:784	Tyrant Lord	clay=2; ore=2; sheep=1; wheat=0; wood=2; unknown=0; knights=0; dev-cards=0	roads=[84,88; 88,72; 72,73]; settlements=[101,105]	yeah sounds good	 	 
147	21:11:23:161	Server	 		Tyrant Lord made an offer to trade 1 clay for 1 wheat.	 	 
148	21:11:27:206	Server	 		Tyrant Lord traded 1 clay for 1 wheat from nelsen.	 	 
149	21:11:33:652	nelsen	clay=1; ore=2; sheep=0; wheat=0; wood=2; unknown=0; knights=0; dev-cards=0	roads=[168,99; 99,116]; settlements=[184,99; 99,133]	Thanks	 	 
150	21:11:48:214	Server	 		Tyrant Lord built a settlement.	 	 
151	21:12:00:193	Tyrant Lord	clay=0; ore=2; sheep=0; wheat=0; wood=1; unknown=0; knights=0; dev-cards=0	roads=[84,88; 88,72; 72,73]; settlements=[101,105; 105,90]	Thank you	 	 
152	21:12:20:531	Server	 		Agnes rolled a 2 and a 3.	 	 
153	21:12:20:532	Server	 		Kersti gets 1 clay. nelsen gets 2 wood. Tyrant Lord gets 1 clay.	 	 
154	21:12:32:143	Server	 		Agnes built a road.	 	 
155	21:12:36:279	Server	 		Agnes built a road.	 	 
156	21:12:39:429	Server	 		Agnes built a city.	 	 
157	21:12:46:700	Server	 		Kersti rolled a 3 and a 3.	 	 
158	21:12:46:701	Server	 		Kersti gets 1 sheep. nelsen gets 1 clay. Tyrant Lord gets 1 sheep.	 	 
159	21:12:59:549	Server	 		Kersti built a settlement.	 	 
160	21:13:10:888	Server	 		nelsen rolled a 5 and a 3.	 	 
161	21:13:10:889	Server	 		Agnes gets 2 ore.	 	 
162	21:13:42:516	Server	 		nelsen built a road.	 	 
163	21:13:48:716	Server	 		Tyrant Lord rolled a 4 and a 6.	 	 
164	21:13:48:722	Server	 		Kersti gets 1 wood. nelsen gets 1 sheep. Tyrant Lord gets 1 sheep. Agnes gets 2 sheep, 2 wood.	 	 
165	21:14:11:552	Server	 		Tyrant Lord built a road.	 	 
166	21:14:19:363	Server	 		Agnes rolled a 6 and a 3.	 	 
167	21:14:19:370	Server	 		Kersti gets 1 ore. nelsen gets 1 wheat. Agnes gets 2 wheat.	 	 
168	21:14:38:142	Server	 		Agnes built a settlement.	 	 
169	21:14:54:146	Server	 		Kersti rolled a 2 and a 4.	 	 
170	21:14:54:147	Server	 		Kersti gets 1 sheep. nelsen gets 1 clay. Tyrant Lord gets 1 sheep. Agnes gets 1 clay.	 	 
171	21:15:18:903	Kersti	clay=0; ore=5; sheep=1; wheat=0; wood=1; unknown=0; knights=1; dev-cards=0	roads=[122,103; 103,120; 120,106]; settlements=[139,103; 103,137]	anyone have clay that would like ore?	 	 
172	21:15:32:017	nelsen	clay=1; ore=2; sheep=1; wheat=1; wood=3; unknown=0; knights=0; dev-cards=0	roads=[168,99; 99,116; 116,82]; settlements=[184,99; 99,133]	Not at the moment	 	 
173	21:15:36:192	Tyrant Lord	clay=0; ore=2; sheep=3; wheat=0; wood=0; unknown=0; knights=0; dev-cards=0	roads=[84,88; 88,72; 72,73; 73,56]; settlements=[101,105; 105,90]	no sorry	 	 
174	21:15:56:960	Agnes	clay=1; ore=1; sheep=0; wheat=0; wood=1; unknown=0; knights=2; dev-cards=1	roads=[171,118; 118,134; 134,133; 133,150; 150,166]; cities=[171,135]	sorry	 	 
175	21:17:00:638	Kersti	clay=0; ore=5; sheep=1; wheat=0; wood=1; unknown=0; knights=1; dev-cards=0	roads=[122,103; 103,120; 120,106]; settlements=[139,103; 103,137]	anyone have spare wheat?	 	 
176	21:17:06:359	Tyrant Lord	clay=0; ore=2; sheep=3; wheat=0; wood=0; unknown=0; knights=0; dev-cards=0	roads=[84,88; 88,72; 72,73; 73,56]; settlements=[101,105; 105,90]	nope	 	 
177	21:17:13:383	nelsen	clay=1; ore=2; sheep=1; wheat=1; wood=3; unknown=0; knights=0; dev-cards=0	roads=[168,99; 99,116; 116,82]; settlements=[184,99; 99,133]	me neither, sorry	 	 
178	21:17:13:578	Agnes	clay=1; ore=1; sheep=0; wheat=0; wood=1; unknown=0; knights=2; dev-cards=1	roads=[171,118; 118,134; 134,133; 133,150; 150,166]; cities=[171,135]	not here	 	 
179	21:17:34:722	Server	 		Kersti traded 4 ore for 1 clay from the bank.	 	 
180	21:17:43:553	Server	 		Kersti built a road.	 	 
181	21:17:50:036	Server	 		nelsen rolled a 1 and a 5.	 	 
182	21:17:50:037	Server	 		Kersti gets 1 sheep. nelsen gets 1 clay. Tyrant Lord gets 1 sheep. Agnes gets 1 clay.	 	 
183	21:17:55:906	Server	 		nelsen built a road.	 	 
184	21:18:02:705	Server	 		nelsen built a settlement.	 	 
185	21:18:14:942	Server	 		Tyrant Lord rolled a 2 and a 2.	 	 
186	21:18:14:943	Server	 		Kersti gets 1 clay. nelsen gets 1 sheep. Agnes gets 2 clay.	 	 
187	21:18:31:797	Server	 		Tyrant Lord traded 3 sheep for 1 wheat from a port.	 	 
188	21:19:04:474	Server	 		Agnes rolled a 5 and a 6.	 	 
189	21:19:04:475	Server	 		Kersti gets 2 wood. Agnes gets 2 wood.	 	 
190	21:19:31:030	Server	 		Agnes built a road.	 	 
191	21:19:35:407	Server	 		Agnes built a road.	 	 
192	21:19:39:351	Server	 		Agnes built a road.	 	 
193	21:19:52:572	Server	 		Kersti rolled a 3 and a 3.	 	 
194	21:19:52:579	Server	 		Kersti gets 1 sheep. nelsen gets 1 clay. Tyrant Lord gets 1 sheep. Agnes gets 1 clay.	 	 
195	21:20:18:416	Server	 		Kersti built a road.	 	 
196	21:20:25:780	Server	 		nelsen rolled a 1 and a 6.	 	 
197	21:21:05:906	Server	 		nelsen built a road.	 	 
198	21:21:13:574	Server	 		Tyrant Lord rolled a 1 and a 3.	 	 
199	21:21:13:578	Server	 		Kersti gets 1 clay. nelsen gets 1 sheep. Agnes gets 2 clay.	 	 
200	21:21:55:743	Server	 		Agnes rolled a 6 and a 4.	 	 
201	21:21:55:744	Server	 		Kersti gets 1 wood. nelsen gets 1 sheep. Tyrant Lord gets 1 sheep. Agnes gets 2 sheep, 2 wood.	 	 
202	21:22:57:069	Server	 		Agnes built a road.	 	 
203	21:23:23:395	Server	 		Kersti rolled a 3 and a 3.	 	 
204	21:23:23:397	Server	 		Kersti gets 1 sheep. nelsen gets 1 clay. Tyrant Lord gets 1 sheep. Agnes gets 1 clay.	 	 
205	21:23:45:412	Kersti	clay=1; ore=1; sheep=4; wheat=0; wood=2; unknown=0; knights=1; dev-cards=0	roads=[122,103; 103,120; 120,106; 106,86; 86,69]; settlements=[139,103; 103,137]	anyone got clay? I have sheep/ore	 	 
206	21:24:08:187	Tyrant Lord	clay=0; ore=2; sheep=3; wheat=0; wood=0; unknown=0; knights=1; dev-cards=0	roads=[84,88; 88,72; 72,73; 73,56]; settlements=[101,105; 105,90]	sorry	 	 
207	21:24:09:471	nelsen	clay=2; ore=1; sheep=3; wheat=0; wood=0; unknown=0; knights=0; dev-cards=0	roads=[168,99; 99,116; 116,82; 82,66; 66,184]; settlements=[184,99; 99,133; 133,67]	Nope, sorry	 	 
208	21:24:12:953	Agnes	clay=3; ore=1; sheep=2; wheat=0; wood=1; unknown=0; knights=3; dev-cards=0	roads=[171,118; 118,134; 134,133; 133,150; 150,166; 166,135; 135,152; 152,169; 169,188]; cities=[171,135]	sorry	 	 
209	21:24:30:764	Server	 		Kersti traded 4 sheep for 1 clay from the bank.	 	 
210	21:24:36:083	Server	 		Kersti built a road.	 	 
211	21:24:40:000	Server	 		Kersti built a road.	 	 
212	21:24:53:193	Server	 		nelsen rolled a 2 and a 5.	 	 
213	21:25:33:719	Server	 		nelsen built a road.	 	 
214	21:25:46:343	Server	 		Tyrant Lord rolled a 4 and a 4.	 	 
215	21:25:46:344	Server	 		nelsen gets 2 wood. Tyrant Lord gets 1 wood. Agnes gets 2 ore.	 	 
216	21:26:00:184	Server	 		Agnes rolled a 2 and a 1.	 	 
217	21:26:00:186	Server	 		Kersti gets 1 wheat. nelsen gets 1 wheat. Tyrant Lord gets 1 wheat.	 	 
218	21:26:35:732	Agnes	clay=3; ore=3; sheep=2; wheat=0; wood=0; unknown=0; knights=3; dev-cards=0	roads=[171,118; 118,134; 134,133; 133,150; 150,166; 166,135; 135,152; 152,169; 169,188]; cities=[171,135]	I have spare clay	 	 
219	21:26:40:317	Agnes	clay=3; ore=3; sheep=2; wheat=0; wood=0; unknown=0; knights=3; dev-cards=0	roads=[171,118; 118,134; 134,133; 133,150; 150,166; 166,135; 135,152; 152,169; 169,188]; cities=[171,135]	any takers?	 	 
220	21:26:57:429	Tyrant Lord	clay=0; ore=2; sheep=3; wheat=1; wood=1; unknown=0; knights=1; dev-cards=0	roads=[84,88; 88,72; 72,73; 73,56]; settlements=[101,105; 105,90]	i have sheep/ore	 	 
221	21:27:11:468	Kersti	clay=0; ore=1; sheep=0; wheat=1; wood=0; unknown=0; knights=1; dev-cards=0	roads=[122,103; 103,120; 120,106; 106,86; 86,69; 69,137; 137,138]; settlements=[139,103; 103,137]	sorry	 	 
222	21:27:21:214	Agnes	clay=3; ore=3; sheep=2; wheat=0; wood=0; unknown=0; knights=3; dev-cards=0	roads=[171,118; 118,134; 134,133; 133,150; 150,166; 166,135; 135,152; 152,169; 169,188]; cities=[171,135]	oh. Anybody have wheat or wood?	 	 
223	21:27:30:907	nelsen	clay=1; ore=1; sheep=3; wheat=1; wood=2; unknown=0; knights=0; dev-cards=0	roads=[168,99; 99,116; 116,82; 82,66; 66,184; 184,201]; settlements=[184,99; 99,133; 133,67]	Not going spare, sorry	 	 
224	21:27:33:561	Tyrant Lord	clay=0; ore=2; sheep=3; wheat=1; wood=1; unknown=0; knights=1; dev-cards=0	roads=[84,88; 88,72; 72,73; 73,56]; settlements=[101,105; 105,90]	sorry	 	 
225	21:27:46:588	Agnes	clay=3; ore=3; sheep=2; wheat=0; wood=0; unknown=0; knights=3; dev-cards=0	roads=[171,118; 118,134; 134,133; 133,150; 150,166; 166,135; 135,152; 152,169; 169,188]; cities=[171,135]	Hmmmm	 	 
226	21:28:13:437	Server	 		Agnes traded 3 clay for 1 wheat from a port.	 	 
227	21:30:20:516	Server	 		nelsen rolled a 2 and a 3.	 	 
228	21:30:20:517	Server	 		nelsen gets 2 wood. Tyrant Lord gets 1 clay.	 	 
229	21:30:26:531	Tyrant Lord	clay=1; ore=2; sheep=3; wheat=1; wood=1; unknown=0; knights=1; dev-cards=0	roads=[84,88; 88,72; 72,73; 73,56]; settlements=[101,105; 105,90]	?	 	 
230	21:30:33:810	Server	 		nelsen built a road.	 	 
231	21:30:40:082	Agnes	clay=0; ore=2; sheep=1; wheat=0; wood=0; unknown=0; knights=3; dev-cards=1	roads=[171,118; 118,134; 134,133; 133,150; 150,166; 166,135; 135,152; 152,169; 169,188]; cities=[171,135]	Oh dear. Network problems?	 	 
232	21:30:47:585	Tyrant Lord	clay=1; ore=2; sheep=3; wheat=1; wood=1; unknown=0; knights=1; dev-cards=0	roads=[84,88; 88,72; 72,73; 73,56]; settlements=[101,105; 105,90]	maybe	 	 
233	21:32:25:499	nelsen	clay=0; ore=1; sheep=3; wheat=1; wood=3; unknown=0; knights=0; dev-cards=0	roads=[168,99; 99,116; 116,82; 82,66; 66,184; 184,201; 201,202]; settlements=[184,99; 99,133; 133,67]	While we're waiting, has anyone got a spare clay?	 	 
234	21:32:32:440	nelsen	clay=0; ore=1; sheep=3; wheat=1; wood=3; unknown=0; knights=0; dev-cards=0	roads=[168,99; 99,116; 116,82; 82,66; 66,184; 184,201; 201,202]; settlements=[184,99; 99,133; 133,67]	I have sheep or wood.	 	 
235	21:32:46:464	Agnes	clay=0; ore=2; sheep=1; wheat=0; wood=0; unknown=0; knights=3; dev-cards=1	roads=[171,118; 118,134; 134,133; 133,150; 150,166; 166,135; 135,152; 152,169; 169,188]; cities=[171,135]	no clay here	 	 
236	21:32:57:645	Tyrant Lord	clay=1; ore=2; sheep=3; wheat=1; wood=1; unknown=0; knights=1; dev-cards=0	roads=[84,88; 88,72; 72,73; 73,56]; settlements=[101,105; 105,90]	nope sooooooooooooooooooooooooooooooooooooooooooooooooo	 	 
237	21:33:06:104	Tyrant Lord	clay=1; ore=2; sheep=3; wheat=1; wood=1; unknown=0; knights=1; dev-cards=0	roads=[84,88; 88,72; 72,73; 73,56]; settlements=[101,105; 105,90]	that was weird	 	 
238	21:33:12:884	Kersti	clay=0; ore=1; sheep=0; wheat=1; wood=0; unknown=0; knights=1; dev-cards=0	roads=[122,103; 103,120; 120,106; 106,86; 86,69; 69,137; 137,138]; settlements=[139,103; 103,137]	Sorry about that, my network died	 	 
239	21:33:21:189	nelsen	clay=0; ore=1; sheep=3; wheat=1; wood=3; unknown=0; knights=0; dev-cards=0	roads=[168,99; 99,116; 116,82; 82,66; 66,184; 184,201; 201,202]; settlements=[184,99; 99,133; 133,67]	No problem :)	 	 
240	21:33:21:199	Agnes	clay=0; ore=2; sheep=1; wheat=0; wood=0; unknown=0; knights=3; dev-cards=1	roads=[171,118; 118,134; 134,133; 133,150; 150,166; 166,135; 135,152; 152,169; 169,188]; cities=[171,135]	Yay! Welcome back :-)	 	 
241	21:33:42:654	nelsen	clay=0; ore=1; sheep=3; wheat=1; wood=3; unknown=0; knights=0; dev-cards=0	roads=[168,99; 99,116; 116,82; 82,66; 66,184; 184,201; 201,202]; settlements=[184,99; 99,133; 133,67]	Does anyone want to swap a sheep for a wood? (either way)	 	 
242	21:33:47:567	Agnes	clay=0; ore=2; sheep=1; wheat=0; wood=0; unknown=0; knights=3; dev-cards=1	roads=[171,118; 118,134; 134,133; 133,150; 150,166; 166,135; 135,152; 152,169; 169,188]; cities=[171,135]	you haven't missed a turn yet	 	 
243	21:33:54:136	Kersti	clay=0; ore=1; sheep=0; wheat=1; wood=0; unknown=0; knights=1; dev-cards=0	roads=[122,103; 103,120; 120,106; 106,86; 86,69; 69,137; 137,138]; settlements=[139,103; 103,137]	have neither	 	 
244	21:34:01:112	Kersti	clay=0; ore=1; sheep=0; wheat=1; wood=0; unknown=0; knights=1; dev-cards=0	roads=[122,103; 103,120; 120,106; 106,86; 86,69; 69,137; 137,138]; settlements=[139,103; 103,137]	thanks :)	 	 
245	21:34:49:910	Server	 		Tyrant Lord rolled a 3 and a 4.	 	 
246	21:35:55:991	Server	 		Tyrant Lord built a settlement.	 	 
247	21:36:18:231	Server	 		Agnes rolled a 5 and a 1.	 	 
248	21:36:18:233	Server	 		Kersti gets 1 sheep. nelsen gets 1 clay. Tyrant Lord gets 1 sheep. Agnes gets 1 clay.	 	 
249	21:36:36:553	Server	 		Kersti rolled a 6 and a 1.	 	 
250	21:37:20:242	Kersti	clay=1; ore=1; sheep=1; wheat=1; wood=0; unknown=0; knights=1; dev-cards=0	roads=[122,103; 103,120; 120,106; 106,86; 86,69; 69,137; 137,138]; settlements=[139,103; 103,137]	Anyone have a spare wood, I can give you an ore for it	 	 
251	21:37:29:822	nelsen	clay=1; ore=1; sheep=0; wheat=1; wood=1; unknown=0; knights=0; dev-cards=0	roads=[168,99; 99,116; 116,82; 82,66; 66,184; 184,201; 201,202]; settlements=[184,99; 99,133; 133,67]	Nope, sorry	 	 
252	21:37:47:905	Tyrant Lord	clay=0; ore=0; sheep=2; wheat=0; wood=0; unknown=0; knights=1; dev-cards=0	roads=[84,88; 88,72; 72,73; 73,56]; settlements=[101,105; 105,90; 90,56]	no sorry	 	 
253	21:37:53:363	Agnes	clay=0; ore=2; sheep=1; wheat=0; wood=0; unknown=0; knights=3; dev-cards=1	roads=[171,118; 118,134; 134,133; 133,150; 150,166; 166,135; 135,152; 152,169; 169,188]; cities=[171,135]	afraid not	 	 
254	21:38:03:408	Server	 		nelsen rolled a 1 and a 4.	 	 
255	21:38:03:409	Server	 		Kersti gets 2 clay. nelsen gets 2 wood. Tyrant Lord gets 1 clay.	 	 
256	21:38:21:384	nelsen	clay=1; ore=1; sheep=0; wheat=1; wood=3; unknown=0; knights=0; dev-cards=0	roads=[168,99; 99,116; 116,82; 82,66; 66,184; 184,201; 201,202]; settlements=[184,99; 99,133; 133,67]	Will anyone give me a sheep for wood or ore?	 	 
257	21:38:35:245	Kersti	clay=3; ore=1; sheep=1; wheat=1; wood=0; unknown=0; knights=1; dev-cards=0	roads=[122,103; 103,120; 120,106; 106,86; 86,69; 69,137; 137,138]; settlements=[139,103; 103,137]	I'll give you either ore or clay for wood	 	 
258	21:38:56:882	nelsen	clay=1; ore=1; sheep=0; wheat=1; wood=3; unknown=0; knights=0; dev-cards=0	roads=[168,99; 99,116; 116,82; 82,66; 66,184; 184,201; 201,202]; settlements=[184,99; 99,133; 133,67]	Ok, I'll take the ore	 	 
259	21:38:58:274	Agnes	clay=0; ore=2; sheep=1; wheat=0; wood=0; unknown=0; knights=3; dev-cards=1	roads=[171,118; 118,134; 134,133; 133,150; 150,166; 166,135; 135,152; 152,169; 169,188]; cities=[171,135]	I have sheep - swap for wood?	 	 
260	21:38:59:601	Tyrant Lord	clay=1; ore=0; sheep=2; wheat=0; wood=0; unknown=0; knights=1; dev-cards=0	roads=[84,88; 88,72; 72,73; 73,56]; settlements=[101,105; 105,90; 90,56]	ive got sheeop	 	 
261	21:39:05:502	Kersti	clay=3; ore=1; sheep=1; wheat=1; wood=0; unknown=0; knights=1; dev-cards=0	roads=[122,103; 103,120; 120,106; 106,86; 86,69; 69,137; 137,138]; settlements=[139,103; 103,137]	cool	 	 
262	21:39:19:755	Server	 		nelsen made an offer to trade 1 wood for 1 sheep.	 	 
263	21:39:28:207	Server	 		nelsen traded 1 wood for 1 sheep from Tyrant Lord.	 	 
264	21:39:32:276	Server	 		nelsen made an offer to trade 1 wood for 1 ore.	 	 
265	21:39:35:621	Server	 		nelsen traded 1 wood for 1 ore from Kersti.	 	 
266	21:39:45:033	Server	 		nelsen built a settlement.	 	 
267	21:39:52:251	nelsen	clay=0; ore=2; sheep=0; wheat=0; wood=0; unknown=0; knights=0; dev-cards=0	roads=[168,99; 99,116; 116,82; 82,66; 66,184; 184,201; 201,202]; settlements=[184,99; 99,133; 133,67; 67,203]	thanks	 	 
268	21:40:01:344	Server	 		Tyrant Lord rolled a 1 and a 2.	 	 
269	21:40:01:346	Server	 		Kersti gets 1 wheat. nelsen gets 2 wheat. Tyrant Lord gets 1 wheat.	 	 
270	21:40:12:385	Server	 		Tyrant Lord built a road.	 	 
271	21:40:23:330	Server	 		Agnes rolled a 3 and a 5.	 	 
272	21:40:23:331	Server	 		nelsen gets 1 ore, 2 wood. Tyrant Lord gets 1 wood. Agnes gets 2 ore.	 	 
273	21:41:42:790	Server	 		Kersti rolled a 6 and a 6.	 	 
274	21:41:42:791	Server	 		Tyrant Lord gets 2 ore.	 	 
275	21:41:53:376	Server	 		Kersti built a settlement.	 	 
276	21:42:05:300	Server	 		nelsen rolled a 6 and a 3.	 	 
277	21:42:05:301	Server	 		Kersti gets 1 ore. nelsen gets 1 wheat. Agnes gets 2 wheat.	 	 
278	21:42:27:347	Server	 		nelsen built a city.	 	 
279	21:42:41:174	nelsen	clay=0; ore=0; sheep=0; wheat=1; wood=2; unknown=0; knights=0; dev-cards=0	roads=[168,99; 99,116; 116,82; 82,66; 66,184; 184,201; 201,202]; settlements=[99,133; 133,67; 67,203]	Will anyone give me ore or grain for wood?	 	 
280	21:42:47:361	nelsen	clay=0; ore=0; sheep=0; wheat=1; wood=2; unknown=0; knights=0; dev-cards=0	roads=[168,99; 99,116; 116,82; 82,66; 66,184; 184,201; 201,202]; settlements=[99,133; 133,67; 67,203]	I have 2 wood to trade	 	 
281	21:42:57:116	Kersti	clay=2; ore=1; sheep=0; wheat=1; wood=0; unknown=0; knights=1; dev-cards=0	roads=[122,103; 103,120; 120,106; 106,86; 86,69; 69,137; 137,138]; settlements=[139,103; 103,137; 137,69]	I cangive you an ore for one	 	 
282	21:43:09:899	Server	 		nelsen made an offer to trade 1 wood for 1 ore.	 	 
283	21:43:12:986	Server	 		nelsen traded 1 wood for 1 ore from Kersti.	 	 
284	21:43:20:969	nelsen	clay=0; ore=1; sheep=0; wheat=1; wood=1; unknown=0; knights=0; dev-cards=0	roads=[168,99; 99,116; 116,82; 82,66; 66,184; 184,201; 201,202]; settlements=[99,133; 133,67; 67,203]	Thanks	 	 
285	21:43:26:545	Server	 		Tyrant Lord rolled a 3 and a 3.	 	 
286	21:43:26:546	Server	 		Kersti gets 1 sheep. nelsen gets 2 clay. Tyrant Lord gets 1 sheep. Agnes gets 1 clay.	 	 
287	21:43:48:787	Tyrant Lord	clay=0; ore=2; sheep=2; wheat=1; wood=1; unknown=0; knights=1; dev-cards=0	roads=[84,88; 88,72; 72,73; 73,56; 56,71]; settlements=[101,105; 105,90; 90,56]	nhave clay for ore or sheep?	 	 
288	21:43:56:383	Tyrant Lord	clay=0; ore=2; sheep=2; wheat=1; wood=1; unknown=0; knights=1; dev-cards=0	roads=[84,88; 88,72; 72,73; 73,56; 56,71]; settlements=[101,105; 105,90; 90,56]	anyone*	 	 
289	21:44:00:000	Kersti	clay=2; ore=0; sheep=1; wheat=1; wood=1; unknown=0; knights=1; dev-cards=0	roads=[122,103; 103,120; 120,106; 106,86; 86,69; 69,137; 137,138]; settlements=[139,103; 103,137; 137,69]	sorry	 	 
290	21:44:00:682	nelsen	clay=2; ore=1; sheep=0; wheat=1; wood=1; unknown=0; knights=0; dev-cards=0	roads=[168,99; 99,116; 116,82; 82,66; 66,184; 184,201; 201,202]; settlements=[99,133; 133,67; 67,203]	I'll give you clay for ore	 	 
291	21:44:05:182	Tyrant Lord	clay=0; ore=2; sheep=2; wheat=1; wood=1; unknown=0; knights=1; dev-cards=0	roads=[84,88; 88,72; 72,73; 73,56; 56,71]; settlements=[101,105; 105,90; 90,56]	cool	 	 
292	21:44:19:852	Server	 		Tyrant Lord made an offer to trade 1 ore for 1 clay.	 	 
293	21:44:24:711	Server	 		Tyrant Lord traded 1 ore for 1 clay from nelsen.	 	 
294	21:44:34:202	Server	 		Tyrant Lord built a settlement.	 	 
295	21:44:56:495	Server	 		Agnes rolled a 1 and a 4.	 	 
296	21:44:56:496	Server	 		Kersti gets 2 clay. nelsen gets 2 wood. Tyrant Lord gets 1 clay.	 	 
297	21:45:20:423	Server	 		Agnes built a road.	 	 
298	21:45:27:703	Server	 		Agnes built a city.	 	 
299	21:45:34:703	Kersti	clay=4; ore=0; sheep=1; wheat=1; wood=1; unknown=0; knights=1; dev-cards=0	roads=[122,103; 103,120; 120,106; 106,86; 86,69; 69,137; 137,138]; settlements=[139,103; 103,137; 137,69]	Goog game	 	 
300	21:45:38:035	Kersti	clay=4; ore=0; sheep=1; wheat=1; wood=1; unknown=0; knights=1; dev-cards=0	roads=[122,103; 103,120; 120,106; 106,86; 86,69; 69,137; 137,138]; settlements=[139,103; 103,137; 137,69]	good even!	 	 
301	21:45:40:885	nelsen	clay=1; ore=2; sheep=0; wheat=1; wood=3; unknown=0; knights=0; dev-cards=0	roads=[168,99; 99,116; 116,82; 82,66; 66,184; 184,201; 201,202]; settlements=[99,133; 133,67; 67,203]	Well played :)	 	 
302	21:45:48:886	Tyrant Lord	clay=1; ore=1; sheep=1; wheat=0; wood=0; unknown=0; knights=1; dev-cards=0	roads=[84,88; 88,72; 72,73; 73,56; 56,71]; settlements=[101,105; 105,90; 90,56; 56,71]	good game guys	 	 
303	21:45:51:478	Kersti	clay=4; ore=0; sheep=1; wheat=1; wood=1; unknown=0; knights=1; dev-cards=0	roads=[122,103; 103,120; 120,106; 106,86; 86,69; 69,137; 137,138]; settlements=[139,103; 103,137; 137,69]	See ya next time!	 	 
304	21:45:52:807	Agnes	clay=0; ore=1; sheep=1; wheat=1; wood=0; unknown=0; knights=3; dev-cards=0	roads=[171,118; 118,134; 134,133; 133,150; 150,166; 166,135; 135,152; 152,169; 169,188; 188,170]; cities=[171,135; 135,182]	Thanks for the game everyone	 	 
305	21:46:02:706	nelsen	clay=1; ore=2; sheep=0; wheat=1; wood=3; unknown=0; knights=0; dev-cards=0	roads=[168,99; 99,116; 116,82; 82,66; 66,184; 184,201; 201,202]; settlements=[99,133; 133,67; 67,203]	See you all	 	 
306	21:46:07:683	Tyrant Lord	clay=1; ore=1; sheep=1; wheat=0; wood=0; unknown=0; knights=1; dev-cards=0	roads=[84,88; 88,72; 72,73; 73,56; 56,71]; settlements=[101,105; 105,90; 90,56; 56,71]	see you                  r	 	 
307	21:46:20:279	Agnes	clay=0; ore=1; sheep=1; wheat=1; wood=0; unknown=0; knights=3; dev-cards=0	roads=[171,118; 118,134; 134,133; 133,150; 150,166; 166,135; 135,152; 152,169; 169,188; 188,170]; cities=[171,135; 135,182]	look forward to the next one :-)	 	 
