ID	Timestamp	Emitter	Resources	Buildups	Text	Annotation	Comment
1	16:02:27:982	skinnylinny	clay=0; ore=0; sheep=0; wheat=0; wood=0; unknown=0; knights=0; dev-cards=0		Hello Chameleon	 	 
2	16:03:17:934	skinnylinny	clay=0; ore=0; sheep=0; wheat=0; wood=0; unknown=0; knights=0; dev-cards=0		Hello Nancy	 	 
3	16:03:28:162	Nancy	clay=0; ore=0; sheep=0; wheat=0; wood=0; unknown=0; knights=0; dev-cards=0		Hi	 	 
4	16:03:37:821	Chameleon	clay=0; ore=0; sheep=0; wheat=0; wood=0; unknown=0; knights=0; dev-cards=0		Hi Nancy,& Hi Skinnylinny	 	 
5	16:03:52:090	Nancy	clay=0; ore=0; sheep=0; wheat=0; wood=0; unknown=0; knights=0; dev-cards=0		Hi Chameleon	 	 
5.1	16:04:10:825	Markus	 	 	OK,& you're ready to go.& You'll be only 3 in this game.	 	 
6	16:04:20:847	skinnylinny	clay=0; ore=0; sheep=0; wheat=0; wood=0; unknown=0; knights=0; dev-cards=0		Ahh& ok	 	 
7	16:04:36:591	Server	 		skinnylinny built a settlement.	 	 
8	16:04:48:359	Server	 		skinnylinny built a road.	 	 
9	16:05:32:937	Server	 		Chameleon built a settlement.	 	 
10	16:05:50:841	Server	 		Chameleon built a road.	 	 
11	16:06:28:947	Server	 		Nancy built a settlement.	 	 
12	16:06:35:621	Server	 		Nancy built a road.	 	 
13	16:06:51:035	Server	 		Nancy built a settlement.	 	 
14	16:06:57:476	Server	 		Nancy built a road.	 	 
15	16:08:00:430	Server	 		Chameleon built a settlement.	 	 
16	16:08:06:926	Server	 		Chameleon built a road.	 	 
17	16:08:29:971	Server	 		skinnylinny built a settlement.	 	 
18	16:08:55:867	Server	 		skinnylinny built a road.	 	 

19	16:09:00:872	Server	 		skinnylinny rolled a 4 and a 3.	 	 
20	16:09:37:454	Server	 		Chameleon rolled a 1 and a 2.	 	 
21	16:09:37:456	Server	 		skinnylinny gets 1 wheat.	 	 
22	16:10:47:664	Server	 		Nancy rolled a 5 and a 6.	 	 
23	16:10:47:667	Server	 		skinnylinny gets 1 wood.	 	 
24	16:11:11:666	Server	 		skinnylinny rolled a 2 and a 4.	 	 
25	16:11:11:667	Server	 		skinnylinny gets 1 ore. Chameleon gets 1 ore. Nancy gets 1 clay.	 	 
26	16:12:46:833	Server	 		Chameleon rolled a 1 and a 5.	 	 
27	16:12:46:835	Server	 		skinnylinny gets 1 ore. Chameleon gets 1 ore. Nancy gets 1 clay.	 	 
28	16:13:11:009	Server	 		Nancy rolled a 3 and a 3.	 	 
29	16:13:11:011	Server	 		skinnylinny gets 1 ore. Chameleon gets 1 ore. Nancy gets 1 clay.	 	 
30	16:13:26:425	Server	 		skinnylinny rolled a 3 and a 3.	 	 
31	16:13:26:427	Server	 		skinnylinny gets 1 ore. Chameleon gets 1 ore. Nancy gets 1 clay.	 	 
32	16:13:48:929	Server	 		skinnylinny traded 4 ore for 1 clay from the bank.	 	 
33	16:14:09:736	Server	 		skinnylinny built a road.	 	 
34	16:14:20:416	Server	 		Chameleon rolled a 6 and a 3.	 	 
35	16:14:20:417	Server	 		Chameleon gets 1 sheep. Nancy gets 1 wood.	 	 
36	16:14:55:951	Server	 		Chameleon traded 4 ore for 1 clay from the bank.	 	 
37	16:16:29:522	Server	 		Nancy rolled a 2 and a 3.	 	 
38	16:16:29:524	Server	 		Chameleon gets 1 ore. Nancy gets 1 sheep.	 	 
39	16:16:45:243	Server	 		Nancy built a road.	 	 
40	16:18:16:675	Server	 		Nancy traded 4 clay for 1 wheat from the bank.	 	 
41	16:18:31:501	Server	 		skinnylinny rolled a 5 and a 5.	 	 
42	16:18:31:502	Server	 		Chameleon gets 2 sheep. Nancy gets 1 clay.	 	 
43	16:19:24:975	skinnylinny	clay=0; ore=0; sheep=0; wheat=2; wood=2; unknown=0; knights=0; dev-cards=0	roads=[120,35; 35,34]; settlements=[120,52]	Nancy, would you be prepared to give me a clay in exchange for a wheat?	 	 
44	16:20:17:095	Server	 		skinnylinny made an offer to trade 1 wheat for 1 clay.	 	 
45	16:20:31:053	Nancy	clay=2; ore=0; sheep=1; wheat=1; wood=0; unknown=0; knights=0; dev-cards=0	roads=[116,167; 167,100]; settlements=[116,167]	i cld have done that earlier anyway sure	 	 
46	16:20:36:215	Server	 		skinnylinny traded 1 wheat for 1 clay from Nancy.	 	 
47	16:20:46:887	Server	 		skinnylinny built a road.	 	 
48	16:21:06:008	Server	 		Chameleon rolled a 4 and a 2.	 	 
49	16:21:06:010	Server	 		skinnylinny gets 1 ore. Chameleon gets 1 ore. Nancy gets 1 clay.	 	 
50	16:21:46:456	Chameleon	clay=1; ore=3; sheep=5; wheat=0; wood=0; unknown=0; knights=0; dev-cards=0	roads=[170,139]; settlements=[171,139]	either of you happy to trade wood for sheep?	 	 
51	16:22:11:377	skinnylinny	clay=0; ore=1; sheep=0; wheat=1; wood=1; unknown=0; knights=0; dev-cards=0	roads=[120,35; 35,34; 34,50]; settlements=[120,52]	yup	 	 
52	16:22:18:952	Nancy	clay=2; ore=0; sheep=1; wheat=2; wood=0; unknown=0; knights=0; dev-cards=0	roads=[116,167; 167,100]; settlements=[116,167]	sorry& dont have wood	 	 
53	16:22:28:599	Server	 		Chameleon made an offer to trade 1 sheep for 1 wood.	 	 
54	16:22:42:945	Server	 		Chameleon traded 1 sheep for 1 wood from skinnylinny.	 	 
55	16:23:04:157	Server	 		Chameleon built a road.	 	 
56	16:23:51:781	Server	 		Chameleon traded 4 sheep for 1 clay from the bank.	 	 
57	16:23:59:295	Server	 		Nancy rolled a 4 and a 2.	 	 
58	16:23:59:296	Server	 		skinnylinny gets 1 ore. Chameleon gets 1 ore. Nancy gets 1 clay.	 	 
59	16:24:04:870	Chameleon	clay=1; ore=4; sheep=0; wheat=0; wood=0; unknown=0; knights=0; dev-cards=0	roads=[170,139; 139,156]; settlements=[171,139]	sorry& that took so long...	 	 
60	16:25:20:570	Nancy	clay=3; ore=0; sheep=1; wheat=2; wood=0; unknown=0; knights=0; dev-cards=0	roads=[116,167; 167,100]; settlements=[116,167]	either of you want to trade ore for clay?	 	 
61	16:25:28:883	Chameleon	clay=1; ore=4; sheep=0; wheat=0; wood=0; unknown=0; knights=0; dev-cards=0	roads=[170,139; 139,156]; settlements=[171,139]	sure	 	 
62	16:25:34:485	skinnylinny	clay=0; ore=2; sheep=1; wheat=1; wood=0; unknown=0; knights=0; dev-cards=0	roads=[120,35; 35,34; 34,50]; settlements=[120,52]	sure	 	 
63	16:25:55:041	Server	 		Nancy made an offer to trade 1 clay for 1 ore.	 	 
64	16:25:59:651	Server	 		Nancy traded 1 clay for 1 ore from Chameleon.	 	 

65	16:26:25:643	Server	 		skinnylinny rolled a 3 and a 6.	 	 
66	16:26:25:644	Server	 		Chameleon gets 1 sheep. Nancy gets 1 wood.	 	 
67	16:27:02:902	skinnylinny	clay=0; ore=2; sheep=1; wheat=1; wood=0; unknown=0; knights=0; dev-cards=0	roads=[120,35; 35,34; 34,50]; settlements=[120,52]	Anyone want to trade clay for ore?& :P	 	 
68	16:27:13:185	Chameleon	clay=2; ore=3; sheep=1; wheat=0; wood=0; unknown=0; knights=0; dev-cards=0	roads=[170,139; 139,156]; settlements=[171,139]	afraid not	 	 
69	16:27:37:385	Server	 		Chameleon rolled a 5 and a 2.	 	 
70	16:28:09:943	skinnylinny	clay=0; ore=1; sheep=1; wheat=1; wood=0; unknown=0; knights=0; dev-cards=0	roads=[120,35; 35,34; 34,50]; settlements=[120,52]	Grrr&	 	 
71	16:28:32:144	Chameleon	clay=2; ore=4; sheep=1; wheat=0; wood=0; unknown=0; knights=0; dev-cards=0	roads=[170,139; 139,156]; settlements=[171,139]	anyone willing trade ore for wheat or wood?	 	 
72	16:28:54:008	skinnylinny	clay=0; ore=1; sheep=1; wheat=1; wood=0; unknown=0; knights=0; dev-cards=0	roads=[120,35; 35,34; 34,50]; settlements=[120,52]	No,& funnily enough.	 	 
73	16:28:56:760	skinnylinny	clay=0; ore=1; sheep=1; wheat=1; wood=0; unknown=0; knights=0; dev-cards=0	roads=[120,35; 35,34; 34,50]; settlements=[120,52]	:P	 	 
74	16:29:21:951	Chameleon	clay=2; ore=4; sheep=1; wheat=0; wood=0; unknown=0; knights=0; dev-cards=0	roads=[170,139; 139,156]; settlements=[171,139]	Nancy?	 	 
75	16:29:41:524	Nancy	clay=2; ore=0; sheep=0; wheat=1; wood=1; unknown=0; knights=0; dev-cards=1	roads=[116,167; 167,100]; settlements=[116,167]	sorry	 	 
76	16:29:53:104	Chameleon	clay=2; ore=4; sheep=1; wheat=0; wood=0; unknown=0; knights=0; dev-cards=0	roads=[170,139; 139,156]; settlements=[171,139]	oh &well	 	 
77	16:30:01:582	Chameleon	clay=2; ore=4; sheep=1; wheat=0; wood=0; unknown=0; knights=0; dev-cards=0	roads=[170,139; 139,156]; settlements=[171,139]	my dastedly plan will have to wait	 	 
78	16:30:13:036	Server	 		Nancy rolled a 4 and a 6.	 	 
79	16:30:13:037	Server	 		Chameleon gets 2 sheep. Nancy gets 1 clay.	 	 
80	16:30:28:803	Server	 		Nancy built a road.	 	 
81	16:30:42:529	Server	 		skinnylinny rolled a 3 and a 4.	 	 
82	16:31:53:979	skinnylinny	clay=0; ore=1; sheep=2; wheat=1; wood=0; unknown=0; knights=0; dev-cards=0	roads=[120,35; 35,34; 34,50]; settlements=[120,52]	Clay for sheep,& anyone?	 	 
83	16:32:07:748	Nancy	clay=2; ore=0; sheep=0; wheat=1; wood=0; unknown=0; knights=0; dev-cards=1	roads=[116,167; 167,100; 100,133]; settlements=[116,167]	i wld give u clay	 	 
84	16:32:27:580	skinnylinny	clay=0; ore=1; sheep=2; wheat=1; wood=0; unknown=0; knights=0; dev-cards=0	roads=[120,35; 35,34; 34,50]; settlements=[120,52]	what for?	 	 
85	16:32:39:523	Server	 		skinnylinny made an offer to trade 1 sheep for 1 clay.	 	 
86	16:32:58:373	Server	 		skinnylinny traded 1 sheep for 1 clay from Nancy.	 	 

87	16:33:38:641	Server	 		Chameleon rolled a 3 and a 2.	 	 
88	16:33:38:643	Server	 		Chameleon gets 1 ore. Nancy gets 1 sheep.	 	 
89	16:34:02:629	Server	 		Nancy rolled a 1 and a 3.	 	 
90	16:34:02:631	Server	 		skinnylinny gets 1 wood. Nancy gets 1 wood.	 	 
91	16:35:14:862	Server	 		skinnylinny rolled a 6 and a 5.	 	 
92	16:35:14:863	Server	 		skinnylinny gets 1 wood.	 	 
93	16:35:25:566	Server	 		skinnylinny built a settlement.	 	 
94	16:35:48:280	Server	 		Chameleon rolled a 1 and a 4.	 	 
95	16:35:48:282	Server	 		Chameleon gets 1 ore. Nancy gets 1 sheep.	 	 
96	16:36:04:263	Chameleon	clay=1; ore=4; sheep=1; wheat=0; wood=0; unknown=0; knights=0; dev-cards=0	roads=[170,139; 139,156]; settlements=[171,139]	would eiter of you trade ore for wheat and/or wood	 	 
97	16:36:30:432	skinnylinny	clay=0; ore=1; sheep=0; wheat=0; wood=1; unknown=0; knights=0; dev-cards=0	roads=[120,35; 35,34; 34,50]; settlements=[120,52; 52,67]	Nope	 	 
98	16:36:31:287	Nancy	clay=1; ore=0; sheep=3; wheat=1; wood=1; unknown=0; knights=0; dev-cards=1	roads=[116,167; 167,100; 100,133]; settlements=[116,167]	i cld give u a sheep for it?	 	 
99	16:37:14:166	Chameleon	clay=1; ore=4; sheep=1; wheat=0; wood=0; unknown=0; knights=0; dev-cards=0	roads=[170,139; 139,156]; settlements=[171,139]	Need wood/wheat,& sheep I can get	 	 
100	16:37:46:691	Server	 		Nancy rolled a 5 and a 1.	 	 
101	16:37:46:693	Server	 		skinnylinny gets 1 ore. Chameleon gets 1 ore. Nancy gets 1 clay.	 	 
102	16:38:23:610	Server	 		Nancy built a road.	 	 
103	16:38:35:227	Server	 		skinnylinny rolled a 6 and a 5.	 	 
104	16:38:35:229	Server	 		skinnylinny gets 1 wood.	 	 
105	16:38:58:225	Server	 		skinnylinny made an offer to trade 1 ore for 1 clay.	 	 
106	16:39:30:834	Nancy	clay=1; ore=0; sheep=3; wheat=1; wood=0; unknown=0; knights=0; dev-cards=1	roads=[116,167; 167,100; 100,133; 133,134]; settlements=[116,167]	sorry cant do that	 	 
107	16:39:53:610	Server	 		Chameleon rolled a 2 and a 2.	 	 
108	16:39:53:612	Server	 		skinnylinny gets 1 wood. Nancy gets 1 wood.	 	 
109	16:40:15:172	skinnylinny	clay=0; ore=2; sheep=0; wheat=0; wood=3; unknown=0; knights=0; dev-cards=0	roads=[120,35; 35,34; 34,50]; settlements=[120,52; 52,67]	OK,& this is very broken on Linux,& I can't see the text in the speech bubbles	 	 
110	16:40:26:418	Chameleon	clay=1; ore=5; sheep=1; wheat=0; wood=0; unknown=0; knights=0; dev-cards=0	roads=[170,139; 139,156]; settlements=[171,139]	which speech bubbleS?	 	 
111	16:40:38:132	skinnylinny	clay=0; ore=2; sheep=0; wheat=0; wood=3; unknown=0; knights=0; dev-cards=0	roads=[120,35; 35,34; 34,50]; settlements=[120,52; 52,67]	the ones regarding trades	 	 
112	16:42:31:408	Chameleon	clay=1; ore=5; sheep=1; wheat=0; wood=0; unknown=0; knights=0; dev-cards=0	roads=[170,139; 139,156]; settlements=[171,139]	ah	 	 
113	16:42:32:224	Chameleon	clay=1; ore=5; sheep=1; wheat=0; wood=0; unknown=0; knights=0; dev-cards=0	roads=[170,139; 139,156]; settlements=[171,139]	ok	 	 
114	16:42:54:968	Server	 		Chameleon traded 4 ore for 1 wheat from the bank.	 	 
115	16:44:59:071	Nancy	clay=1; ore=0; sheep=3; wheat=1; wood=1; unknown=0; knights=0; dev-cards=1	roads=[116,167; 167,100; 100,133; 133,134]; settlements=[116,167]	hi chameleon &are you almost done?	 	 
116	16:46:17:564	Chameleon	clay=1; ore=0; sheep=0; wheat=0; wood=0; unknown=0; knights=0; dev-cards=1	roads=[170,139; 139,156]; settlements=[171,139]	oops,& forgot to click done	 	 
117	16:46:18:037	Server	 		Nancy rolled a 3 and a 5.	 	 
118	16:46:18:038	Server	 		skinnylinny gets 2 wheat. Chameleon gets 1 wheat.	 	 
119	16:46:27:912	Nancy	clay=1; ore=0; sheep=3; wheat=1; wood=1; unknown=0; knights=0; dev-cards=1	roads=[116,167; 167,100; 100,133; 133,134]; settlements=[116,167]	hahaha& i thought so	 	 
120	16:46:34:187	Chameleon	clay=1; ore=0; sheep=0; wheat=1; wood=0; unknown=0; knights=0; dev-cards=1	roads=[170,139; 139,156]; settlements=[171,139]	:) & guilty	 	 
121	16:46:46:606	Server	 		Nancy built a settlement.	 	 
122	16:46:59:402	Server	 		skinnylinny rolled a 4 and a 3.	 	 
123	16:48:06:299	skinnylinny	clay=0; ore=2; sheep=0; wheat=2; wood=3; unknown=0; knights=0; dev-cards=0	roads=[120,35; 35,34; 34,50]; settlements=[120,52; 52,67]	Anyone prepared to trade ore for wood?	 	 
124	16:48:25:594	Nancy	clay=0; ore=0; sheep=2; wheat=0; wood=0; unknown=0; knights=0; dev-cards=1	roads=[116,167; 167,100; 100,133; 133,134]; settlements=[116,167; 167,135]	dont even have either	 	 
125	16:48:35:596	skinnylinny	clay=0; ore=2; sheep=0; wheat=2; wood=3; unknown=0; knights=0; dev-cards=0	roads=[120,35; 35,34; 34,50]; settlements=[120,52; 52,67]	Chameleon?	 	 
126	16:48:47:017	Chameleon	clay=1; ore=0; sheep=0; wheat=1; wood=0; unknown=0; knights=0; dev-cards=1	roads=[170,139; 139,156]; settlements=[171,139]	out of both& I'm afriad	 	 
127	16:48:51:372	skinnylinny	clay=0; ore=2; sheep=0; wheat=2; wood=3; unknown=0; knights=0; dev-cards=0	roads=[120,35; 35,34; 34,50]; settlements=[120,52; 52,67]	ok	 	 

128	16:49:22:317	Server	 		Chameleon rolled a 2 and a 3.	 	 
129	16:49:22:319	Server	 		Chameleon gets 1 ore. Nancy gets 1 sheep.	 	 
130	16:49:50:071	Chameleon	clay=1; ore=1; sheep=0; wheat=1; wood=0; unknown=0; knights=0; dev-cards=1	roads=[170,139; 139,156]; settlements=[171,139]	skinnylinny did you want ore or wood?	 	 
131	16:50:06:942	skinnylinny	clay=0; ore=2; sheep=0; wheat=2; wood=3; unknown=0; knights=0; dev-cards=0	roads=[120,35; 35,34; 34,50]; settlements=[120,52; 52,67]	I wanted one ore	 	 
132	16:51:01:165	Server	 		Chameleon made an offer to trade 1 ore for 1 wood.	 	 
133	16:51:18:662	Chameleon	clay=1; ore=1; sheep=0; wheat=1; wood=0; unknown=0; knights=0; dev-cards=1	roads=[170,139; 139,156]; settlements=[171,139]	do you still?	 	 
134	16:51:19:750	Server	 		Chameleon traded 1 ore for 1 wood from skinnylinny.	 	 
135	16:51:23:743	skinnylinny	clay=0; ore=3; sheep=0; wheat=2; wood=2; unknown=0; knights=0; dev-cards=0	roads=[120,35; 35,34; 34,50]; settlements=[120,52; 52,67]	yup	 	 
136	16:51:27:302	Chameleon	clay=1; ore=0; sheep=0; wheat=1; wood=1; unknown=0; knights=0; dev-cards=1	roads=[170,139; 139,156]; settlements=[171,139]	ah,& done	 	 
137	16:51:29:446	Chameleon	clay=1; ore=0; sheep=0; wheat=1; wood=1; unknown=0; knights=0; dev-cards=1	roads=[170,139; 139,156]; settlements=[171,139]	:)	 	 
138	16:51:31:679	skinnylinny	clay=0; ore=3; sheep=0; wheat=2; wood=2; unknown=0; knights=0; dev-cards=0	roads=[120,35; 35,34; 34,50]; settlements=[120,52; 52,67]	Sorry,& the trade thing is really broken on here	 	 
139	16:51:37:353	Server	 		Nancy rolled a 6 and a 2.	 	 
140	16:51:37:355	Server	 		skinnylinny gets 2 wheat. Chameleon gets 1 wheat.	 	 
141	16:52:54:868	Chameleon	clay=1; ore=0; sheep=0; wheat=2; wood=1; unknown=0; knights=0; dev-cards=1	roads=[170,139; 139,156]; settlements=[171,139]	not that	 	 
142	16:53:05:188	Chameleon	clay=1; ore=0; sheep=0; wheat=2; wood=1; unknown=0; knights=0; dev-cards=1	roads=[170,139; 139,156]; settlements=[171,139]	"just no really clear thing to say ""trade successful"""	 	 
143	16:53:06:993	skinnylinny	clay=0; ore=3; sheep=0; wheat=4; wood=2; unknown=0; knights=0; dev-cards=0	roads=[120,35; 35,34; 34,50]; settlements=[120,52; 52,67]	what's nancy offering to trade?	 	 
144	16:53:09:345	skinnylinny	clay=0; ore=3; sheep=0; wheat=4; wood=2; unknown=0; knights=0; dev-cards=0	roads=[120,35; 35,34; 34,50]; settlements=[120,52; 52,67]	Oh right,& ok	 	 
145	16:53:22:369	skinnylinny	clay=0; ore=3; sheep=0; wheat=4; wood=2; unknown=0; knights=0; dev-cards=0	roads=[120,35; 35,34; 34,50]; settlements=[120,52; 52,67]	"I traded after you said ""do you still?"""	 	 
146	16:53:23:205	Nancy	clay=0; ore=0; sheep=3; wheat=0; wood=0; unknown=0; knights=0; dev-cards=1	roads=[116,167; 167,100; 100,133; 133,134]; settlements=[116,167; 167,135]	im trying th trade with the bank	 	 
147	16:53:33:107	Chameleon	clay=1; ore=0; sheep=0; wheat=2; wood=1; unknown=0; knights=0; dev-cards=1	roads=[170,139; 139,156]; settlements=[171,139]	ah	 	 
148	16:53:42:465	skinnylinny	clay=0; ore=3; sheep=0; wheat=4; wood=2; unknown=0; knights=0; dev-cards=0	roads=[120,35; 35,34; 34,50]; settlements=[120,52; 52,67]	ah.& no joy?	 	 
149	16:53:51:237	Nancy	clay=0; ore=0; sheep=3; wheat=0; wood=0; unknown=0; knights=0; dev-cards=1	roads=[116,167; 167,100; 100,133; 133,134]; settlements=[116,167; 167,135]	not sure how many u need to trade& unless either of you want some sheep?	 	 
150	16:53:51:763	Chameleon	clay=1; ore=0; sheep=0; wheat=2; wood=1; unknown=0; knights=0; dev-cards=1	roads=[170,139; 139,156]; settlements=[171,139]	you need 4 of something dont you?	 	 
151	16:53:57:347	Chameleon	clay=1; ore=0; sheep=0; wheat=2; wood=1; unknown=0; knights=0; dev-cards=1	roads=[170,139; 139,156]; settlements=[171,139]	I do....	 	 
152	16:54:00:315	Nancy	clay=0; ore=0; sheep=3; wheat=0; wood=0; unknown=0; knights=0; dev-cards=1	roads=[116,167; 167,100; 100,133; 133,134]; settlements=[116,167; 167,135]	Really 4?	 	 
153	16:54:03:203	Chameleon	clay=1; ore=0; sheep=0; wheat=2; wood=1; unknown=0; knights=0; dev-cards=1	roads=[170,139; 139,156]; settlements=[171,139]	what do you want?	 	 
154	16:54:05:106	skinnylinny	clay=0; ore=3; sheep=0; wheat=4; wood=2; unknown=0; knights=0; dev-cards=0	roads=[120,35; 35,34; 34,50]; settlements=[120,52; 52,67]	I could do with a sheep	 	 
155	16:54:13:941	Nancy	clay=0; ore=0; sheep=3; wheat=0; wood=0; unknown=0; knights=0; dev-cards=1	roads=[116,167; 167,100; 100,133; 133,134]; settlements=[116,167; 167,135]	ok& want can u give	 	 
156	16:54:18:002	Chameleon	clay=1; ore=0; sheep=0; wheat=2; wood=1; unknown=0; knights=0; dev-cards=1	roads=[170,139; 139,156]; settlements=[171,139]	(hence 3:1 and 2:1 on the colourde ports)	 	 
157	16:54:20:771	Chameleon	clay=1; ore=0; sheep=0; wheat=2; wood=1; unknown=0; knights=0; dev-cards=1	roads=[170,139; 139,156]; settlements=[171,139]	wheat?	 	 
158	16:54:27:827	Nancy	clay=0; ore=0; sheep=3; wheat=0; wood=0; unknown=0; knights=0; dev-cards=1	roads=[116,167; 167,100; 100,133; 133,134]; settlements=[116,167; 167,135]	brillant	 	 
159	16:54:34:226	skinnylinny	clay=0; ore=3; sheep=0; wheat=4; wood=2; unknown=0; knights=0; dev-cards=0	roads=[120,35; 35,34; 34,50]; settlements=[120,52; 52,67]	And to trade with the bank you need to give them 4 items for them to give you one	 	 
160	16:54:40:483	Chameleon	clay=1; ore=0; sheep=0; wheat=2; wood=1; unknown=0; knights=0; dev-cards=1	roads=[170,139; 139,156]; settlements=[171,139]	:)	 	 
161	16:54:49:612	Server	 		Nancy made an offer to trade 1 sheep for 1 wheat.	 	 
162	16:54:53:593	Server	 		Nancy traded 1 sheep for 1 wheat from Chameleon.	 	 
163	16:55:14:869	Nancy	clay=0; ore=0; sheep=2; wheat=1; wood=0; unknown=0; knights=0; dev-cards=1	roads=[116,167; 167,100; 100,133; 133,134]; settlements=[116,167; 167,135]	thanks& banks are such rip-offs& :)	 	 
164	16:55:20:915	skinnylinny	clay=0; ore=3; sheep=0; wheat=4; wood=2; unknown=0; knights=0; dev-cards=0	roads=[120,35; 35,34; 34,50]; settlements=[120,52; 52,67]	I could do with a sheep,& if you are still offering?	 	 
165	16:55:23:187	skinnylinny	clay=0; ore=3; sheep=0; wheat=4; wood=2; unknown=0; knights=0; dev-cards=0	roads=[120,35; 35,34; 34,50]; settlements=[120,52; 52,67]	Oh	 	 

166	16:55:24:762	Server	 		skinnylinny rolled a 5 and a 6.	 	 
167	16:55:24:764	Server	 		skinnylinny gets 1 wood. Nancy gets 1 wood.	 	 
168	16:55:29:285	Nancy	clay=0; ore=0; sheep=2; wheat=1; wood=1; unknown=0; knights=0; dev-cards=1	roads=[116,167; 167,100; 100,133; 133,134]; settlements=[116,167; 167,135]	yeah	 	 
169	16:55:38:067	skinnylinny	clay=0; ore=3; sheep=0; wheat=4; wood=3; unknown=0; knights=0; dev-cards=0	roads=[120,35; 35,34; 34,50]; settlements=[120,52; 52,67]	What do you need?	 	 
170	16:55:41:724	Nancy	clay=0; ore=0; sheep=2; wheat=1; wood=1; unknown=0; knights=0; dev-cards=1	roads=[116,167; 167,100; 100,133; 133,134]; settlements=[116,167; 167,135]	what can u gve?	 	 
171	16:55:43:412	Nancy	clay=0; ore=0; sheep=2; wheat=1; wood=1; unknown=0; knights=0; dev-cards=1	roads=[116,167; 167,100; 100,133; 133,134]; settlements=[116,167; 167,135]	wood	 	 
172	16:55:47:491	skinnylinny	clay=0; ore=3; sheep=0; wheat=4; wood=3; unknown=0; knights=0; dev-cards=0	roads=[120,35; 35,34; 34,50]; settlements=[120,52; 52,67]	wood I can offer	 	 
173	16:55:56:845	Nancy	clay=0; ore=0; sheep=2; wheat=1; wood=1; unknown=0; knights=0; dev-cards=1	roads=[116,167; 167,100; 100,133; 133,134]; settlements=[116,167; 167,135]	actually wait	 	 
174	16:56:03:372	Nancy	clay=0; ore=0; sheep=2; wheat=1; wood=1; unknown=0; knights=0; dev-cards=1	roads=[116,167; 167,100; 100,133; 133,134]; settlements=[116,167; 167,135]	clay	 	 
175	16:56:24:324	skinnylinny	clay=0; ore=3; sheep=0; wheat=4; wood=3; unknown=0; knights=0; dev-cards=0	roads=[120,35; 35,34; 34,50]; settlements=[120,52; 52,67]	You're the only person &who is on clay tiles, &so I can't offer clay,& sorry	 	 
176	16:56:38:461	Nancy	clay=0; ore=0; sheep=2; wheat=1; wood=1; unknown=0; knights=0; dev-cards=1	roads=[116,167; 167,100; 100,133; 133,134]; settlements=[116,167; 167,135]	Fine & go with wood then	 	 
177	16:56:52:063	Nancy	clay=0; ore=0; sheep=2; wheat=1; wood=1; unknown=0; knights=0; dev-cards=1	roads=[116,167; 167,100; 100,133; 133,134]; settlements=[116,167; 167,135]	i might be on clay& but im not getting any& :0	 	 
178	16:56:58:247	Nancy	clay=0; ore=0; sheep=2; wheat=1; wood=1; unknown=0; knights=0; dev-cards=1	roads=[116,167; 167,100; 100,133; 133,134]; settlements=[116,167; 167,135]	:)	 	 
179	16:57:23:804	Server	 		skinnylinny made an offer to trade 1 wood for 1 sheep.	 	 
180	16:57:28:965	Server	 		skinnylinny traded 1 wood for 1 sheep from Nancy.	 	 
181	16:57:39:412	Server	 		skinnylinny built a city.	 	 
182	16:57:52:130	Server	 		Chameleon rolled a 3 and a 5.	 	 
183	16:57:52:131	Server	 		skinnylinny gets 3 wheat. Chameleon gets 1 wheat.	 	 
184	16:58:44:764	Server	 		Chameleon built a settlement.	 	 
185	16:59:08:271	Server	 		Nancy rolled a 3 and a 1.	 	 
186	16:59:08:273	Server	 		skinnylinny gets 1 wood. Nancy gets 2 wood.	 	 
187	16:59:23:559	skinnylinny	clay=0; ore=0; sheep=1; wheat=5; wood=3; unknown=0; knights=0; dev-cards=0	roads=[120,35; 35,34; 34,50]; settlements=[120,52]	Hmmm,& I have too many wheat...& Chameleon, do you have any ore going spare?	 	 
188	16:59:25:336	Server	 		skinnylinny rolled a 4 and a 5.	 	 
189	16:59:25:338	Server	 		Chameleon gets 1 sheep. Nancy gets 2 wood.	 	 
190	16:59:45:900	Chameleon	clay=0; ore=0; sheep=1; wheat=1; wood=0; unknown=0; knights=0; dev-cards=1	roads=[170,139; 139,156]; settlements=[171,139; 139,173]	not now,& no	 	 
191	16:59:51:159	skinnylinny	clay=0; ore=0; sheep=1; wheat=5; wood=3; unknown=0; knights=0; dev-cards=0	roads=[120,35; 35,34; 34,50]; settlements=[120,52]	ok	 	 
192	17:00:08:800	Server	 		skinnylinny traded 4 wheat for 1 clay from the bank.	 	 
193	17:00:43:263	Server	 		skinnylinny built a road.	 	 

194	17:00:58:806	Server	 		Chameleon rolled a 5 and a 3.	 	 
195	17:00:58:808	Server	 		skinnylinny gets 3 wheat. Chameleon gets 1 wheat.	 	 
196	17:03:06:976	Server	 		Nancy rolled a 1 and a 6.	 	 
197	17:04:41:275	Server	 		skinnylinny rolled a 5 and a 2.	 	 
198	17:05:45:405	skinnylinny	clay=0; ore=0; sheep=1; wheat=4; wood=2; unknown=0; knights=0; dev-cards=0	roads=[120,35; 35,34; 34,50; 50,137]; settlements=[120,52]	Clay for wheat, anyone?	 	 
199	17:06:19:349	Nancy	clay=0; ore=0; sheep=1; wheat=2; wood=2; unknown=0; knights=1; dev-cards=0	roads=[116,167; 167,100; 100,133; 133,134]; settlements=[116,167; 167,135]	yep& i will give you wheat	 	 
200	17:06:25:070	skinnylinny	clay=0; ore=0; sheep=1; wheat=4; wood=2; unknown=0; knights=0; dev-cards=0	roads=[120,35; 35,34; 34,50; 50,137]; settlements=[120,52]	I have wheat& :P	 	 
201	17:06:46:269	Nancy	clay=0; ore=0; sheep=1; wheat=2; wood=2; unknown=0; knights=1; dev-cards=0	roads=[116,167; 167,100; 100,133; 133,134]; settlements=[116,167; 167,135]	Alright& :)	 	 
202	17:07:00:799	skinnylinny	clay=0; ore=0; sheep=1; wheat=4; wood=2; unknown=0; knights=0; dev-cards=0	roads=[120,35; 35,34; 34,50; 50,137]; settlements=[120,52]	Chameleon:& Do you have any clay?	 	 
203	17:07:07:247	Server	 		skinnylinny traded 4 wheat for 1 clay from the bank.	 	 
204	17:07:26:830	Server	 		skinnylinny built a road.	 	 
205	17:07:36:088	Server	 		Chameleon rolled a 6 and a 6.	 	 
206	17:07:36:089	Server	 		No player gets anything.	 	 
207	17:08:11:747	Chameleon	clay=0; ore=0; sheep=1; wheat=1; wood=0; unknown=0; knights=0; dev-cards=1	roads=[170,139; 139,156]; settlements=[171,139; 139,173]	nope &sorry	 	 
208	17:08:30:982	Server	 		Nancy rolled a 1 and a 5.	 	 
209	17:08:30:983	Server	 		skinnylinny gets 1 ore. Chameleon gets 1 ore. Nancy gets 1 clay.	 	 
210	17:08:42:358	Server	 		Nancy built a road.	 	 
211	17:08:55:856	Server	 		skinnylinny rolled a 6 and a 3.	 	 
212	17:08:55:857	Server	 		Chameleon gets 1 sheep.	 	 
213	17:09:43:442	skinnylinny	clay=0; ore=1; sheep=1; wheat=0; wood=1; unknown=0; knights=0; dev-cards=0	roads=[120,35; 35,34; 34,50; 50,137; 137,103]; settlements=[120,52]	Anyone want to give me a wheat for a wood?	 	 
214	17:09:54:673	Chameleon	clay=0; ore=1; sheep=2; wheat=1; wood=0; unknown=0; knights=0; dev-cards=1	roads=[170,139; 139,156]; settlements=[171,139; 139,173]	ok	 	 
215	17:10:03:008	Chameleon	clay=0; ore=1; sheep=2; wheat=1; wood=0; unknown=0; knights=0; dev-cards=1	roads=[170,139; 139,156]; settlements=[171,139; 139,173]	actually	 	 
216	17:10:04:464	Chameleon	clay=0; ore=1; sheep=2; wheat=1; wood=0; unknown=0; knights=0; dev-cards=1	roads=[170,139; 139,156]; settlements=[171,139; 139,173]	sorry,& no	 	 
217	17:10:10:018	skinnylinny	clay=0; ore=1; sheep=1; wheat=0; wood=1; unknown=0; knights=0; dev-cards=0	roads=[120,35; 35,34; 34,50; 50,137; 137,103]; settlements=[120,52]	Nancy?	 	 
218	17:10:18:269	Nancy	clay=0; ore=0; sheep=1; wheat=2; wood=1; unknown=0; knights=1; dev-cards=0	roads=[116,167; 167,100; 100,133; 133,134; 134,168]; settlements=[116,167; 167,135]	sorry	 	 
219	17:10:23:490	skinnylinny	clay=0; ore=1; sheep=1; wheat=0; wood=1; unknown=0; knights=0; dev-cards=0	roads=[120,35; 35,34; 34,50; 50,137; 137,103]; settlements=[120,52]	ok	 	 

220	17:10:24:727	Server	 		Chameleon rolled a 3 and a 1.	 	 
221	17:10:24:729	Server	 		skinnylinny gets 1 wood. Nancy gets 2 wood.	 	 
222	17:11:08:013	Server	 		Nancy rolled a 5 and a 1.	 	 
223	17:11:08:014	Server	 		skinnylinny gets 1 ore. Chameleon gets 1 ore. Nancy gets 1 clay.	 	 
224	17:11:18:445	Server	 		Nancy built a settlement.	 	 
225	17:11:43:905	Server	 		skinnylinny rolled a 4 and a 4.	 	 
226	17:11:43:907	Server	 		skinnylinny gets 3 wheat. Chameleon gets 1 wheat.	 	 
227	17:12:45:685	Server	 		skinnylinny traded 2 wood for 1 clay from a port.	 	 
228	17:12:53:543	Server	 		Chameleon rolled a 3 and a 3.	 	 
229	17:12:53:545	Server	 		skinnylinny gets 1 ore. Chameleon gets 1 ore. Nancy gets 1 clay.	 	 
230	17:13:38:668	Chameleon	clay=0; ore=2; sheep=1; wheat=1; wood=1; unknown=0; knights=1; dev-cards=1	roads=[170,139; 139,156]; settlements=[171,139; 139,173]	thoughts?	 	 
231	17:13:38:774	skinnylinny	clay=1; ore=2; sheep=0; wheat=2; wood=0; unknown=0; knights=0; dev-cards=1	roads=[120,35; 35,34; 34,50; 50,137; 137,103]; settlements=[120,52]	Hmmm, & do we want to?	 	 
232	17:13:46:460	Chameleon	clay=0; ore=2; sheep=1; wheat=1; wood=1; unknown=0; knights=1; dev-cards=1	roads=[170,139; 139,156]; settlements=[171,139; 139,173]	I am happy to keep playing	 	 
233	17:13:50:970	Nancy	clay=1; ore=0; sheep=0; wheat=1; wood=1; unknown=0; knights=1; dev-cards=0	roads=[116,167; 167,100; 100,133; 133,134; 134,168]; settlements=[116,167; 167,135; 135,169]	me too	 	 
234	17:13:56:998	skinnylinny	clay=1; ore=2; sheep=0; wheat=2; wood=0; unknown=0; knights=0; dev-cards=1	roads=[120,35; 35,34; 34,50; 50,137; 137,103]; settlements=[120,52]	fair enough	 	 
235	17:14:04:444	Chameleon	clay=0; ore=2; sheep=1; wheat=1; wood=1; unknown=0; knights=1; dev-cards=1	roads=[170,139; 139,156]; settlements=[171,139; 139,173]	ADDTIME	 	 
236	17:14:23:306	Server	 		Nancy rolled a 4 and a 2.	 	 
237	17:14:23:307	Server	 		skinnylinny gets 1 ore. Chameleon gets 1 ore. Nancy gets 1 clay.	 	 
238	17:15:04:102	Server	 		skinnylinny rolled a 5 and a 2.	 	 
239	17:15:26:247	Server	 		skinnylinny built a road.	 	 
240	17:15:57:751	Server	 		skinnylinny built a city.	 	 
241	17:16:08:129	Server	 		Chameleon rolled a 2 and a 2.	 	 
242	17:16:08:131	Server	 		skinnylinny gets 1 wood. Nancy gets 3 wood.	 	 
243	17:18:27:092	Server	 		Nancy rolled a 3 and a 3.	 	 
244	17:18:27:093	Server	 		skinnylinny gets 2 ore. Chameleon gets 1 ore. Nancy gets 1 clay.	 	 
245	17:18:49:195	skinnylinny	clay=0; ore=2; sheep=0; wheat=0; wood=1; unknown=0; knights=0; dev-cards=1	roads=[120,35; 35,34; 34,50; 50,137; 137,103; 103,86]; cities=[67,120]	I should eat at some point	 	 
246	17:19:03:717	Server	 		Nancy built a road.	 	 
247	17:19:32:795	skinnylinny	clay=0; ore=2; sheep=0; wheat=0; wood=1; unknown=0; knights=0; dev-cards=1	roads=[120,35; 35,34; 34,50; 50,137; 137,103; 103,86]; cities=[67,120]	Ahh,& never mind, & just being given food	 	 
248	17:20:03:598	Server	 		Nancy built a road.	 	 

249	17:20:19:889	Server	 		skinnylinny rolled a 5 and a 3.	 	 
250	17:20:19:890	Server	 		skinnylinny gets 3 wheat. Chameleon gets 1 wheat.	 	 
251	17:20:50:549	Server	 		skinnylinny traded 2 ore for 1 clay from a port.	 	 
252	17:20:59:244	Server	 		skinnylinny built a road.	 	 
253	17:21:31:950	Server	 		Chameleon rolled a 5 and a 3.	 	 
254	17:21:31:951	Server	 		skinnylinny gets 3 wheat. Chameleon gets 1 wheat.	 	 
255	17:21:40:298	Server	 		Chameleon built a city.	 	 
256	17:21:52:764	Server	 		Nancy rolled a 4 and a 3.	 	 
257	17:22:58:109	Server	 		skinnylinny rolled a 3 and a 3.	 	 
258	17:22:58:110	Server	 		Nancy gets 1 clay.	 	 
259	17:23:17:423	skinnylinny	clay=0; ore=0; sheep=0; wheat=5; wood=0; unknown=0; knights=0; dev-cards=1	roads=[120,35; 35,34; 34,50; 50,137; 137,103; 103,86; 86,69]; cities=[67,120]	Anyone want any wheat?	 	 
260	17:24:02:334	Nancy	clay=2; ore=0; sheep=0; wheat=2; wood=1; unknown=0; knights=1; dev-cards=0	roads=[116,167; 167,100; 100,133; 133,134; 134,168; 168,184; 184,152]; settlements=[116,167; 167,135; 135,169]	sorry	 	 
261	17:24:05:824	Chameleon	clay=0; ore=0; sheep=0; wheat=0; wood=1; unknown=0; knights=2; dev-cards=1	roads=[170,139; 139,156]; settlements=[171,173]	not me	 	 
262	17:24:07:857	Chameleon	clay=0; ore=0; sheep=0; wheat=0; wood=1; unknown=0; knights=2; dev-cards=1	roads=[170,139; 139,156]; settlements=[171,173]	apologies	 	 
263	17:24:11:600	skinnylinny	clay=0; ore=0; sheep=0; wheat=5; wood=0; unknown=0; knights=0; dev-cards=1	roads=[120,35; 35,34; 34,50; 50,137; 137,103; 103,86; 86,69]; cities=[67,120]	it's ok	 	 
264	17:24:25:768	Server	 		skinnylinny traded 4 wheat for 1 clay from the bank.	 	 
265	17:24:31:271	Server	 		Chameleon rolled a 5 and a 1.	 	 
266	17:24:31:273	Server	 		Nancy gets 1 clay.	 	 
267	17:24:48:118	Server	 		Nancy rolled a 3 and a 3.	 	 
268	17:24:48:120	Server	 		Nancy gets 1 clay.	 	 
269	17:25:00:896	Nancy	clay=4; ore=0; sheep=0; wheat=2; wood=1; unknown=0; knights=1; dev-cards=0	roads=[116,167; 167,100; 100,133; 133,134; 134,168; 168,184; 184,152]; settlements=[116,167; 167,135; 135,169]	does anyone want any clay?	 	 
270	17:25:13:265	skinnylinny	clay=1; ore=0; sheep=0; wheat=1; wood=0; unknown=0; knights=0; dev-cards=1	roads=[120,35; 35,34; 34,50; 50,137; 137,103; 103,86; 86,69]; cities=[67,120]	Nancy:& Yes please	 	 
271	17:25:28:072	Nancy	clay=4; ore=0; sheep=0; wheat=2; wood=1; unknown=0; knights=1; dev-cards=0	roads=[116,167; 167,100; 100,133; 133,134; 134,168; 168,184; 184,152]; settlements=[116,167; 167,135; 135,169]	do u have ore or sheep?	 	 
272	17:25:36:338	skinnylinny	clay=1; ore=0; sheep=0; wheat=1; wood=0; unknown=0; knights=0; dev-cards=1	roads=[120,35; 35,34; 34,50; 50,137; 137,103; 103,86; 86,69]; cities=[67,120]	Nope, &wheat and clay	 	 
273	17:26:13:408	Nancy	clay=4; ore=0; sheep=0; wheat=2; wood=1; unknown=0; knights=1; dev-cards=0	roads=[116,167; 167,100; 100,133; 133,134; 134,168; 168,184; 184,152]; settlements=[116,167; 167,135; 135,169]	so whst do u want to give me for the clay?	 	 
274	17:26:27:587	skinnylinny	clay=1; ore=0; sheep=0; wheat=1; wood=0; unknown=0; knights=0; dev-cards=1	roads=[120,35; 35,34; 34,50; 50,137; 137,103; 103,86; 86,69]; cities=[67,120]	wheat?	 	 
275	17:26:30:627	skinnylinny	clay=1; ore=0; sheep=0; wheat=1; wood=0; unknown=0; knights=0; dev-cards=1	roads=[120,35; 35,34; 34,50; 50,137; 137,103; 103,86; 86,69]; cities=[67,120]	:P	 	 
276	17:26:54:236	Nancy	clay=4; ore=0; sheep=0; wheat=2; wood=1; unknown=0; knights=1; dev-cards=0	roads=[116,167; 167,100; 100,133; 133,134; 134,168; 168,184; 184,152]; settlements=[116,167; 167,135; 135,169]	yeah i need ore& :)	 	 
277	17:27:01:699	skinnylinny	clay=1; ore=0; sheep=0; wheat=1; wood=0; unknown=0; knights=0; dev-cards=1	roads=[120,35; 35,34; 34,50; 50,137; 137,103; 103,86; 86,69]; cities=[67,120]	oh well	 	 
278	17:27:12:819	skinnylinny	clay=1; ore=0; sheep=0; wheat=1; wood=0; unknown=0; knights=0; dev-cards=1	roads=[120,35; 35,34; 34,50; 50,137; 137,103; 103,86; 86,69]; cities=[67,120]	Shouldn't have put the robber on the ore space, then &:P	 	 
279	17:27:21:181	Chameleon	clay=0; ore=0; sheep=0; wheat=0; wood=1; unknown=0; knights=2; dev-cards=1	roads=[170,139; 139,156]; settlements=[171,173]	seconded& :P	 	 
280	17:27:30:515	Nancy	clay=4; ore=0; sheep=0; wheat=2; wood=1; unknown=0; knights=1; dev-cards=0	roads=[116,167; 167,100; 100,133; 133,134; 134,168; 168,184; 184,152]; settlements=[116,167; 167,135; 135,169]	that wasnt me	 	 
281	17:27:41:292	Chameleon	clay=0; ore=0; sheep=0; wheat=0; wood=1; unknown=0; knights=2; dev-cards=1	roads=[170,139; 139,156]; settlements=[171,173]	:S & not me	 	 
282	17:27:43:524	skinnylinny	clay=1; ore=0; sheep=0; wheat=1; wood=0; unknown=0; knights=0; dev-cards=1	roads=[120,35; 35,34; 34,50; 50,137; 137,103; 103,86; 86,69]; cities=[67,120]	Nor me	 	 
283	17:27:54:269	Chameleon	clay=0; ore=0; sheep=0; wheat=0; wood=1; unknown=0; knights=2; dev-cards=1	roads=[170,139; 139,156]; settlements=[171,173]	I put it on 11	 	 
284	17:27:58:700	Chameleon	clay=0; ore=0; sheep=0; wheat=0; wood=1; unknown=0; knights=2; dev-cards=1	roads=[170,139; 139,156]; settlements=[171,173]	oh well	 	 
285	17:28:03:964	Chameleon	clay=0; ore=0; sheep=0; wheat=0; wood=1; unknown=0; knights=2; dev-cards=1	roads=[170,139; 139,156]; settlements=[171,173]	It will move eventually	 	 
286	17:28:50:037	skinnylinny	clay=1; ore=0; sheep=0; wheat=1; wood=0; unknown=0; knights=0; dev-cards=1	roads=[120,35; 35,34; 34,50; 50,137; 137,103; 103,86; 86,69]; cities=[67,120]	Nancy:& You done yet?	 	 
287	17:29:00:453	Nancy	clay=4; ore=0; sheep=0; wheat=2; wood=1; unknown=0; knights=1; dev-cards=0	roads=[116,167; 167,100; 100,133; 133,134; 134,168; 168,184; 184,152]; settlements=[116,167; 167,135; 135,169]	thinking&:)	 	 
288	17:29:05:589	skinnylinny	clay=1; ore=0; sheep=0; wheat=1; wood=0; unknown=0; knights=0; dev-cards=1	roads=[120,35; 35,34; 34,50; 50,137; 137,103; 103,86; 86,69]; cities=[67,120]	ok	 	 
289	17:29:13:285	Nancy	clay=4; ore=0; sheep=0; wheat=2; wood=1; unknown=0; knights=1; dev-cards=0	roads=[116,167; 167,100; 100,133; 133,134; 134,168; 168,184; 184,152]; settlements=[116,167; 167,135; 135,169]	i want to trade with the port	 	 
290	17:29:21:563	Chameleon	clay=0; ore=0; sheep=0; wheat=0; wood=1; unknown=0; knights=2; dev-cards=1	roads=[170,139; 139,156]; settlements=[171,173]	then you need to build there	 	 
291	17:29:31:995	Nancy	clay=4; ore=0; sheep=0; wheat=2; wood=1; unknown=0; knights=1; dev-cards=0	roads=[116,167; 167,100; 100,133; 133,134; 134,168; 168,184; 184,152]; settlements=[116,167; 167,135; 135,169]	ok	 	 
292	17:29:57:154	Server	 		Nancy built a road.	 	 

293	17:30:06:831	Server	 		skinnylinny rolled a 2 and a 1.	 	 
294	17:30:06:833	Server	 		skinnylinny gets 2 wheat. Nancy gets 1 wheat.	 	 
295	17:30:50:363	Server	 		Chameleon rolled a 6 and a 5.	 	 
296	17:30:50:364	Server	 		skinnylinny gets 2 wood. Nancy gets 1 wood.	 	 
297	17:31:03:131	Server	 		Nancy rolled a 4 and a 4.	 	 
298	17:31:03:132	Server	 		skinnylinny gets 3 wheat. Chameleon gets 1 wheat.	 	 
299	17:31:19:364	Server	 		skinnylinny rolled a 1 and a 3.	 	 
300	17:31:19:366	Server	 		skinnylinny gets 1 wood. Nancy gets 3 wood.	 	 
301	17:31:27:807	Server	 		skinnylinny built a road.	 	 
302	17:32:12:825	Server	 		skinnylinny traded 4 wheat for 1 clay from the bank.	 	 
303	17:32:24:953	Server	 		skinnylinny built a road.	 	 
304	17:32:29:630	Server	 		Chameleon rolled a 3 and a 2.	 	 
305	17:32:29:632	Server	 		Chameleon gets 1 ore. Nancy gets 1 ore, 1 sheep.	 	 
306	17:32:29:941	Nancy	clay=3; ore=1; sheep=1; wheat=3; wood=4; unknown=0; knights=1; dev-cards=0	roads=[116,167; 167,100; 100,133; 133,134; 134,168; 168,184; 184,152; 152,200]; settlements=[116,167; 167,135; 135,169]	hey chameleon &do u have any sheep and ill give u wood?	 	 
307	17:32:55:990	Chameleon	clay=0; ore=1; sheep=0; wheat=1; wood=1; unknown=0; knights=2; dev-cards=1	roads=[170,139; 139,156]; settlements=[171,173]	I was going to say, &anyone got sheep	 	 
308	17:32:57:862	Chameleon	clay=0; ore=1; sheep=0; wheat=1; wood=1; unknown=0; knights=2; dev-cards=1	roads=[170,139; 139,156]; settlements=[171,173]	or clay?	 	 
309	17:33:12:237	Nancy	clay=3; ore=1; sheep=1; wheat=3; wood=4; unknown=0; knights=1; dev-cards=0	roads=[116,167; 167,100; 100,133; 133,134; 134,168; 168,184; 184,152; 152,200]; settlements=[116,167; 167,135; 135,169]	do u have ore?	 	 
310	17:33:26:351	Nancy	clay=3; ore=1; sheep=1; wheat=3; wood=4; unknown=0; knights=1; dev-cards=0	roads=[116,167; 167,100; 100,133; 133,134; 134,168; 168,184; 184,152; 152,200]; settlements=[116,167; 167,135; 135,169]	coz ill give u wood for sheep and clay for ore	 	 
311	17:33:36:342	Chameleon	clay=0; ore=1; sheep=0; wheat=1; wood=1; unknown=0; knights=2; dev-cards=1	roads=[170,139; 139,156]; settlements=[171,173]	Not spare	 	 
312	17:33:38:869	Chameleon	clay=0; ore=1; sheep=0; wheat=1; wood=1; unknown=0; knights=2; dev-cards=1	roads=[170,139; 139,156]; settlements=[171,173]	oh well	 	 
313	17:33:45:513	Server	 		Nancy rolled a 5 and a 2.	 	 
314	17:34:42:734	Server	 		skinnylinny rolled a 5 and a 1.	 	 
315	17:34:42:737	Server	 		skinnylinny gets 2 ore. Chameleon gets 2 ore. Nancy gets 1 clay.	 	 
316	17:34:53:737	Nancy	clay=2; ore=0; sheep=0; wheat=0; wood=2; unknown=0; knights=1; dev-cards=1	roads=[116,167; 167,100; 100,133; 133,134; 134,168; 168,184; 184,152; 152,200]; settlements=[116,167; 167,135; 135,169]	u guys shd thank me moved the robber& :P	 	 
317	17:35:44:900	Server	 		skinnylinny traded 2 ore for 1 clay from a port.	 	 
318	17:35:48:084	Server	 		skinnylinny built a road.	 	 
319	17:36:06:980	Server	 		Chameleon rolled a 2 and a 3.	 	 
320	17:36:06:982	Server	 		Chameleon gets 1 ore. Nancy gets 1 ore, 1 sheep.	 	 
321	17:36:34:242	Chameleon	clay=0; ore=4; sheep=0; wheat=1; wood=1; unknown=0; knights=2; dev-cards=1	roads=[170,139; 139,156]; settlements=[171,173]	anyone want ore still?	 	 
322	17:36:49:485	skinnylinny	clay=0; ore=0; sheep=0; wheat=2; wood=0; unknown=0; knights=0; dev-cards=1	roads=[120,35; 35,34; 34,50; 50,137; 137,103; 103,86; 86,69; 69,52; 52,36; 36,37]; cities=[67,120]	Chameleon: &Only for wheat	 	 
323	17:36:58:055	Nancy	clay=2; ore=1; sheep=1; wheat=0; wood=2; unknown=0; knights=1; dev-cards=1	roads=[116,167; 167,100; 100,133; 133,134; 134,168; 168,184; 184,152; 152,200]; settlements=[116,167; 167,135; 135,169]	ill give u wood for it	 	 
324	17:37:11:250	Chameleon	clay=0; ore=4; sheep=0; wheat=1; wood=1; unknown=0; knights=2; dev-cards=1	roads=[170,139; 139,156]; settlements=[171,173]	no sheep free?	 	 
325	17:37:31:856	Nancy	clay=2; ore=1; sheep=1; wheat=0; wood=2; unknown=0; knights=1; dev-cards=1	roads=[116,167; 167,100; 100,133; 133,134; 134,168; 168,184; 184,152; 152,200]; settlements=[116,167; 167,135; 135,169]	sorry	 	 
326	17:37:36:110	skinnylinny	clay=0; ore=0; sheep=0; wheat=2; wood=0; unknown=0; knights=0; dev-cards=1	roads=[120,35; 35,34; 34,50; 50,137; 137,103; 103,86; 86,69; 69,52; 52,36; 36,37]; cities=[67,120]	nope,& sorry	 	 

327	17:37:50:922	Server	 		Nancy rolled a 3 and a 2.	 	 
328	17:37:50:924	Server	 		Chameleon gets 1 ore. Nancy gets 1 ore, 1 sheep.	 	 
329	17:38:56:368	Server	 		skinnylinny rolled a 6 and a 4.	 	 
330	17:38:56:369	Server	 		skinnylinny gets 2 clay. Chameleon gets 4 sheep. Nancy gets 1 clay.	 	 
331	17:39:45:296	skinnylinny	clay=2; ore=0; sheep=0; wheat=2; wood=0; unknown=0; knights=0; dev-cards=1	roads=[120,35; 35,34; 34,50; 50,137; 137,103; 103,86; 86,69; 69,52; 52,36; 36,37]; cities=[67,120]	Nancy: &Give me wood for wheat?	 	 
332	17:39:53:728	skinnylinny	clay=2; ore=0; sheep=0; wheat=2; wood=0; unknown=0; knights=0; dev-cards=1	roads=[120,35; 35,34; 34,50; 50,137; 137,103; 103,86; 86,69; 69,52; 52,36; 36,37]; cities=[67,120]	Chameleon: &Enough sheep for you?	 	 
333	17:40:04:366	Chameleon	clay=0; ore=5; sheep=4; wheat=1; wood=1; unknown=0; knights=2; dev-cards=1	roads=[170,139; 139,156]; settlements=[171,173]	yes	 	 
334	17:40:07:114	Nancy	clay=3; ore=0; sheep=0; wheat=0; wood=2; unknown=0; knights=1; dev-cards=2	roads=[116,167; 167,100; 100,133; 133,134; 134,168; 168,184; 184,152; 152,200]; settlements=[116,167; 167,135; 135,169]	hahaha& sure	 	 
335	17:40:09:662	Chameleon	clay=0; ore=5; sheep=4; wheat=1; wood=1; unknown=0; knights=2; dev-cards=1	roads=[170,139; 139,156]; settlements=[171,173]	lovely &thank yuo	 	 
336	17:40:09:806	Server	 		Chameleon rolled a 5 and a 3.	 	 
337	17:40:09:809	Server	 		skinnylinny gets 3 wheat. Chameleon gets 1 wheat.	 	 
338	17:40:17:569	skinnylinny	clay=2; ore=0; sheep=0; wheat=5; wood=0; unknown=0; knights=0; dev-cards=1	roads=[120,35; 35,34; 34,50; 50,137; 137,103; 103,86; 86,69; 69,52; 52,36; 36,37]; cities=[67,120]	Ah ok,& never mind	 	 
339	17:40:23:079	Server	 		Chameleon traded 2 sheep for 1 clay from a port.	 	 
340	17:40:45:825	skinnylinny	clay=2; ore=0; sheep=0; wheat=5; wood=0; unknown=0; knights=0; dev-cards=1	roads=[120,35; 35,34; 34,50; 50,137; 137,103; 103,86; 86,69; 69,52; 52,36; 36,37]; cities=[67,120]	Chameleon: &Want to trade a sheep for a clay?	 	 
341	17:40:53:677	Chameleon	clay=1; ore=3; sheep=0; wheat=0; wood=1; unknown=0; knights=2; dev-cards=3	roads=[170,139; 139,156]; settlements=[171,173]	no sheep left& :P	 	 
342	17:40:55:458	skinnylinny	clay=2; ore=0; sheep=0; wheat=5; wood=0; unknown=0; knights=0; dev-cards=1	roads=[120,35; 35,34; 34,50; 50,137; 137,103; 103,86; 86,69; 69,52; 52,36; 36,37]; cities=[67,120]	Ah	 	 
343	17:41:00:754	skinnylinny	clay=2; ore=0; sheep=0; wheat=5; wood=0; unknown=0; knights=0; dev-cards=1	roads=[120,35; 35,34; 34,50; 50,137; 137,103; 103,86; 86,69; 69,52; 52,36; 36,37]; cities=[67,120]	Booo!	 	 
344	17:41:35:647	Server	 		Nancy rolled a 2 and a 3.	 	 
345	17:41:35:649	Server	 		Chameleon gets 1 ore. Nancy gets 1 ore, 1 sheep.	 	 
346	17:41:54:148	Server	 		Nancy built a settlement.	 	 
347	17:42:15:914	Server	 		skinnylinny rolled a 2 and a 1.	 	 
348	17:42:15:915	Server	 		skinnylinny gets 2 wheat. Nancy gets 1 wheat.	 	 
349	17:43:00:595	Server	 		skinnylinny traded 4 wheat for 1 wood from the bank.	 	 
350	17:43:04:498	Server	 		Chameleon rolled a 6 and a 1.	 	 
351	17:43:11:588	skinnylinny	clay=2; ore=0; sheep=0; wheat=2; wood=1; unknown=0; knights=0; dev-cards=1	roads=[120,35; 35,34; 34,50; 50,137; 137,103; 103,86; 86,69; 69,52; 52,36; 36,37]; cities=[67,120]	Anyone got any sheep?	 	 
352	17:43:57:928	Server	 		Chameleon built a road.	 	 
353	17:44:01:781	skinnylinny	clay=2; ore=0; sheep=0; wheat=2; wood=0; unknown=0; knights=0; dev-cards=1	roads=[120,35; 35,34; 34,50; 50,137; 137,103; 103,86; 86,69; 69,52; 52,36; 36,37]; cities=[67,120]	Shall we?	 	 
354	17:44:06:361	Chameleon	clay=0; ore=4; sheep=0; wheat=0; wood=1; unknown=0; knights=2; dev-cards=3	roads=[170,139; 139,156; 156,122]; settlements=[171,173]	I'm game	 	 
355	17:44:10:741	skinnylinny	clay=2; ore=0; sheep=0; wheat=2; wood=0; unknown=0; knights=0; dev-cards=1	roads=[120,35; 35,34; 34,50; 50,137; 137,103; 103,86; 86,69; 69,52; 52,36; 36,37]; cities=[67,120]	Me too	 	 
356	17:44:12:877	Nancy	clay=2; ore=1; sheep=0; wheat=1; wood=1; unknown=0; knights=2; dev-cards=1	roads=[116,167; 167,100; 100,133; 133,134; 134,168; 168,184; 184,152; 152,200]; settlements=[116,167; 167,135; 135,169; 169,216]	sure	 	 

357	17:44:30:302	Server	 		Nancy rolled a 3 and a 1.	 	 
358	17:44:30:304	Server	 		skinnylinny gets 1 wood. Nancy gets 3 wood.	 	 
359	17:44:36:469	skinnylinny	clay=2; ore=0; sheep=0; wheat=2; wood=1; unknown=0; knights=0; dev-cards=1	roads=[120,35; 35,34; 34,50; 50,137; 137,103; 103,86; 86,69; 69,52; 52,36; 36,37]; cities=[67,120]	ADDTIME	 	 
360	17:44:50:413	Nancy	clay=2; ore=1; sheep=0; wheat=1; wood=4; unknown=0; knights=2; dev-cards=1	roads=[116,167; 167,100; 100,133; 133,134; 134,168; 168,184; 184,152; 152,200]; settlements=[116,167; 167,135; 135,169; 169,216]	anyone want wood?	 	 
361	17:44:54:601	Chameleon	clay=0; ore=4; sheep=0; wheat=0; wood=1; unknown=0; knights=2; dev-cards=3	roads=[170,139; 139,156; 156,122]; settlements=[171,173]	yes	 	 
362	17:44:57:513	Chameleon	clay=0; ore=4; sheep=0; wheat=0; wood=1; unknown=0; knights=2; dev-cards=3	roads=[170,139; 139,156; 156,122]; settlements=[171,173]	I have ore	 	 
363	17:45:14:164	Nancy	clay=2; ore=1; sheep=0; wheat=1; wood=4; unknown=0; knights=2; dev-cards=1	roads=[116,167; 167,100; 100,133; 133,134; 134,168; 168,184; 184,152; 152,200]; settlements=[116,167; 167,135; 135,169; 169,216]	do u want twoo wood?	 	 
364	17:45:23:224	Chameleon	clay=0; ore=4; sheep=0; wheat=0; wood=1; unknown=0; knights=2; dev-cards=3	roads=[170,139; 139,156; 156,122]; settlements=[171,173]	:)	 	 
365	17:45:34:750	Nancy	clay=2; ore=1; sheep=0; wheat=1; wood=4; unknown=0; knights=2; dev-cards=1	roads=[116,167; 167,100; 100,133; 133,134; 134,168; 168,184; 184,152; 152,200]; settlements=[116,167; 167,135; 135,169; 169,216]	for two ores i mean& :P	 	 
366	17:45:38:280	Chameleon	clay=0; ore=4; sheep=0; wheat=0; wood=1; unknown=0; knights=2; dev-cards=3	roads=[170,139; 139,156; 156,122]; settlements=[171,173]	sure	 	 
367	17:45:48:908	Server	 		Nancy made an offer to trade 2 wood for 2 ore.	 	 
368	17:45:50:903	Server	 		Nancy traded 2 wood for 2 ore from Chameleon.	 	 
369	17:46:07:741	Nancy	clay=2; ore=3; sheep=0; wheat=1; wood=2; unknown=0; knights=2; dev-cards=1	roads=[116,167; 167,100; 100,133; 133,134; 134,168; 168,184; 184,152; 152,200]; settlements=[116,167; 167,135; 135,169; 169,216]	does any one have wheat?	 	 
370	17:47:07:256	skinnylinny	clay=2; ore=0; sheep=0; wheat=2; wood=1; unknown=0; knights=0; dev-cards=1	roads=[120,35; 35,34; 34,50; 50,137; 137,103; 103,86; 86,69; 69,52; 52,36; 36,37]; cities=[67,120]	I have one spare	 	 
371	17:47:15:784	skinnylinny	clay=2; ore=0; sheep=0; wheat=2; wood=1; unknown=0; knights=0; dev-cards=1	roads=[120,35; 35,34; 34,50; 50,137; 137,103; 103,86; 86,69; 69,52; 52,36; 36,37]; cities=[67,120]	can you spare a wood?	 	 
372	17:47:30:033	Nancy	clay=2; ore=3; sheep=0; wheat=1; wood=2; unknown=0; knights=2; dev-cards=1	roads=[116,167; 167,100; 100,133; 133,134; 134,168; 168,184; 184,152; 152,200]; settlements=[116,167; 167,135; 135,169; 169,216]	sure	 	 
373	17:47:38:056	skinnylinny	clay=2; ore=0; sheep=0; wheat=2; wood=1; unknown=0; knights=0; dev-cards=1	roads=[120,35; 35,34; 34,50; 50,137; 137,103; 103,86; 86,69; 69,52; 52,36; 36,37]; cities=[67,120]	sounds good to me	 	 
374	17:47:44:423	Server	 		Nancy made an offer to trade 1 wood for 1 wheat.	 	 
375	17:48:00:024	Server	 		Nancy traded 1 wood for 1 wheat from skinnylinny.	 	 
376	17:48:11:062	Server	 		Nancy built a city.	 	 
377	17:48:24:921	skinnylinny	clay=2; ore=0; sheep=0; wheat=1; wood=2; unknown=0; knights=0; dev-cards=1	roads=[120,35; 35,34; 34,50; 50,137; 137,103; 103,86; 86,69; 69,52; 52,36; 36,37]; cities=[67,120]	Gah, I messed that up.& I thought& light green was wood.& Oh well	 	 
378	17:48:25:372	Server	 		skinnylinny rolled a 4 and a 5.	 	 
379	17:48:25:373	Server	 		Chameleon gets 2 sheep. Nancy gets 2 wood.	 	 
380	17:48:30:313	skinnylinny	clay=2; ore=0; sheep=0; wheat=1; wood=2; unknown=0; knights=0; dev-cards=1	roads=[120,35; 35,34; 34,50; 50,137; 137,103; 103,86; 86,69; 69,52; 52,36; 36,37]; cities=[67,120]	Can anyone spare a sheep?	 	 
381	17:48:34:469	Chameleon	clay=0; ore=2; sheep=2; wheat=0; wood=3; unknown=0; knights=2; dev-cards=3	roads=[170,139; 139,156; 156,122]; settlements=[171,173]	for what?	 	 
382	17:48:39:913	skinnylinny	clay=2; ore=0; sheep=0; wheat=1; wood=2; unknown=0; knights=0; dev-cards=1	roads=[120,35; 35,34; 34,50; 50,137; 137,103; 103,86; 86,69; 69,52; 52,36; 36,37]; cities=[67,120]	wood or clay?	 	 
383	17:48:55:764	Chameleon	clay=0; ore=2; sheep=2; wheat=0; wood=3; unknown=0; knights=2; dev-cards=3	roads=[170,139; 139,156; 156,122]; settlements=[171,173]	no wheat?	 	 
384	17:49:00:218	skinnylinny	clay=2; ore=0; sheep=0; wheat=1; wood=2; unknown=0; knights=0; dev-cards=1	roads=[120,35; 35,34; 34,50; 50,137; 137,103; 103,86; 86,69; 69,52; 52,36; 36,37]; cities=[67,120]	nope,& sorry	 	 
385	17:49:08:740	Chameleon	clay=0; ore=2; sheep=2; wheat=0; wood=3; unknown=0; knights=2; dev-cards=3	roads=[170,139; 139,156; 156,122]; settlements=[171,173]	clay then	 	 
386	17:49:11:578	skinnylinny	clay=2; ore=0; sheep=0; wheat=1; wood=2; unknown=0; knights=0; dev-cards=1	roads=[120,35; 35,34; 34,50; 50,137; 137,103; 103,86; 86,69; 69,52; 52,36; 36,37]; cities=[67,120]	ok	 	 
387	17:49:17:185	Server	 		skinnylinny made an offer to trade 1 clay for 1 sheep.	 	 
388	17:49:28:564	Chameleon	clay=0; ore=2; sheep=2; wheat=0; wood=3; unknown=0; knights=2; dev-cards=3	roads=[170,139; 139,156; 156,122]; settlements=[171,173]	I cant click ok	 	 
389	17:49:33:280	Nancy	clay=2; ore=0; sheep=0; wheat=0; wood=3; unknown=0; knights=2; dev-cards=1	roads=[116,167; 167,100; 100,133; 133,134; 134,168; 168,184; 184,152; 152,200]; settlements=[116,167; 167,135; 135,216]	sent it to the wrong person& :P	 	 
390	17:49:38:451	Chameleon	clay=0; ore=2; sheep=2; wheat=0; wood=3; unknown=0; knights=2; dev-cards=3	roads=[170,139; 139,156; 156,122]; settlements=[171,173]	yup,& just saw that	 	 
391	17:49:54:970	Server	 		skinnylinny made an offer to trade 1 clay for 1 sheep.	 	 
392	17:50:04:175	Nancy	clay=2; ore=0; sheep=0; wheat=0; wood=3; unknown=0; knights=2; dev-cards=1	roads=[116,167; 167,100; 100,133; 133,134; 134,168; 168,184; 184,152; 152,200]; settlements=[116,167; 167,135; 135,216]	again not me :P	 	 
393	17:50:12:379	skinnylinny	clay=2; ore=0; sheep=0; wheat=1; wood=2; unknown=0; knights=0; dev-cards=1	roads=[120,35; 35,34; 34,50; 50,137; 137,103; 103,86; 86,69; 69,52; 52,36; 36,37]; cities=[67,120]	How do I send it to her?	 	 
394	17:50:23:107	Chameleon	clay=0; ore=2; sheep=2; wheat=0; wood=3; unknown=0; knights=2; dev-cards=3	roads=[170,139; 139,156; 156,122]; settlements=[171,173]	the coloured boxed underneath	 	 
395	17:50:26:591	Nancy	clay=2; ore=0; sheep=0; wheat=0; wood=3; unknown=0; knights=2; dev-cards=1	roads=[116,167; 167,100; 100,133; 133,134; 134,168; 168,184; 184,152; 152,200]; settlements=[116,167; 167,135; 135,216]	click on the red square	 	 
396	17:50:30:962	Chameleon	clay=0; ore=2; sheep=2; wheat=0; wood=3; unknown=0; knights=2; dev-cards=3	roads=[170,139; 139,156; 156,122]; settlements=[171,173]	hover over them& and they give the names	 	 
397	17:50:31:579	skinnylinny	clay=2; ore=0; sheep=0; wheat=1; wood=2; unknown=0; knights=0; dev-cards=1	roads=[120,35; 35,34; 34,50; 50,137; 137,103; 103,86; 86,69; 69,52; 52,36; 36,37]; cities=[67,120]	AHHH	 	 
398	17:50:36:602	Server	 		skinnylinny made an offer to trade 1 clay for 1 sheep.	 	 
399	17:50:42:235	skinnylinny	clay=2; ore=0; sheep=0; wheat=1; wood=2; unknown=0; knights=0; dev-cards=1	roads=[120,35; 35,34; 34,50; 50,137; 137,103; 103,86; 86,69; 69,52; 52,36; 36,37]; cities=[67,120]	Thank you	 	 
400	17:50:45:980	skinnylinny	clay=2; ore=0; sheep=0; wheat=1; wood=2; unknown=0; knights=0; dev-cards=1	roads=[120,35; 35,34; 34,50; 50,137; 137,103; 103,86; 86,69; 69,52; 52,36; 36,37]; cities=[67,120]	Better?	 	 
401	17:50:51:833	Nancy	clay=2; ore=0; sheep=0; wheat=0; wood=3; unknown=0; knights=2; dev-cards=1	roads=[116,167; 167,100; 100,133; 133,134; 134,168; 168,184; 184,152; 152,200]; settlements=[116,167; 167,135; 135,216]	Yup& :)	 	 
402	17:50:53:922	Server	 		skinnylinny traded 1 clay for 1 sheep from Chameleon.	 	 
403	17:51:00:219	Server	 		skinnylinny built a settlement.	 	 
404	17:51:24:353	Chameleon	clay=1; ore=2; sheep=1; wheat=0; wood=3; unknown=0; knights=3; dev-cards=2	roads=[170,139; 139,156; 156,122]; settlements=[171,173]	Ah	 	 
405	17:51:30:193	Chameleon	clay=1; ore=2; sheep=1; wheat=0; wood=3; unknown=0; knights=3; dev-cards=2	roads=[170,139; 139,156; 156,122]; settlements=[171,173]	cant roll after playing a card&	 	 
406	17:51:31:794	Chameleon	clay=1; ore=2; sheep=1; wheat=0; wood=3; unknown=0; knights=3; dev-cards=2	roads=[170,139; 139,156; 156,122]; settlements=[171,173]	:(#	 	 
407	17:51:40:956	skinnylinny	clay=0; ore=0; sheep=0; wheat=0; wood=1; unknown=0; knights=0; dev-cards=1	roads=[120,35; 35,34; 34,50; 50,137; 137,103; 103,86; 86,69; 69,52; 52,36; 36,37]; settlements=[52,54]; cities=[67,120]	Aww	 	 
408	17:51:41:793	Chameleon	clay=1; ore=2; sheep=1; wheat=0; wood=3; unknown=0; knights=3; dev-cards=2	roads=[170,139; 139,156; 156,122]; settlements=[171,173]	or buy	 	 
409	17:51:45:468	skinnylinny	clay=0; ore=0; sheep=0; wheat=0; wood=1; unknown=0; knights=0; dev-cards=1	roads=[120,35; 35,34; 34,50; 50,137; 137,103; 103,86; 86,69; 69,52; 52,36; 36,37]; settlements=[52,54]; cities=[67,120]	:/	 	 
410	17:51:51:720	Nancy	clay=2; ore=0; sheep=0; wheat=0; wood=3; unknown=0; knights=2; dev-cards=1	roads=[116,167; 167,100; 100,133; 133,134; 134,168; 168,184; 184,152; 152,200]; settlements=[116,167; 167,135; 135,216]	really?& aww	 	 
411	17:51:52:061	skinnylinny	clay=0; ore=0; sheep=0; wheat=0; wood=1; unknown=0; knights=0; dev-cards=1	roads=[120,35; 35,34; 34,50; 50,137; 137,103; 103,86; 86,69; 69,52; 52,36; 36,37]; settlements=[52,54]; cities=[67,120]	That's...& fairly broken?	 	 
412	17:52:04:864	Chameleon	clay=1; ore=2; sheep=1; wheat=0; wood=3; unknown=0; knights=3; dev-cards=2	roads=[170,139; 139,156; 156,122]; settlements=[171,173]	yes	 	 
413	17:52:37:648	Chameleon	clay=1; ore=2; sheep=1; wheat=0; wood=3; unknown=0; knights=3; dev-cards=2	roads=[170,139; 139,156; 156,122]; settlements=[171,173]	if there is a required order for a go &then it should not be possible to accidentally click a button	 	 
414	17:52:48:926	skinnylinny	clay=0; ore=0; sheep=0; wheat=0; wood=1; unknown=0; knights=0; dev-cards=1	roads=[120,35; 35,34; 34,50; 50,137; 137,103; 103,86; 86,69; 69,52; 52,36; 36,37]; settlements=[52,54]; cities=[67,120]	Agreed.	 	 
415	17:52:49:056	Chameleon	clay=1; ore=2; sheep=1; wheat=0; wood=3; unknown=0; knights=3; dev-cards=2	roads=[170,139; 139,156; 156,122]; settlements=[171,173]	and I cant end my turn	 	 
416	17:52:53:710	skinnylinny	clay=0; ore=0; sheep=0; wheat=0; wood=1; unknown=0; knights=0; dev-cards=1	roads=[120,35; 35,34; 34,50; 50,137; 137,103; 103,86; 86,69; 69,52; 52,36; 36,37]; settlements=[52,54]; cities=[67,120]	Ah	 	 
417	17:53:00:446	skinnylinny	clay=0; ore=0; sheep=0; wheat=0; wood=1; unknown=0; knights=0; dev-cards=1	roads=[120,35; 35,34; 34,50; 50,137; 137,103; 103,86; 86,69; 69,52; 52,36; 36,37]; settlements=[52,54]; cities=[67,120]	"Can't click ""Done""?"	 	 
418	17:53:02:256	Chameleon	clay=1; ore=2; sheep=1; wheat=0; wood=3; unknown=0; knights=3; dev-cards=2	roads=[170,139; 139,156; 156,122]; settlements=[171,173]	I think& it is broken	 	 
419	17:53:03:440	Chameleon	clay=1; ore=2; sheep=1; wheat=0; wood=3; unknown=0; knights=3; dev-cards=2	roads=[170,139; 139,156; 156,122]; settlements=[171,173]	now	 	 
420	17:53:08:240	Chameleon	clay=1; ore=2; sheep=1; wheat=0; wood=3; unknown=0; knights=3; dev-cards=2	roads=[170,139; 139,156; 156,122]; settlements=[171,173]	*you cant end your tuirn yet	 	 
421	17:53:16:111	Chameleon	clay=1; ore=2; sheep=1; wheat=0; wood=3; unknown=0; knights=3; dev-cards=2	roads=[170,139; 139,156; 156,122]; settlements=[171,173]	oh wait	 	 

422	17:53:30:906	Server	 		Chameleon rolled a 5 and a 1.	 	 
423	17:53:30:907	Server	 		skinnylinny gets 2 ore. Chameleon gets 2 ore.	 	 
424	17:53:33:092	Nancy	clay=2; ore=0; sheep=0; wheat=0; wood=2; unknown=0; knights=2; dev-cards=1	roads=[116,167; 167,100; 100,133; 133,134; 134,168; 168,184; 184,152; 152,200]; settlements=[116,167; 167,135; 135,216]	have u moved the robber?	 	 
425	17:53:33:167	Chameleon	clay=1; ore=4; sheep=1; wheat=0; wood=4; unknown=0; knights=3; dev-cards=2	roads=[170,139; 139,156; 156,122]; settlements=[171,173]	I have to move the robber	 	 
426	17:53:36:559	Chameleon	clay=1; ore=4; sheep=1; wheat=0; wood=4; unknown=0; knights=3; dev-cards=2	roads=[170,139; 139,156; 156,122]; settlements=[171,173]	I thought& I had,	 	 
427	17:53:44:575	Chameleon	clay=1; ore=4; sheep=1; wheat=0; wood=4; unknown=0; knights=3; dev-cards=2	roads=[170,139; 139,156; 156,122]; settlements=[171,173]	but not registered it properly	 	 
428	17:53:52:847	skinnylinny	clay=0; ore=2; sheep=0; wheat=0; wood=1; unknown=0; knights=0; dev-cards=1	roads=[120,35; 35,34; 34,50; 50,137; 137,103; 103,86; 86,69; 69,52; 52,36; 36,37]; settlements=[52,54]; cities=[67,120]	ah	 	 
429	17:54:02:702	Chameleon	clay=1; ore=4; sheep=1; wheat=0; wood=4; unknown=0; knights=3; dev-cards=2	roads=[170,139; 139,156; 156,122]; settlements=[171,173]	anyone go wheat?	 	 
430	17:54:05:957	Server	 		Chameleon built a road.	 	 
431	17:54:17:598	Chameleon	clay=0; ore=4; sheep=1; wheat=0; wood=3; unknown=0; knights=3; dev-cards=2	roads=[170,139; 139,156; 156,122; 122,106]; settlements=[171,173]	or clay	 	 
432	17:54:30:175	skinnylinny	clay=0; ore=2; sheep=0; wheat=0; wood=1; unknown=0; knights=0; dev-cards=1	roads=[120,35; 35,34; 34,50; 50,137; 137,103; 103,86; 86,69; 69,52; 52,36; 36,37]; settlements=[52,54]; cities=[67,120]	NNope	 	 
433	17:54:34:506	Nancy	clay=2; ore=0; sheep=0; wheat=0; wood=2; unknown=0; knights=2; dev-cards=1	roads=[116,167; 167,100; 100,133; 133,134; 134,168; 168,184; 184,152; 152,200]; settlements=[116,167; 167,135; 135,216]	id give u clay for ore?	 	 
434	17:54:38:110	Chameleon	clay=0; ore=4; sheep=1; wheat=0; wood=3; unknown=0; knights=3; dev-cards=2	roads=[170,139; 139,156; 156,122; 122,106]; settlements=[171,173]	sure	 	 
435	17:54:55:557	Server	 		Chameleon made an offer to trade 1 ore for 1 clay.	 	 
436	17:55:01:220	Server	 		Chameleon traded 1 ore for 1 clay from Nancy.	 	 
437	17:55:40:917	Server	 		Nancy rolled a 3 and a 1.	 	 
438	17:55:40:919	Server	 		skinnylinny gets 2 wood. Nancy gets 4 wood.	 	 
439	17:55:50:748	Server	 		Nancy built a road.	 	 
440	17:56:40:967	Server	 		Nancy traded 4 wood for 1 ore from the bank.	 	 
441	17:56:55:175	Server	 		skinnylinny rolled a 2 and a 4.	 	 
442	17:56:55:176	Server	 		skinnylinny gets 2 ore. Chameleon gets 2 ore. Nancy gets 2 clay.	 	 
443	17:58:05:363	skinnylinny	clay=0; ore=4; sheep=0; wheat=0; wood=3; unknown=0; knights=0; dev-cards=1	roads=[120,35; 35,34; 34,50; 50,137; 137,103; 103,86; 86,69; 69,52; 52,36; 36,37]; settlements=[52,54]; cities=[67,120]	Anyone got a spare sheep or wool for an ore?	 	 
444	17:58:11:507	skinnylinny	clay=0; ore=4; sheep=0; wheat=0; wood=3; unknown=0; knights=0; dev-cards=1	roads=[120,35; 35,34; 34,50; 50,137; 137,103; 103,86; 86,69; 69,52; 52,36; 36,37]; settlements=[52,54]; cities=[67,120]	(or for a wood)	 	 
445	17:58:26:246	Nancy	clay=2; ore=3; sheep=0; wheat=0; wood=1; unknown=0; knights=3; dev-cards=0	roads=[116,167; 167,100; 100,133; 133,134; 134,168; 168,184; 184,152; 152,200; 200,201]; settlements=[116,167; 167,135; 135,216]	nope sorry	 	 
446	17:58:26:436	skinnylinny	clay=0; ore=4; sheep=0; wheat=0; wood=3; unknown=0; knights=0; dev-cards=1	roads=[120,35; 35,34; 34,50; 50,137; 137,103; 103,86; 86,69; 69,52; 52,36; 36,37]; settlements=[52,54]; cities=[67,120]	*spare sheep or wheat even	 	 
447	17:58:34:633	Chameleon	clay=1; ore=4; sheep=1; wheat=0; wood=3; unknown=0; knights=3; dev-cards=2	roads=[170,139; 139,156; 156,122; 122,106]; settlements=[171,173]	nope	 	 
448	17:58:50:644	Server	 		skinnylinny traded 2 ore for 1 wheat from a port.	 	 
449	17:59:07:707	Server	 		skinnylinny made an offer to trade 1 ore, 3 wood for 1 sheep.	 	 
450	17:59:12:407	skinnylinny	clay=0; ore=2; sheep=0; wheat=1; wood=3; unknown=0; knights=0; dev-cards=1	roads=[120,35; 35,34; 34,50; 50,137; 137,103; 103,86; 86,69; 69,52; 52,36; 36,37]; settlements=[52,54]; cities=[67,120]	oops	 	 
451	17:59:48:311	Server	 		Chameleon rolled a 6 and a 3.	 	 
452	17:59:48:313	Server	 		Chameleon gets 2 sheep. Nancy gets 2 wood.	 	 
453	18:00:02:453	skinnylinny	clay=0; ore=2; sheep=0; wheat=1; wood=3; unknown=0; knights=0; dev-cards=1	roads=[120,35; 35,34; 34,50; 50,137; 137,103; 103,86; 86,69; 69,52; 52,36; 36,37]; settlements=[52,54]; cities=[67,120]	Wait,& you can't trade *any* four things with the bank? &It has to be four of the same thing?	 	 
454	18:00:12:776	Chameleon	clay=2; ore=4; sheep=3; wheat=0; wood=3; unknown=0; knights=4; dev-cards=1	roads=[170,139; 139,156; 156,122; 122,106]; settlements=[171,173]	yes	 	 
455	18:00:21:797	skinnylinny	clay=0; ore=2; sheep=0; wheat=1; wood=3; unknown=0; knights=0; dev-cards=1	roads=[120,35; 35,34; 34,50; 50,137; 137,103; 103,86; 86,69; 69,52; 52,36; 36,37]; settlements=[52,54]; cities=[67,120]	Chameleon:& Fancy two wood for one sheep?	 	 
456	18:00:24:679	Chameleon	clay=2; ore=4; sheep=3; wheat=0; wood=3; unknown=0; knights=4; dev-cards=1	roads=[170,139; 139,156; 156,122; 122,106]; settlements=[171,173]	and apparently you cant put the robber on the other of the same number	 	 
457	18:00:33:318	skinnylinny	clay=0; ore=2; sheep=0; wheat=1; wood=3; unknown=0; knights=0; dev-cards=1	roads=[120,35; 35,34; 34,50; 50,137; 137,103; 103,86; 86,69; 69,52; 52,36; 36,37]; settlements=[52,54]; cities=[67,120]	weird	 	 
458	18:00:51:031	Chameleon	clay=2; ore=4; sheep=3; wheat=0; wood=3; unknown=0; knights=4; dev-cards=1	roads=[170,139; 139,156; 156,122; 122,106]; settlements=[171,173]	you got wheat?	 	 
459	18:00:59:398	skinnylinny	clay=0; ore=2; sheep=0; wheat=1; wood=3; unknown=0; knights=0; dev-cards=1	roads=[120,35; 35,34; 34,50; 50,137; 137,103; 103,86; 86,69; 69,52; 52,36; 36,37]; settlements=[52,54]; cities=[67,120]	no,& sorry	 	 
460	18:01:07:031	Server	 		Chameleon traded 2 sheep for 1 wheat from a port.	 	 
461	18:01:10:669	Server	 		Chameleon built a settlement.	 	 
462	18:01:11:846	skinnylinny	clay=0; ore=2; sheep=0; wheat=1; wood=3; unknown=0; knights=0; dev-cards=1	roads=[120,35; 35,34; 34,50; 50,137; 137,103; 103,86; 86,69; 69,52; 52,36; 36,37]; settlements=[52,54]; cities=[67,120]	:(	 	 
463	18:01:15:702	Chameleon	clay=1; ore=4; sheep=0; wheat=0; wood=2; unknown=0; knights=4; dev-cards=1	roads=[170,139; 139,156; 156,122; 122,106]; settlements=[171,173; 173,107]	sorry	 	 
464	18:01:36:808	Server	 		Nancy rolled a 6 and a 2.	 	 
465	18:01:36:809	Server	 		skinnylinny gets 3 wheat. Chameleon gets 1 wheat.	 	 
466	18:01:37:191	skinnylinny	clay=0; ore=2; sheep=0; wheat=4; wood=3; unknown=0; knights=0; dev-cards=1	roads=[120,35; 35,34; 34,50; 50,137; 137,103; 103,86; 86,69; 69,52; 52,36; 36,37]; settlements=[52,54]; cities=[67,120]	no worries	 	 
467	18:01:57:898	Nancy	clay=1; ore=3; sheep=0; wheat=0; wood=3; unknown=0; knights=3; dev-cards=0	roads=[116,167; 167,100; 100,133; 133,134; 134,168; 168,184; 184,152; 152,200; 200,201]; settlements=[116,167; 167,135; 135,216]	do u know how to trade with the port?	 	 
468	18:01:59:863	skinnylinny	clay=0; ore=2; sheep=0; wheat=4; wood=3; unknown=0; knights=0; dev-cards=1	roads=[120,35; 35,34; 34,50; 50,137; 137,103; 103,86; 86,69; 69,52; 52,36; 36,37]; settlements=[52,54]; cities=[67,120]	Anyone got a spare ore?	 	 
469	18:02:09:061	Chameleon	clay=1; ore=4; sheep=0; wheat=1; wood=2; unknown=0; knights=4; dev-cards=1	roads=[170,139; 139,156; 156,122; 122,106]; settlements=[171,173; 173,107]	Yes	 	 
470	18:02:13:831	skinnylinny	clay=0; ore=2; sheep=0; wheat=4; wood=3; unknown=0; knights=0; dev-cards=1	roads=[120,35; 35,34; 34,50; 50,137; 137,103; 103,86; 86,69; 69,52; 52,36; 36,37]; settlements=[52,54]; cities=[67,120]	you need a settlement on the port locations	 	 
471	18:02:20:053	Chameleon	clay=1; ore=4; sheep=0; wheat=1; wood=2; unknown=0; knights=4; dev-cards=1	roads=[170,139; 139,156; 156,122; 122,106]; settlements=[171,173; 173,107]	Nancy: &have a settlement there...& then just trade	 	 
472	18:02:33:864	skinnylinny	clay=0; ore=2; sheep=0; wheat=4; wood=3; unknown=0; knights=0; dev-cards=1	roads=[120,35; 35,34; 34,50; 50,137; 137,103; 103,86; 86,69; 69,52; 52,36; 36,37]; settlements=[52,54]; cities=[67,120]	chameleon: &Would you take wood for an ore?	 	 
473	18:02:46:117	Chameleon	clay=1; ore=4; sheep=0; wheat=1; wood=2; unknown=0; knights=4; dev-cards=1	roads=[170,139; 139,156; 156,122; 122,106]; settlements=[171,173; 173,107]	rather sheep	 	 
474	18:03:01:096	skinnylinny	clay=0; ore=2; sheep=0; wheat=4; wood=3; unknown=0; knights=0; dev-cards=1	roads=[120,35; 35,34; 34,50; 50,137; 137,103; 103,86; 86,69; 69,52; 52,36; 36,37]; settlements=[52,54]; cities=[67,120]	I don't have any sheep	 	 
475	18:03:10:292	Chameleon	clay=1; ore=4; sheep=0; wheat=1; wood=2; unknown=0; knights=4; dev-cards=1	roads=[170,139; 139,156; 156,122; 122,106]; settlements=[171,173; 173,107]	ok then	 	 
476	18:03:47:449	skinnylinny	clay=0; ore=2; sheep=0; wheat=4; wood=3; unknown=0; knights=0; dev-cards=1	roads=[120,35; 35,34; 34,50; 50,137; 137,103; 103,86; 86,69; 69,52; 52,36; 36,37]; settlements=[52,54]; cities=[67,120]	Nancy: &Any spare ore?	 	 
477	18:04:19:755	Nancy	clay=1; ore=3; sheep=0; wheat=0; wood=3; unknown=0; knights=3; dev-cards=0	roads=[116,167; 167,100; 100,133; 133,134; 134,168; 168,184; 184,152; 152,200; 200,201]; settlements=[116,167; 167,135; 135,216]	really dont know how to trade with the port	 	 
478	18:04:28:547	Chameleon	clay=1; ore=4; sheep=0; wheat=1; wood=2; unknown=0; knights=4; dev-cards=1	roads=[170,139; 139,156; 156,122; 122,106]; settlements=[171,173; 173,107]	I am happy to trade skinnylinny	 	 
479	18:04:33:427	Chameleon	clay=1; ore=4; sheep=0; wheat=1; wood=2; unknown=0; knights=4; dev-cards=1	roads=[170,139; 139,156; 156,122; 122,106]; settlements=[171,173; 173,107]	Nancy: &you are not on a port	 	 
480	18:05:10:412	Server	 		Nancy built a road.	 	 
481	18:05:21:541	Server	 		skinnylinny rolled a 5 and a 2.	 	 
482	18:06:10:851	Server	 		skinnylinny built a city.	 	 
483	18:06:19:985	Chameleon	clay=0; ore=1; sheep=0; wheat=1; wood=1; unknown=0; knights=4; dev-cards=1	roads=[170,139; 139,156; 156,122; 122,106]; settlements=[171,173; 173,107]	Well done skinnylinny	 	 
484	18:06:27:819	Nancy	clay=0; ore=3; sheep=0; wheat=0; wood=2; unknown=0; knights=3; dev-cards=0	roads=[116,167; 167,100; 100,133; 133,134; 134,168; 168,184; 184,152; 152,200; 200,201; 201,150]; settlements=[116,167; 167,135; 135,216]	well done	 	 
485	18:06:31:404	skinnylinny	clay=0; ore=0; sheep=0; wheat=1; wood=0; unknown=0; knights=0; dev-cards=1	roads=[120,35; 35,34; 34,50; 50,137; 137,103; 103,86; 86,69; 69,52; 52,36; 36,37]; cities=[67,120; 120,52]	Thank you& :)& Well played,& you two!	 	 
486	18:06:35:136	Chameleon	clay=0; ore=1; sheep=0; wheat=1; wood=1; unknown=0; knights=4; dev-cards=1	roads=[170,139; 139,156; 156,122; 122,106]; settlements=[171,173; 173,107]	not really	 	 
487	18:06:39:744	Chameleon	clay=0; ore=1; sheep=0; wheat=1; wood=1; unknown=0; knights=4; dev-cards=1	roads=[170,139; 139,156; 156,122; 122,106]; settlements=[171,173; 173,107]	on my part anyway	 	 
488	18:06:42:125	Nancy	clay=0; ore=3; sheep=0; wheat=0; wood=2; unknown=0; knights=3; dev-cards=0	roads=[116,167; 167,100; 100,133; 133,134; 134,168; 168,184; 184,152; 152,200; 200,201; 201,150]; settlements=[116,167; 167,135; 135,216]	hahaha& soo true	 	 
489	18:06:58:498	Nancy	clay=0; ore=3; sheep=0; wheat=0; wood=2; unknown=0; knights=3; dev-cards=0	roads=[116,167; 167,100; 100,133; 133,134; 134,168; 168,184; 184,152; 152,200; 200,201; 201,150]; settlements=[116,167; 167,135; 135,216]	is this u guys first time of playing?	 	 
490	18:07:02:000	Chameleon	clay=0; ore=1; sheep=0; wheat=1; wood=1; unknown=0; knights=4; dev-cards=1	roads=[170,139; 139,156; 156,122; 122,106]; settlements=[171,173; 173,107]	no	 	 
491	18:07:03:292	skinnylinny	clay=0; ore=0; sheep=0; wheat=1; wood=0; unknown=0; knights=0; dev-cards=1	roads=[120,35; 35,34; 34,50; 50,137; 137,103; 103,86; 86,69; 69,52; 52,36; 36,37]; cities=[67,120; 120,52]	Mine,& yeah	 	 
492	18:07:09:392	Chameleon	clay=0; ore=1; sheep=0; wheat=1; wood=1; unknown=0; knights=4; dev-cards=1	roads=[170,139; 139,156; 156,122; 122,106]; settlements=[171,173; 173,107]	but it has been a *very* long time	 	 
493	18:07:17:085	skinnylinny	clay=0; ore=0; sheep=0; wheat=1; wood=0; unknown=0; knights=0; dev-cards=1	roads=[120,35; 35,34; 34,50; 50,137; 137,103; 103,86; 86,69; 69,52; 52,36; 36,37]; cities=[67,120; 120,52]	You ever played before, Nancy?	 	 
494	18:07:20:758	Nancy	clay=0; ore=3; sheep=0; wheat=0; wood=2; unknown=0; knights=3; dev-cards=0	roads=[116,167; 167,100; 100,133; 133,134; 134,168; 168,184; 184,152; 152,200; 200,201; 201,150]; settlements=[116,167; 167,135; 135,216]	nope	 	 
495	18:07:32:573	Nancy	clay=0; ore=3; sheep=0; wheat=0; wood=2; unknown=0; knights=3; dev-cards=0	roads=[116,167; 167,100; 100,133; 133,134; 134,168; 168,184; 184,152; 152,200; 200,201; 201,150]; settlements=[116,167; 167,135; 135,216]	hence still dont get the whole port thing& :)	 	 
496	18:07:55:341	Nancy	clay=0; ore=3; sheep=0; wheat=0; wood=2; unknown=0; knights=3; dev-cards=0	roads=[116,167; 167,100; 100,133; 133,134; 134,168; 168,184; 184,152; 152,200; 200,201; 201,150]; settlements=[116,167; 167,135; 135,216]	so do u know what we do now?	 	 
497	18:08:25:806	skinnylinny	clay=0; ore=0; sheep=0; wheat=1; wood=0; unknown=0; knights=0; dev-cards=1	roads=[120,35; 35,34; 34,50; 50,137; 137,103; 103,86; 86,69; 69,52; 52,36; 36,37]; cities=[67,120; 120,52]	I think we fill in the questionnaire	 	 
498	18:08:30:718	Chameleon	clay=0; ore=1; sheep=0; wheat=1; wood=1; unknown=0; knights=4; dev-cards=1	roads=[170,139; 139,156; 156,122; 122,106]; settlements=[171,173; 173,107]	yup&	 	 
499	18:08:32:798	skinnylinny	clay=0; ore=0; sheep=0; wheat=1; wood=0; unknown=0; knights=0; dev-cards=1	roads=[120,35; 35,34; 34,50; 50,137; 137,103; 103,86; 86,69; 69,52; 52,36; 36,37]; cities=[67,120; 120,52]	Then obtain profit	 	 
500	18:08:39:198	Chameleon	clay=0; ore=1; sheep=0; wheat=1; wood=1; unknown=0; knights=4; dev-cards=1	roads=[170,139; 139,156; 156,122; 122,106]; settlements=[171,173; 173,107]	:)	 	 
501	18:08:42:334	Chameleon	clay=0; ore=1; sheep=0; wheat=1; wood=1; unknown=0; knights=4; dev-cards=1	roads=[170,139; 139,156; 156,122; 122,106]; settlements=[171,173; 173,107]	this is a good arrangement	 	 
502	18:08:55:614	skinnylinny	clay=0; ore=0; sheep=0; wheat=1; wood=0; unknown=0; knights=0; dev-cards=1	roads=[120,35; 35,34; 34,50; 50,137; 137,103; 103,86; 86,69; 69,52; 52,36; 36,37]; cities=[67,120; 120,52]	Oh,& bye Nancy	 	 
503	18:09:12:526	Chameleon	clay=0; ore=1; sheep=0; wheat=1; wood=1; unknown=0; knights=4; dev-cards=1	roads=[170,139; 139,156; 156,122; 122,106]; settlements=[171,173; 173,107]	bye all	 	 
