ID	Timestamp	Emitter	Resources	Buildups	Text	Annotation	Comment
1	19:59:54:892	william	clay=0; ore=0; sheep=0; wheat=0; wood=0; unknown=0; knights=0; dev-cards=0		hi tomas	 	 
2	19:59:55:092	tomas.kostan	clay=0; ore=0; sheep=0; wheat=0; wood=0; unknown=0; knights=0; dev-cards=0		hi there	 	 
3	20:00:08:740	tomas.kostan	clay=0; ore=0; sheep=0; wheat=0; wood=0; unknown=0; knights=0; dev-cards=0		is the game on tonight?	 	 
4	20:00:16:087	ljaybrad123	clay=0; ore=0; sheep=0; wheat=0; wood=0; unknown=0; knights=0; dev-cards=0		yes it is,	 	 
5	20:00:21:319	tomas.kostan	clay=0; ore=0; sheep=0; wheat=0; wood=0; unknown=0; knights=0; dev-cards=0		ok :)	 	 
6	20:00:27:589	ljaybrad123	clay=0; ore=0; sheep=0; wheat=0; wood=0; unknown=0; knights=0; dev-cards=0		we wait ten mins for cameron	 	 
7	20:00:33:357	tomas.kostan	clay=0; ore=0; sheep=0; wheat=0; wood=0; unknown=0; knights=0; dev-cards=0		kk	 	 
8	20:00:37:498	ljaybrad123	clay=0; ore=0; sheep=0; wheat=0; wood=0; unknown=0; knights=0; dev-cards=0		if hes not here we do a 3 person game	 	 
9	20:00:48:274	ljaybrad123	clay=0; ore=0; sheep=0; wheat=0; wood=0; unknown=0; knights=0; dev-cards=0		brb	 	 
10	20:01:52:504	william	clay=0; ore=0; sheep=0; wheat=0; wood=0; unknown=0; knights=0; dev-cards=0		ok	 	 
11	20:01:55:724	ljaybrad123	clay=0; ore=0; sheep=0; wheat=0; wood=0; unknown=0; knights=0; dev-cards=0		back	 	 
12	20:04:18:308	tomas.kostan	clay=0; ore=0; sheep=0; wheat=0; wood=0; unknown=0; knights=0; dev-cards=0		did cameron say he will be here?	 	 
13	20:04:24:554	ljaybrad123	clay=0; ore=0; sheep=0; wheat=0; wood=0; unknown=0; knights=0; dev-cards=0		yep	 	 
14	20:04:26:394	william	clay=0; ore=0; sheep=0; wheat=0; wood=0; unknown=0; knights=0; dev-cards=0		iffy	 	 
15	20:04:33:330	ljaybrad123	clay=0; ore=0; sheep=0; wheat=0; wood=0; unknown=0; knights=0; dev-cards=0		it was a time he could do...	 	 
16	20:04:33:818	tomas.kostan	clay=0; ore=0; sheep=0; wheat=0; wood=0; unknown=0; knights=0; dev-cards=0		?	 	 
17	20:04:41:913	ljaybrad123	clay=0; ore=0; sheep=0; wheat=0; wood=0; unknown=0; knights=0; dev-cards=0		we give him til 10 past...	 	 
18	20:04:46:123	william	clay=0; ore=0; sheep=0; wheat=0; wood=0; unknown=0; knights=0; dev-cards=0		k	 	 
19	20:04:50:506	tomas.kostan	clay=0; ore=0; sheep=0; wheat=0; wood=0; unknown=0; knights=0; dev-cards=0		ok	 	 
20	20:05:29:168	ljaybrad123	clay=0; ore=0; sheep=0; wheat=0; wood=0; unknown=0; knights=0; dev-cards=0		if he not here,  he's removed from the league	 	 
21	20:05:46:063	tomas.kostan	clay=0; ore=0; sheep=0; wheat=0; wood=0; unknown=0; knights=0; dev-cards=0		i agree	 	 
22	20:06:29:065	ljaybrad123	clay=0; ore=0; sheep=0; wheat=0; wood=0; unknown=0; knights=0; dev-cards=0		we can't afford to wait any longer	 	 
23	20:10:23:930	william	clay=0; ore=0; sheep=0; wheat=0; wood=0; unknown=0; knights=0; dev-cards=0		shall i start the game now?	 	 
24	20:10:31:496	ljaybrad123	clay=0; ore=0; sheep=0; wheat=0; wood=0; unknown=0; knights=0; dev-cards=0		yep :)	 	 
25	20:10:36:041	ljaybrad123	clay=0; ore=0; sheep=0; wheat=0; wood=0; unknown=0; knights=0; dev-cards=0		good luck guys	 	 
26	20:10:58:927	Server	 		ljaybrad123 built a settlement.	 	 
27	20:11:02:747	Server	 		ljaybrad123 built a road.	 	 
28	20:11:04:541	tomas.kostan	clay=0; ore=0; sheep=0; wheat=0; wood=0; unknown=0; knights=0; dev-cards=0		10 past.  do we start?	 	 
29	20:11:14:806	william	clay=0; ore=0; sheep=0; wheat=0; wood=0; unknown=0; knights=0; dev-cards=0		we have started	 	 
30	20:11:34:556	Server	 		william built a settlement.	 	 
31	20:11:36:533	Server	 		william built a road.	 	 
32	20:12:06:669	Server	 		tomas.kostan built a settlement.	 	 
33	20:12:08:573	Server	 		tomas.kostan built a road.	 	 
34	20:12:11:405	Server	 		tomas.kostan built a settlement.	 	 
35	20:12:12:349	Server	 		tomas.kostan built a road.	 	 
36	20:12:48:143	Server	 		william built a settlement.	 	 
37	20:12:55:557	Server	 		william built a road.	 	 
38	20:13:17:580	Server	 		ljaybrad123 built a settlement.	 	 
39	20:13:19:229	Server	 		ljaybrad123 built a road.	 	 
40	20:13:24:574	Server	 		ljaybrad123 rolled a 5 and a 1.	 	 
41	20:13:24:579	Server	 		william gets 1 wood. tomas.kostan gets 1 wood.	 	 
42	20:13:38:954	Server	 		william rolled a 4 and a 4.	 	 
43	20:13:38:958	Server	 		ljaybrad123 gets 2 sheep. william gets 1 wheat.	 	 
44	20:13:48:955	Server	 		tomas.kostan rolled a 2 and a 4.	 	 
45	20:13:48:960	Server	 		william gets 1 wood. tomas.kostan gets 1 wood.	 	 
46	20:13:59:565	Server	 		ljaybrad123 rolled a 6 and a 1.	 	 
47	20:14:28:790	ljaybrad123	clay=0; ore=0; sheep=3; wheat=0; wood=2; unknown=0; knights=0; dev-cards=0	roads=[100,67]; settlements=[116,67]	anyone have clay for sheep?	 	 
48	20:14:33:287	william	clay=0; ore=0; sheep=0; wheat=3; wood=2; unknown=0; knights=0; dev-cards=0	roads=[139,71]; settlements=[139,88]	nope	 	 
49	20:14:34:943	tomas.kostan	clay=1; ore=1; sheep=0; wheat=0; wood=3; unknown=0; knights=0; dev-cards=0	roads=[104,168]; settlements=[120,169]	no	 	 
50	20:14:37:760	Server	 		ljaybrad123 traded 3 sheep for 1 clay from a port.	 	 
51	20:14:41:803	Server	 		ljaybrad123 built a road.	 	 
52	20:14:47:994	Server	 		william rolled a 1 and a 4.	 	 
53	20:14:48:018	Server	 		ljaybrad123 gets 1 clay. william gets 1 sheep. tomas.kostan gets 1 sheep.	 	 
54	20:14:54:901	Server	 		tomas.kostan rolled a 2 and a 3.	 	 
55	20:14:54:905	Server	 		ljaybrad123 gets 1 clay. william gets 1 sheep. tomas.kostan gets 1 sheep.	 	 
56	20:15:06:339	Server	 		ljaybrad123 rolled a 1 and a 3.	 	 
57	20:15:06:343	Server	 		ljaybrad123 gets 1 wood. tomas.kostan gets 1 clay.	 	 
58	20:15:23:018	Server	 		ljaybrad123 built a road.	 	 
59	20:15:26:085	Server	 		ljaybrad123 built a road.	 	 
60	20:15:33:938	Server	 		william rolled a 5 and a 2.	 	 
61	20:16:18:830	william	clay=0; ore=0; sheep=2; wheat=3; wood=3; unknown=0; knights=0; dev-cards=0	roads=[139,71]; settlements=[139,88]	can i get a clay from someone?	 	 
62	20:16:25:848	ljaybrad123	clay=0; ore=0; sheep=0; wheat=0; wood=0; unknown=0; knights=0; dev-cards=0	roads=[100,67; 67,84; 84,116; 116,133]; settlements=[116,67]	none sorry	 	 
63	20:16:33:644	Server	 		tomas.kostan rolled a 2 and a 3.	 	 
64	20:16:33:648	Server	 		ljaybrad123 gets 1 clay. william gets 1 sheep. tomas.kostan gets 1 sheep.	 	 
65	20:16:51:114	tomas.kostan	clay=2; ore=0; sheep=1; wheat=0; wood=1; unknown=0; knights=0; dev-cards=0	roads=[104,168]; settlements=[120,169]	anyone have some wood to spare?	 	 
66	20:16:57:129	william	clay=0; ore=0; sheep=3; wheat=3; wood=3; unknown=0; knights=0; dev-cards=0	roads=[139,71]; settlements=[139,88]	for clay...	 	 
67	20:16:59:188	ljaybrad123	clay=1; ore=0; sheep=0; wheat=0; wood=0; unknown=0; knights=0; dev-cards=0	roads=[100,67; 67,84; 84,116; 116,133]; settlements=[116,67]	no sorry	 	 
68	20:16:59:445	tomas.kostan	clay=2; ore=0; sheep=1; wheat=0; wood=1; unknown=0; knights=0; dev-cards=0	roads=[104,168]; settlements=[120,169]	for a sheep	 	 
69	20:17:02:983	william	clay=0; ore=0; sheep=3; wheat=3; wood=3; unknown=0; knights=0; dev-cards=0	roads=[139,71]; settlements=[139,88]	for ore?	 	 
70	20:17:11:693	tomas.kostan	clay=2; ore=0; sheep=1; wheat=0; wood=1; unknown=0; knights=0; dev-cards=0	roads=[104,168]; settlements=[120,169]	can only offer a sheep	 	 
71	20:17:17:021	william	clay=0; ore=0; sheep=3; wheat=3; wood=3; unknown=0; knights=0; dev-cards=0	roads=[139,71]; settlements=[139,88]	got enough. sorry	 	 
72	20:17:24:370	Server	 		ljaybrad123 rolled a 2 and a 3.	 	 
73	20:17:24:373	Server	 		ljaybrad123 gets 1 clay. william gets 1 sheep. tomas.kostan gets 1 sheep.	 	 
74	20:17:56:281	Server	 		william rolled a 2 and a 6.	 	 
75	20:17:56:286	Server	 		ljaybrad123 gets 2 sheep. william gets 1 wheat.	 	 
76	20:18:14:873	william	clay=0; ore=0; sheep=4; wheat=4; wood=3; unknown=0; knights=0; dev-cards=0	roads=[139,71]; settlements=[139,88]	i can give you a lot for a clay, anyone?	 	 
77	20:18:25:153	tomas.kostan	clay=2; ore=0; sheep=2; wheat=0; wood=1; unknown=0; knights=0; dev-cards=0	roads=[104,168]; settlements=[120,169]	no sry	 	 
78	20:18:26:632	ljaybrad123	clay=2; ore=0; sheep=2; wheat=0; wood=0; unknown=0; knights=0; dev-cards=0	roads=[100,67; 67,84; 84,116; 116,133]; settlements=[116,67]	I have clay	 	 
79	20:18:32:181	ljaybrad123	clay=2; ore=0; sheep=2; wheat=0; wood=0; unknown=0; knights=0; dev-cards=0	roads=[100,67; 67,84; 84,116; 116,133]; settlements=[116,67]	wood and a wheat?	 	 
80	20:18:35:915	william	clay=0; ore=0; sheep=4; wheat=4; wood=3; unknown=0; knights=0; dev-cards=0	roads=[139,71]; settlements=[139,88]	fine	 	 
81	20:18:47:875	Server	 		william made an offer to trade 1 wheat, 1 wood for 1 clay.	 	 
82	20:18:59:880	william	clay=0; ore=0; sheep=4; wheat=4; wood=3; unknown=0; knights=0; dev-cards=0	roads=[139,71]; settlements=[139,88]	oops	 	 
83	20:19:01:987	ljaybrad123	clay=2; ore=0; sheep=2; wheat=0; wood=0; unknown=0; knights=0; dev-cards=0	roads=[100,67; 67,84; 84,116; 116,133]; settlements=[116,67]	I'm red :)	 	 
84	20:19:10:161	Server	 		william made an offer to trade 1 wheat, 1 wood for 1 clay.	 	 
85	20:19:13:509	Server	 		william traded 1 wheat, 1 wood for 1 clay from ljaybrad123.	 	 
86	20:19:20:835	Server	 		william built a road.	 	 
87	20:19:24:350	Server	 		tomas.kostan rolled a 2 and a 2.	 	 
88	20:19:24:352	Server	 		ljaybrad123 gets 1 wood. tomas.kostan gets 1 clay.	 	 
89	20:19:32:532	tomas.kostan	clay=3; ore=0; sheep=2; wheat=0; wood=1; unknown=0; knights=0; dev-cards=0	roads=[104,168]; settlements=[120,169]	wood anyone?	 	 
90	20:19:39:004	william	clay=0; ore=0; sheep=4; wheat=3; wood=1; unknown=0; knights=0; dev-cards=0	roads=[139,71; 71,156]; settlements=[139,88]	nope	 	 
91	20:19:42:293	ljaybrad123	clay=1; ore=0; sheep=2; wheat=1; wood=2; unknown=0; knights=0; dev-cards=0	roads=[100,67; 67,84; 84,116; 116,133]; settlements=[116,67]	sorry	 	 
92	20:20:12:812	Server	 		tomas.kostan built a road.	 	 
93	20:20:19:996	Server	 		ljaybrad123 rolled a 5 and a 6.	 	 
94	20:20:19:998	Server	 		tomas.kostan gets 1 sheep.	 	 
95	20:20:52:918	Server	 		ljaybrad123 built a road.	 	 
96	20:21:02:491	ljaybrad123	clay=0; ore=0; sheep=2; wheat=1; wood=1; unknown=0; knights=0; dev-cards=0	roads=[100,67; 67,84; 84,116; 116,133; 133,134]; settlements=[116,67]	anyone have clay?	 	 
97	20:21:08:987	william	clay=0; ore=0; sheep=4; wheat=3; wood=1; unknown=0; knights=0; dev-cards=0	roads=[139,71; 71,156]; settlements=[139,88]	nope	 	 
98	20:21:09:241	tomas.kostan	clay=2; ore=0; sheep=3; wheat=0; wood=0; unknown=0; knights=0; dev-cards=0	roads=[104,168; 168,105]; settlements=[120,169]	no	 	 
99	20:21:15:139	Server	 		william rolled a 4 and a 3.	 	 
100	20:21:40:483	Server	 		tomas.kostan rolled a 1 and a 4.	 	 
101	20:21:40:486	Server	 		ljaybrad123 gets 1 clay. william gets 1 sheep. tomas.kostan gets 1 sheep.	 	 
102	20:21:50:207	tomas.kostan	clay=2; ore=0; sheep=4; wheat=0; wood=0; unknown=0; knights=0; dev-cards=0	roads=[104,168; 168,105]; settlements=[120,169]	still no wood?	 	 
103	20:21:55:132	william	clay=0; ore=0; sheep=4; wheat=1; wood=1; unknown=0; knights=0; dev-cards=0	roads=[139,71; 71,156]; settlements=[139,88]	no	 	 
104	20:22:02:098	ljaybrad123	clay=1; ore=0; sheep=2; wheat=0; wood=1; unknown=0; knights=0; dev-cards=0	roads=[100,67; 67,84; 84,116; 116,133; 133,134]; settlements=[116,67]	no	 	 
105	20:22:17:251	Server	 		ljaybrad123 rolled a 3 and a 1.	 	 
106	20:22:17:253	Server	 		ljaybrad123 gets 1 wood. tomas.kostan gets 1 clay.	 	 
107	20:22:25:488	Server	 		ljaybrad123 built a road.	 	 
108	20:22:36:473	Server	 		william rolled a 6 and a 2.	 	 
109	20:22:36:475	Server	 		ljaybrad123 gets 2 sheep. william gets 1 wheat.	 	 
110	20:22:46:481	ljaybrad123	clay=0; ore=0; sheep=4; wheat=0; wood=1; unknown=0; knights=0; dev-cards=0	roads=[100,67; 67,84; 84,116; 116,133; 133,134; 134,135]; settlements=[116,67]	yay sheep :p	 	 
111	20:22:50:397	william	clay=0; ore=0; sheep=4; wheat=2; wood=1; unknown=0; knights=0; dev-cards=0	roads=[139,71; 71,156]; settlements=[139,88]	can i get a sheep for a wheat from someone?	 	 
112	20:22:53:910	ljaybrad123	clay=0; ore=0; sheep=4; wheat=0; wood=1; unknown=0; knights=0; dev-cards=0	roads=[100,67; 67,84; 84,116; 116,133; 133,134; 134,135]; settlements=[116,67]	yes	 	 
113	20:23:02:683	Server	 		william made an offer to trade 1 wheat for 1 sheep.	 	 
114	20:23:05:115	Server	 		william traded 1 wheat for 1 sheep from ljaybrad123.	 	 
115	20:23:08:299	william	clay=0; ore=0; sheep=5; wheat=1; wood=1; unknown=0; knights=0; dev-cards=0	roads=[139,71; 71,156]; settlements=[139,88]	cheers	 	 
116	20:23:14:188	ljaybrad123	clay=0; ore=0; sheep=3; wheat=1; wood=1; unknown=0; knights=0; dev-cards=0	roads=[100,67; 67,84; 84,116; 116,133; 133,134; 134,135]; settlements=[116,67]	thanks too :)	 	 
117	20:23:17:014	Server	 		william traded 4 sheep for 1 clay from the bank.	 	 
118	20:23:20:084	Server	 		william built a settlement.	 	 
119	20:23:22:923	Server	 		tomas.kostan rolled a 3 and a 1.	 	 
120	20:23:22:925	Server	 		ljaybrad123 gets 1 wood. tomas.kostan gets 1 clay.	 	 
121	20:23:38:219	william	clay=0; ore=0; sheep=0; wheat=0; wood=0; unknown=0; knights=0; dev-cards=0	roads=[139,71; 71,156]; settlements=[139,88; 88,173]	there's your wood ;)	 	 
122	20:23:55:282	tomas.kostan	clay=4; ore=0; sheep=4; wheat=0; wood=0; unknown=0; knights=0; dev-cards=0	roads=[104,168; 168,105]; settlements=[120,169]	do you have one for trade?	 	 
123	20:24:04:739	william	clay=0; ore=0; sheep=0; wheat=0; wood=0; unknown=0; knights=0; dev-cards=0	roads=[139,71; 71,156]; settlements=[139,88; 88,173]	lj does :)	 	 
124	20:24:06:816	ljaybrad123	clay=0; ore=0; sheep=3; wheat=1; wood=2; unknown=0; knights=0; dev-cards=0	roads=[100,67; 67,84; 84,116; 116,133; 133,134; 134,135]; settlements=[116,67]	I can spare a wood for clay	 	 
125	20:24:13:438	tomas.kostan	clay=4; ore=0; sheep=4; wheat=0; wood=0; unknown=0; knights=0; dev-cards=0	roads=[104,168; 168,105]; settlements=[120,169]	ok	 	 
126	20:24:19:188	Server	 		tomas.kostan made an offer to trade 1 clay for 1 wood.	 	 
127	20:24:26:302	ljaybrad123	clay=0; ore=0; sheep=3; wheat=1; wood=2; unknown=0; knights=0; dev-cards=0	roads=[100,67; 67,84; 84,116; 116,133; 133,134; 134,135]; settlements=[116,67]	wrong colour :p	 	 
128	20:24:29:571	tomas.kostan	clay=4; ore=0; sheep=4; wheat=0; wood=0; unknown=0; knights=0; dev-cards=0	roads=[104,168; 168,105]; settlements=[120,169]	sry...	 	 
129	20:24:34:918	Server	 		tomas.kostan made an offer to trade 1 clay for 1 wood.	 	 
130	20:24:38:518	Server	 		tomas.kostan traded 1 clay for 1 wood from ljaybrad123.	 	 
131	20:24:49:165	Server	 		tomas.kostan traded 4 sheep for 1 wood from the bank.	 	 
132	20:25:11:499	tomas.kostan	clay=3; ore=0; sheep=0; wheat=0; wood=2; unknown=0; knights=0; dev-cards=0	roads=[104,168; 168,105]; settlements=[120,169]	how to trade with the bank?  does not work for me	 	 
133	20:25:21:488	ljaybrad123	clay=1; ore=0; sheep=3; wheat=1; wood=1; unknown=0; knights=0; dev-cards=0	roads=[100,67; 67,84; 84,116; 116,133; 133,134; 134,135]; settlements=[116,67]	trade with bank/port	 	 
134	20:25:23:732	tomas.kostan	clay=3; ore=0; sheep=0; wheat=0; wood=2; unknown=0; knights=0; dev-cards=0	roads=[104,168; 168,105]; settlements=[120,169]	ok worked	 	 
135	20:25:27:650	ljaybrad123	clay=1; ore=0; sheep=3; wheat=1; wood=1; unknown=0; knights=0; dev-cards=0	roads=[100,67; 67,84; 84,116; 116,133; 133,134; 134,135]; settlements=[116,67]	but has to be 4:1	 	 
136	20:25:32:434	Server	 		tomas.kostan built a road.	 	 
137	20:25:35:282	Server	 		tomas.kostan built a road.	 	 
138	20:25:43:455	Server	 		ljaybrad123 rolled a 3 and a 5.	 	 
139	20:25:43:457	Server	 		ljaybrad123 gets 2 sheep. william gets 2 wheat.	 	 
140	20:25:59:384	Server	 		ljaybrad123 built a settlement.	 	 
141	20:26:09:105	ljaybrad123	clay=0; ore=0; sheep=4; wheat=0; wood=0; unknown=0; knights=0; dev-cards=0	roads=[100,67; 67,84; 84,116; 116,133; 133,134; 134,135]; settlements=[116,67; 67,150]	anyone want sheep?	 	 
142	20:26:14:689	william	clay=0; ore=0; sheep=0; wheat=2; wood=0; unknown=0; knights=0; dev-cards=0	roads=[139,71; 71,156]; settlements=[139,88; 88,173]	no	 	 
143	20:26:17:973	tomas.kostan	clay=1; ore=0; sheep=0; wheat=0; wood=0; unknown=0; knights=0; dev-cards=0	roads=[104,168; 168,105; 105,152; 152,136]; settlements=[120,169]	nope	 	 
144	20:26:35:553	Server	 		ljaybrad123 traded 3 sheep for 1 clay from a port.	 	 
145	20:26:41:008	Server	 		william rolled a 2 and a 6.	 	 
146	20:26:41:010	Server	 		ljaybrad123 gets 2 sheep. william gets 2 wheat.	 	 
147	20:26:51:826	Server	 		tomas.kostan rolled a 2 and a 4.	 	 
148	20:26:51:829	Server	 		william gets 1 wood. tomas.kostan gets 1 wood.	 	 
149	20:27:00:355	Server	 		ljaybrad123 rolled a 3 and a 5.	 	 
150	20:27:00:357	Server	 		ljaybrad123 gets 2 sheep. william gets 2 wheat.	 	 
151	20:27:18:328	Server	 		ljaybrad123 traded 3 sheep for 1 wood from a port.	 	 
152	20:27:33:766	Server	 		ljaybrad123 built a road.	 	 
153	20:27:40:369	Server	 		william rolled a 3 and a 6.	 	 
154	20:27:40:372	Server	 		ljaybrad123 gets 1 ore. william gets 1 wheat. tomas.kostan gets 1 ore.	 	 
155	20:27:55:389	Server	 		william traded 2 wheat for 1 clay from a port.	 	 
156	20:27:59:642	Server	 		william built a road.	 	 
157	20:28:10:602	Server	 		william traded 2 wheat for 1 clay from a port.	 	 
158	20:28:14:178	Server	 		tomas.kostan rolled a 5 and a 5.	 	 
159	20:28:14:180	Server	 		william gets 1 ore.	 	 
160	20:28:25:066	Server	 		tomas.kostan built a road.	 	 
161	20:28:30:861	Server	 		ljaybrad123 rolled a 2 and a 6.	 	 
162	20:28:30:864	Server	 		ljaybrad123 gets 2 sheep. william gets 2 wheat.	 	 
163	20:28:46:606	Server	 		ljaybrad123 traded 3 sheep for 1 wheat from a port.	 	 
164	20:29:16:750	Server	 		william rolled a 2 and a 6.	 	 
165	20:29:16:752	Server	 		ljaybrad123 gets 2 sheep. william gets 2 wheat.	 	 
166	20:29:34:358	Server	 		william traded 2 wheat for 1 wood from a port.	 	 
167	20:29:38:091	Server	 		william traded 2 wheat for 1 sheep from a port.	 	 
168	20:29:41:536	Server	 		william built a settlement.	 	 
169	20:29:45:994	Server	 		tomas.kostan rolled a 1 and a 6.	 	 
170	20:29:51:688	ljaybrad123	clay=0; ore=0; sheep=2; wheat=0; wood=0; unknown=0; knights=0; dev-cards=1	roads=[100,67; 67,84; 84,116; 116,133; 133,134; 134,135; 135,118]; settlements=[116,67; 67,150]	oooh I would have traded you 1 for 1 :p	 	 
171	20:29:59:059	william	clay=0; ore=1; sheep=0; wheat=2; wood=0; unknown=0; knights=0; dev-cards=0	roads=[139,71; 71,156; 156,70]; settlements=[139,88; 88,173; 173,86]	sry	 	 
172	20:30:05:155	ljaybrad123	clay=0; ore=0; sheep=1; wheat=0; wood=0; unknown=0; knights=0; dev-cards=1	roads=[100,67; 67,84; 84,116; 116,133; 133,134; 134,135; 135,118]; settlements=[116,67; 67,150]	its ok	 	 
173	20:30:15:656	Server	 		ljaybrad123 rolled a 2 and a 6.	 	 
174	20:30:15:658	Server	 		ljaybrad123 gets 2 sheep. william gets 2 wheat.	 	 
175	20:30:52:076	ljaybrad123	clay=0; ore=0; sheep=3; wheat=1; wood=0; unknown=0; knights=1; dev-cards=0	roads=[100,67; 67,84; 84,116; 116,133; 133,134; 134,135; 135,118]; settlements=[116,67; 67,150]	anyone give me ore for sheep?	 	 
176	20:30:57:832	tomas.kostan	clay=0; ore=1; sheep=1; wheat=0; wood=0; unknown=0; knights=0; dev-cards=0	roads=[104,168; 168,105; 105,152; 152,136; 136,184]; settlements=[120,169]	no	 	 
177	20:31:03:464	william	clay=0; ore=1; sheep=0; wheat=3; wood=0; unknown=0; knights=0; dev-cards=0	roads=[139,71; 71,156; 156,70]; settlements=[139,88; 88,173; 173,86]	no	 	 
178	20:31:12:425	Server	 		william rolled a 5 and a 3.	 	 
179	20:31:12:427	Server	 		ljaybrad123 gets 2 sheep. william gets 2 wheat.	 	 
180	20:31:30:573	william	clay=0; ore=1; sheep=0; wheat=5; wood=0; unknown=0; knights=0; dev-cards=0	roads=[139,71; 71,156; 156,70]; settlements=[139,88; 88,173; 173,86]	can i get sheep or ore from someone for wheat?	 	 
181	20:31:38:290	tomas.kostan	clay=0; ore=1; sheep=1; wheat=0; wood=0; unknown=0; knights=0; dev-cards=0	roads=[104,168; 168,105; 105,152; 152,136; 136,184]; settlements=[120,169]	n	 	 
182	20:31:40:195	ljaybrad123	clay=0; ore=0; sheep=5; wheat=1; wood=0; unknown=0; knights=1; dev-cards=0	roads=[100,67; 67,84; 84,116; 116,133; 133,134; 134,135; 135,118]; settlements=[116,67; 67,150]	no	 	 
183	20:31:47:097	Server	 		william traded 2 wheat for 1 sheep from a port.	 	 
184	20:31:52:010	Server	 		tomas.kostan rolled a 6 and a 6.	 	 
185	20:31:52:012	Server	 		william gets 1 wheat.	 	 
186	20:32:01:790	Server	 		ljaybrad123 rolled a 5 and a 5.	 	 
187	20:32:01:792	Server	 		ljaybrad123 gets 2 ore. william gets 1 ore.	 	 
188	20:32:33:847	Server	 		ljaybrad123 traded 3 sheep for 1 wheat from a port.	 	 
189	20:32:54:055	Server	 		william rolled a 6 and a 1.	 	 
190	20:33:14:834	Server	 		tomas.kostan rolled a 2 and a 5.	 	 
191	20:33:54:093	Server	 		ljaybrad123 built a road.	 	 
192	20:33:55:248	Server	 		ljaybrad123 built a road.	 	 
193	20:33:58:595	Server	 		ljaybrad123 rolled a 6 and a 1.	 	 
194	20:34:09:215	tomas.kostan	clay=0; ore=1; sheep=0; wheat=0; wood=0; unknown=0; knights=0; dev-cards=0	roads=[104,168; 168,105; 105,152; 152,136; 136,184]; settlements=[120,169]	omg robber race :D	 	 
195	20:34:30:324	Server	 		william rolled a 2 and a 4.	 	 
196	20:34:30:326	Server	 		william gets 2 wood. tomas.kostan gets 1 wood.	 	 
197	20:34:34:481	ljaybrad123	clay=0; ore=0; sheep=0; wheat=0; wood=0; unknown=0; knights=1; dev-cards=1	roads=[100,67; 67,84; 84,116; 116,133; 133,134; 134,135; 135,118; 118,50; 50,34]; settlements=[116,67; 67,150]	this robber is busy	 	 
198	20:34:38:422	william	clay=0; ore=0; sheep=0; wheat=2; wood=2; unknown=0; knights=1; dev-cards=1	roads=[139,71; 71,156; 156,70]; settlements=[139,88; 88,173; 173,86]	^^	 	 
199	20:34:45:649	Server	 		tomas.kostan rolled a 6 and a 3.	 	 
200	20:34:45:651	Server	 		ljaybrad123 gets 1 ore. william gets 1 wheat. tomas.kostan gets 1 ore.	 	 
201	20:35:03:280	tomas.kostan	clay=0; ore=2; sheep=0; wheat=0; wood=1; unknown=0; knights=0; dev-cards=0	roads=[104,168; 168,105; 105,152; 152,136; 136,184]; settlements=[120,169]	can i get a wheat for an ore?	 	 
202	20:35:07:917	ljaybrad123	clay=0; ore=1; sheep=0; wheat=0; wood=0; unknown=0; knights=1; dev-cards=1	roads=[100,67; 67,84; 84,116; 116,133; 133,134; 134,135; 135,118; 118,50; 50,34]; settlements=[116,67; 67,150]	no	 	 
203	20:35:08:069	william	clay=0; ore=0; sheep=0; wheat=3; wood=2; unknown=0; knights=1; dev-cards=1	roads=[139,71; 71,156; 156,70]; settlements=[139,88; 88,173; 173,86]	yep	 	 
204	20:35:18:585	Server	 		tomas.kostan made an offer to trade 1 ore for 1 wheat.	 	 
205	20:35:22:949	Server	 		tomas.kostan traded 1 ore for 1 wheat from william.	 	 
206	20:35:27:994	Server	 		ljaybrad123 rolled a 3 and a 3.	 	 
207	20:35:27:996	Server	 		william gets 2 wood. tomas.kostan gets 1 wood.	 	 
208	20:35:44:694	Server	 		william rolled a 5 and a 1.	 	 
209	20:35:44:696	Server	 		william gets 2 wood. tomas.kostan gets 1 wood.	 	 
210	20:35:53:709	william	clay=0; ore=1; sheep=0; wheat=2; wood=6; unknown=0; knights=1; dev-cards=1	roads=[139,71; 71,156; 156,70]; settlements=[139,88; 88,173; 173,86]	can i get an ore for 1 wood	 	 
211	20:36:00:509	ljaybrad123	clay=0; ore=1; sheep=0; wheat=0; wood=0; unknown=0; knights=1; dev-cards=1	roads=[100,67; 67,84; 84,116; 116,133; 133,134; 134,135; 135,118; 118,50; 50,34]; settlements=[116,67; 67,150]	no	 	 
212	20:36:01:588	tomas.kostan	clay=0; ore=1; sheep=0; wheat=1; wood=3; unknown=0; knights=0; dev-cards=0	roads=[104,168; 168,105; 105,152; 152,136; 136,184]; settlements=[120,169]	nope sry	 	 
213	20:36:06:764	william	clay=0; ore=1; sheep=0; wheat=2; wood=6; unknown=0; knights=1; dev-cards=1	roads=[139,71; 71,156; 156,70]; settlements=[139,88; 88,173; 173,86]	2 wood?	 	 
214	20:36:24:762	tomas.kostan	clay=0; ore=1; sheep=0; wheat=1; wood=3; unknown=0; knights=0; dev-cards=0	roads=[104,168; 168,105; 105,152; 152,136; 136,184]; settlements=[120,169]	no ore for trade	 	 
215	20:36:27:888	Server	 		william traded 2 wheat for 1 clay from a port.	 	 
216	20:36:32:916	Server	 		william built a road.	 	 
217	20:36:36:896	Server	 		tomas.kostan rolled a 3 and a 2.	 	 
218	20:36:36:898	Server	 		ljaybrad123 gets 1 clay. william gets 1 sheep. tomas.kostan gets 1 sheep.	 	 
219	20:37:14:632	Server	 		ljaybrad123 rolled a 6 and a 1.	 	 
220	20:37:38:812	Server	 		ljaybrad123 built a road.	 	 
221	20:37:48:744	Server	 		william rolled a 3 and a 4.	 	 
222	20:37:53:334	william	clay=0; ore=1; sheep=1; wheat=0; wood=4; unknown=0; knights=1; dev-cards=1	roads=[139,71; 71,156; 156,70; 70,72]; settlements=[139,88; 88,173; 173,86]	:D	 	 
223	20:38:11:397	tomas.kostan	clay=0; ore=0; sheep=1; wheat=1; wood=3; unknown=0; knights=0; dev-cards=0	roads=[104,168; 168,105; 105,152; 152,136; 136,184]; settlements=[120,169]	nooooo :D	 	 
224	20:38:15:277	william	clay=0; ore=2; sheep=1; wheat=0; wood=4; unknown=0; knights=1; dev-cards=1	roads=[139,71; 71,156; 156,70; 70,72]; settlements=[139,88; 88,173; 173,86]	can i get someone's clay?	 	 
225	20:38:16:108	ljaybrad123	clay=0; ore=1; sheep=0; wheat=0; wood=0; unknown=0; knights=1; dev-cards=1	roads=[100,67; 67,84; 84,116; 116,133; 133,134; 134,135; 135,118; 118,50; 50,34; 34,35]; settlements=[116,67; 67,150]	stupid robber	 	 
226	20:38:20:341	ljaybrad123	clay=0; ore=1; sheep=0; wheat=0; wood=0; unknown=0; knights=1; dev-cards=1	roads=[100,67; 67,84; 84,116; 116,133; 133,134; 134,135; 135,118; 118,50; 50,34; 34,35]; settlements=[116,67; 67,150]	i has none	 	 
227	20:38:25:946	tomas.kostan	clay=0; ore=0; sheep=1; wheat=1; wood=3; unknown=0; knights=0; dev-cards=0	roads=[104,168; 168,105; 105,152; 152,136; 136,184]; settlements=[120,169]	no clay in here	 	 
228	20:38:29:492	Server	 		tomas.kostan rolled a 2 and a 5.	 	 
229	20:38:34:288	ljaybrad123	clay=0; ore=1; sheep=0; wheat=0; wood=0; unknown=0; knights=1; dev-cards=1	roads=[100,67; 67,84; 84,116; 116,133; 133,134; 134,135; 135,118; 118,50; 50,34; 34,35]; settlements=[116,67; 67,150]	bloody hell	 	 
230	20:38:47:471	william	clay=0; ore=2; sheep=1; wheat=0; wood=4; unknown=0; knights=1; dev-cards=1	roads=[139,71; 71,156; 156,70; 70,72]; settlements=[139,88; 88,173; 173,86]	it IS the most likely number...	 	 
231	20:38:49:673	Server	 		ljaybrad123 rolled a 5 and a 2.	 	 
232	20:38:53:829	ljaybrad123	clay=0; ore=0; sheep=0; wheat=0; wood=0; unknown=0; knights=1; dev-cards=1	roads=[100,67; 67,84; 84,116; 116,133; 133,134; 134,135; 135,118; 118,50; 50,34; 34,35]; settlements=[116,67; 67,150]	even so...	 	 
233	20:39:01:390	william	clay=0; ore=2; sheep=1; wheat=0; wood=4; unknown=0; knights=1; dev-cards=1	roads=[139,71; 71,156; 156,70; 70,72]; settlements=[139,88; 88,173; 173,86]	^^	 	 
234	20:39:10:619	Server	 		william rolled a 6 and a 2.	 	 
235	20:39:10:621	Server	 		ljaybrad123 gets 2 sheep. william gets 2 wheat.	 	 
236	20:39:22:589	william	clay=0; ore=2; sheep=1; wheat=2; wood=4; unknown=0; knights=1; dev-cards=1	roads=[139,71; 71,156; 156,70; 70,72]; settlements=[139,88; 88,173; 173,86]	can i get ore for wood?	 	 
237	20:39:26:472	ljaybrad123	clay=0; ore=0; sheep=3; wheat=0; wood=0; unknown=0; knights=1; dev-cards=1	roads=[100,67; 67,84; 84,116; 116,133; 133,134; 134,135; 135,118; 118,50; 50,34; 34,35]; settlements=[116,67; 67,150]	no	 	 
238	20:39:30:626	tomas.kostan	clay=0; ore=1; sheep=0; wheat=1; wood=3; unknown=0; knights=0; dev-cards=0	roads=[104,168; 168,105; 105,152; 152,136; 136,184]; settlements=[120,169]	this game is crazy	 	 
239	20:39:32:410	tomas.kostan	clay=0; ore=1; sheep=0; wheat=1; wood=3; unknown=0; knights=0; dev-cards=0	roads=[104,168; 168,105; 105,152; 152,136; 136,184]; settlements=[120,169]	no sry	 	 
240	20:39:40:163	Server	 		william traded 4 wood for 1 ore from the bank.	 	 
241	20:39:44:817	Server	 		william built a city.	 	 
242	20:39:48:257	Server	 		tomas.kostan rolled a 4 and a 2.	 	 
243	20:39:48:258	Server	 		No player gets anything.	 	 
244	20:40:00:466	Server	 		ljaybrad123 rolled a 3 and a 1.	 	 
245	20:40:00:468	Server	 		ljaybrad123 gets 1 wood. tomas.kostan gets 1 clay.	 	 
246	20:40:10:026	ljaybrad123	clay=0; ore=0; sheep=3; wheat=0; wood=1; unknown=0; knights=1; dev-cards=1	roads=[100,67; 67,84; 84,116; 116,133; 133,134; 134,135; 135,118; 118,50; 50,34; 34,35]; settlements=[116,67; 67,150]	anyone want sheep?	 	 
247	20:40:13:721	tomas.kostan	clay=1; ore=1; sheep=0; wheat=1; wood=3; unknown=0; knights=0; dev-cards=0	roads=[104,168; 168,105; 105,152; 152,136; 136,184]; settlements=[120,169]	i do	 	 
248	20:40:14:662	william	clay=0; ore=0; sheep=1; wheat=0; wood=0; unknown=0; knights=1; dev-cards=1	roads=[139,71; 71,156; 156,70; 70,72]; settlements=[139,173; 173,86]	no	 	 
249	20:40:20:759	tomas.kostan	clay=1; ore=1; sheep=0; wheat=1; wood=3; unknown=0; knights=0; dev-cards=0	roads=[104,168; 168,105; 105,152; 152,136; 136,184]; settlements=[120,169]	for wood?	 	 
250	20:40:24:996	ljaybrad123	clay=0; ore=0; sheep=3; wheat=0; wood=1; unknown=0; knights=1; dev-cards=1	roads=[100,67; 67,84; 84,116; 116,133; 133,134; 134,135; 135,118; 118,50; 50,34; 34,35]; settlements=[116,67; 67,150]	2 sheep for 1 ore one wheat?	 	 
251	20:40:35:969	tomas.kostan	clay=1; ore=1; sheep=0; wheat=1; wood=3; unknown=0; knights=0; dev-cards=0	roads=[104,168; 168,105; 105,152; 152,136; 136,184]; settlements=[120,169]	sry can only offer wood	 	 
252	20:40:41:847	ljaybrad123	clay=0; ore=0; sheep=3; wheat=0; wood=1; unknown=0; knights=1; dev-cards=1	roads=[100,67; 67,84; 84,116; 116,133; 133,134; 134,135; 135,118; 118,50; 50,34; 34,35]; settlements=[116,67; 67,150]	sorry i has wood	 	 
253	20:40:45:365	tomas.kostan	clay=1; ore=1; sheep=0; wheat=1; wood=3; unknown=0; knights=0; dev-cards=0	roads=[104,168; 168,105; 105,152; 152,136; 136,184]; settlements=[120,169]	ok	 	 
254	20:40:58:961	Server	 		william rolled a 5 and a 6.	 	 
255	20:40:58:963	Server	 		william gets 1 sheep. tomas.kostan gets 1 sheep.	 	 
256	20:41:05:903	ljaybrad123	clay=0; ore=0; sheep=3; wheat=0; wood=1; unknown=0; knights=1; dev-cards=1	roads=[100,67; 67,84; 84,116; 116,133; 133,134; 134,135; 135,118; 118,50; 50,34; 34,35]; settlements=[116,67; 67,150]	bloody hell...  stupid buttons	 	 
257	20:41:06:328	Server	 		tomas.kostan rolled a 3 and a 3.	 	 
258	20:41:06:329	Server	 		No player gets anything.	 	 
259	20:41:12:311	Server	 		tomas.kostan built a settlement.	 	 
260	20:41:31:596	Server	 		ljaybrad123 rolled a 2 and a 4.	 	 
261	20:41:31:598	Server	 		tomas.kostan gets 1 clay.	 	 
262	20:41:44:830	tomas.kostan	clay=1; ore=1; sheep=0; wheat=0; wood=2; unknown=0; knights=0; dev-cards=0	roads=[104,168; 168,105; 105,152; 152,136; 136,184]; settlements=[120,169; 169,201]	i think it is time for another 7 :)	 	 
263	20:41:45:558	ljaybrad123	clay=0; ore=0; sheep=3; wheat=0; wood=1; unknown=0; knights=1; dev-cards=1	roads=[100,67; 67,84; 84,116; 116,133; 133,134; 134,135; 135,118; 118,50; 50,34; 34,35]; settlements=[116,67; 67,150]	anyone have clay for sheep?	 	 
264	20:41:50:763	william	clay=0; ore=0; sheep=2; wheat=0; wood=0; unknown=0; knights=1; dev-cards=1	roads=[139,71; 71,156; 156,70; 70,72]; settlements=[139,173; 173,86]	no	 	 
265	20:41:52:801	tomas.kostan	clay=1; ore=1; sheep=0; wheat=0; wood=2; unknown=0; knights=0; dev-cards=0	roads=[104,168; 168,105; 105,152; 152,136; 136,184]; settlements=[120,169; 169,201]	no	 	 
266	20:42:00:837	Server	 		ljaybrad123 traded 3 sheep for 1 clay from a port.	 	 
267	20:42:09:405	Server	 		ljaybrad123 built a road.	 	 
268	20:42:20:446	Server	 		william rolled a 1 and a 1.	 	 
269	20:42:20:448	Server	 		ljaybrad123 gets 1 wheat.	 	 
270	20:42:26:197	Server	 		tomas.kostan rolled a 6 and a 3.	 	 
271	20:42:26:199	Server	 		ljaybrad123 gets 1 ore. william gets 2 wheat. tomas.kostan gets 1 ore.	 	 
272	20:42:39:155	Server	 		ljaybrad123 rolled a 5 and a 2.	 	 
273	20:43:41:820	Server	 		ljaybrad123 built a city.	 	 
274	20:43:50:027	Server	 		william rolled a 2 and a 1.	 	 
275	20:43:50:029	Server	 		william gets 1 wood. tomas.kostan gets 2 wood.	 	 
276	20:44:10:063	Server	 		tomas.kostan rolled a 6 and a 2.	 	 
277	20:44:10:065	Server	 		ljaybrad123 gets 3 sheep. william gets 2 wheat.	 	 
278	20:44:16:155	ljaybrad123	clay=0; ore=0; sheep=3; wheat=0; wood=0; unknown=0; knights=1; dev-cards=0	roads=[100,67; 67,84; 84,116; 116,133; 133,134; 134,135; 135,118; 118,50; 50,34; 34,35; 35,36]; settlements=[67,150]	yay sheep :D	 	 
279	20:44:24:657	tomas.kostan	clay=1; ore=1; sheep=0; wheat=0; wood=4; unknown=0; knights=0; dev-cards=0	roads=[104,168; 168,105; 105,152; 152,136; 136,184]; settlements=[120,169; 169,201]	can i get wheet from someone?	 	 
280	20:44:27:791	ljaybrad123	clay=0; ore=0; sheep=3; wheat=0; wood=0; unknown=0; knights=1; dev-cards=0	roads=[100,67; 67,84; 84,116; 116,133; 133,134; 134,135; 135,118; 118,50; 50,34; 34,35; 35,36]; settlements=[67,150]	no	 	 
281	20:44:32:647	william	clay=0; ore=0; sheep=2; wheat=4; wood=1; unknown=0; knights=1; dev-cards=1	roads=[139,71; 71,156; 156,70; 70,72]; settlements=[139,173; 173,86]	yes	 	 
282	20:44:37:336	tomas.kostan	clay=1; ore=1; sheep=0; wheat=0; wood=4; unknown=0; knights=0; dev-cards=0	roads=[104,168; 168,105; 105,152; 152,136; 136,184]; settlements=[120,169; 169,201]	for wood?	 	 
283	20:45:00:119	william	clay=0; ore=0; sheep=2; wheat=4; wood=1; unknown=0; knights=1; dev-cards=1	roads=[139,71; 71,156; 156,70; 70,72]; settlements=[139,173; 173,86]	clay?	 	 
284	20:45:04:465	william	clay=0; ore=0; sheep=2; wheat=4; wood=1; unknown=0; knights=1; dev-cards=1	roads=[139,71; 71,156; 156,70; 70,72]; settlements=[139,173; 173,86]	ore?	 	 
285	20:45:07:394	tomas.kostan	clay=1; ore=1; sheep=0; wheat=0; wood=4; unknown=0; knights=0; dev-cards=0	roads=[104,168; 168,105; 105,152; 152,136; 136,184]; settlements=[120,169; 169,201]	nope	 	 
286	20:45:10:423	Server	 		tomas.kostan built a road.	 	 
287	20:45:16:237	william	clay=0; ore=0; sheep=2; wheat=4; wood=1; unknown=0; knights=1; dev-cards=1	roads=[139,71; 71,156; 156,70; 70,72]; settlements=[139,173; 173,86]	then one wood	 	 
288	20:45:19:075	Server	 		ljaybrad123 rolled a 2 and a 3.	 	 
289	20:45:19:077	Server	 		ljaybrad123 gets 2 clay.	 	 
290	20:45:29:337	tomas.kostan	clay=0; ore=1; sheep=0; wheat=0; wood=3; unknown=0; knights=0; dev-cards=0	roads=[104,168; 168,105; 105,152; 152,136; 136,184; 184,106]; settlements=[120,169; 169,201]	ok in your turn :)	 	 
291	20:45:43:803	tomas.kostan	clay=0; ore=1; sheep=0; wheat=0; wood=3; unknown=0; knights=0; dev-cards=0	roads=[104,168; 168,105; 105,152; 152,136; 136,184; 184,106]; settlements=[120,169; 169,201]	bloody robber	 	 
292	20:46:01:139	ljaybrad123	clay=2; ore=0; sheep=3; wheat=0; wood=0; unknown=0; knights=1; dev-cards=0	roads=[100,67; 67,84; 84,116; 116,133; 133,134; 134,135; 135,118; 118,50; 50,34; 34,35; 35,36]; settlements=[67,150]	anyone have 1 wheat 1 wood for 2 sheep?	 	 
293	20:46:06:678	tomas.kostan	clay=0; ore=1; sheep=0; wheat=0; wood=3; unknown=0; knights=0; dev-cards=0	roads=[104,168; 168,105; 105,152; 152,136; 136,184; 184,106]; settlements=[120,169; 169,201]	no	 	 
294	20:46:11:409	william	clay=0; ore=0; sheep=2; wheat=4; wood=1; unknown=0; knights=1; dev-cards=1	roads=[139,71; 71,156; 156,70; 70,72]; settlements=[139,173; 173,86]	no,  but can i give you something for your clay?	 	 
295	20:46:16:598	ljaybrad123	clay=2; ore=0; sheep=3; wheat=0; wood=0; unknown=0; knights=1; dev-cards=0	roads=[100,67; 67,84; 84,116; 116,133; 133,134; 134,135; 135,118; 118,50; 50,34; 34,35; 35,36]; settlements=[67,150]	wood?	 	 
296	20:46:26:144	william	clay=0; ore=0; sheep=2; wheat=4; wood=1; unknown=0; knights=1; dev-cards=1	roads=[139,71; 71,156; 156,70; 70,72]; settlements=[139,173; 173,86]	sure	 	 
297	20:46:36:304	tomas.kostan	clay=0; ore=1; sheep=0; wheat=0; wood=3; unknown=0; knights=0; dev-cards=0	roads=[104,168; 168,105; 105,152; 152,136; 136,184; 184,106]; settlements=[120,169; 169,201]	noooo :D	 	 
298	20:46:36:999	Server	 		ljaybrad123 made an offer to trade 1 clay for 1 wood.	 	 
299	20:46:39:569	Server	 		ljaybrad123 traded 1 clay for 1 wood from william.	 	 
300	20:46:58:239	ljaybrad123	clay=1; ore=0; sheep=3; wheat=0; wood=1; unknown=0; knights=1; dev-cards=0	roads=[100,67; 67,84; 84,116; 116,133; 133,134; 134,135; 135,118; 118,50; 50,34; 34,35; 35,36]; settlements=[67,150]	anyone have one wheat?	 	 
301	20:47:02:211	tomas.kostan	clay=0; ore=1; sheep=0; wheat=0; wood=3; unknown=0; knights=0; dev-cards=0	roads=[104,168; 168,105; 105,152; 152,136; 136,184; 184,106]; settlements=[120,169; 169,201]	no	 	 
302	20:47:03:067	william	clay=1; ore=0; sheep=2; wheat=4; wood=0; unknown=0; knights=1; dev-cards=1	roads=[139,71; 71,156; 156,70; 70,72]; settlements=[139,173; 173,86]	yes	 	 
303	20:47:10:907	william	clay=1; ore=0; sheep=2; wheat=4; wood=0; unknown=0; knights=1; dev-cards=1	roads=[139,71; 71,156; 156,70; 70,72]; settlements=[139,173; 173,86]	but i really dont need sheep	 	 
304	20:47:11:405	ljaybrad123	clay=1; ore=0; sheep=3; wheat=0; wood=1; unknown=0; knights=1; dev-cards=0	roads=[100,67; 67,84; 84,116; 116,133; 133,134; 134,135; 135,118; 118,50; 50,34; 34,35; 35,36]; settlements=[67,150]	william for a sheep?	 	 
305	20:47:15:014	william	clay=1; ore=0; sheep=2; wheat=4; wood=0; unknown=0; knights=1; dev-cards=1	roads=[139,71; 71,156; 156,70; 70,72]; settlements=[139,173; 173,86]	^^ no	 	 
306	20:47:16:470	ljaybrad123	clay=1; ore=0; sheep=3; wheat=0; wood=1; unknown=0; knights=1; dev-cards=0	roads=[100,67; 67,84; 84,116; 116,133; 133,134; 134,135; 135,118; 118,50; 50,34; 34,35; 35,36]; settlements=[67,150]	2 sheep?	 	 
307	20:47:20:619	william	clay=1; ore=0; sheep=2; wheat=4; wood=0; unknown=0; knights=1; dev-cards=1	roads=[139,71; 71,156; 156,70; 70,72]; settlements=[139,173; 173,86]	ok fine	 	 
308	20:47:23:364	ljaybrad123	clay=1; ore=0; sheep=3; wheat=0; wood=1; unknown=0; knights=1; dev-cards=0	roads=[100,67; 67,84; 84,116; 116,133; 133,134; 134,135; 135,118; 118,50; 50,34; 34,35; 35,36]; settlements=[67,150]	:D	 	 
309	20:47:34:606	Server	 		ljaybrad123 made an offer to trade 2 sheep for 1 wheat.	 	 
310	20:47:37:364	Server	 		ljaybrad123 traded 2 sheep for 1 wheat from william.	 	 
311	20:47:56:637	Server	 		ljaybrad123 built a settlement.	 	 
312	20:48:03:965	Server	 		william rolled a 1 and a 3.	 	 
313	20:48:03:967	Server	 		ljaybrad123 gets 1 wood. tomas.kostan gets 1 clay.	 	 
314	20:48:16:718	Server	 		tomas.kostan rolled a 4 and a 6.	 	 
315	20:48:16:720	Server	 		ljaybrad123 gets 4 ore. william gets 1 ore.	 	 
316	20:48:28:966	ljaybrad123	clay=0; ore=4; sheep=0; wheat=0; wood=1; unknown=0; knights=1; dev-cards=0	roads=[100,67; 67,84; 84,116; 116,133; 133,134; 134,135; 135,118; 118,50; 50,34; 34,35; 35,36]; settlements=[67,150; 150,118]	all the ore :D	 	 
317	20:48:29:590	tomas.kostan	clay=1; ore=1; sheep=0; wheat=0; wood=3; unknown=0; knights=0; dev-cards=0	roads=[104,168; 168,105; 105,152; 152,136; 136,184; 184,106]; settlements=[120,169; 169,201]	can i get a sheep for a wood?	 	 
318	20:48:42:535	ljaybrad123	clay=0; ore=4; sheep=0; wheat=0; wood=1; unknown=0; knights=1; dev-cards=0	roads=[100,67; 67,84; 84,116; 116,133; 133,134; 134,135; 135,118; 118,50; 50,34; 34,35; 35,36]; settlements=[67,150; 150,118]	i has no sheep :p	 	 
319	20:48:49:014	ljaybrad123	clay=0; ore=4; sheep=0; wheat=0; wood=1; unknown=0; knights=1; dev-cards=0	roads=[100,67; 67,84; 84,116; 116,133; 133,134; 134,135; 135,118; 118,50; 50,34; 34,35; 35,36]; settlements=[67,150; 150,118]	I has ore/...	 	 
320	20:48:49:861	william	clay=1; ore=1; sheep=4; wheat=3; wood=0; unknown=0; knights=1; dev-cards=1	roads=[139,71; 71,156; 156,70; 70,72]; settlements=[139,173; 173,86]	yes here	 	 
321	20:49:01:910	Server	 		tomas.kostan made an offer to trade 1 wood for 1 sheep.	 	 
322	20:49:04:049	Server	 		tomas.kostan traded 1 wood for 1 sheep from william.	 	 
323	20:49:19:992	tomas.kostan	clay=1; ore=1; sheep=1; wheat=0; wood=2; unknown=0; knights=0; dev-cards=0	roads=[104,168; 168,105; 105,152; 152,136; 136,184; 184,106]; settlements=[120,169; 169,201]	and some wheat to spare for a friend? :)	 	 
324	20:49:24:741	william	clay=1; ore=1; sheep=3; wheat=3; wood=1; unknown=0; knights=1; dev-cards=1	roads=[139,71; 71,156; 156,70; 70,72]; settlements=[139,173; 173,86]	no	 	 
325	20:49:51:964	Server	 		ljaybrad123 rolled a 2 and a 1.	 	 
326	20:49:51:966	Server	 		ljaybrad123 gets 1 wood. william gets 1 wood. tomas.kostan gets 2 wood.	 	 
327	20:50:06:687	ljaybrad123	clay=0; ore=4; sheep=0; wheat=0; wood=2; unknown=0; knights=1; dev-cards=0	roads=[100,67; 67,84; 84,116; 116,133; 133,134; 134,135; 135,118; 118,50; 50,34; 34,35; 35,36]; settlements=[67,150; 150,118]	anyone have wheat or wood?	 	 
328	20:50:13:654	william	clay=1; ore=1; sheep=3; wheat=3; wood=2; unknown=0; knights=1; dev-cards=1	roads=[139,71; 71,156; 156,70; 70,72]; settlements=[139,173; 173,86]	not for trade	 	 
329	20:50:15:296	tomas.kostan	clay=1; ore=1; sheep=1; wheat=0; wood=4; unknown=0; knights=0; dev-cards=0	roads=[104,168; 168,105; 105,152; 152,136; 136,184; 184,106]; settlements=[120,169; 169,201]	no	 	 
330	20:50:15:500	ljaybrad123	clay=0; ore=4; sheep=0; wheat=0; wood=2; unknown=0; knights=1; dev-cards=0	roads=[100,67; 67,84; 84,116; 116,133; 133,134; 134,135; 135,118; 118,50; 50,34; 34,35; 35,36]; settlements=[67,150; 150,118]	wheat or clay even	 	 
331	20:50:26:496	william	clay=1; ore=1; sheep=3; wheat=3; wood=2; unknown=0; knights=1; dev-cards=1	roads=[139,71; 71,156; 156,70; 70,72]; settlements=[139,173; 173,86]	no	 	 
332	20:50:48:214	Server	 		ljaybrad123 traded 3 ore for 1 clay from a port.	 	 
333	20:50:54:412	Server	 		ljaybrad123 built a road.	 	 
334	20:51:00:200	tomas.kostan	clay=1; ore=1; sheep=1; wheat=0; wood=4; unknown=0; knights=0; dev-cards=0	roads=[104,168; 168,105; 105,152; 152,136; 136,184; 184,106]; settlements=[120,169; 169,201]	pls roll 7 ;)	 	 
335	20:51:01:895	Server	 		william rolled a 2 and a 1.	 	 
336	20:51:01:897	Server	 		ljaybrad123 gets 1 wood. william gets 1 wood. tomas.kostan gets 2 wood.	 	 
337	20:51:13:387	Server	 		william traded 2 wheat for 1 clay from a port.	 	 
338	20:51:23:151	Server	 		william built a road.	 	 
339	20:51:26:941	Server	 		william built a settlement.	 	 
340	20:51:30:812	tomas.kostan	clay=1; ore=1; sheep=1; wheat=0; wood=6; unknown=0; knights=0; dev-cards=0	roads=[104,168; 168,105; 105,152; 152,136; 136,184; 184,106]; settlements=[120,169; 169,201]	ouch	 	 
341	20:51:35:102	Server	 		tomas.kostan rolled a 2 and a 3.	 	 
342	20:51:35:103	Server	 		ljaybrad123 gets 2 clay.	 	 
343	20:52:12:659	tomas.kostan	clay=1; ore=1; sheep=1; wheat=0; wood=6; unknown=0; knights=0; dev-cards=0	roads=[104,168; 168,105; 105,152; 152,136; 136,184; 184,106]; settlements=[120,169; 169,201]	can you trade clay lj?	 	 
344	20:52:24:136	ljaybrad123	clay=2; ore=1; sheep=0; wheat=0; wood=2; unknown=0; knights=1; dev-cards=0	roads=[100,67; 67,84; 84,116; 116,133; 133,134; 134,135; 135,118; 118,50; 50,34; 34,35; 35,36; 36,37]; settlements=[67,150; 150,118]	yes but it wont come cheap////	 	 
345	20:52:34:262	tomas.kostan	clay=1; ore=1; sheep=1; wheat=0; wood=6; unknown=0; knights=0; dev-cards=0	roads=[104,168; 168,105; 105,152; 152,136; 136,184; 184,106]; settlements=[120,169; 169,201]	2 wood?	 	 
346	20:52:37:240	ljaybrad123	clay=2; ore=1; sheep=0; wheat=0; wood=2; unknown=0; knights=1; dev-cards=0	roads=[100,67; 67,84; 84,116; 116,133; 133,134; 134,135; 135,118; 118,50; 50,34; 34,35; 35,36; 36,37]; settlements=[67,150; 150,118]	no	 	 
347	20:52:43:181	ljaybrad123	clay=2; ore=1; sheep=0; wheat=0; wood=2; unknown=0; knights=1; dev-cards=0	roads=[100,67; 67,84; 84,116; 116,133; 133,134; 134,135; 135,118; 118,50; 50,34; 34,35; 35,36; 36,37]; settlements=[67,150; 150,118]	1 sheep oe wheat?	 	 
348	20:52:47:318	tomas.kostan	clay=1; ore=1; sheep=1; wheat=0; wood=6; unknown=0; knights=0; dev-cards=0	roads=[104,168; 168,105; 105,152; 152,136; 136,184; 184,106]; settlements=[120,169; 169,201]	ore + wood?	 	 
349	20:52:47:910	ljaybrad123	clay=2; ore=1; sheep=0; wheat=0; wood=2; unknown=0; knights=1; dev-cards=0	roads=[100,67; 67,84; 84,116; 116,133; 133,134; 134,135; 135,118; 118,50; 50,34; 34,35; 35,36; 36,37]; settlements=[67,150; 150,118]	one*	 	 
350	20:53:11:527	ljaybrad123	clay=2; ore=1; sheep=0; wheat=0; wood=2; unknown=0; knights=1; dev-cards=0	roads=[100,67; 67,84; 84,116; 116,133; 133,134; 134,135; 135,118; 118,50; 50,34; 34,35; 35,36; 36,37]; settlements=[67,150; 150,118]	sorry have those	 	 
351	20:53:16:372	ljaybrad123	clay=2; ore=1; sheep=0; wheat=0; wood=2; unknown=0; knights=1; dev-cards=0	roads=[100,67; 67,84; 84,116; 116,133; 133,134; 134,135; 135,118; 118,50; 50,34; 34,35; 35,36; 36,37]; settlements=[67,150; 150,118]	its sheep and wheat i need	 	 
352	20:53:28:521	tomas.kostan	clay=1; ore=1; sheep=1; wheat=0; wood=6; unknown=0; knights=0; dev-cards=0	roads=[104,168; 168,105; 105,152; 152,136; 136,184; 184,106]; settlements=[120,169; 169,201]	do not have any wheat	 	 
353	20:53:33:371	ljaybrad123	clay=2; ore=1; sheep=0; wheat=0; wood=2; unknown=0; knights=1; dev-cards=0	roads=[100,67; 67,84; 84,116; 116,133; 133,134; 134,135; 135,118; 118,50; 50,34; 34,35; 35,36; 36,37]; settlements=[67,150; 150,118]	then no sorry	 	 
354	20:53:46:616	Server	 		tomas.kostan traded 4 wood for 1 clay from the bank.	 	 
355	20:53:50:733	Server	 		tomas.kostan built a road.	 	 
356	20:53:58:852	Server	 		tomas.kostan built a road.	 	 
357	20:54:03:938	Server	 		ljaybrad123 rolled a 6 and a 6.	 	 
358	20:54:03:939	Server	 		william gets 2 wheat.	 	 
359	20:54:18:383	Server	 		ljaybrad123 built a road.	 	 
360	20:54:34:380	Server	 		william rolled a 5 and a 5.	 	 
361	20:54:34:381	Server	 		ljaybrad123 gets 4 ore. william gets 1 ore.	 	 
362	20:54:46:946	william	clay=0; ore=2; sheep=2; wheat=2; wood=1; unknown=0; knights=1; dev-cards=1	roads=[139,71; 71,156; 156,70; 70,72; 72,73]; settlements=[139,173; 173,86; 86,90]	can i have someone's ore for sheep?	 	 
363	20:54:54:837	ljaybrad123	clay=1; ore=5; sheep=0; wheat=0; wood=1; unknown=0; knights=1; dev-cards=0	roads=[100,67; 67,84; 84,116; 116,133; 133,134; 134,135; 135,118; 118,50; 50,34; 34,35; 35,36; 36,37; 37,38]; settlements=[67,150; 150,118]	yes	 	 
364	20:54:55:497	tomas.kostan	clay=0; ore=1; sheep=1; wheat=0; wood=0; unknown=0; knights=0; dev-cards=0	roads=[104,168; 168,105; 105,152; 152,136; 136,184; 184,106; 106,167; 167,166]; settlements=[120,169; 169,201]	nope	 	 
365	20:55:10:998	Server	 		william made an offer to trade 1 sheep for 1 ore.	 	 
366	20:55:15:507	Server	 		william traded 1 sheep for 1 ore from ljaybrad123.	 	 
367	20:55:19:117	Server	 		william built a city.	 	 
368	20:55:22:750	Server	 		tomas.kostan rolled a 2 and a 2.	 	 
369	20:55:22:751	Server	 		ljaybrad123 gets 1 wood. tomas.kostan gets 1 clay.	 	 
370	20:55:24:492	ljaybrad123	clay=1; ore=4; sheep=1; wheat=0; wood=2; unknown=0; knights=1; dev-cards=0	roads=[100,67; 67,84; 84,116; 116,133; 133,134; 134,135; 135,118; 118,50; 50,34; 34,35; 35,36; 36,37; 37,38]; settlements=[67,150; 150,118]	please not 7	 	 
371	20:55:41:171	tomas.kostan	clay=1; ore=1; sheep=1; wheat=0; wood=0; unknown=0; knights=0; dev-cards=0	roads=[104,168; 168,105; 105,152; 152,136; 136,184; 184,106; 106,167; 167,166]; settlements=[120,169; 169,201]	wheat for clay?	 	 
372	20:55:46:310	ljaybrad123	clay=1; ore=4; sheep=1; wheat=0; wood=2; unknown=0; knights=1; dev-cards=0	roads=[100,67; 67,84; 84,116; 116,133; 133,134; 134,135; 135,118; 118,50; 50,34; 34,35; 35,36; 36,37; 37,38]; settlements=[67,150; 150,118]	nope	 	 
373	20:55:48:073	william	clay=0; ore=0; sheep=1; wheat=0; wood=1; unknown=0; knights=1; dev-cards=1	roads=[139,71; 71,156; 156,70; 70,72; 72,73]; settlements=[173,86; 86,90]; cities=[88,139]	no	 	 
374	20:55:54:005	Server	 		ljaybrad123 rolled a 3 and a 5.	 	 
375	20:55:54:006	Server	 		ljaybrad123 gets 3 sheep. william gets 3 wheat.	 	 
376	20:56:09:118	ljaybrad123	clay=1; ore=4; sheep=4; wheat=0; wood=2; unknown=0; knights=1; dev-cards=0	roads=[100,67; 67,84; 84,116; 116,133; 133,134; 134,135; 135,118; 118,50; 50,34; 34,35; 35,36; 36,37; 37,38]; settlements=[67,150; 150,118]	anyone have wheat for ore or sheep?	 	 
377	20:56:15:787	william	clay=0; ore=0; sheep=1; wheat=3; wood=1; unknown=0; knights=1; dev-cards=1	roads=[139,71; 71,156; 156,70; 70,72; 72,73]; settlements=[173,86; 86,90]; cities=[88,139]	i need ore yes	 	 
378	20:56:16:368	tomas.kostan	clay=1; ore=1; sheep=1; wheat=0; wood=0; unknown=0; knights=0; dev-cards=0	roads=[104,168; 168,105; 105,152; 152,136; 136,184; 184,106; 106,167; 167,166]; settlements=[120,169; 169,201]	no	 	 
379	20:56:30:139	Server	 		ljaybrad123 made an offer to trade 1 ore for 1 wheat.	 	 
380	20:56:34:447	Server	 		ljaybrad123 traded 1 ore for 1 wheat from william.	 	 
381	20:56:46:285	Server	 		ljaybrad123 built a settlement.	 	 
382	20:56:59:040	ljaybrad123	clay=0; ore=3; sheep=3; wheat=0; wood=1; unknown=0; knights=1; dev-cards=0	roads=[100,67; 67,84; 84,116; 116,133; 133,134; 134,135; 135,118; 118,50; 50,34; 34,35; 35,36; 36,37; 37,38]; settlements=[67,150; 150,118; 118,39]	anyone have another wheat?	 	 
383	20:57:09:642	william	clay=0; ore=1; sheep=1; wheat=2; wood=1; unknown=0; knights=1; dev-cards=1	roads=[139,71; 71,156; 156,70; 70,72; 72,73]; settlements=[173,86; 86,90]; cities=[88,139]	no	 	 
384	20:57:11:148	tomas.kostan	clay=1; ore=1; sheep=1; wheat=0; wood=0; unknown=0; knights=0; dev-cards=0	roads=[104,168; 168,105; 105,152; 152,136; 136,184; 184,106; 106,167; 167,166]; settlements=[120,169; 169,201]	no	 	 
385	20:57:57:914	ljaybrad123	clay=0; ore=3; sheep=3; wheat=0; wood=1; unknown=0; knights=1; dev-cards=0	roads=[100,67; 67,84; 84,116; 116,133; 133,134; 134,135; 135,118; 118,50; 50,34; 34,35; 35,36; 36,37; 37,38]; settlements=[67,150; 150,118; 118,39]	clay?	 	 
386	20:58:06:496	william	clay=0; ore=1; sheep=1; wheat=2; wood=1; unknown=0; knights=1; dev-cards=1	roads=[139,71; 71,156; 156,70; 70,72; 72,73]; settlements=[173,86; 86,90]; cities=[88,139]	no	 	 
387	20:58:15:585	tomas.kostan	clay=1; ore=1; sheep=1; wheat=0; wood=0; unknown=0; knights=0; dev-cards=0	roads=[104,168; 168,105; 105,152; 152,136; 136,184; 184,106; 106,167; 167,166]; settlements=[120,169; 169,201]	for what?	 	 
388	20:58:24:595	ljaybrad123	clay=0; ore=3; sheep=3; wheat=0; wood=1; unknown=0; knights=1; dev-cards=0	roads=[100,67; 67,84; 84,116; 116,133; 133,134; 134,135; 135,118; 118,50; 50,34; 34,35; 35,36; 36,37; 37,38]; settlements=[67,150; 150,118; 118,39]	am quite happy to give 2 for one,  or even 3 for one for wheat	 	 
389	20:58:45:280	tomas.kostan	clay=1; ore=1; sheep=1; wheat=0; wood=0; unknown=0; knights=0; dev-cards=0	roads=[104,168; 168,105; 105,152; 152,136; 136,184; 184,106; 106,167; 167,166]; settlements=[120,169; 169,201]	oh.. so you want wheat not clay?	 	 
390	20:58:56:485	ljaybrad123	clay=0; ore=3; sheep=3; wheat=0; wood=1; unknown=0; knights=1; dev-cards=0	roads=[100,67; 67,84; 84,116; 116,133; 133,134; 134,135; 135,118; 118,50; 50,34; 34,35; 35,36; 36,37; 37,38]; settlements=[67,150; 150,118; 118,39]	yes, sorry	 	 
391	20:59:05:746	ljaybrad123	clay=0; ore=3; sheep=3; wheat=0; wood=1; unknown=0; knights=1; dev-cards=0	roads=[100,67; 67,84; 84,116; 116,133; 133,134; 134,135; 135,118; 118,50; 50,34; 34,35; 35,36; 36,37; 37,38]; settlements=[67,150; 150,118; 118,39]	misread colours at bottom	 	 
392	20:59:09:425	tomas.kostan	clay=1; ore=1; sheep=1; wheat=0; wood=0; unknown=0; knights=0; dev-cards=0	roads=[104,168; 168,105; 105,152; 152,136; 136,184; 184,106; 106,167; 167,166]; settlements=[120,169; 169,201]	i do not have any	 	 
393	20:59:30:256	Server	 		ljaybrad123 traded 3 sheep for 1 wheat from a port.	 	 
394	20:59:49:526	ljaybrad123	clay=0; ore=3; sheep=0; wheat=1; wood=1; unknown=0; knights=1; dev-cards=0	roads=[100,67; 67,84; 84,116; 116,133; 133,134; 134,135; 135,118; 118,50; 50,34; 34,35; 35,36; 36,37; 37,38]; settlements=[67,150; 150,118; 118,39]	anyone have sheep for ore?	 	 
395	20:59:54:071	tomas.kostan	clay=1; ore=1; sheep=1; wheat=0; wood=0; unknown=0; knights=0; dev-cards=0	roads=[104,168; 168,105; 105,152; 152,136; 136,184; 184,106; 106,167; 167,166]; settlements=[120,169; 169,201]	no	 	 
396	20:59:56:684	william	clay=0; ore=1; sheep=1; wheat=2; wood=1; unknown=0; knights=1; dev-cards=1	roads=[139,71; 71,156; 156,70; 70,72; 72,73]; settlements=[173,86; 86,90]; cities=[88,139]	no	 	 
397	21:00:03:977	Server	 		william rolled a 6 and a 2.	 	 
398	21:00:03:978	Server	 		ljaybrad123 gets 3 sheep. william gets 3 wheat.	 	 
399	21:00:21:517	Server	 		tomas.kostan rolled a 6 and a 2.	 	 
400	21:00:21:517	Server	 		ljaybrad123 gets 3 sheep. william gets 3 wheat.	 	 
401	21:00:29:466	Server	 		ljaybrad123 rolled a 2 and a 5.	 	 
402	21:01:26:603	ljaybrad123	clay=0; ore=0; sheep=2; wheat=1; wood=1; unknown=0; knights=1; dev-cards=1	roads=[100,67; 67,84; 84,116; 116,133; 133,134; 134,135; 135,118; 118,50; 50,34; 34,35; 35,36; 36,37; 37,38]; settlements=[67,150; 150,118; 118,39]	anyone have clay for sheep?	 	 
403	21:01:32:218	william	clay=0; ore=0; sheep=0; wheat=3; wood=0; unknown=0; knights=1; dev-cards=2	roads=[139,71; 71,156; 156,70; 70,72; 72,73]; settlements=[173,86; 86,90]; cities=[88,139]	no	 	 
404	21:01:35:219	tomas.kostan	clay=1; ore=1; sheep=1; wheat=0; wood=0; unknown=0; knights=0; dev-cards=0	roads=[104,168; 168,105; 105,152; 152,136; 136,184; 184,106; 106,167; 167,166]; settlements=[120,169; 169,201]	this game is so boring  when you know you have lost.. :(	 	 
405	21:01:38:940	tomas.kostan	clay=1; ore=1; sheep=1; wheat=0; wood=0; unknown=0; knights=0; dev-cards=0	roads=[104,168; 168,105; 105,152; 152,136; 136,184; 184,106; 106,167; 167,166]; settlements=[120,169; 169,201]	no	 	 
406	21:01:45:400	william	clay=0; ore=0; sheep=0; wheat=3; wood=0; unknown=0; knights=1; dev-cards=2	roads=[139,71; 71,156; 156,70; 70,72; 72,73]; settlements=[173,86; 86,90]; cities=[88,139]	^^ sry. lj will win soon	 	 
407	21:01:47:220	Server	 		william rolled a 5 and a 5.	 	 
408	21:01:47:221	Server	 		ljaybrad123 gets 4 ore. william gets 2 ore.	 	 
409	21:01:51:389	tomas.kostan	clay=1; ore=1; sheep=1; wheat=0; wood=0; unknown=0; knights=0; dev-cards=0	roads=[104,168; 168,105; 105,152; 152,136; 136,184; 184,106; 106,167; 167,166]; settlements=[120,169; 169,201]	:D	 	 
410	21:01:56:715	ljaybrad123	clay=0; ore=4; sheep=2; wheat=1; wood=1; unknown=0; knights=1; dev-cards=1	roads=[100,67; 67,84; 84,116; 116,133; 133,134; 134,135; 135,118; 118,50; 50,34; 34,35; 35,36; 36,37; 37,38]; settlements=[67,150; 150,118; 118,39]	*hugs*	 	 
411	21:01:59:664	Server	 		william traded 2 wheat for 1 sheep from a port.	 	 
412	21:02:11:428	tomas.kostan	clay=1; ore=1; sheep=1; wheat=0; wood=0; unknown=0; knights=0; dev-cards=0	roads=[104,168; 168,105; 105,152; 152,136; 136,184; 184,106; 106,167; 167,166]; settlements=[120,169; 169,201]	yes lj you deserve it today :)	 	 
413	21:02:17:580	Server	 		tomas.kostan rolled a 6 and a 1.	 	 
414	21:02:25:023	ljaybrad123	clay=0; ore=3; sheep=2; wheat=1; wood=1; unknown=0; knights=1; dev-cards=1	roads=[100,67; 67,84; 84,116; 116,133; 133,134; 134,135; 135,118; 118,50; 50,34; 34,35; 35,36; 36,37; 37,38]; settlements=[67,150; 150,118; 118,39]	thankyou :$	 	 
415	21:02:29:109	william	clay=0; ore=2; sheep=0; wheat=0; wood=0; unknown=0; knights=2; dev-cards=2	roads=[139,71; 71,156; 156,70; 70,72; 72,73]; settlements=[173,86; 86,90]; cities=[88,139]	^^	 	 
416	21:02:32:017	ljaybrad123	clay=0; ore=2; sheep=2; wheat=1; wood=1; unknown=0; knights=1; dev-cards=1	roads=[100,67; 67,84; 84,116; 116,133; 133,134; 134,135; 135,118; 118,50; 50,34; 34,35; 35,36; 36,37; 37,38]; settlements=[67,150; 150,118; 118,39]	I feel kinda bad though	 	 
417	21:02:33:969	Server	 		ljaybrad123 rolled a 3 and a 3.	 	 
418	21:02:33:970	Server	 		william gets 3 wood. tomas.kostan gets 1 clay, 1 wood.	 	 
419	21:02:38:471	tomas.kostan	clay=2; ore=2; sheep=1; wheat=0; wood=1; unknown=0; knights=0; dev-cards=0	roads=[104,168; 168,105; 105,152; 152,136; 136,184; 184,106; 106,167; 167,166]; settlements=[120,169; 169,201]	for what?	 	 
420	21:02:49:052	ljaybrad123	clay=0; ore=2; sheep=2; wheat=1; wood=1; unknown=0; knights=1; dev-cards=1	roads=[100,67; 67,84; 84,116; 116,133; 133,134; 134,135; 135,118; 118,50; 50,34; 34,35; 35,36; 36,37; 37,38]; settlements=[67,150; 150,118; 118,39]	anyone have clay for sheep or ore?	 	 
421	21:02:52:465	tomas.kostan	clay=2; ore=2; sheep=1; wheat=0; wood=1; unknown=0; knights=0; dev-cards=0	roads=[104,168; 168,105; 105,152; 152,136; 136,184; 184,106; 106,167; 167,166]; settlements=[120,169; 169,201]	my only chance was the wood port and i lost it	 	 
422	21:02:55:633	william	clay=0; ore=2; sheep=0; wheat=0; wood=3; unknown=0; knights=2; dev-cards=2	roads=[139,71; 71,156; 156,70; 70,72; 72,73]; settlements=[173,86; 86,90]; cities=[88,139]	no	 	 
423	21:02:59:486	tomas.kostan	clay=2; ore=2; sheep=1; wheat=0; wood=1; unknown=0; knights=0; dev-cards=0	roads=[104,168; 168,105; 105,152; 152,136; 136,184; 184,106; 106,167; 167,166]; settlements=[120,169; 169,201]	only for wheat	 	 
424	21:03:08:253	ljaybrad123	clay=0; ore=2; sheep=2; wheat=1; wood=1; unknown=0; knights=1; dev-cards=1	roads=[100,67; 67,84; 84,116; 116,133; 133,134; 134,135; 135,118; 118,50; 50,34; 34,35; 35,36; 36,37; 37,38]; settlements=[67,150; 150,118; 118,39]	sorry i need wheat	 	 
425	21:03:15:788	ljaybrad123	clay=0; ore=2; sheep=2; wheat=1; wood=1; unknown=0; knights=1; dev-cards=1	roads=[100,67; 67,84; 84,116; 116,133; 133,134; 134,135; 135,118; 118,50; 50,34; 34,35; 35,36; 36,37; 37,38]; settlements=[67,150; 150,118; 118,39]	can do one sheep one ore?	 	 
426	21:03:23:840	tomas.kostan	clay=2; ore=2; sheep=1; wheat=0; wood=1; unknown=0; knights=0; dev-cards=0	roads=[104,168; 168,105; 105,152; 152,136; 136,184; 184,106; 106,167; 167,166]; settlements=[120,169; 169,201]	ok	 	 
427	21:03:40:655	Server	 		ljaybrad123 made an offer to trade 1 ore, 1 sheep for 1 clay.	 	 
428	21:03:43:972	Server	 		ljaybrad123 traded 1 ore, 1 sheep for 1 clay from tomas.kostan.	 	 
429	21:03:56:431	Server	 		ljaybrad123 built a settlement.	 	 
430	21:04:05:615	tomas.kostan	clay=1; ore=3; sheep=2; wheat=0; wood=1; unknown=0; knights=0; dev-cards=0	roads=[104,168; 168,105; 105,152; 152,136; 136,184; 184,106; 106,167; 167,166]; settlements=[120,169; 169,201]	congrats!!!	 	 
431	21:04:05:746	william	clay=0; ore=2; sheep=0; wheat=0; wood=3; unknown=0; knights=2; dev-cards=2	roads=[139,71; 71,156; 156,70; 70,72; 72,73]; settlements=[173,86; 86,90]; cities=[88,139]	good game!	 	 
432	21:04:06:468	ljaybrad123	clay=0; ore=1; sheep=0; wheat=0; wood=0; unknown=0; knights=1; dev-cards=1	roads=[100,67; 67,84; 84,116; 116,133; 133,134; 134,135; 135,118; 118,50; 50,34; 34,35; 35,36; 36,37; 37,38]; settlements=[67,150; 150,118; 118,39; 39,52]	nice game guys	 	 
433	21:04:21:392	ljaybrad123	clay=0; ore=1; sheep=0; wheat=0; wood=0; unknown=0; knights=1; dev-cards=1	roads=[100,67; 67,84; 84,116; 116,133; 133,134; 134,135; 135,118; 118,50; 50,34; 34,35; 35,36; 36,37; 37,38]; settlements=[67,150; 150,118; 118,39; 39,52]	can we sort with niko for more games soon?	 	 
434	21:04:24:202	tomas.kostan	clay=1; ore=3; sheep=2; wheat=0; wood=1; unknown=0; knights=0; dev-cards=0	roads=[104,168; 168,105; 105,152; 152,136; 136,184; 184,106; 106,167; 167,166]; settlements=[120,169; 169,201]	so when is the next one?	 	 
435	21:04:26:846	william	clay=0; ore=2; sheep=0; wheat=0; wood=3; unknown=0; knights=2; dev-cards=2	roads=[139,71; 71,156; 156,70; 70,72; 72,73]; settlements=[173,86; 86,90]; cities=[88,139]	it would be great if we could have another one before friday	 	 
436	21:04:29:033	ljaybrad123	clay=0; ore=1; sheep=0; wheat=0; wood=0; unknown=0; knights=1; dev-cards=1	roads=[100,67; 67,84; 84,116; 116,133; 133,134; 134,135; 135,118; 118,50; 50,34; 34,35; 35,36; 36,37; 37,38]; settlements=[67,150; 150,118; 118,39; 39,52]	when is you you guys are away?	 	 
437	21:04:41:037	william	clay=0; ore=2; sheep=0; wheat=0; wood=3; unknown=0; knights=2; dev-cards=2	roads=[139,71; 71,156; 156,70; 70,72; 72,73]; settlements=[173,86; 86,90]; cities=[88,139]	i leave on friday for two trips...	 	 
438	21:04:57:228	tomas.kostan	clay=1; ore=3; sheep=2; wheat=0; wood=1; unknown=0; knights=0; dev-cards=0	roads=[104,168; 168,105; 105,152; 152,136; 136,184; 184,106; 106,167; 167,166]; settlements=[120,169; 169,201]	i am here till thursday so friday is no good for me	 	 
439	21:05:08:303	ljaybrad123	clay=0; ore=1; sheep=0; wheat=0; wood=0; unknown=0; knights=1; dev-cards=1	roads=[100,67; 67,84; 84,116; 116,133; 133,134; 134,135; 135,118; 118,50; 50,34; 34,35; 35,36; 36,37; 37,38]; settlements=[67,150; 150,118; 118,39; 39,52]	ok, so we could do with playing all games before thursday	 	 
440	21:05:12:276	ljaybrad123	clay=0; ore=1; sheep=0; wheat=0; wood=0; unknown=0; knights=1; dev-cards=1	roads=[100,67; 67,84; 84,116; 116,133; 133,134; 134,135; 135,118; 118,50; 50,34; 34,35; 35,36; 36,37; 37,38]; settlements=[67,150; 150,118; 118,39; 39,52]	taht could be tough	 	 
441	21:05:12:464	tomas.kostan	clay=1; ore=3; sheep=2; wheat=0; wood=1; unknown=0; knights=0; dev-cards=0	roads=[104,168; 168,105; 105,152; 152,136; 136,184; 184,106; 106,167; 167,166]; settlements=[120,169; 169,201]	and then back here again on monday	 	 
442	21:05:20:746	tomas.kostan	clay=1; ore=3; sheep=2; wheat=0; wood=1; unknown=0; knights=0; dev-cards=0	roads=[104,168; 168,105; 105,152; 152,136; 136,184; 184,106; 106,167; 167,166]; settlements=[120,169; 169,201]	ok why not	 	 
443	21:05:28:836	tomas.kostan	clay=1; ore=3; sheep=2; wheat=0; wood=1; unknown=0; knights=0; dev-cards=0	roads=[104,168; 168,105; 105,152; 152,136; 136,184; 184,106; 106,167; 167,166]; settlements=[120,169; 169,201]	but not in the morning pls	 	 
444	21:05:32:683	william	clay=0; ore=2; sheep=0; wheat=0; wood=3; unknown=0; knights=2; dev-cards=2	roads=[139,71; 71,156; 156,70; 70,72; 72,73]; settlements=[173,86; 86,90]; cities=[88,139]	tuesday night works for me	 	 
445	21:05:33:164	ljaybrad123	clay=0; ore=1; sheep=0; wheat=0; wood=0; unknown=0; knights=1; dev-cards=1	roads=[100,67; 67,84; 84,116; 116,133; 133,134; 134,135; 135,118; 118,50; 50,34; 34,35; 35,36; 36,37; 37,38]; settlements=[67,150; 150,118; 118,39; 39,52]	no	 	 
446	21:05:56:687	william	clay=0; ore=2; sheep=0; wheat=0; wood=3; unknown=0; knights=2; dev-cards=2	roads=[139,71; 71,156; 156,70; 70,72; 72,73]; settlements=[173,86; 86,90]; cities=[88,139]	no?	 	 
447	21:05:59:499	ljaybrad123	clay=0; ore=1; sheep=0; wheat=0; wood=0; unknown=0; knights=1; dev-cards=1	roads=[100,67; 67,84; 84,116; 116,133; 133,134; 134,135; 135,118; 118,50; 50,34; 34,35; 35,36; 36,37; 37,38]; settlements=[67,150; 150,118; 118,39; 39,52]	I cant do thursday....  but maybe niko could?	 	 
448	21:06:03:408	ljaybrad123	clay=0; ore=1; sheep=0; wheat=0; wood=0; unknown=0; knights=1; dev-cards=1	roads=[100,67; 67,84; 84,116; 116,133; 133,134; 134,135; 135,118; 118,50; 50,34; 34,35; 35,36; 36,37; 37,38]; settlements=[67,150; 150,118; 118,39; 39,52]	*tuesday	 	 
449	21:06:12:321	ljaybrad123	clay=0; ore=1; sheep=0; wheat=0; wood=0; unknown=0; knights=1; dev-cards=1	roads=[100,67; 67,84; 84,116; 116,133; 133,134; 134,135; 135,118; 118,50; 50,34; 34,35; 35,36; 36,37; 37,38]; settlements=[67,150; 150,118; 118,39; 39,52]	ill sit out that one?	 	 
450	21:06:19:652	william	clay=0; ore=2; sheep=0; wheat=0; wood=3; unknown=0; knights=2; dev-cards=2	roads=[139,71; 71,156; 156,70; 70,72; 72,73]; settlements=[173,86; 86,90]; cities=[88,139]	hmm. sure. we'll email him them	 	 
451	21:06:23:115	tomas.kostan	clay=1; ore=3; sheep=2; wheat=0; wood=1; unknown=0; knights=0; dev-cards=0	roads=[104,168; 168,105; 105,152; 152,136; 136,184; 184,106; 106,167; 167,166]; settlements=[120,169; 169,201]	ok then	 	 
452	21:06:34:050	tomas.kostan	clay=1; ore=3; sheep=2; wheat=0; wood=1; unknown=0; knights=0; dev-cards=0	roads=[104,168; 168,105; 105,152; 152,136; 136,184; 184,106; 106,167; 167,166]; settlements=[120,169; 169,201]	and another on thursday?	 	 
453	21:06:47:591	ljaybrad123	clay=0; ore=1; sheep=0; wheat=0; wood=0; unknown=0; knights=1; dev-cards=1	roads=[100,67; 67,84; 84,116; 116,133; 133,134; 134,135; 135,118; 118,50; 50,34; 34,35; 35,36; 36,37; 37,38]; settlements=[67,150; 150,118; 118,39; 39,52]	Thurs would be great  if we can	 	 
454	21:06:50:626	william	clay=0; ore=2; sheep=0; wheat=0; wood=3; unknown=0; knights=2; dev-cards=2	roads=[139,71; 71,156; 156,70; 70,72; 72,73]; settlements=[173,86; 86,90]; cities=[88,139]	fine	 	 
455	21:07:05:234	tomas.kostan	clay=1; ore=3; sheep=2; wheat=0; wood=1; unknown=0; knights=0; dev-cards=0	roads=[104,168; 168,105; 105,152; 152,136; 136,184; 184,106; 106,167; 167,166]; settlements=[120,169; 169,201]	i can too so it should be fine	 	 
456	21:07:07:766	ljaybrad123	clay=0; ore=1; sheep=0; wheat=0; wood=0; unknown=0; knights=1; dev-cards=1	roads=[100,67; 67,84; 84,116; 116,133; 133,134; 134,135; 135,118; 118,50; 50,34; 34,35; 35,36; 36,37; 37,38]; settlements=[67,150; 150,118; 118,39; 39,52]	i could even play 2 on thurs	 	 
457	21:07:29:178	tomas.kostan	clay=1; ore=3; sheep=2; wheat=0; wood=1; unknown=0; knights=0; dev-cards=0	roads=[104,168; 168,105; 105,152; 152,136; 136,184; 184,106; 106,167; 167,166]; settlements=[120,169; 169,201]	me too :)	 	 
458	21:07:39:607	tomas.kostan	clay=1; ore=3; sheep=2; wheat=0; wood=1; unknown=0; knights=0; dev-cards=0	roads=[104,168; 168,105; 105,152; 152,136; 136,184; 184,106; 106,167; 167,166]; settlements=[120,169; 169,201]	we just need to email niko	 	 
459	21:07:52:541	ljaybrad123	clay=0; ore=1; sheep=0; wheat=0; wood=0; unknown=0; knights=1; dev-cards=1	roads=[100,67; 67,84; 84,116; 116,133; 133,134; 134,135; 135,118; 118,50; 50,34; 34,35; 35,36; 36,37; 37,38]; settlements=[67,150; 150,118; 118,39; 39,52]	Does one of you want to send a group message to try get you two and niko on tues, and the other two 	 	 
460	21:07:59:688	william	clay=0; ore=2; sheep=0; wheat=0; wood=3; unknown=0; knights=2; dev-cards=2	roads=[139,71; 71,156; 156,70; 70,72; 72,73]; settlements=[173,86; 86,90]; cities=[88,139]	tomas, do you want to write an email to everyone?	 	 
461	21:08:08:730	tomas.kostan	clay=1; ore=3; sheep=2; wheat=0; wood=1; unknown=0; knights=0; dev-cards=0	roads=[104,168; 168,105; 105,152; 152,136; 136,184; 184,106; 106,167; 167,166]; settlements=[120,169; 169,201]	yes why not	 	 
462	21:08:11:990	tomas.kostan	clay=1; ore=3; sheep=2; wheat=0; wood=1; unknown=0; knights=0; dev-cards=0	roads=[104,168; 168,105; 105,152; 152,136; 136,184; 184,106; 106,167; 167,166]; settlements=[120,169; 169,201]	i will do it	 	 
463	21:08:12:217	ljaybrad123	clay=0; ore=1; sheep=0; wheat=0; wood=0; unknown=0; knights=1; dev-cards=1	roads=[100,67; 67,84; 84,116; 116,133; 133,134; 134,135; 135,118; 118,50; 50,34; 34,35; 35,36; 36,37; 37,38]; settlements=[67,150; 150,118; 118,39; 39,52]	thursday?	 	 
464	21:08:15:294	ljaybrad123	clay=0; ore=1; sheep=0; wheat=0; wood=0; unknown=0; knights=1; dev-cards=1	roads=[100,67; 67,84; 84,116; 116,133; 133,134; 134,135; 135,118; 118,50; 50,34; 34,35; 35,36; 36,37; 37,38]; settlements=[67,150; 150,118; 118,39; 39,52]	thankyou	 	 
465	21:08:19:753	william	clay=0; ore=2; sheep=0; wheat=0; wood=3; unknown=0; knights=2; dev-cards=2	roads=[139,71; 71,156; 156,70; 70,72; 72,73]; settlements=[173,86; 86,90]; cities=[88,139]	thx	 	 
466	21:08:22:086	ljaybrad123	clay=0; ore=1; sheep=0; wheat=0; wood=0; unknown=0; knights=1; dev-cards=1	roads=[100,67; 67,84; 84,116; 116,133; 133,134; 134,135; 135,118; 118,50; 50,34; 34,35; 35,36; 36,37; 37,38]; settlements=[67,150; 150,118; 118,39; 39,52]	ok I should go make some food	 	 
467	21:08:28:073	ljaybrad123	clay=0; ore=1; sheep=0; wheat=0; wood=0; unknown=0; knights=1; dev-cards=1	roads=[100,67; 67,84; 84,116; 116,133; 133,134; 134,135; 135,118; 118,50; 50,34; 34,35; 35,36; 36,37; 37,38]; settlements=[67,150; 150,118; 118,39; 39,52]	thanks for a great game guys	 	 
468	21:08:32:369	william	clay=0; ore=2; sheep=0; wheat=0; wood=3; unknown=0; knights=2; dev-cards=2	roads=[139,71; 71,156; 156,70; 70,72; 72,73]; settlements=[173,86; 86,90]; cities=[88,139]	later	 	 
469	21:08:33:712	ljaybrad123	clay=0; ore=1; sheep=0; wheat=0; wood=0; unknown=0; knights=1; dev-cards=1	roads=[100,67; 67,84; 84,116; 116,133; 133,134; 134,135; 135,118; 118,50; 50,34; 34,35; 35,36; 36,37; 37,38]; settlements=[67,150; 150,118; 118,39; 39,52]	oh	 	 
470	21:08:37:836	tomas.kostan	clay=1; ore=3; sheep=2; wheat=0; wood=1; unknown=0; knights=0; dev-cards=0	roads=[104,168; 168,105; 105,152; 152,136; 136,184; 184,106; 106,167; 167,166]; settlements=[120,169; 169,201]	thx see you later	 	 
471	21:08:40:076	ljaybrad123	clay=0; ore=1; sheep=0; wheat=0; wood=0; unknown=0; knights=1; dev-cards=1	roads=[100,67; 67,84; 84,116; 116,133; 133,134; 134,135; 135,118; 118,50; 50,34; 34,35; 35,36; 36,37; 37,38]; settlements=[67,150; 150,118; 118,39; 39,52]	please CC markus in	 	 
472	21:08:49:161	ljaybrad123	clay=0; ore=1; sheep=0; wheat=0; wood=0; unknown=0; knights=1; dev-cards=1	roads=[100,67; 67,84; 84,116; 116,133; 133,134; 134,135; 135,118; 118,50; 50,34; 34,35; 35,36; 36,37; 37,38]; settlements=[67,150; 150,118; 118,39; 39,52]	bye	 	 
473	21:08:49:651	tomas.kostan	clay=1; ore=3; sheep=2; wheat=0; wood=1; unknown=0; knights=0; dev-cards=0	roads=[104,168; 168,105; 105,152; 152,136; 136,184; 184,106; 106,167; 167,166]; settlements=[120,169; 169,201]	sure	 	 
474	21:08:52:528	tomas.kostan	clay=1; ore=3; sheep=2; wheat=0; wood=1; unknown=0; knights=0; dev-cards=0	roads=[104,168; 168,105; 105,152; 152,136; 136,184; 184,106; 106,167; 167,166]; settlements=[120,169; 169,201]	bb	 	 
