ID	Timestamp	Emitter	Resources	Buildups	Text	Annotation	Comment
1	17:05:19:098	gotwood4sheep	clay=0; ore=0; sheep=0; wheat=0; wood=0; unknown=0; knights=0; dev-cards=0		hi duncan!	 	 
2	17:06:46:887	dmm	clay=0; ore=0; sheep=0; wheat=0; wood=0; unknown=0; knights=0; dev-cards=0		hello!	 	 
3	17:09:26:474	gotwood4sheep	clay=0; ore=0; sheep=0; wheat=0; wood=0; unknown=0; knights=0; dev-cards=0		how's things?	 	 
4	17:09:46:250	dmm	clay=0; ore=0; sheep=0; wheat=0; wood=0; unknown=0; knights=0; dev-cards=0		not bad	 	 
5	17:09:51:130	dmm	clay=0; ore=0; sheep=0; wheat=0; wood=0; unknown=0; knights=0; dev-cards=0		i'm hoping i'll do a bit better this time!	 	 
6	17:10:42:415	gotwood4sheep	clay=0; ore=0; sheep=0; wheat=0; wood=0; unknown=0; knights=0; dev-cards=0		good luck :)	 	 
7	17:10:53:979	gotwood4sheep	clay=0; ore=0; sheep=0; wheat=0; wood=0; unknown=0; knights=0; dev-cards=0		we'll see how the board treats us when innis and LJ arrive :D	 	 
8	17:15:41:816	ljaybrad123	clay=0; ore=0; sheep=0; wheat=0; wood=0; unknown=0; knights=0; dev-cards=0		evening	 	 
9	17:16:35:977	gotwood4sheep	clay=0; ore=0; sheep=0; wheat=0; wood=0; unknown=0; knights=0; dev-cards=0		hey LJ	 	 
10	17:16:42:065	gotwood4sheep	clay=0; ore=0; sheep=0; wheat=0; wood=0; unknown=0; knights=0; dev-cards=0		hows you?	 	 
11	17:17:09:951	ljaybrad123	clay=0; ore=0; sheep=0; wheat=0; wood=0; unknown=0; knights=0; dev-cards=0		not too bad thanks, yourself	 	 
12	17:18:33:369	gotwood4sheep	clay=0; ore=0; sheep=0; wheat=0; wood=0; unknown=0; knights=0; dev-cards=0		pretty good	 	 
13	17:18:39:656	gotwood4sheep	clay=0; ore=0; sheep=0; wheat=0; wood=0; unknown=0; knights=0; dev-cards=0		got a board game evening to go to after ;)	 	 
14	17:18:43:823	gotwood4sheep	clay=0; ore=0; sheep=0; wheat=0; wood=0; unknown=0; knights=0; dev-cards=0		someone's got a pirate game arrrrrr	 	 
15	17:18:58:280	ljaybrad123	clay=0; ore=0; sheep=0; wheat=0; wood=0; unknown=0; knights=0; dev-cards=0		nice :)	 	 
16	17:19:07:839	ljaybrad123	clay=0; ore=0; sheep=0; wheat=0; wood=0; unknown=0; knights=0; dev-cards=0		i was tempted to hit games hub tomorrow	 	 
17	17:19:23:021	gotwood4sheep	clay=0; ore=0; sheep=0; wheat=0; wood=0; unknown=0; knights=0; dev-cards=0		good place	 	 
18	17:19:38:140	gotwood4sheep	clay=0; ore=0; sheep=0; wheat=0; wood=0; unknown=0; knights=0; dev-cards=0		I went there with a friend the first time a couple of weeks back	 	 
19	17:20:00:662	gotwood4sheep	clay=0; ore=0; sheep=0; wheat=0; wood=0; unknown=0; knights=0; dev-cards=0		we played metro and some temple/treasure-finding game I can't remember the name of	 	 
20	17:20:22:503	ljaybrad123	clay=0; ore=0; sheep=0; wheat=0; wood=0; unknown=0; knights=0; dev-cards=0		nice	 	 
21	17:23:17:306	gotwood4sheep	clay=0; ore=0; sheep=0; wheat=0; wood=0; unknown=0; knights=0; dev-cards=0		just innis to come	 	 
22	17:23:24:150	gotwood4sheep	clay=0; ore=0; sheep=0; wheat=0; wood=0; unknown=0; knights=0; dev-cards=0		he was one roll away from winning the last game, harsh	 	 
23	17:24:04:095	gotwood4sheep	clay=0; ore=0; sheep=0; wheat=0; wood=0; unknown=0; knights=0; dev-cards=0		Hey innis!	 	 
24	17:24:11:388	gotwood4sheep	clay=0; ore=0; sheep=0; wheat=0; wood=0; unknown=0; knights=0; dev-cards=0		grab a seat, we all ready to go?	 	 
25	17:24:14:301	inca	clay=0; ore=0; sheep=0; wheat=0; wood=0; unknown=0; knights=0; dev-cards=0		Hey all! Very punctual	 	 
26	17:24:21:596	inca	clay=0; ore=0; sheep=0; wheat=0; wood=0; unknown=0; knights=0; dev-cards=0		Let's go, good luck all	 	 
27	17:24:24:793	gotwood4sheep	clay=0; ore=0; sheep=0; wheat=0; wood=0; unknown=0; knights=0; dev-cards=0		oh come on	 	 
28	17:24:29:654	gotwood4sheep	clay=0; ore=0; sheep=0; wheat=0; wood=0; unknown=0; knights=0; dev-cards=0		I've been last all 3 times :P	 	 
29	17:24:39:623	dmm	clay=0; ore=0; sheep=0; wheat=0; wood=0; unknown=0; knights=0; dev-cards=0		i think last is quite good actually!	 	 
30	17:24:42:192	inca	clay=0; ore=0; sheep=0; wheat=0; wood=0; unknown=0; knights=0; dev-cards=0		haha, gutted	 	 
31	17:24:48:548	Server	 		dmm built a settlement.	 	 
32	17:24:49:305	Server	 		dmm built a road.	 	 
33	17:24:51:381	gotwood4sheep	clay=0; ore=0; sheep=0; wheat=0; wood=0; unknown=0; knights=0; dev-cards=0		swap ya ;)	 	 
34	17:24:58:822	ljaybrad123	clay=0; ore=0; sheep=0; wheat=0; wood=0; unknown=0; knights=0; dev-cards=0		gw4s... you do always sit in blue	 	 
35	17:25:00:999	Server	 		inca built a settlement.	 	 
36	17:25:01:797	dmm	clay=0; ore=0; sheep=0; wheat=0; wood=0; unknown=0; knights=0; dev-cards=0		you can plan things out better when you're last	 	 
37	17:25:02:044	Server	 		inca built a road.	 	 
38	17:25:44:301	Server	 		ljaybrad123 built a settlement.	 	 
39	17:25:49:997	gotwood4sheep	clay=0; ore=0; sheep=0; wheat=0; wood=0; unknown=0; knights=0; dev-cards=0		my lucky seat LJ ;)	 	 
40	17:25:51:773	Server	 		ljaybrad123 built a road.	 	 
41	17:26:20:071	Server	 		gotwood4sheep built a settlement.	 	 
42	17:26:21:224	Server	 		gotwood4sheep built a road.	 	 
43	17:26:24:811	Server	 		gotwood4sheep built a settlement.	 	 
44	17:26:25:986	Server	 		gotwood4sheep built a road.	 	 
45	17:26:30:400	Server	 		ljaybrad123 built a settlement.	 	 
46	17:26:32:657	Server	 		ljaybrad123 built a road.	 	 
47	17:26:46:252	Server	 		inca built a settlement.	 	 
48	17:26:49:312	Server	 		inca built a road.	 	 
49	17:26:58:156	Server	 		dmm built a settlement.	 	 
50	17:26:59:090	Server	 		dmm built a road.	 	 
51	17:27:01:220	Server	 		dmm rolled a 6 and a 6.	 	 
52	17:27:01:228	Server	 		No player gets anything.	 	 
53	17:27:04:553	gotwood4sheep	clay=1; ore=1; sheep=0; wheat=1; wood=0; unknown=0; knights=0; dev-cards=0	roads=[138,54]; settlements=[139,71]	gl all!	 	 
54	17:27:06:816	Server	 		dmm built a road.	 	 
55	17:27:12:217	Server	 		inca rolled a 5 and a 1.	 	 
56	17:27:12:218	Server	 		gotwood4sheep gets 1 clay. dmm gets 1 clay. ljaybrad123 gets 1 wheat.	 	 
57	17:27:19:348	Server	 		ljaybrad123 rolled a 3 and a 4.	 	 
58	17:27:48:187	Server	 		gotwood4sheep rolled a 4 and a 5.	 	 
59	17:27:48:189	Server	 		gotwood4sheep gets 1 wood. ljaybrad123 gets 1 wood.	 	 
60	17:27:51:569	Server	 		gotwood4sheep built a road.	 	 
61	17:27:53:927	Server	 		dmm rolled a 2 and a 6.	 	 
62	17:27:53:928	Server	 		dmm gets 1 ore. inca gets 1 clay, 1 ore. ljaybrad123 gets 1 ore.	 	 
63	17:27:59:724	Server	 		inca rolled a 2 and a 5.	 	 
64	17:28:19:496	gotwood4sheep	clay=0; ore=1; sheep=0; wheat=1; wood=0; unknown=0; knights=0; dev-cards=0	roads=[138,54; 54,38]; settlements=[139,71]	boo :D	 	 
65	17:28:35:381	inca	clay=2; ore=2; sheep=0; wheat=0; wood=0; unknown=0; knights=0; dev-cards=0	roads=[171,68]; settlements=[171,84]	:P	 	 
66	17:28:40:028	Server	 		ljaybrad123 built a road.	 	 
67	17:28:43:056	Server	 		ljaybrad123 built a road.	 	 
68	17:28:45:364	Server	 		ljaybrad123 rolled a 1 and a 3.	 	 
69	17:28:45:365	Server	 		gotwood4sheep gets 1 wheat. inca gets 1 wood.	 	 
70	17:28:55:155	gotwood4sheep	clay=0; ore=1; sheep=0; wheat=2; wood=0; unknown=0; knights=0; dev-cards=0	roads=[138,54; 54,38]; settlements=[139,71]	I didn't realise you could play the card before rolling	 	 
71	17:28:56:920	gotwood4sheep	clay=0; ore=1; sheep=0; wheat=2; wood=0; unknown=0; knights=0; dev-cards=0	roads=[138,54; 54,38]; settlements=[139,71]	interesting!	 	 
72	17:28:58:319	Server	 		gotwood4sheep rolled a 4 and a 4.	 	 
73	17:28:58:321	Server	 		dmm gets 1 ore. inca gets 1 clay, 1 ore. ljaybrad123 gets 1 ore.	 	 
74	17:29:02:991	Server	 		dmm rolled a 4 and a 3.	 	 
75	17:29:37:824	dmm	clay=2; ore=3; sheep=0; wheat=0; wood=0; unknown=0; knights=0; dev-cards=0	roads=[100,120; 120,136]; settlements=[116,120]	i suppose this is pretty unlikely, but does anybody have 2 wheat they'd give me for 2 clay?	 	 
76	17:29:44:153	inca	clay=3; ore=3; sheep=0; wheat=0; wood=1; unknown=0; knights=0; dev-cards=0	roads=[171,68]; settlements=[171,84]	sorry, no wheat	 	 
77	17:29:48:549	gotwood4sheep	clay=0; ore=0; sheep=0; wheat=2; wood=0; unknown=0; knights=0; dev-cards=0	roads=[138,54; 54,38]; settlements=[139,71]	not after I got stoled from :(	 	 
78	17:29:54:671	ljaybrad123	clay=0; ore=2; sheep=0; wheat=0; wood=1; unknown=0; knights=0; dev-cards=0	roads=[167,82; 82,98; 98,114]; settlements=[184,82]	sorry	 	 
79	17:30:04:255	dmm	clay=2; ore=3; sheep=0; wheat=0; wood=0; unknown=0; knights=0; dev-cards=0	roads=[100,120; 120,136]; settlements=[116,120]	i did think that was a bit optimistic	 	 
80	17:30:11:145	Server	 		inca rolled a 4 and a 5.	 	 
81	17:30:11:146	Server	 		gotwood4sheep gets 1 wood. ljaybrad123 gets 1 wood.	 	 
82	17:30:21:411	Server	 		inca built a road.	 	 
83	17:30:33:364	Server	 		ljaybrad123 rolled a 4 and a 1.	 	 
84	17:30:33:365	Server	 		gotwood4sheep gets 1 clay. dmm gets 1 clay, 1 sheep.	 	 
85	17:31:16:210	Server	 		gotwood4sheep rolled a 2 and a 6.	 	 
86	17:31:16:211	Server	 		dmm gets 1 ore. inca gets 1 clay, 1 ore. ljaybrad123 gets 1 ore.	 	 
87	17:31:26:659	gotwood4sheep	clay=1; ore=0; sheep=0; wheat=2; wood=1; unknown=0; knights=0; dev-cards=0	roads=[138,54; 54,38]; settlements=[139,71]	dmm will swap you a wheat for a sheep?	 	 
88	17:31:32:034	gotwood4sheep	clay=1; ore=0; sheep=0; wheat=2; wood=1; unknown=0; knights=0; dev-cards=0	roads=[138,54; 54,38]; settlements=[139,71]	if 1 will do it for ya	 	 
89	17:32:46:714	gotwood4sheep	clay=1; ore=0; sheep=0; wheat=2; wood=1; unknown=0; knights=0; dev-cards=0	roads=[138,54; 54,38]; settlements=[139,71]	or anyone else if dmm is snoozing, anyone got a sheep to trade for a wheat?	 	 
90	17:32:52:584	inca	clay=3; ore=4; sheep=0; wheat=0; wood=0; unknown=0; knights=0; dev-cards=0	roads=[171,68; 68,52]; settlements=[171,84]	sorry, not me	 	 
91	17:33:25:356	gotwood4sheep	clay=1; ore=0; sheep=0; wheat=2; wood=1; unknown=0; knights=0; dev-cards=0	roads=[138,54; 54,38]; settlements=[139,71]	LJ? dmm?	 	 
92	17:33:40:007	gotwood4sheep	clay=1; ore=0; sheep=0; wheat=2; wood=1; unknown=0; knights=0; dev-cards=0	roads=[138,54; 54,38]; settlements=[139,71]	uh ohhh	 	 
93	17:33:42:027	ljaybrad123	clay=0; ore=3; sheep=0; wheat=0; wood=2; unknown=0; knights=0; dev-cards=0	roads=[167,82; 82,98; 98,114]; settlements=[184,82]	none sorry	 	 
94	17:33:46:878	inca	clay=3; ore=4; sheep=0; wheat=0; wood=0; unknown=0; knights=0; dev-cards=0	roads=[171,68; 68,52]; settlements=[171,84]	has he disappeared?	 	 
95	17:33:48:682	gotwood4sheep	clay=1; ore=0; sheep=0; wheat=2; wood=1; unknown=0; knights=0; dev-cards=0	roads=[138,54; 54,38]; settlements=[139,71]	dmm has died	 	 
96	17:33:54:959	ljaybrad123	clay=0; ore=3; sheep=0; wheat=0; wood=2; unknown=0; knights=0; dev-cards=0	roads=[167,82; 82,98; 98,114]; settlements=[184,82]	oh dear	 	 
97	17:34:03:808	ljaybrad123	clay=0; ore=3; sheep=0; wheat=0; wood=2; unknown=0; knights=0; dev-cards=0	roads=[167,82; 82,98; 98,114]; settlements=[184,82]	give him a sec, could be internets	 	 
98	17:34:16:068	gotwood4sheep	clay=1; ore=0; sheep=0; wheat=2; wood=1; unknown=0; knights=0; dev-cards=0	roads=[138,54; 54,38]; settlements=[139,71]	i'll load up gmail in case he can't sit back down :/	 	 
99	17:35:02:504	gotwood4sheep	clay=1; ore=0; sheep=0; wheat=2; wood=1; unknown=0; knights=0; dev-cards=0	roads=[138,54; 54,38]; settlements=[139,71]	uh ohh	 	 
100	17:35:51:791	inca	clay=3; ore=4; sheep=0; wheat=0; wood=0; unknown=0; knights=0; dev-cards=0	roads=[171,68; 68,52]; settlements=[171,84]	hooray	 	 
101	17:35:51:944	gotwood4sheep	clay=1; ore=0; sheep=0; wheat=2; wood=1; unknown=0; knights=0; dev-cards=0	roads=[138,54; 54,38]; settlements=[139,71]	hello again	 	 
102	17:35:54:915	gotwood4sheep	clay=1; ore=0; sheep=0; wheat=2; wood=1; unknown=0; knights=0; dev-cards=0	roads=[138,54; 54,38]; settlements=[139,71]	phew	 	 
103	17:35:56:614	dmm	clay=3; ore=4; sheep=1; wheat=0; wood=0; unknown=0; knights=0; dev-cards=0	roads=[100,120; 120,136]; settlements=[116,120]	hey, really sorry about that	 	 
104	17:35:58:479	gotwood4sheep	clay=1; ore=0; sheep=0; wheat=2; wood=1; unknown=0; knights=0; dev-cards=0	roads=[138,54; 54,38]; settlements=[139,71]	I was worried it may lock you out	 	 
105	17:36:01:608	dmm	clay=3; ore=4; sheep=1; wheat=0; wood=0; unknown=0; knights=0; dev-cards=0	roads=[100,120; 120,136]; settlements=[116,120]	my internet just reset itself twice	 	 
106	17:36:05:488	gotwood4sheep	clay=1; ore=0; sheep=0; wheat=2; wood=1; unknown=0; knights=0; dev-cards=0	roads=[138,54; 54,38]; settlements=[139,71]	d'oh	 	 
107	17:36:10:554	dmm	clay=3; ore=4; sheep=1; wheat=0; wood=0; unknown=0; knights=0; dev-cards=0	roads=[100,120; 120,136]; settlements=[116,120]	what did i miss	 	 
108	17:36:14:810	gotwood4sheep	clay=1; ore=0; sheep=0; wheat=2; wood=1; unknown=0; knights=0; dev-cards=0	roads=[138,54; 54,38]; settlements=[139,71]	to return, I was proposing a wheat for a sheep	 	 
109	17:36:15:705	ljaybrad123	clay=0; ore=3; sheep=0; wheat=0; wood=2; unknown=0; knights=0; dev-cards=0	roads=[167,82; 82,98; 98,114]; settlements=[184,82]	glad to see it now allows you back in	 	 
110	17:36:17:256	gotwood4sheep	clay=1; ore=0; sheep=0; wheat=2; wood=1; unknown=0; knights=0; dev-cards=0	roads=[138,54; 54,38]; settlements=[139,71]	if you will take 1	 	 
111	17:36:38:721	dmm	clay=3; ore=4; sheep=1; wheat=0; wood=0; unknown=0; knights=0; dev-cards=0	roads=[100,120; 120,136]; settlements=[116,120]	ah yes, i had been trying to say that i would've needed 2 wheat, but now i've changed my plan anyway	 	 
112	17:37:00:197	gotwood4sheep	clay=1; ore=0; sheep=0; wheat=2; wood=1; unknown=0; knights=0; dev-cards=0	roads=[138,54; 54,38]; settlements=[139,71]	so you now need no wheat, or you have changed your plan to take 1?	 	 
113	17:37:10:983	inca	clay=3; ore=4; sheep=0; wheat=0; wood=0; unknown=0; knights=0; dev-cards=0	roads=[171,68; 68,52]; settlements=[171,84]	haha, you really want this wheat	 	 
114	17:37:14:745	dmm	clay=3; ore=4; sheep=1; wheat=0; wood=0; unknown=0; knights=0; dev-cards=0	roads=[100,120; 120,136]; settlements=[116,120]	i won't be needing it	 	 
115	17:37:15:222	gotwood4sheep	clay=1; ore=0; sheep=0; wheat=2; wood=1; unknown=0; knights=0; dev-cards=0	roads=[138,54; 54,38]; settlements=[139,71]	sheep*	 	 
116	17:37:15:548	inca	clay=3; ore=4; sheep=0; wheat=0; wood=0; unknown=0; knights=0; dev-cards=0	roads=[171,68; 68,52]; settlements=[171,84]	sheep*	 	 
117	17:37:23:972	gotwood4sheep	clay=1; ore=0; sheep=0; wheat=2; wood=1; unknown=0; knights=0; dev-cards=0	roads=[138,54; 54,38]; settlements=[139,71]	kk no worries	 	 
118	17:37:26:627	gotwood4sheep	clay=1; ore=0; sheep=0; wheat=2; wood=1; unknown=0; knights=0; dev-cards=0	roads=[138,54; 54,38]; settlements=[139,71]	sorry for the delay	 	 
119	17:37:33:124	dmm	clay=3; ore=4; sheep=1; wheat=0; wood=0; unknown=0; knights=0; dev-cards=0	roads=[100,120; 120,136]; settlements=[116,120]	not your fault	 	 
120	17:37:41:033	Server	 		gotwood4sheep built a road.	 	 
121	17:37:45:495	Server	 		dmm rolled a 3 and a 3.	 	 
122	17:37:45:497	Server	 		gotwood4sheep gets 1 clay. dmm gets 1 clay. ljaybrad123 gets 1 wheat.	 	 
123	17:38:12:796	dmm	clay=4; ore=4; sheep=1; wheat=0; wood=0; unknown=0; knights=0; dev-cards=0	roads=[100,120; 120,136]; settlements=[116,120]	anybody willing to give me a wood? i can trade clay or ore for it	 	 
124	17:38:20:321	gotwood4sheep	clay=1; ore=0; sheep=0; wheat=2; wood=0; unknown=0; knights=0; dev-cards=0	roads=[138,54; 54,38; 38,71]; settlements=[139,71]	no woods sorry	 	 
125	17:38:23:518	inca	clay=3; ore=4; sheep=0; wheat=0; wood=0; unknown=0; knights=0; dev-cards=0	roads=[171,68; 68,52]; settlements=[171,84]	haha, was about to ask exactly the same thing	 	 
126	17:38:26:869	inca	clay=3; ore=4; sheep=0; wheat=0; wood=0; unknown=0; knights=0; dev-cards=0	roads=[171,68; 68,52]; settlements=[171,84]	sorry, none here	 	 
127	17:38:29:153	ljaybrad123	clay=0; ore=3; sheep=0; wheat=1; wood=2; unknown=0; knights=0; dev-cards=0	roads=[167,82; 82,98; 98,114]; settlements=[184,82]	illl have a clay for one	 	 
128	17:38:35:682	Server	 		dmm traded 4 ore for 1 wood from the bank.	 	 
129	17:38:41:048	ljaybrad123	clay=0; ore=3; sheep=0; wheat=1; wood=2; unknown=0; knights=0; dev-cards=0	roads=[167,82; 82,98; 98,114]; settlements=[184,82]	or not	 	 
130	17:38:47:402	gotwood4sheep	clay=1; ore=0; sheep=0; wheat=2; wood=0; unknown=0; knights=0; dev-cards=0	roads=[138,54; 54,38; 38,71]; settlements=[139,71]	d'oh!	 	 
131	17:38:50:748	dmm	clay=4; ore=0; sheep=1; wheat=0; wood=1; unknown=0; knights=0; dev-cards=0	roads=[100,120; 120,136]; settlements=[116,120]	oh well	 	 
132	17:38:52:190	Server	 		inca rolled a 6 and a 5.	 	 
133	17:38:52:191	Server	 		gotwood4sheep gets 1 ore. dmm gets 1 wood.	 	 
134	17:39:01:840	inca	clay=3; ore=4; sheep=0; wheat=0; wood=0; unknown=0; knights=0; dev-cards=0	roads=[171,68; 68,52]; settlements=[171,84]	i'll do that trade with you lj	 	 
135	17:39:03:738	dmm	clay=4; ore=0; sheep=1; wheat=0; wood=2; unknown=0; knights=0; dev-cards=0	roads=[100,120; 120,136]; settlements=[116,120]	haha i ended up getting a wood on that roll anyway	 	 
136	17:39:07:731	ljaybrad123	clay=0; ore=3; sheep=0; wheat=1; wood=2; unknown=0; knights=0; dev-cards=0	roads=[167,82; 82,98; 98,114]; settlements=[184,82]	sure	 	 
137	17:39:11:927	gotwood4sheep	clay=1; ore=1; sheep=0; wheat=2; wood=0; unknown=0; knights=0; dev-cards=0	roads=[138,54; 54,38; 38,71]; settlements=[139,71]	typicale !	 	 
138	17:39:14:533	dmm	clay=4; ore=0; sheep=1; wheat=0; wood=2; unknown=0; knights=0; dev-cards=0	roads=[100,120; 120,136]; settlements=[116,120]	bad planning by me there	 	 
139	17:39:16:670	Server	 		inca made an offer to trade 1 clay for 1 wood.	 	 
140	17:39:20:957	Server	 		inca traded 1 clay for 1 wood from ljaybrad123.	 	 
141	17:39:33:733	Server	 		ljaybrad123 rolled a 4 and a 6.	 	 
142	17:39:33:734	Server	 		dmm gets 1 wheat.	 	 
143	17:40:00:955	ljaybrad123	clay=1; ore=3; sheep=0; wheat=1; wood=1; unknown=0; knights=0; dev-cards=0	roads=[167,82; 82,98; 98,114]; settlements=[184,82]	anyone have a sheep? can offer ore	 	 
144	17:40:06:886	inca	clay=2; ore=4; sheep=0; wheat=0; wood=1; unknown=0; knights=0; dev-cards=0	roads=[171,68; 68,52]; settlements=[171,84]	sorry, nope	 	 
145	17:40:08:377	gotwood4sheep	clay=1; ore=1; sheep=0; wheat=2; wood=0; unknown=0; knights=0; dev-cards=0	roads=[138,54; 54,38; 38,71]; settlements=[139,71]	the robber's sitting on my field sadly	 	 
146	17:40:12:815	gotwood4sheep	clay=1; ore=1; sheep=0; wheat=2; wood=0; unknown=0; knights=0; dev-cards=0	roads=[138,54; 54,38; 38,71]; settlements=[139,71]	mine and inca's	 	 
147	17:40:16:387	dmm	clay=4; ore=0; sheep=1; wheat=1; wood=2; unknown=0; knights=0; dev-cards=0	roads=[100,120; 120,136]; settlements=[116,120]	sorry, i need mine	 	 
148	17:40:20:538	Server	 		ljaybrad123 built a road.	 	 
149	17:40:29:785	Server	 		gotwood4sheep rolled a 6 and a 3.	 	 
150	17:40:29:786	Server	 		gotwood4sheep gets 1 wood. ljaybrad123 gets 1 wood.	 	 
151	17:40:42:987	Server	 		dmm rolled a 6 and a 1.	 	 
152	17:40:46:575	gotwood4sheep	clay=1; ore=1; sheep=0; wheat=2; wood=1; unknown=0; knights=0; dev-cards=0	roads=[138,54; 54,38; 38,71]; settlements=[139,71]	ouch	 	 
153	17:41:09:450	Server	 		dmm built a settlement.	 	 
154	17:41:14:347	Server	 		inca rolled a 4 and a 2.	 	 
155	17:41:14:348	Server	 		gotwood4sheep gets 1 clay. dmm gets 1 clay. ljaybrad123 gets 1 wheat.	 	 
156	17:41:27:098	inca	clay=2; ore=3; sheep=0; wheat=0; wood=1; unknown=0; knights=0; dev-cards=0	roads=[171,68; 68,52]; settlements=[171,84]	does anyone have wheat to spare? i can give clay or ore	 	 
157	17:41:36:939	ljaybrad123	clay=0; ore=3; sheep=0; wheat=2; wood=1; unknown=0; knights=0; dev-cards=0	roads=[167,82; 82,98; 98,114; 114,131]; settlements=[184,82]	i have wheat	 	 
158	17:41:42:766	ljaybrad123	clay=0; ore=3; sheep=0; wheat=2; wood=1; unknown=0; knights=0; dev-cards=0	roads=[167,82; 82,98; 98,114; 114,131]; settlements=[184,82]	can i have clay please	 	 
159	17:41:45:454	inca	clay=2; ore=3; sheep=0; wheat=0; wood=1; unknown=0; knights=0; dev-cards=0	roads=[171,68; 68,52]; settlements=[171,84]	sure thing	 	 
160	17:41:53:696	Server	 		inca made an offer to trade 1 clay for 1 wheat.	 	 
161	17:41:57:434	Server	 		inca traded 1 clay for 1 wheat from ljaybrad123.	 	 
162	17:42:00:642	inca	clay=1; ore=3; sheep=0; wheat=1; wood=1; unknown=0; knights=0; dev-cards=0	roads=[171,68; 68,52]; settlements=[171,84]	cheers!	 	 
163	17:42:04:802	Server	 		ljaybrad123 rolled a 6 and a 4.	 	 
164	17:42:04:804	Server	 		gotwood4sheep gets 1 sheep. dmm gets 1 wheat. inca gets 1 sheep.	 	 
165	17:42:20:336	ljaybrad123	clay=1; ore=3; sheep=0; wheat=1; wood=1; unknown=0; knights=0; dev-cards=0	roads=[167,82; 82,98; 98,114; 114,131]; settlements=[184,82]	can i have one of those sheep please anyone?	 	 
166	17:42:26:897	gotwood4sheep	clay=2; ore=1; sheep=1; wheat=2; wood=1; unknown=0; knights=0; dev-cards=0	roads=[138,54; 54,38; 38,71]; settlements=[139,71]	ask inca	 	 
167	17:42:30:150	gotwood4sheep	clay=2; ore=1; sheep=1; wheat=2; wood=1; unknown=0; knights=0; dev-cards=0	roads=[138,54; 54,38; 38,71]; settlements=[139,71]	mine is too deer	 	 
168	17:42:30:805	inca	clay=1; ore=3; sheep=1; wheat=1; wood=1; unknown=0; knights=0; dev-cards=0	roads=[171,68; 68,52]; settlements=[171,84]	sorry, need mine	 	 
169	17:42:32:978	inca	clay=1; ore=3; sheep=1; wheat=1; wood=1; unknown=0; knights=0; dev-cards=0	roads=[171,68; 68,52]; settlements=[171,84]	haha	 	 
170	17:42:42:241	dmm	clay=1; ore=1; sheep=0; wheat=1; wood=0; unknown=0; knights=0; dev-cards=0	roads=[100,120; 120,136]; settlements=[116,120; 120,152]	i'm out of sheep	 	 
171	17:42:42:466	ljaybrad123	clay=1; ore=3; sheep=0; wheat=1; wood=1; unknown=0; knights=0; dev-cards=0	roads=[167,82; 82,98; 98,114; 114,131]; settlements=[184,82]	could give a couple of ore...	 	 
172	17:42:59:999	inca	clay=1; ore=3; sheep=1; wheat=1; wood=1; unknown=0; knights=0; dev-cards=0	roads=[171,68; 68,52]; settlements=[171,84]	sorry, got some already	 	 
173	17:43:14:799	Server	 		ljaybrad123 built a road.	 	 
174	17:43:20:523	Server	 		gotwood4sheep rolled a 4 and a 4.	 	 
175	17:43:20:524	Server	 		dmm gets 1 ore. inca gets 1 ore. ljaybrad123 gets 1 ore.	 	 
176	17:43:23:532	Server	 		gotwood4sheep built a settlement.	 	 
177	17:43:26:690	Server	 		dmm rolled a 6 and a 2.	 	 
178	17:43:26:693	Server	 		dmm gets 1 ore. inca gets 1 ore. ljaybrad123 gets 1 ore.	 	 
179	17:43:38:551	dmm	clay=1; ore=3; sheep=0; wheat=1; wood=0; unknown=0; knights=0; dev-cards=0	roads=[100,120; 120,136]; settlements=[116,120; 120,152]	anybody with a wheat? i can offer clay	 	 
180	17:43:43:492	inca	clay=1; ore=5; sheep=1; wheat=1; wood=1; unknown=0; knights=0; dev-cards=0	roads=[171,68; 68,52]; settlements=[171,84]	afraid not	 	 
181	17:43:49:668	gotwood4sheep	clay=1; ore=1; sheep=0; wheat=1; wood=0; unknown=0; knights=0; dev-cards=0	roads=[138,54; 54,38; 38,71]; settlements=[139,71; 71,39]	no needs clay :/	 	 
182	17:43:54:564	ljaybrad123	clay=0; ore=5; sheep=0; wheat=1; wood=0; unknown=0; knights=0; dev-cards=0	roads=[167,82; 82,98; 98,114; 114,131; 131,132]; settlements=[184,82]	sorry	 	 
183	17:43:57:225	ljaybrad123	clay=0; ore=5; sheep=0; wheat=1; wood=0; unknown=0; knights=0; dev-cards=0	roads=[167,82; 82,98; 98,114; 114,131; 131,132]; settlements=[184,82]	i have ore...	 	 
184	17:43:59:271	Server	 		inca rolled a 3 and a 5.	 	 
185	17:43:59:273	Server	 		dmm gets 1 ore. inca gets 1 ore. ljaybrad123 gets 1 ore.	 	 
186	17:44:03:870	ljaybrad123	clay=0; ore=6; sheep=0; wheat=1; wood=0; unknown=0; knights=0; dev-cards=0	roads=[167,82; 82,98; 98,114; 114,131; 131,132]; settlements=[184,82]	llots of ore :p	 	 
187	17:44:10:116	inca	clay=1; ore=6; sheep=1; wheat=1; wood=1; unknown=0; knights=0; dev-cards=0	roads=[171,68; 68,52]; settlements=[171,84]	haha me too, 6 now	 	 
188	17:44:16:163	gotwood4sheep	clay=1; ore=1; sheep=0; wheat=1; wood=0; unknown=0; knights=0; dev-cards=0	roads=[138,54; 54,38; 38,71]; settlements=[139,71; 71,39]	it's mining itself :D	 	 
189	17:44:20:119	Server	 		inca built a settlement.	 	 
190	17:44:42:073	Server	 		inca traded 3 ore for 1 wheat from a port.	 	 
191	17:44:48:440	Server	 		ljaybrad123 rolled a 3 and a 5.	 	 
192	17:44:48:447	Server	 		dmm gets 1 ore. inca gets 1 ore. ljaybrad123 gets 1 ore.	 	 
193	17:44:59:700	dmm	clay=1; ore=5; sheep=0; wheat=1; wood=0; unknown=0; knights=0; dev-cards=0	roads=[100,120; 120,136]; settlements=[116,120; 120,152]	i'm getting lots of ore too!	 	 
194	17:45:21:786	ljaybrad123	clay=0; ore=7; sheep=0; wheat=1; wood=0; unknown=0; knights=0; dev-cards=0	roads=[167,82; 82,98; 98,114; 114,131; 131,132]; settlements=[184,82]	ok, anyone want ore before i trade with bank?	 	 
195	17:45:27:017	dmm	clay=1; ore=5; sheep=0; wheat=1; wood=0; unknown=0; knights=0; dev-cards=0	roads=[100,120; 120,136]; settlements=[116,120; 120,152]	nope	 	 
196	17:45:31:996	gotwood4sheep	clay=1; ore=1; sheep=0; wheat=1; wood=0; unknown=0; knights=0; dev-cards=0	roads=[138,54; 54,38; 38,71]; settlements=[139,71; 71,39]	what you after	 	 
197	17:45:37:927	ljaybrad123	clay=0; ore=7; sheep=0; wheat=1; wood=0; unknown=0; knights=0; dev-cards=0	roads=[167,82; 82,98; 98,114; 114,131; 131,132]; settlements=[184,82]	clay or sheep	 	 
198	17:45:43:190	gotwood4sheep	clay=1; ore=1; sheep=0; wheat=1; wood=0; unknown=0; knights=0; dev-cards=0	roads=[138,54; 54,38; 38,71]; settlements=[139,71; 71,39]	i hast clay	 	 
199	17:45:53:605	ljaybrad123	clay=0; ore=7; sheep=0; wheat=1; wood=0; unknown=0; knights=0; dev-cards=0	roads=[167,82; 82,98; 98,114; 114,131; 131,132]; settlements=[184,82]	2 ore?	 	 
200	17:46:03:083	gotwood4sheep	clay=1; ore=1; sheep=0; wheat=1; wood=0; unknown=0; knights=0; dev-cards=0	roads=[138,54; 54,38; 38,71]; settlements=[139,71; 71,39]	if you'll take just the 1 clay i have for it	 	 
201	17:46:07:562	ljaybrad123	clay=0; ore=7; sheep=0; wheat=1; wood=0; unknown=0; knights=0; dev-cards=0	roads=[167,82; 82,98; 98,114; 114,131; 131,132]; settlements=[184,82]	yep	 	 
202	17:46:09:731	gotwood4sheep	clay=1; ore=1; sheep=0; wheat=1; wood=0; unknown=0; knights=0; dev-cards=0	roads=[138,54; 54,38; 38,71]; settlements=[139,71; 71,39]	done	 	 
203	17:46:16:336	Server	 		ljaybrad123 made an offer to trade 2 ore for 1 clay.	 	 
204	17:46:19:679	Server	 		ljaybrad123 traded 2 ore for 1 clay from gotwood4sheep.	 	 
205	17:46:54:186	Server	 		ljaybrad123 traded 4 ore for 1 sheep from the bank.	 	 
206	17:47:03:269	Server	 		gotwood4sheep rolled a 6 and a 6.	 	 
207	17:47:03:271	Server	 		No player gets anything.	 	 
208	17:47:06:881	Server	 		dmm rolled a 2 and a 4.	 	 
209	17:47:06:883	Server	 		gotwood4sheep gets 1 clay. dmm gets 1 clay. ljaybrad123 gets 1 wheat.	 	 
210	17:47:16:047	dmm	clay=2; ore=5; sheep=0; wheat=1; wood=0; unknown=0; knights=0; dev-cards=0	roads=[100,120; 120,136]; settlements=[116,120; 120,152]	any wheat now?	 	 
211	17:47:19:907	dmm	clay=2; ore=5; sheep=0; wheat=1; wood=0; unknown=0; knights=0; dev-cards=0	roads=[100,120; 120,136]; settlements=[116,120; 120,152]	i can give clay or ore	 	 
212	17:47:24:613	gotwood4sheep	clay=1; ore=3; sheep=0; wheat=1; wood=0; unknown=0; knights=0; dev-cards=0	roads=[138,54; 54,38; 38,71]; settlements=[139,71; 71,39]	no ta	 	 
213	17:47:28:257	gotwood4sheep	clay=1; ore=3; sheep=0; wheat=1; wood=0; unknown=0; knights=0; dev-cards=0	roads=[138,54; 54,38; 38,71]; settlements=[139,71; 71,39]	that was LJs gambit	 	 
214	17:47:28:374	inca	clay=0; ore=4; sheep=0; wheat=1; wood=0; unknown=0; knights=0; dev-cards=0	roads=[171,68; 68,52]; settlements=[171,84; 84,52]	sorry	 	 
215	17:47:57:464	dmm	clay=2; ore=5; sheep=0; wheat=1; wood=0; unknown=0; knights=0; dev-cards=0	roads=[100,120; 120,136]; settlements=[116,120; 120,152]	lj? interested?	 	 
216	17:48:04:759	ljaybrad123	clay=1; ore=0; sheep=0; wheat=1; wood=0; unknown=0; knights=0; dev-cards=1	roads=[167,82; 82,98; 98,114; 114,131; 131,132]; settlements=[184,82]	sorry	 	 
217	17:48:13:617	Server	 		dmm traded 4 ore for 1 sheep from the bank.	 	 
218	17:48:17:951	Server	 		inca rolled a 3 and a 3.	 	 
219	17:48:17:952	Server	 		gotwood4sheep gets 1 clay. dmm gets 1 clay. ljaybrad123 gets 1 wheat.	 	 
220	17:48:52:233	Server	 		ljaybrad123 rolled a 1 and a 4.	 	 
221	17:48:52:237	Server	 		gotwood4sheep gets 1 clay. dmm gets 1 clay, 1 sheep.	 	 
222	17:48:54:394	gotwood4sheep	clay=2; ore=3; sheep=0; wheat=1; wood=0; unknown=0; knights=0; dev-cards=0	roads=[138,54; 54,38; 38,71]; settlements=[139,71; 71,39]	:(	 	 
223	17:49:02:151	Server	 		gotwood4sheep rolled a 5 and a 3.	 	 
224	17:49:02:152	Server	 		dmm gets 1 ore. inca gets 1 clay, 1 ore. ljaybrad123 gets 1 ore.	 	 
225	17:49:10:972	Server	 		dmm rolled a 3 and a 6.	 	 
226	17:49:10:973	Server	 		gotwood4sheep gets 1 wood. dmm gets 1 wood. ljaybrad123 gets 1 wood.	 	 
227	17:49:18:666	Server	 		dmm built a road.	 	 
228	17:49:48:028	Server	 		inca rolled a 1 and a 6.	 	 
229	17:50:05:062	gotwood4sheep	clay=2; ore=3; sheep=0; wheat=1; wood=1; unknown=0; knights=0; dev-cards=0	roads=[138,54; 54,38; 38,71]; settlements=[139,71; 71,39]	tit for tat ;)	 	 
230	17:50:14:495	Server	 		ljaybrad123 rolled a 6 and a 6.	 	 
231	17:50:14:496	Server	 		No player gets anything.	 	 
232	17:50:30:939	ljaybrad123	clay=2; ore=1; sheep=0; wheat=2; wood=1; unknown=0; knights=1; dev-cards=0	roads=[167,82; 82,98; 98,114; 114,131; 131,132]; settlements=[184,82]	anyone have a sheep for clay or ore?	 	 
233	17:50:35:395	inca	clay=1; ore=3; sheep=0; wheat=0; wood=0; unknown=0; knights=0; dev-cards=1	roads=[171,68; 68,52]; settlements=[171,84; 84,52]	afraid not	 	 
234	17:50:37:028	ljaybrad123	clay=2; ore=1; sheep=0; wheat=2; wood=1; unknown=0; knights=1; dev-cards=0	roads=[167,82; 82,98; 98,114; 114,131; 131,132]; settlements=[184,82]	or wheat	 	 
235	17:50:37:631	dmm	clay=3; ore=2; sheep=0; wheat=0; wood=0; unknown=0; knights=1; dev-cards=0	roads=[100,120; 120,136; 136,101]; settlements=[116,120; 120,152]	nope	 	 
236	17:50:39:078	gotwood4sheep	clay=2; ore=3; sheep=0; wheat=1; wood=1; unknown=0; knights=0; dev-cards=0	roads=[138,54; 54,38; 38,71]; settlements=[139,71; 71,39]	no sheep here, sorry :(	 	 
237	17:50:44:704	gotwood4sheep	clay=2; ore=3; sheep=0; wheat=1; wood=1; unknown=0; knights=0; dev-cards=0	roads=[138,54; 54,38; 38,71]; settlements=[139,71; 71,39]	can do wood for wheat but not sheep	 	 
238	17:50:51:993	Server	 		ljaybrad123 built a road.	 	 
239	17:50:57:009	ljaybrad123	clay=1; ore=1; sheep=0; wheat=2; wood=0; unknown=0; knights=1; dev-cards=0	roads=[167,82; 82,98; 98,114; 114,131; 131,132; 132,133]; settlements=[184,82]	that would be good	 	 
240	17:51:03:621	gotwood4sheep	clay=2; ore=3; sheep=0; wheat=1; wood=1; unknown=0; knights=0; dev-cards=0	roads=[138,54; 54,38; 38,71]; settlements=[139,71; 71,39]	my wood for yer wheat	 	 
241	17:51:07:554	Server	 		ljaybrad123 made an offer to trade 1 wheat for 1 wood.	 	 
242	17:51:09:857	Server	 		ljaybrad123 traded 1 wheat for 1 wood from gotwood4sheep.	 	 
243	17:51:13:091	gotwood4sheep	clay=2; ore=3; sheep=0; wheat=2; wood=0; unknown=0; knights=0; dev-cards=0	roads=[138,54; 54,38; 38,71]; settlements=[139,71; 71,39]	pleasure	 	 
244	17:51:18:243	Server	 		ljaybrad123 built a road.	 	 
245	17:51:24:329	Server	 		gotwood4sheep rolled a 2 and a 4.	 	 
246	17:51:24:330	Server	 		ljaybrad123 gets 1 wheat.	 	 
247	17:51:27:967	Server	 		gotwood4sheep built a city.	 	 
248	17:51:32:171	Server	 		dmm rolled a 2 and a 6.	 	 
249	17:51:32:172	Server	 		dmm gets 1 ore. inca gets 1 clay, 1 ore. ljaybrad123 gets 1 ore.	 	 
250	17:51:49:894	dmm	clay=3; ore=3; sheep=0; wheat=0; wood=0; unknown=0; knights=1; dev-cards=0	roads=[100,120; 120,136; 136,101]; settlements=[116,120; 120,152]	anybody with wood? i'll give ore or clay	 	 
251	17:51:54:213	inca	clay=2; ore=4; sheep=0; wheat=0; wood=0; unknown=0; knights=0; dev-cards=1	roads=[171,68; 68,52]; settlements=[171,84; 84,52]	sorry, not me	 	 
252	17:51:55:152	gotwood4sheep	clay=2; ore=0; sheep=0; wheat=0; wood=0; unknown=0; knights=0; dev-cards=0	roads=[138,54; 54,38; 38,71]; settlements=[139,39]	just lost mine sorry	 	 
253	17:52:07:008	ljaybrad123	clay=0; ore=2; sheep=0; wheat=2; wood=0; unknown=0; knights=1; dev-cards=0	roads=[167,82; 82,98; 98,114; 114,131; 131,132; 132,133; 133,150]; settlements=[184,82]	none sorry	 	 
254	17:52:13:948	Server	 		inca rolled a 3 and a 2.	 	 
255	17:52:13:950	Server	 		gotwood4sheep gets 1 clay. dmm gets 1 clay, 1 sheep.	 	 
256	17:52:23:433	Server	 		inca traded 3 ore for 1 wood from a port.	 	 
257	17:52:29:705	Server	 		inca built a road.	 	 
258	17:52:36:452	Server	 		ljaybrad123 rolled a 6 and a 6.	 	 
259	17:52:36:453	Server	 		No player gets anything.	 	 
260	17:52:45:488	Server	 		gotwood4sheep rolled a 5 and a 1.	 	 
261	17:52:45:489	Server	 		ljaybrad123 gets 1 wheat.	 	 
262	17:52:51:500	Server	 		dmm rolled a 2 and a 1.	 	 
263	17:52:51:501	Server	 		inca gets 1 sheep. ljaybrad123 gets 1 sheep.	 	 
264	17:53:13:467	dmm	clay=4; ore=3; sheep=1; wheat=0; wood=0; unknown=0; knights=1; dev-cards=0	roads=[100,120; 120,136; 136,101]; settlements=[116,120; 120,152]	can anybody give me a couple of wheat? i'll give clay in return	 	 
265	17:53:18:935	inca	clay=1; ore=1; sheep=1; wheat=0; wood=0; unknown=0; knights=0; dev-cards=1	roads=[171,68; 68,52; 52,172]; settlements=[171,84; 84,52]	no wheat here, sorry	 	 
266	17:53:19:338	gotwood4sheep	clay=3; ore=0; sheep=0; wheat=0; wood=0; unknown=0; knights=0; dev-cards=0	roads=[138,54; 54,38; 38,71]; settlements=[139,39]	no wheat sorry	 	 
267	17:53:24:834	gotwood4sheep	clay=3; ore=0; sheep=0; wheat=0; wood=0; unknown=0; knights=0; dev-cards=0	roads=[138,54; 54,38; 38,71]; settlements=[139,39]	think clay is in abundance this game	 	 
268	17:53:28:017	gotwood4sheep	clay=3; ore=0; sheep=0; wheat=0; wood=0; unknown=0; knights=0; dev-cards=0	roads=[138,54; 54,38; 38,71]; settlements=[139,39]	unlike last one :)	 	 
269	17:53:38:717	ljaybrad123	clay=0; ore=2; sheep=1; wheat=3; wood=0; unknown=0; knights=1; dev-cards=0	roads=[167,82; 82,98; 98,114; 114,131; 131,132; 132,133; 133,150]; settlements=[184,82]	and a lack of sheep	 	 
270	17:53:56:281	dmm	clay=4; ore=3; sheep=1; wheat=0; wood=0; unknown=0; knights=1; dev-cards=0	roads=[100,120; 120,136; 136,101]; settlements=[116,120; 120,152]	how about wood? again i can offer clay	 	 
271	17:54:09:318	ljaybrad123	clay=0; ore=2; sheep=1; wheat=3; wood=0; unknown=0; knights=1; dev-cards=0	roads=[167,82; 82,98; 98,114; 114,131; 131,132; 132,133; 133,150]; settlements=[184,82]	sorry	 	 
272	17:54:11:240	gotwood4sheep	clay=3; ore=0; sheep=0; wheat=0; wood=0; unknown=0; knights=0; dev-cards=0	roads=[138,54; 54,38; 38,71]; settlements=[139,39]	nup	 	 
273	17:54:12:462	ljaybrad123	clay=0; ore=2; sheep=1; wheat=3; wood=0; unknown=0; knights=1; dev-cards=0	roads=[167,82; 82,98; 98,114; 114,131; 131,132; 132,133; 133,150]; settlements=[184,82]	who wants what>?	 	 
274	17:54:14:213	inca	clay=1; ore=1; sheep=1; wheat=0; wood=0; unknown=0; knights=0; dev-cards=1	roads=[171,68; 68,52; 52,172]; settlements=[171,84; 84,52]	none again, sorry	 	 
275	17:54:18:526	ljaybrad123	clay=0; ore=2; sheep=1; wheat=3; wood=0; unknown=0; knights=1; dev-cards=0	roads=[167,82; 82,98; 98,114; 114,131; 131,132; 132,133; 133,150]; settlements=[184,82]	im confused	 	 
276	17:54:26:605	dmm	clay=4; ore=3; sheep=1; wheat=0; wood=0; unknown=0; knights=1; dev-cards=0	roads=[100,120; 120,136; 136,101]; settlements=[116,120; 120,152]	i'd like wheat or wood	 	 
277	17:54:29:667	gotwood4sheep	clay=3; ore=0; sheep=0; wheat=0; wood=0; unknown=0; knights=0; dev-cards=0	roads=[138,54; 54,38; 38,71]; settlements=[139,39]	dmm is looking to shovel his bricks off his resource pile	 	 
278	17:54:30:393	dmm	clay=4; ore=3; sheep=1; wheat=0; wood=0; unknown=0; knights=1; dev-cards=0	roads=[100,120; 120,136; 136,101]; settlements=[116,120; 120,152]	and i can give clay	 	 
279	17:54:35:771	ljaybrad123	clay=0; ore=2; sheep=1; wheat=3; wood=0; unknown=0; knights=1; dev-cards=0	roads=[167,82; 82,98; 98,114; 114,131; 131,132; 132,133; 133,150]; settlements=[184,82]	i can give wheat for clay	 	 
280	17:54:49:962	dmm	clay=4; ore=3; sheep=1; wheat=0; wood=0; unknown=0; knights=1; dev-cards=0	roads=[100,120; 120,136; 136,101]; settlements=[116,120; 120,152]	cool, can you do 2 for 2?	 	 
281	17:54:59:508	ljaybrad123	clay=0; ore=2; sheep=1; wheat=3; wood=0; unknown=0; knights=1; dev-cards=0	roads=[167,82; 82,98; 98,114; 114,131; 131,132; 132,133; 133,150]; settlements=[184,82]	yes	 	 
282	17:55:09:030	Server	 		dmm made an offer to trade 2 clay for 2 wheat.	 	 
283	17:55:12:589	Server	 		dmm traded 2 clay for 2 wheat from ljaybrad123.	 	 
284	17:55:17:870	Server	 		dmm built a city.	 	 
285	17:55:24:198	Server	 		inca rolled a 2 and a 6.	 	 
286	17:55:24:200	Server	 		dmm gets 2 ore. inca gets 1 clay, 1 ore. ljaybrad123 gets 1 ore.	 	 
287	17:55:25:606	dmm	clay=2; ore=2; sheep=1; wheat=0; wood=0; unknown=0; knights=1; dev-cards=0	roads=[100,120; 120,136; 136,101]; settlements=[120,152]	thanks!	 	 
288	17:55:39:552	Server	 		ljaybrad123 rolled a 5 and a 4.	 	 
289	17:55:39:553	Server	 		gotwood4sheep gets 1 wood. dmm gets 1 wood. ljaybrad123 gets 1 wood.	 	 
290	17:56:00:047	Server	 		ljaybrad123 built a settlement.	 	 
291	17:56:20:453	ljaybrad123	clay=1; ore=3; sheep=0; wheat=0; wood=0; unknown=0; knights=1; dev-cards=0	roads=[167,82; 82,98; 98,114; 114,131; 131,132; 132,133; 133,150]; settlements=[184,82; 82,131]	anyone have wood for ore?	 	 
292	17:56:26:396	inca	clay=2; ore=2; sheep=1; wheat=0; wood=0; unknown=0; knights=0; dev-cards=1	roads=[171,68; 68,52; 52,172]; settlements=[171,84; 84,52]	no wood, sorry	 	 
293	17:56:30:253	dmm	clay=2; ore=2; sheep=1; wheat=0; wood=1; unknown=0; knights=1; dev-cards=0	roads=[100,120; 120,136; 136,101]; settlements=[120,152]	i'm afraid not	 	 
294	17:56:33:972	gotwood4sheep	clay=3; ore=0; sheep=0; wheat=0; wood=1; unknown=0; knights=0; dev-cards=0	roads=[138,54; 54,38; 38,71]; settlements=[139,39]	only the 1 wood which I planned to use, sorry	 	 
295	17:56:38:960	gotwood4sheep	clay=3; ore=0; sheep=0; wheat=0; wood=1; unknown=0; knights=0; dev-cards=0	roads=[138,54; 54,38; 38,71]; settlements=[139,39]	ore on its own's no good for me	 	 
296	17:56:48:551	Server	 		gotwood4sheep rolled a 5 and a 5.	 	 
297	17:56:48:552	Server	 		gotwood4sheep gets 1 sheep. dmm gets 2 wheat. inca gets 1 sheep.	 	 
298	17:56:51:937	Server	 		gotwood4sheep built a road.	 	 
299	17:56:55:392	Server	 		dmm rolled a 3 and a 2.	 	 
300	17:56:55:394	Server	 		gotwood4sheep gets 1 clay. dmm gets 1 clay, 2 sheep. ljaybrad123 gets 1 sheep.	 	 
301	17:57:13:796	Server	 		dmm built a settlement.	 	 
302	17:57:32:793	Server	 		inca rolled a 4 and a 5.	 	 
303	17:57:32:800	Server	 		gotwood4sheep gets 1 wood. dmm gets 1 wood. ljaybrad123 gets 1 wood.	 	 
304	17:57:56:420	dmm	clay=2; ore=1; sheep=1; wheat=0; wood=1; unknown=0; knights=1; dev-cards=1	roads=[100,120; 120,136; 136,101]; settlements=[120,152; 152,118]	wow, i'm already beating my score from last time!	 	 
305	17:58:01:593	inca	clay=2; ore=3; sheep=2; wheat=0; wood=0; unknown=0; knights=1; dev-cards=0	roads=[171,68; 68,52; 52,172]; settlements=[171,84; 84,52]	do you still have any spare wheat lj? or anyone else?	 	 
306	17:58:04:389	gotwood4sheep	clay=3; ore=0; sheep=1; wheat=0; wood=1; unknown=0; knights=0; dev-cards=0	roads=[138,54; 54,38; 38,71; 71,122]; settlements=[139,39]	you're roaring	 	 
307	17:58:06:909	ljaybrad123	clay=1; ore=2; sheep=1; wheat=0; wood=1; unknown=0; knights=1; dev-cards=0	roads=[167,82; 82,98; 98,114; 114,131; 131,132; 132,133; 133,150]; settlements=[184,82; 82,131]	no wheat sorry	 	 
308	17:58:08:473	dmm	clay=2; ore=1; sheep=1; wheat=0; wood=1; unknown=0; knights=1; dev-cards=1	roads=[100,120; 120,136; 136,101]; settlements=[120,152; 152,118]	no wheat here	 	 
309	17:58:08:881	gotwood4sheep	clay=3; ore=0; sheep=1; wheat=0; wood=1; unknown=0; knights=0; dev-cards=0	roads=[138,54; 54,38; 38,71; 71,122]; settlements=[139,39]	no wheat here	 	 
310	17:58:14:838	dmm	clay=2; ore=1; sheep=1; wheat=0; wood=1; unknown=0; knights=1; dev-cards=1	roads=[100,120; 120,136; 136,101]; settlements=[120,152; 152,118]	jinx	 	 
311	17:58:16:931	Server	 		ljaybrad123 rolled a 6 and a 6.	 	 
312	17:58:16:932	Server	 		No player gets anything.	 	 
313	17:58:19:312	gotwood4sheep	clay=3; ore=0; sheep=1; wheat=0; wood=1; unknown=0; knights=0; dev-cards=0	roads=[138,54; 54,38; 38,71; 71,122]; settlements=[139,39]	3 settlements a city a soldier and a card!	 	 
314	17:58:22:792	gotwood4sheep	clay=3; ore=0; sheep=1; wheat=0; wood=1; unknown=0; knights=0; dev-cards=0	roads=[138,54; 54,38; 38,71; 71,122]; settlements=[139,39]	you're steaming ahead	 	 
315	17:58:51:295	ljaybrad123	clay=1; ore=2; sheep=1; wheat=0; wood=1; unknown=0; knights=1; dev-cards=0	roads=[167,82; 82,98; 98,114; 114,131; 131,132; 132,133; 133,150]; settlements=[184,82; 82,131]	anyone have wheat for ore?	 	 
316	17:58:56:332	gotwood4sheep	clay=3; ore=0; sheep=1; wheat=0; wood=1; unknown=0; knights=0; dev-cards=0	roads=[138,54; 54,38; 38,71; 71,122]; settlements=[139,39]	still no wheat	 	 
317	17:58:59:557	inca	clay=2; ore=3; sheep=2; wheat=0; wood=0; unknown=0; knights=1; dev-cards=0	roads=[171,68; 68,52; 52,172]; settlements=[171,84; 84,52]	nope, sorry	 	 
318	17:58:59:617	dmm	clay=2; ore=1; sheep=1; wheat=0; wood=1; unknown=0; knights=1; dev-cards=1	roads=[100,120; 120,136; 136,101]; settlements=[120,152; 152,118]	nope	 	 
319	17:59:01:801	gotwood4sheep	clay=3; ore=0; sheep=1; wheat=0; wood=1; unknown=0; knights=0; dev-cards=0	roads=[138,54; 54,38; 38,71; 71,122]; settlements=[139,39]	I don't beieve a 4 has been rolled for some time	 	 
320	17:59:05:879	gotwood4sheep	clay=3; ore=0; sheep=1; wheat=0; wood=1; unknown=0; knights=0; dev-cards=0	roads=[138,54; 54,38; 38,71; 71,122]; settlements=[139,39]	believe*	 	 
321	17:59:06:593	Server	 		ljaybrad123 built a road.	 	 
322	17:59:18:759	Server	 		gotwood4sheep rolled a 1 and a 2.	 	 
323	17:59:18:760	Server	 		dmm gets 1 sheep. inca gets 1 sheep. ljaybrad123 gets 1 sheep.	 	 
324	17:59:22:566	Server	 		gotwood4sheep built a road.	 	 
325	17:59:25:378	Server	 		dmm rolled a 2 and a 3.	 	 
326	17:59:25:383	Server	 		gotwood4sheep gets 1 clay. dmm gets 1 clay, 2 sheep. ljaybrad123 gets 1 sheep.	 	 
327	17:59:47:678	Server	 		dmm built a road.	 	 
328	18:00:04:215	dmm	clay=2; ore=2; sheep=4; wheat=0; wood=0; unknown=0; knights=2; dev-cards=0	roads=[100,120; 120,136; 136,101; 101,135]; settlements=[120,152; 152,118]	any wood? i can give a sheep	 	 
329	18:00:09:337	inca	clay=2; ore=3; sheep=3; wheat=0; wood=0; unknown=0; knights=1; dev-cards=0	roads=[171,68; 68,52; 52,172]; settlements=[171,84; 84,52]	none, sorry	 	 
330	18:00:10:818	gotwood4sheep	clay=3; ore=0; sheep=1; wheat=0; wood=0; unknown=0; knights=0; dev-cards=0	roads=[138,54; 54,38; 38,71; 71,122; 122,106]; settlements=[139,39]	none here	 	 
331	18:00:13:404	ljaybrad123	clay=0; ore=1; sheep=3; wheat=0; wood=0; unknown=0; knights=1; dev-cards=0	roads=[167,82; 82,98; 98,114; 114,131; 131,132; 132,133; 133,150; 150,184]; settlements=[184,82; 82,131]	nope	 	 
332	18:00:18:839	dmm	clay=2; ore=2; sheep=4; wheat=0; wood=0; unknown=0; knights=2; dev-cards=0	roads=[100,120; 120,136; 136,101; 101,135]; settlements=[120,152; 152,118]	i would also take a wheat!	 	 
333	18:00:23:539	gotwood4sheep	clay=3; ore=0; sheep=1; wheat=0; wood=0; unknown=0; knights=0; dev-cards=0	roads=[138,54; 54,38; 38,71; 71,122; 122,106]; settlements=[139,39]	or dat...	 	 
334	18:00:26:527	inca	clay=2; ore=3; sheep=3; wheat=0; wood=0; unknown=0; knights=1; dev-cards=0	roads=[171,68; 68,52; 52,172]; settlements=[171,84; 84,52]	same	 	 
335	18:00:27:779	ljaybrad123	clay=0; ore=1; sheep=3; wheat=0; wood=0; unknown=0; knights=1; dev-cards=0	roads=[167,82; 82,98; 98,114; 114,131; 131,132; 132,133; 133,150; 150,184]; settlements=[184,82; 82,131]	none	 	 
336	18:00:59:770	dmm	clay=2; ore=2; sheep=4; wheat=0; wood=0; unknown=0; knights=2; dev-cards=0	roads=[100,120; 120,136; 136,101; 101,135]; settlements=[120,152; 152,118]	oh well	 	 
337	18:01:03:956	Server	 		dmm traded 4 sheep for 1 wood from the bank.	 	 
338	18:01:11:060	Server	 		dmm built a road.	 	 
339	18:01:15:026	Server	 		inca rolled a 2 and a 3.	 	 
340	18:01:15:028	Server	 		gotwood4sheep gets 1 clay. dmm gets 1 clay, 2 sheep. ljaybrad123 gets 1 sheep.	 	 
341	18:01:17:300	dmm	clay=2; ore=2; sheep=2; wheat=0; wood=0; unknown=0; knights=2; dev-cards=0	roads=[100,120; 120,136; 136,101; 101,135; 135,134]; settlements=[120,152; 152,118]	the bank is so expensive!	 	 
342	18:01:25:570	gotwood4sheep	clay=4; ore=0; sheep=1; wheat=0; wood=0; unknown=0; knights=0; dev-cards=0	roads=[138,54; 54,38; 38,71; 71,122; 122,106]; settlements=[139,39]	trop cher	 	 
343	18:01:39:525	Server	 		inca traded 3 sheep for 1 wood from a port.	 	 
344	18:01:56:707	Server	 		ljaybrad123 rolled a 5 and a 4.	 	 
345	18:01:56:712	Server	 		gotwood4sheep gets 1 wood. dmm gets 1 wood. ljaybrad123 gets 1 wood.	 	 
346	18:02:09:294	ljaybrad123	clay=0; ore=1; sheep=4; wheat=0; wood=1; unknown=0; knights=1; dev-cards=0	roads=[167,82; 82,98; 98,114; 114,131; 131,132; 132,133; 133,150; 150,184]; settlements=[184,82; 82,131]	anyone have wheat?	 	 
347	18:02:12:980	gotwood4sheep	clay=4; ore=0; sheep=1; wheat=0; wood=1; unknown=0; knights=0; dev-cards=0	roads=[138,54; 54,38; 38,71; 71,122; 122,106]; settlements=[139,39]	still none	 	 
348	18:02:14:709	inca	clay=2; ore=3; sheep=0; wheat=0; wood=1; unknown=0; knights=1; dev-cards=0	roads=[171,68; 68,52; 52,172]; settlements=[171,84; 84,52]	heh nope	 	 
349	18:02:16:286	dmm	clay=2; ore=2; sheep=2; wheat=0; wood=1; unknown=0; knights=2; dev-cards=0	roads=[100,120; 120,136; 136,101; 101,135; 135,134]; settlements=[120,152; 152,118]	unfortunately not	 	 
350	18:02:23:315	gotwood4sheep	clay=4; ore=0; sheep=1; wheat=0; wood=1; unknown=0; knights=0; dev-cards=0	roads=[138,54; 54,38; 38,71; 71,122; 122,106]; settlements=[139,39]	lulz	 	 
351	18:02:24:844	gotwood4sheep	clay=4; ore=0; sheep=1; wheat=0; wood=1; unknown=0; knights=0; dev-cards=0	roads=[138,54; 54,38; 38,71; 71,122; 122,106]; settlements=[139,39]	bad harvest	 	 
352	18:02:25:879	ljaybrad123	clay=0; ore=1; sheep=4; wheat=0; wood=1; unknown=0; knights=1; dev-cards=0	roads=[167,82; 82,98; 98,114; 114,131; 131,132; 132,133; 133,150; 150,184]; settlements=[184,82; 82,131]	wood?	 	 
353	18:02:34:271	inca	clay=2; ore=3; sheep=0; wheat=0; wood=1; unknown=0; knights=1; dev-cards=0	roads=[171,68; 68,52; 52,172]; settlements=[171,84; 84,52]	sorry, need mine	 	 
354	18:02:36:884	dmm	clay=2; ore=2; sheep=2; wheat=0; wood=1; unknown=0; knights=2; dev-cards=0	roads=[100,120; 120,136; 136,101; 101,135; 135,134]; settlements=[120,152; 152,118]	same here	 	 
355	18:02:38:201	gotwood4sheep	clay=4; ore=0; sheep=1; wheat=0; wood=1; unknown=0; knights=0; dev-cards=0	roads=[138,54; 54,38; 38,71; 71,122; 122,106]; settlements=[139,39]	only for wheat :/	 	 
356	18:02:52:112	Server	 		ljaybrad123 traded 3 sheep for 1 wheat from a port.	 	 
357	18:02:59:984	Server	 		gotwood4sheep rolled a 6 and a 2.	 	 
358	18:02:59:985	Server	 		dmm gets 2 ore. inca gets 1 clay, 1 ore. ljaybrad123 gets 1 ore.	 	 
359	18:03:06:171	Server	 		dmm rolled a 5 and a 3.	 	 
360	18:03:06:172	Server	 		dmm gets 2 ore. inca gets 1 clay, 1 ore. ljaybrad123 gets 1 ore.	 	 
361	18:03:11:276	gotwood4sheep	clay=4; ore=0; sheep=1; wheat=0; wood=1; unknown=0; knights=0; dev-cards=0	roads=[138,54; 54,38; 38,71; 71,122; 122,106]; settlements=[139,39]	8s all the time!	 	 
362	18:03:12:481	gotwood4sheep	clay=4; ore=0; sheep=1; wheat=0; wood=1; unknown=0; knights=0; dev-cards=0	roads=[138,54; 54,38; 38,71; 71,122; 122,106]; settlements=[139,39]	sheesh	 	 
363	18:03:13:427	Server	 		dmm traded 4 ore for 1 wheat from the bank.	 	 
364	18:03:15:657	Server	 		dmm built a settlement.	 	 
365	18:03:28:152	Server	 		inca rolled a 5 and a 6.	 	 
366	18:03:28:153	Server	 		gotwood4sheep gets 3 ore. dmm gets 3 wood.	 	 
367	18:04:14:303	Server	 		inca traded 3 ore for 1 sheep from a port.	 	 
368	18:04:20:705	Server	 		inca traded 3 clay for 1 wheat from a port.	 	 
369	18:04:36:481	Server	 		inca built a settlement.	 	 
370	18:04:44:883	gotwood4sheep	clay=4; ore=3; sheep=1; wheat=0; wood=1; unknown=0; knights=0; dev-cards=0	roads=[138,54; 54,38; 38,71; 71,122; 122,106]; settlements=[139,39]	damn lj he broke your  road	 	 
371	18:04:46:084	gotwood4sheep	clay=4; ore=3; sheep=1; wheat=0; wood=1; unknown=0; knights=0; dev-cards=0	roads=[138,54; 54,38; 38,71; 71,122; 122,106]; settlements=[139,39]	how mean	 	 
372	18:05:07:673	ljaybrad123	clay=0; ore=2; sheep=0; wheat=0; wood=1; unknown=0; knights=1; dev-cards=1	roads=[167,82; 82,98; 98,114; 114,131; 131,132; 132,133; 133,150; 150,184]; settlements=[184,82; 82,131]	i still keep the road right?	 	 
373	18:05:11:419	gotwood4sheep	clay=4; ore=3; sheep=1; wheat=0; wood=1; unknown=0; knights=0; dev-cards=0	roads=[138,54; 54,38; 38,71; 71,122; 122,106]; settlements=[139,39]	nope	 	 
374	18:05:16:886	ljaybrad123	clay=0; ore=2; sheep=0; wheat=0; wood=1; unknown=0; knights=1; dev-cards=1	roads=[167,82; 82,98; 98,114; 114,131; 131,132; 132,133; 133,150; 150,184]; settlements=[184,82; 82,131]	what?>	 	 
375	18:05:17:533	gotwood4sheep	clay=4; ore=3; sheep=1; wheat=0; wood=1; unknown=0; knights=0; dev-cards=0	roads=[138,54; 54,38; 38,71; 71,122; 122,106]; settlements=[139,39]	only to his settlement	 	 
376	18:05:19:090	gotwood4sheep	clay=4; ore=3; sheep=1; wheat=0; wood=1; unknown=0; knights=0; dev-cards=0	roads=[138,54; 54,38; 38,71; 71,122; 122,106]; settlements=[139,39]	so it's 6 now	 	 
377	18:05:25:996	ljaybrad123	clay=0; ore=2; sheep=0; wheat=0; wood=1; unknown=0; knights=1; dev-cards=1	roads=[167,82; 82,98; 98,114; 114,131; 131,132; 132,133; 133,150; 150,184]; settlements=[184,82; 82,131]	these rules are different to the real rules	 	 
378	18:05:40:502	Server	 		ljaybrad123 rolled a 2 and a 1.	 	 
379	18:05:40:507	Server	 		dmm gets 1 sheep. inca gets 1 sheep. ljaybrad123 gets 1 sheep.	 	 
380	18:07:00:115	Server	 		gotwood4sheep rolled a 6 and a 2.	 	 
381	18:07:00:116	Server	 		dmm gets 2 ore. inca gets 1 clay, 1 ore. ljaybrad123 gets 1 ore.	 	 
382	18:07:10:803	gotwood4sheep	clay=4; ore=3; sheep=1; wheat=0; wood=1; unknown=0; knights=0; dev-cards=0	roads=[138,54; 54,38; 38,71; 71,122; 122,106]; settlements=[139,39]	i think you can keep building on it but it's not longest	 	 
383	18:07:16:955	Server	 		gotwood4sheep traded 2 ore for 1 wheat from a port.	 	 
384	18:07:19:032	Server	 		gotwood4sheep built a settlement.	 	 
385	18:07:25:890	Server	 		dmm rolled a 3 and a 4.	 	 
386	18:07:48:446	gotwood4sheep	clay=2; ore=1; sheep=0; wheat=0; wood=0; unknown=0; knights=0; dev-cards=0	roads=[138,54; 54,38; 38,71; 71,122; 122,106]; settlements=[139,39; 39,107]	booooo	 	 
387	18:07:49:122	gotwood4sheep	clay=2; ore=1; sheep=0; wheat=0; wood=0; unknown=0; knights=0; dev-cards=0	roads=[138,54; 54,38; 38,71; 71,122; 122,106]; settlements=[139,39; 39,107]	!	 	 
388	18:07:59:511	dmm	clay=2; ore=2; sheep=1; wheat=0; wood=1; unknown=0; knights=2; dev-cards=0	roads=[100,120; 120,136; 136,101; 101,135; 135,134]; settlements=[120,152; 152,118; 118,150]	sorry, you are the biggest threat just now :P	 	 
389	18:08:05:269	inca	clay=1; ore=3; sheep=1; wheat=0; wood=0; unknown=0; knights=1; dev-cards=0	roads=[171,68; 68,52; 52,172]; settlements=[171,84; 84,52; 52,173]	:(	 	 
390	18:08:07:025	Server	 		dmm built a road.	 	 
391	18:08:12:724	Server	 		inca rolled a 6 and a 1.	 	 
392	18:08:29:912	inca	clay=1; ore=4; sheep=1; wheat=0; wood=0; unknown=0; knights=1; dev-cards=0	roads=[171,68; 68,52; 52,172]; settlements=[171,84; 84,52; 52,173]	just for that remark	 	 
393	18:08:38:073	gotwood4sheep	clay=2; ore=1; sheep=0; wheat=0; wood=0; unknown=0; knights=0; dev-cards=0	roads=[138,54; 54,38; 38,71; 71,122; 122,106]; settlements=[139,39; 39,107]	haha	 	 
394	18:08:43:254	dmm	clay=1; ore=1; sheep=1; wheat=0; wood=0; unknown=0; knights=2; dev-cards=0	roads=[100,120; 120,136; 136,101; 101,135; 135,134; 134,118]; settlements=[120,152; 152,118; 118,150]	i expected no less	 	 
395	18:08:43:521	gotwood4sheep	clay=2; ore=1; sheep=0; wheat=0; wood=0; unknown=0; knights=0; dev-cards=0	roads=[138,54; 54,38; 38,71; 71,122; 122,106]; settlements=[139,39; 39,107]	dmm you're the top threat	 	 
396	18:08:43:542	Server	 		inca traded 3 ore for 1 wood from a port.	 	 
397	18:08:52:553	gotwood4sheep	clay=2; ore=1; sheep=0; wheat=0; wood=0; unknown=0; knights=0; dev-cards=0	roads=[138,54; 54,38; 38,71; 71,122; 122,106]; settlements=[139,39; 39,107]	you're a coupla roads and a soldier from victory :/	 	 
398	18:08:56:934	Server	 		inca built a road.	 	 
399	18:09:04:235	Server	 		ljaybrad123 rolled a 2 and a 1.	 	 
400	18:09:04:237	Server	 		dmm gets 1 sheep. inca gets 1 sheep. ljaybrad123 gets 1 sheep.	 	 
401	18:09:08:803	gotwood4sheep	clay=2; ore=1; sheep=0; wheat=0; wood=0; unknown=0; knights=0; dev-cards=0	roads=[138,54; 54,38; 38,71; 71,122; 122,106]; settlements=[139,39; 39,107]	http://www.catan.com/en/download/?SoC_rv_Rules_091907.pdf	 	 
402	18:09:08:932	dmm	clay=1; ore=1; sheep=2; wheat=0; wood=0; unknown=0; knights=2; dev-cards=0	roads=[100,120; 120,136; 136,101; 101,135; 135,134; 134,118]; settlements=[120,152; 152,118; 118,150]	ah yes but i can hardly put the robber next to one of my own!	 	 
403	18:09:12:742	gotwood4sheep	clay=2; ore=1; sheep=0; wheat=0; wood=0; unknown=0; knights=0; dev-cards=0	roads=[138,54; 54,38; 38,71; 71,122; 122,106]; settlements=[139,39; 39,107]	page 9 LJ	 	 
404	18:09:29:688	gotwood4sheep	clay=2; ore=1; sheep=0; wheat=0; wood=0; unknown=0; knights=0; dev-cards=0	roads=[138,54; 54,38; 38,71; 71,122; 122,106]; settlements=[139,39; 39,107]	"""you can break an opponent's road by building a settlement on an open intersection"""	 	 
405	18:09:36:828	gotwood4sheep	clay=2; ore=1; sheep=0; wheat=0; wood=0; unknown=0; knights=0; dev-cards=0	roads=[138,54; 54,38; 38,71; 71,122; 122,106]; settlements=[139,39; 39,107]	afraid catan has sunk ya	 	 
406	18:09:48:386	ljaybrad123	clay=0; ore=3; sheep=2; wheat=0; wood=1; unknown=0; knights=1; dev-cards=1	roads=[167,82; 82,98; 98,114; 114,131; 131,132; 132,133; 133,150; 150,184]; settlements=[184,82; 82,131]	anyone have wheat or clay?	 	 
407	18:09:52:861	gotwood4sheep	clay=2; ore=1; sheep=0; wheat=0; wood=0; unknown=0; knights=0; dev-cards=0	roads=[138,54; 54,38; 38,71; 71,122; 122,106]; settlements=[139,39; 39,107]	i got clay	 	 
408	18:10:01:287	ljaybrad123	clay=0; ore=3; sheep=2; wheat=0; wood=1; unknown=0; knights=1; dev-cards=1	roads=[167,82; 82,98; 98,114; 114,131; 131,132; 132,133; 133,150; 150,184]; settlements=[184,82; 82,131]	for ore?	 	 
409	18:10:07:701	gotwood4sheep	clay=2; ore=1; sheep=0; wheat=0; wood=0; unknown=0; knights=0; dev-cards=0	roads=[138,54; 54,38; 38,71; 71,122; 122,106]; settlements=[139,39; 39,107]	afraid not, wood only	 	 
410	18:10:09:680	inca	clay=0; ore=1; sheep=2; wheat=0; wood=0; unknown=0; knights=1; dev-cards=0	roads=[171,68; 68,52; 52,172; 172,188]; settlements=[171,84; 84,52; 52,173]	neither here, sorry	 	 
411	18:10:18:382	dmm	clay=1; ore=1; sheep=2; wheat=0; wood=0; unknown=0; knights=2; dev-cards=0	roads=[100,120; 120,136; 136,101; 101,135; 135,134; 134,118]; settlements=[120,152; 152,118; 118,150]	no wheat, and i think i need my clay	 	 
412	18:10:24:511	dmm	clay=1; ore=1; sheep=2; wheat=0; wood=0; unknown=0; knights=2; dev-cards=0	roads=[100,120; 120,136; 136,101; 101,135; 135,134; 134,118]; settlements=[120,152; 152,118; 118,150]	sorry :/	 	 
413	18:10:38:473	Server	 		ljaybrad123 traded 3 ore for 1 clay from a port.	 	 
414	18:10:43:746	Server	 		ljaybrad123 built a road.	 	 
415	18:10:55:115	Server	 		gotwood4sheep rolled a 2 and a 3.	 	 
416	18:10:55:116	Server	 		gotwood4sheep gets 1 clay. dmm gets 1 clay, 2 sheep. ljaybrad123 gets 1 sheep.	 	 
417	18:10:59:549	Server	 		dmm rolled a 5 and a 1.	 	 
418	18:10:59:551	Server	 		ljaybrad123 gets 1 wheat.	 	 
419	18:11:12:559	dmm	clay=2; ore=1; sheep=4; wheat=0; wood=0; unknown=0; knights=2; dev-cards=0	roads=[100,120; 120,136; 136,101; 101,135; 135,134; 134,118]; settlements=[120,152; 152,118; 118,150]	does anybody have wheat?	 	 
420	18:11:17:335	inca	clay=0; ore=1; sheep=2; wheat=0; wood=0; unknown=0; knights=1; dev-cards=0	roads=[171,68; 68,52; 52,172; 172,188]; settlements=[171,84; 84,52; 52,173]	not me, sorry	 	 
421	18:11:18:435	gotwood4sheep	clay=3; ore=1; sheep=0; wheat=0; wood=0; unknown=0; knights=0; dev-cards=0	roads=[138,54; 54,38; 38,71; 71,122; 122,106]; settlements=[139,39; 39,107]	nope, nada	 	 
422	18:11:24:802	dmm	clay=2; ore=1; sheep=4; wheat=0; wood=0; unknown=0; knights=2; dev-cards=0	roads=[100,120; 120,136; 136,101; 101,135; 135,134; 134,118]; settlements=[120,152; 152,118; 118,150]	i can give a sheep, or maaaybe a clay	 	 
423	18:11:34:082	ljaybrad123	clay=0; ore=0; sheep=3; wheat=1; wood=0; unknown=0; knights=1; dev-cards=1	roads=[167,82; 82,98; 98,114; 114,131; 131,132; 132,133; 133,150; 150,184; 184,66]; settlements=[184,82; 82,131]	nope	 	 
424	18:11:36:537	gotwood4sheep	clay=3; ore=1; sheep=0; wheat=0; wood=0; unknown=0; knights=0; dev-cards=0	roads=[138,54; 54,38; 38,71; 71,122; 122,106]; settlements=[139,39; 39,107]	like a sheep's maaaaaa	 	 
425	18:11:39:592	gotwood4sheep	clay=3; ore=1; sheep=0; wheat=0; wood=0; unknown=0; knights=0; dev-cards=0	roads=[138,54; 54,38; 38,71; 71,122; 122,106]; settlements=[139,39; 39,107]	lol	 	 
426	18:11:41:106	inca	clay=0; ore=1; sheep=2; wheat=0; wood=0; unknown=0; knights=1; dev-cards=0	roads=[171,68; 68,52; 52,172; 172,188]; settlements=[171,84; 84,52; 52,173]	haha	 	 
427	18:11:46:944	Server	 		dmm traded 4 sheep for 1 wood from the bank.	 	 
428	18:11:49:632	Server	 		dmm built a road.	 	 
429	18:11:54:100	Server	 		inca rolled a 3 and a 6.	 	 
430	18:11:54:105	Server	 		gotwood4sheep gets 2 wood. dmm gets 2 wood. ljaybrad123 gets 1 wood.	 	 
431	18:12:10:808	Server	 		ljaybrad123 rolled a 5 and a 1.	 	 
432	18:12:10:809	Server	 		ljaybrad123 gets 1 wheat.	 	 
433	18:12:38:079	ljaybrad123	clay=0; ore=0; sheep=3; wheat=2; wood=1; unknown=0; knights=1; dev-cards=1	roads=[167,82; 82,98; 98,114; 114,131; 131,132; 132,133; 133,150; 150,184; 184,66]; settlements=[184,82; 82,131]	anyone have ore?	 	 
434	18:12:41:483	gotwood4sheep	clay=3; ore=1; sheep=0; wheat=0; wood=2; unknown=0; knights=0; dev-cards=0	roads=[138,54; 54,38; 38,71; 71,122; 122,106]; settlements=[139,39; 39,107]	one	 	 
435	18:13:01:474	ljaybrad123	clay=0; ore=0; sheep=3; wheat=2; wood=1; unknown=0; knights=1; dev-cards=1	roads=[167,82; 82,98; 98,114; 114,131; 131,132; 132,133; 133,150; 150,184; 184,66]; settlements=[184,82; 82,131]	id need two#	 	 
436	18:13:06:786	gotwood4sheep	clay=3; ore=1; sheep=0; wheat=0; wood=2; unknown=0; knights=0; dev-cards=0	roads=[138,54; 54,38; 38,71; 71,122; 122,106]; settlements=[139,39; 39,107]	sorry, have just the one	 	 
437	18:13:07:624	inca	clay=0; ore=1; sheep=2; wheat=0; wood=0; unknown=0; knights=1; dev-cards=0	roads=[171,68; 68,52; 52,172; 172,188]; settlements=[171,84; 84,52; 52,173]	sorry, i've got one too	 	 
438	18:13:08:837	gotwood4sheep	clay=3; ore=1; sheep=0; wheat=0; wood=2; unknown=0; knights=0; dev-cards=0	roads=[138,54; 54,38; 38,71; 71,122; 122,106]; settlements=[139,39; 39,107]	may get you started	 	 
439	18:13:16:786	ljaybrad123	clay=0; ore=0; sheep=3; wheat=2; wood=1; unknown=0; knights=1; dev-cards=1	roads=[167,82; 82,98; 98,114; 114,131; 131,132; 132,133; 133,150; 150,184; 184,66]; settlements=[184,82; 82,131]	yeah... one for a sheep?	 	 
440	18:13:18:114	gotwood4sheep	clay=3; ore=1; sheep=0; wheat=0; wood=2; unknown=0; knights=0; dev-cards=0	roads=[138,54; 54,38; 38,71; 71,122; 122,106]; settlements=[139,39; 39,107]	i'll swap mine for wood, see what inca wants	 	 
441	18:13:27:933	ljaybrad123	clay=0; ore=0; sheep=3; wheat=2; wood=1; unknown=0; knights=1; dev-cards=1	roads=[167,82; 82,98; 98,114; 114,131; 131,132; 132,133; 133,150; 150,184; 184,66]; settlements=[184,82; 82,131]	i need wood	 	 
442	18:13:37:462	gotwood4sheep	clay=3; ore=1; sheep=0; wheat=0; wood=2; unknown=0; knights=0; dev-cards=0	roads=[138,54; 54,38; 38,71; 71,122; 122,106]; settlements=[139,39; 39,107]	then why are you asking for ore :D	 	 
443	18:13:41:583	dmm	clay=1; ore=1; sheep=0; wheat=0; wood=2; unknown=0; knights=2; dev-cards=0	roads=[100,120; 120,136; 136,101; 101,135; 135,134; 134,118; 118,104]; settlements=[120,152; 152,118; 118,150]	what can you offer? i have one as well	 	 
444	18:13:45:629	ljaybrad123	clay=0; ore=0; sheep=3; wheat=2; wood=1; unknown=0; knights=1; dev-cards=1	roads=[167,82; 82,98; 98,114; 114,131; 131,132; 132,133; 133,150; 150,184; 184,66]; settlements=[184,82; 82,131]	because i also need ore	 	 
445	18:13:49:234	gotwood4sheep	clay=3; ore=1; sheep=0; wheat=0; wood=2; unknown=0; knights=0; dev-cards=0	roads=[138,54; 54,38; 38,71; 71,122; 122,106]; settlements=[139,39; 39,107]	ah haaaaa	 	 
446	18:13:53:893	ljaybrad123	clay=0; ore=0; sheep=3; wheat=2; wood=1; unknown=0; knights=1; dev-cards=1	roads=[167,82; 82,98; 98,114; 114,131; 131,132; 132,133; 133,150; 150,184; 184,66]; settlements=[184,82; 82,131]	i can offer a sheep	 	 
447	18:14:00:328	inca	clay=0; ore=1; sheep=2; wheat=0; wood=0; unknown=0; knights=1; dev-cards=0	roads=[171,68; 68,52; 52,172; 172,188]; settlements=[171,84; 84,52; 52,173]	i'll take a sheep for an ore	 	 
448	18:14:12:977	Server	 		ljaybrad123 made an offer to trade 1 sheep for 1 ore.	 	 
449	18:14:14:125	dmm	clay=1; ore=1; sheep=0; wheat=0; wood=2; unknown=0; knights=2; dev-cards=0	roads=[100,120; 120,136; 136,101; 101,135; 135,134; 134,118; 118,104]; settlements=[120,152; 152,118; 118,150]	i think i need ore more than sheep jsut now	 	 
450	18:14:17:470	Server	 		ljaybrad123 traded 1 sheep for 1 ore from inca.	 	 
451	18:14:32:509	gotwood4sheep	clay=3; ore=1; sheep=0; wheat=0; wood=2; unknown=0; knights=0; dev-cards=0	roads=[138,54; 54,38; 38,71; 71,122; 122,106]; settlements=[139,39; 39,107]	lol you got nowhere else to build a settlement :D	 	 
452	18:14:34:806	Server	 		ljaybrad123 built a city.	 	 
453	18:14:38:096	gotwood4sheep	clay=3; ore=1; sheep=0; wheat=0; wood=2; unknown=0; knights=0; dev-cards=0	roads=[138,54; 54,38; 38,71; 71,122; 122,106]; settlements=[139,39; 39,107]	the middle of catan is red	 	 
454	18:14:43:899	Server	 		gotwood4sheep rolled a 5 and a 5.	 	 
455	18:14:43:901	Server	 		gotwood4sheep gets 1 sheep. dmm gets 4 wheat. inca gets 2 sheep.	 	 
456	18:14:48:254	Server	 		gotwood4sheep built a road.	 	 
457	18:14:56:245	ljaybrad123	clay=0; ore=0; sheep=2; wheat=0; wood=1; unknown=0; knights=1; dev-cards=0	roads=[167,82; 82,98; 98,114; 114,131; 131,132; 132,133; 133,150; 150,184; 184,66]; settlements=[82,131]	i know that... sice someone cut me off	 	 
458	18:14:56:578	Server	 		dmm rolled a 6 and a 1.	 	 
459	18:15:05:020	gotwood4sheep	clay=2; ore=1; sheep=1; wheat=0; wood=1; unknown=0; knights=0; dev-cards=0	roads=[138,54; 54,38; 38,71; 71,122; 122,106; 106,72]; settlements=[139,39; 39,107]	ouch	 	 
460	18:15:15:649	gotwood4sheep	clay=2; ore=1; sheep=1; wheat=0; wood=1; unknown=0; knights=0; dev-cards=0	roads=[138,54; 54,38; 38,71; 71,122; 122,106; 106,72]; settlements=[139,39; 39,107]	i meant dmm has nowhere else to build	 	 
461	18:15:20:823	gotwood4sheep	clay=2; ore=1; sheep=1; wheat=0; wood=1; unknown=0; knights=0; dev-cards=0	roads=[138,54; 54,38; 38,71; 71,122; 122,106; 106,72]; settlements=[139,39; 39,107]	he's colonised the heartland	 	 
462	18:15:30:273	Server	 		dmm built a road.	 	 
463	18:15:36:710	inca	clay=0; ore=0; sheep=4; wheat=0; wood=0; unknown=0; knights=1; dev-cards=0	roads=[171,68; 68,52; 52,172; 172,188]; settlements=[171,84; 84,52; 52,173]	uh oh	 	 
464	18:15:38:487	Server	 		inca rolled a 6 and a 2.	 	 
465	18:15:38:488	Server	 		dmm gets 2 ore. inca gets 1 clay, 1 ore. ljaybrad123 gets 1 ore.	 	 
466	18:15:43:451	gotwood4sheep	clay=2; ore=1; sheep=1; wheat=0; wood=1; unknown=0; knights=0; dev-cards=0	roads=[138,54; 54,38; 38,71; 71,122; 122,106; 106,72]; settlements=[139,39; 39,107]	yup uh oh	 	 
467	18:15:50:936	dmm	clay=0; ore=2; sheep=0; wheat=0; wood=0; unknown=0; knights=2; dev-cards=1	roads=[100,120; 120,136; 136,101; 101,135; 135,134; 134,118; 118,104; 104,88]; settlements=[120,152; 152,118; 118,150]	i thought you might feel better about me stealing from you this time ;)	 	 
468	18:15:54:379	gotwood4sheep	clay=2; ore=1; sheep=1; wheat=0; wood=1; unknown=0; knights=0; dev-cards=0	roads=[138,54; 54,38; 38,71; 71,122; 122,106; 106,72]; settlements=[139,39; 39,107]	anyone got a wood?	 	 
469	18:15:55:113	inca	clay=1; ore=1; sheep=4; wheat=0; wood=0; unknown=0; knights=1; dev-cards=0	roads=[171,68; 68,52; 52,172; 172,188]; settlements=[171,84; 84,52; 52,173]	haha	 	 
470	18:16:02:674	gotwood4sheep	clay=2; ore=1; sheep=1; wheat=0; wood=1; unknown=0; knights=0; dev-cards=0	roads=[138,54; 54,38; 38,71; 71,122; 122,106; 106,72]; settlements=[139,39; 39,107]	i may need it to keep the game alive	 	 
471	18:16:06:525	inca	clay=1; ore=1; sheep=4; wheat=0; wood=0; unknown=0; knights=1; dev-cards=0	roads=[171,68; 68,52; 52,172; 172,188]; settlements=[171,84; 84,52; 52,173]	i've not got one, sorry	 	 
472	18:16:13:999	inca	clay=1; ore=1; sheep=4; wheat=0; wood=0; unknown=0; knights=1; dev-cards=0	roads=[171,68; 68,52; 52,172; 172,188]; settlements=[171,84; 84,52; 52,173]	does anyone have spare wheat?	 	 
473	18:16:17:479	ljaybrad123	clay=0; ore=1; sheep=2; wheat=0; wood=1; unknown=0; knights=1; dev-cards=0	roads=[167,82; 82,98; 98,114; 114,131; 131,132; 132,133; 133,150; 150,184; 184,66]; settlements=[82,131]	nope	 	 
474	18:16:19:172	gotwood4sheep	clay=2; ore=1; sheep=1; wheat=0; wood=1; unknown=0; knights=0; dev-cards=0	roads=[138,54; 54,38; 38,71; 71,122; 122,106; 106,72]; settlements=[139,39; 39,107]	i'm outta wheat, sorry	 	 
475	18:16:49:197	Server	 		inca traded 3 sheep for 1 wheat from a port.	 	 
476	18:16:57:322	Server	 		ljaybrad123 rolled a 1 and a 2.	 	 
477	18:16:57:323	Server	 		dmm gets 1 sheep. inca gets 1 sheep. ljaybrad123 gets 2 sheep.	 	 
478	18:17:12:910	ljaybrad123	clay=0; ore=1; sheep=4; wheat=0; wood=1; unknown=0; knights=1; dev-cards=0	roads=[167,82; 82,98; 98,114; 114,131; 131,132; 132,133; 133,150; 150,184; 184,66]; settlements=[82,131]	anyone have clay?	 	 
479	18:17:16:806	dmm	clay=0; ore=2; sheep=1; wheat=0; wood=0; unknown=0; knights=2; dev-cards=1	roads=[100,120; 120,136; 136,101; 101,135; 135,134; 134,118; 118,104; 104,88]; settlements=[120,152; 152,118; 118,150]	nope	 	 
480	18:17:17:839	inca	clay=1; ore=1; sheep=2; wheat=1; wood=0; unknown=0; knights=1; dev-cards=0	roads=[171,68; 68,52; 52,172; 172,188]; settlements=[171,84; 84,52; 52,173]	need mine, sorry	 	 
481	18:17:23:344	gotwood4sheep	clay=2; ore=1; sheep=1; wheat=0; wood=1; unknown=0; knights=0; dev-cards=0	roads=[138,54; 54,38; 38,71; 71,122; 122,106; 106,72]; settlements=[139,39; 39,107]	sorry, nope	 	 
482	18:17:24:994	dmm	clay=0; ore=2; sheep=1; wheat=0; wood=0; unknown=0; knights=2; dev-cards=1	roads=[100,120; 120,136; 136,101; 101,135; 135,134; 134,118; 118,104; 104,88]; settlements=[120,152; 152,118; 118,150]	i'm pretty short on everything right now	 	 
483	18:17:32:050	gotwood4sheep	clay=2; ore=1; sheep=1; wheat=0; wood=1; unknown=0; knights=0; dev-cards=0	roads=[138,54; 54,38; 38,71; 71,122; 122,106; 106,72]; settlements=[139,39; 39,107]	i need it in case duncan's card is a soldier	 	 
484	18:17:37:008	dmm	clay=0; ore=2; sheep=1; wheat=0; wood=0; unknown=0; knights=2; dev-cards=1	roads=[100,120; 120,136; 136,101; 101,135; 135,134; 134,118; 118,104; 104,88]; settlements=[120,152; 152,118; 118,150]	luckily for everyone else	 	 
485	18:17:38:830	Server	 		ljaybrad123 traded 3 sheep for 1 clay from a port.	 	 
486	18:17:40:209	gotwood4sheep	clay=2; ore=1; sheep=1; wheat=0; wood=1; unknown=0; knights=0; dev-cards=0	roads=[138,54; 54,38; 38,71; 71,122; 122,106; 106,72]; settlements=[139,39; 39,107]	and i have to get another wood :	 	 
487	18:17:44:757	Server	 		ljaybrad123 built a road.	 	 
488	18:17:45:416	gotwood4sheep	clay=2; ore=1; sheep=1; wheat=0; wood=1; unknown=0; knights=0; dev-cards=0	roads=[138,54; 54,38; 38,71; 71,122; 122,106; 106,72]; settlements=[139,39; 39,107]	or it's game over on dmm's roll	 	 
489	18:18:00:051	ljaybrad123	clay=0; ore=1; sheep=1; wheat=0; wood=0; unknown=0; knights=1; dev-cards=0	roads=[167,82; 82,98; 98,114; 114,131; 131,132; 132,133; 133,150; 150,184; 184,66; 66,50]; settlements=[82,131]	i need another clay and mood to take road back...	 	 
490	18:18:07:502	gotwood4sheep	clay=2; ore=1; sheep=1; wheat=0; wood=1; unknown=0; knights=0; dev-cards=0	roads=[138,54; 54,38; 38,71; 71,122; 122,106; 106,72]; settlements=[139,39; 39,107]	argh!	 	 
491	18:18:09:459	Server	 		gotwood4sheep rolled a 6 and a 4.	 	 
492	18:18:09:460	Server	 		dmm gets 4 wheat.	 	 
493	18:18:18:250	gotwood4sheep	clay=2; ore=1; sheep=1; wheat=0; wood=1; unknown=0; knights=0; dev-cards=0	roads=[138,54; 54,38; 38,71; 71,122; 122,106; 106,72]; settlements=[139,39; 39,107]	you shouldn't have passed the dice so quick...!	 	 
494	18:18:27:659	gotwood4sheep	clay=2; ore=1; sheep=1; wheat=0; wood=1; unknown=0; knights=0; dev-cards=0	roads=[138,54; 54,38; 38,71; 71,122; 122,106; 106,72]; settlements=[139,39; 39,107]	well I pass then, if that's a soldier well played dmm	 	 
495	18:18:29:406	gotwood4sheep	clay=2; ore=1; sheep=1; wheat=0; wood=1; unknown=0; knights=0; dev-cards=0	roads=[138,54; 54,38; 38,71; 71,122; 122,106; 106,72]; settlements=[139,39; 39,107]	you reamed us	 	 
496	18:18:32:985	Server	 		dmm rolled a 2 and a 3.	 	 
497	18:18:32:986	Server	 		gotwood4sheep gets 1 clay. dmm gets 1 clay, 2 sheep. ljaybrad123 gets 1 sheep.	 	 
498	18:18:49:522	dmm	clay=1; ore=2; sheep=3; wheat=4; wood=0; unknown=0; knights=2; dev-cards=1	roads=[100,120; 120,136; 136,101; 101,135; 135,134; 134,118; 118,104; 104,88]; settlements=[120,152; 152,118; 118,150]	it's your lucky day	 	 
499	18:18:54:739	gotwood4sheep	clay=3; ore=1; sheep=1; wheat=0; wood=1; unknown=0; knights=0; dev-cards=0	roads=[138,54; 54,38; 38,71; 71,122; 122,106; 106,72]; settlements=[139,39; 39,107]	ahh	 	 
500	18:18:56:507	gotwood4sheep	clay=3; ore=1; sheep=1; wheat=0; wood=1; unknown=0; knights=0; dev-cards=0	roads=[138,54; 54,38; 38,71; 71,122; 122,106; 106,72]; settlements=[139,39; 39,107]	one more roll	 	 
501	18:19:02:740	dmm	clay=1; ore=1; sheep=2; wheat=3; wood=0; unknown=0; knights=2; dev-cards=2	roads=[100,120; 120,136; 136,101; 101,135; 135,134; 134,118; 118,104; 104,88]; settlements=[120,152; 152,118; 118,150]	does anybody have wood? :P	 	 
502	18:19:05:698	gotwood4sheep	clay=3; ore=1; sheep=1; wheat=0; wood=1; unknown=0; knights=0; dev-cards=0	roads=[138,54; 54,38; 38,71; 71,122; 122,106; 106,72]; settlements=[139,39; 39,107]	lol	 	 
503	18:19:07:604	ljaybrad123	clay=0; ore=1; sheep=2; wheat=0; wood=0; unknown=0; knights=1; dev-cards=0	roads=[167,82; 82,98; 98,114; 114,131; 131,132; 132,133; 133,150; 150,184; 184,66; 66,50]; settlements=[82,131]	nope	 	 
504	18:19:13:406	inca	clay=1; ore=1; sheep=2; wheat=1; wood=0; unknown=0; knights=1; dev-cards=0	roads=[171,68; 68,52; 52,172; 172,188]; settlements=[171,84; 84,52; 52,173]	wish i did!	 	 
505	18:19:18:807	dmm	clay=1; ore=1; sheep=2; wheat=3; wood=0; unknown=0; knights=2; dev-cards=2	roads=[100,120; 120,136; 136,101; 101,135; 135,134; 134,118; 118,104; 104,88]; settlements=[120,152; 152,118; 118,150]	nah i didn't think that would work	 	 
506	18:19:27:312	Server	 		inca rolled a 3 and a 5.	 	 
507	18:19:27:313	Server	 		dmm gets 2 ore. inca gets 1 clay, 1 ore. ljaybrad123 gets 1 ore.	 	 
508	18:19:33:919	gotwood4sheep	clay=3; ore=1; sheep=1; wheat=0; wood=1; unknown=0; knights=0; dev-cards=0	roads=[138,54; 54,38; 38,71; 71,122; 122,106; 106,72]; settlements=[139,39; 39,107]	8s arrrrrgh	 	 
509	18:19:35:803	gotwood4sheep	clay=3; ore=1; sheep=1; wheat=0; wood=1; unknown=0; knights=0; dev-cards=0	roads=[138,54; 54,38; 38,71; 71,122; 122,106; 106,72]; settlements=[139,39; 39,107]	every time	 	 
510	18:19:44:349	dmm	clay=1; ore=2; sheep=1; wheat=2; wood=0; unknown=0; knights=2; dev-cards=3	roads=[100,120; 120,136; 136,101; 101,135; 135,134; 134,118; 118,104; 104,88]; settlements=[120,152; 152,118; 118,150]	i do enjoy a good 8	 	 
511	18:19:49:800	Server	 		ljaybrad123 rolled a 1 and a 4.	 	 
512	18:19:49:802	Server	 		gotwood4sheep gets 1 clay. dmm gets 1 clay, 2 sheep. ljaybrad123 gets 1 sheep.	 	 
513	18:19:54:226	gotwood4sheep	clay=4; ore=1; sheep=1; wheat=0; wood=1; unknown=0; knights=0; dev-cards=0	roads=[138,54; 54,38; 38,71; 71,122; 122,106; 106,72]; settlements=[139,39; 39,107]	ok lj	 	 
514	18:19:56:315	gotwood4sheep	clay=4; ore=1; sheep=1; wheat=0; wood=1; unknown=0; knights=0; dev-cards=0	roads=[138,54; 54,38; 38,71; 71,122; 122,106; 106,72]; settlements=[139,39; 39,107]	what do you have	 	 
515	18:20:00:477	ljaybrad123	clay=0; ore=2; sheep=3; wheat=0; wood=0; unknown=0; knights=1; dev-cards=0	roads=[167,82; 82,98; 98,114; 114,131; 131,132; 132,133; 133,150; 150,184; 184,66; 66,50]; settlements=[82,131]	yay more sheep	 	 
516	18:20:03:472	ljaybrad123	clay=0; ore=2; sheep=3; wheat=0; wood=0; unknown=0; knights=1; dev-cards=0	roads=[167,82; 82,98; 98,114; 114,131; 131,132; 132,133; 133,150; 150,184; 184,66; 66,50]; settlements=[82,131]	sheep and ore	 	 
517	18:20:14:214	gotwood4sheep	clay=4; ore=1; sheep=1; wheat=0; wood=1; unknown=0; knights=0; dev-cards=0	roads=[138,54; 54,38; 38,71; 71,122; 122,106; 106,72]; settlements=[139,39; 39,107]	all?	 	 
518	18:20:19:283	ljaybrad123	clay=0; ore=2; sheep=3; wheat=0; wood=0; unknown=0; knights=1; dev-cards=0	roads=[167,82; 82,98; 98,114; 114,131; 131,132; 132,133; 133,150; 150,184; 184,66; 66,50]; settlements=[82,131]	yep	 	 
519	18:20:34:267	ljaybrad123	clay=0; ore=2; sheep=3; wheat=0; wood=0; unknown=0; knights=1; dev-cards=0	roads=[167,82; 82,98; 98,114; 114,131; 131,132; 132,133; 133,150; 150,184; 184,66; 66,50]; settlements=[82,131]	addtime	 	 
520	18:20:35:033	gotwood4sheep	clay=4; ore=1; sheep=1; wheat=0; wood=1; unknown=0; knights=0; dev-cards=0	roads=[138,54; 54,38; 38,71; 71,122; 122,106; 106,72]; settlements=[139,39; 39,107]	how much ore	 	 
521	18:20:38:029	ljaybrad123	clay=0; ore=2; sheep=3; wheat=0; wood=0; unknown=0; knights=1; dev-cards=0	roads=[167,82; 82,98; 98,114; 114,131; 131,132; 132,133; 133,150; 150,184; 184,66; 66,50]; settlements=[82,131]	2	 	 
522	18:20:44:655	gotwood4sheep	clay=4; ore=1; sheep=1; wheat=0; wood=1; unknown=0; knights=0; dev-cards=0	roads=[138,54; 54,38; 38,71; 71,122; 122,106; 106,72]; settlements=[139,39; 39,107]	ok 2 ore for 1 clay, 1 wood?	 	 
523	18:20:48:562	ljaybrad123	clay=0; ore=2; sheep=3; wheat=0; wood=0; unknown=0; knights=1; dev-cards=0	roads=[167,82; 82,98; 98,114; 114,131; 131,132; 132,133; 133,150; 150,184; 184,66; 66,50]; settlements=[82,131]	sure	 	 
524	18:20:54:267	gotwood4sheep	clay=4; ore=1; sheep=1; wheat=0; wood=1; unknown=0; knights=0; dev-cards=0	roads=[138,54; 54,38; 38,71; 71,122; 122,106; 106,72]; settlements=[139,39; 39,107]	sorry dmm	 	 
525	18:20:57:096	Server	 		ljaybrad123 made an offer to trade 2 ore for 1 clay, 1 wood.	 	 
526	18:20:57:516	dmm	clay=2; ore=2; sheep=3; wheat=2; wood=0; unknown=0; knights=2; dev-cards=3	roads=[100,120; 120,136; 136,101; 101,135; 135,134; 134,118; 118,104; 104,88]; settlements=[120,152; 152,118; 118,150]	ouch	 	 
527	18:20:59:592	gotwood4sheep	clay=4; ore=1; sheep=1; wheat=0; wood=1; unknown=0; knights=0; dev-cards=0	roads=[138,54; 54,38; 38,71; 71,122; 122,106; 106,72]; settlements=[139,39; 39,107]	don't want this bad boy to end just yet	 	 
528	18:21:02:698	Server	 		ljaybrad123 traded 2 ore for 1 clay, 1 wood from gotwood4sheep.	 	 
529	18:21:09:735	dmm	clay=2; ore=2; sheep=3; wheat=2; wood=0; unknown=0; knights=2; dev-cards=3	roads=[100,120; 120,136; 136,101; 101,135; 135,134; 134,118; 118,104; 104,88]; settlements=[120,152; 152,118; 118,150]	i was hoping to build another road last time to protect it	 	 
530	18:21:12:955	Server	 		ljaybrad123 built a road.	 	 
531	18:21:14:716	gotwood4sheep	clay=3; ore=3; sheep=1; wheat=0; wood=0; unknown=0; knights=0; dev-cards=0	roads=[138,54; 54,38; 38,71; 71,122; 122,106; 106,72]; settlements=[139,39; 39,107]	i knew ;)	 	 
532	18:21:17:030	inca	clay=2; ore=1; sheep=1; wheat=0; wood=0; unknown=0; knights=1; dev-cards=1	roads=[171,68; 68,52; 52,172; 172,188]; settlements=[171,84; 84,52; 52,173]	poor dmm	 	 
533	18:21:18:193	dmm	clay=2; ore=2; sheep=3; wheat=2; wood=0; unknown=0; knights=2; dev-cards=3	roads=[100,120; 120,136; 136,101; 101,135; 135,134; 134,118; 118,104; 104,88]; settlements=[120,152; 152,118; 118,150]	but i didn't have what i needed	 	 
534	18:21:22:523	gotwood4sheep	clay=3; ore=3; sheep=1; wheat=0; wood=0; unknown=0; knights=0; dev-cards=0	roads=[138,54; 54,38; 38,71; 71,122; 122,106; 106,72]; settlements=[139,39; 39,107]	you'll pop back up to 8 next turn	 	 
535	18:21:23:361	Server	 		gotwood4sheep rolled a 2 and a 5.	 	 
536	18:21:47:190	Server	 		gotwood4sheep traded 2 ore for 1 wood from a port.	 	 
537	18:21:50:366	dmm	clay=0; ore=2; sheep=1; wheat=1; wood=0; unknown=0; knights=2; dev-cards=3	roads=[100,120; 120,136; 136,101; 101,135; 135,134; 134,118; 118,104; 104,88]; settlements=[120,152; 152,118; 118,150]	true	 	 
538	18:21:50:616	Server	 		gotwood4sheep built a settlement.	 	 
539	18:21:53:383	Server	 		dmm rolled a 2 and a 6.	 	 
540	18:21:53:384	Server	 		inca gets 1 clay.	 	 
541	18:22:13:530	dmm	clay=0; ore=2; sheep=0; wheat=0; wood=0; unknown=0; knights=3; dev-cards=3	roads=[100,120; 120,136; 136,101; 101,135; 135,134; 134,118; 118,104; 104,88]; settlements=[120,152; 152,118; 118,150]	aha!	 	 
542	18:22:15:881	gotwood4sheep	clay=2; ore=0; sheep=0; wheat=0; wood=0; unknown=0; knights=0; dev-cards=0	roads=[138,54; 54,38; 38,71; 71,122; 122,106; 106,72]; settlements=[139,39; 39,107; 107,73]	"gg well played"""	 	 
543	18:22:18:908	gotwood4sheep	clay=2; ore=0; sheep=0; wheat=0; wood=0; unknown=0; knights=0; dev-cards=0	roads=[138,54; 54,38; 38,71; 71,122; 122,106; 106,72]; settlements=[139,39; 39,107; 107,73]	great work dmm	 	 
544	18:22:20:011	ljaybrad123	clay=0; ore=0; sheep=3; wheat=0; wood=0; unknown=0; knights=1; dev-cards=0	roads=[167,82; 82,98; 98,114; 114,131; 131,132; 132,133; 133,150; 150,184; 184,66; 66,50; 50,34]; settlements=[82,131]	nice game guys	 	 
545	18:22:21:240	ljaybrad123	clay=0; ore=0; sheep=3; wheat=0; wood=0; unknown=0; knights=1; dev-cards=0	roads=[167,82; 82,98; 98,114; 114,131; 131,132; 132,133; 133,150; 150,184; 184,66; 66,50; 50,34]; settlements=[82,131]	wd	 	 
546	18:22:26:207	inca	clay=3; ore=1; sheep=1; wheat=0; wood=0; unknown=0; knights=1; dev-cards=1	roads=[171,68; 68,52; 52,172; 172,188]; settlements=[171,84; 84,52; 52,173]	very well played, commanding victory	 	 
547	18:22:29:200	inca	clay=3; ore=1; sheep=1; wheat=0; wood=0; unknown=0; knights=1; dev-cards=1	roads=[171,68; 68,52; 52,172; 172,188]; settlements=[171,84; 84,52; 52,173]	good game guys	 	 
548	18:22:29:345	dmm	clay=0; ore=2; sheep=0; wheat=0; wood=0; unknown=0; knights=3; dev-cards=3	roads=[100,120; 120,136; 136,101; 101,135; 135,134; 134,118; 118,104; 104,88]; settlements=[120,152; 152,118; 118,150]	you had me worried when you took back the longest road!	 	 
549	18:22:57:983	inca	clay=3; ore=1; sheep=1; wheat=0; wood=0; unknown=0; knights=1; dev-cards=1	roads=[171,68; 68,52; 52,172; 172,188]; settlements=[171,84; 84,52; 52,173]	this league's exciting	 	 
550	18:23:00:410	inca	clay=3; ore=1; sheep=1; wheat=0; wood=0; unknown=0; knights=1; dev-cards=1	roads=[171,68; 68,52; 52,172; 172,188]; settlements=[171,84; 84,52; 52,173]	3 people on 1 in	 	 
551	18:23:01:514	inca	clay=3; ore=1; sheep=1; wheat=0; wood=0; unknown=0; knights=1; dev-cards=1	roads=[171,68; 68,52; 52,172; 172,188]; settlements=[171,84; 84,52; 52,173]	win*	 	 
552	18:23:04:271	gotwood4sheep	clay=2; ore=0; sheep=0; wheat=0; wood=0; unknown=0; knights=0; dev-cards=0	roads=[138,54; 54,38; 38,71; 71,122; 122,106; 106,72]; settlements=[139,39; 39,107; 107,73]	yup	 	 
553	18:23:16:723	gotwood4sheep	clay=2; ore=0; sheep=0; wheat=0; wood=0; unknown=0; knights=0; dev-cards=0	roads=[138,54; 54,38; 38,71; 71,122; 122,106; 106,72]; settlements=[139,39; 39,107; 107,73]	competitive :)	 	 
554	18:23:21:154	dmm	clay=0; ore=2; sheep=0; wheat=0; wood=0; unknown=0; knights=3; dev-cards=3	roads=[100,120; 120,136; 136,101; 101,135; 135,134; 134,118; 118,104; 104,88]; settlements=[120,152; 152,118; 118,150]	yeah!	 	 
555	18:23:26:530	dmm	clay=0; ore=2; sheep=0; wheat=0; wood=0; unknown=0; knights=3; dev-cards=3	roads=[100,120; 120,136; 136,101; 101,135; 135,134; 134,118; 118,104; 104,88]; settlements=[120,152; 152,118; 118,150]	good game everyone	 	 
556	18:23:31:141	dmm	clay=0; ore=2; sheep=0; wheat=0; wood=0; unknown=0; knights=3; dev-cards=3	roads=[100,120; 120,136; 136,101; 101,135; 135,134; 134,118; 118,104; 104,88]; settlements=[120,152; 152,118; 118,150]	now to go and eat :P	 	 
557	18:23:49:704	gotwood4sheep	clay=2; ore=0; sheep=0; wheat=0; wood=0; unknown=0; knights=0; dev-cards=0	roads=[138,54; 54,38; 38,71; 71,122; 122,106; 106,72]; settlements=[139,39; 39,107; 107,73]	well played all :D	 	 
558	18:23:55:111	gotwood4sheep	clay=2; ore=0; sheep=0; wheat=0; wood=0; unknown=0; knights=0; dev-cards=0	roads=[138,54; 54,38; 38,71; 71,122; 122,106; 106,72]; settlements=[139,39; 39,107; 107,73]	see you next time, apart from you inca	 	 
559	18:23:58:424	gotwood4sheep	clay=2; ore=0; sheep=0; wheat=0; wood=0; unknown=0; knights=0; dev-cards=0	roads=[138,54; 54,38; 38,71; 71,122; 122,106; 106,72]; settlements=[139,39; 39,107; 107,73]	as we've played our 3 :)	 	 
560	18:24:10:805	gotwood4sheep	clay=2; ore=0; sheep=0; wheat=0; wood=0; unknown=0; knights=0; dev-cards=0	roads=[138,54; 54,38; 38,71; 71,122; 122,106; 106,72]; settlements=[139,39; 39,107; 107,73]	hope you win the one against duncan and matt!	 	 
561	18:24:19:657	inca	clay=3; ore=1; sheep=1; wheat=0; wood=0; unknown=0; knights=1; dev-cards=1	roads=[171,68; 68,52; 52,172; 172,188]; settlements=[171,84; 84,52; 52,173]	haha, will try my best!	 	 
562	18:24:25:113	inca	clay=3; ore=1; sheep=1; wheat=0; wood=0; unknown=0; knights=1; dev-cards=1	roads=[171,68; 68,52; 52,172; 172,188]; settlements=[171,84; 84,52; 52,173]	cheers, enjoyed our game stogethers	 	 
563	18:24:25:424	gotwood4sheep	clay=2; ore=0; sheep=0; wheat=0; wood=0; unknown=0; knights=0; dev-cards=0	roads=[138,54; 54,38; 38,71; 71,122; 122,106; 106,72]; settlements=[139,39; 39,107; 107,73]	ok see you later :)	 	 
564	18:24:28:261	gotwood4sheep	clay=2; ore=0; sheep=0; wheat=0; wood=0; unknown=0; knights=0; dev-cards=0	roads=[138,54; 54,38; 38,71; 71,122; 122,106; 106,72]; settlements=[139,39; 39,107; 107,73]	yeah was good	 	 
565	18:24:28:367	inca	clay=3; ore=1; sheep=1; wheat=0; wood=0; unknown=0; knights=1; dev-cards=1	roads=[171,68; 68,52; 52,172; 172,188]; settlements=[171,84; 84,52; 52,173]	see you :)	 	 
566	18:24:33:429	gotwood4sheep	clay=2; ore=0; sheep=0; wheat=0; wood=0; unknown=0; knights=0; dev-cards=0	roads=[138,54; 54,38; 38,71; 71,122; 122,106; 106,72]; settlements=[139,39; 39,107; 107,73]	bye!	 	 
