ID	Timestamp	Emitter	Resources	Buildups	Text	Annotation	Comment
1	18:07:54:971	dmm	clay=0; ore=0; sheep=0; wheat=0; wood=0; unknown=0; knights=0; dev-cards=0		I forget exactly who's joining,& but I thought I should just get the game ready early!	 	 
2	18:08:16:527	dmm	clay=0; ore=0; sheep=0; wheat=0; wood=0; unknown=0; knights=0; dev-cards=0		I have to go and do something just now& but I should be here in time for 6:30.	 	 
3	18:17:56:118	dmm	clay=0; ore=0; sheep=0; wheat=0; wood=0; unknown=0; knights=0; dev-cards=0		nobody else here yet?	 	 
3.1	18:21:49:993	inca	 	 	hey	 	 
4	18:23:29:081	gotwood4sheep	clay=0; ore=0; sheep=0; wheat=0; wood=0; unknown=0; knights=0; dev-cards=0		Howdy folks	 	 
5	18:23:34:435	inca	clay=0; ore=0; sheep=0; wheat=0; wood=0; unknown=0; knights=0; dev-cards=0		hello	 	 
6	18:23:34:869	gotwood4sheep	clay=0; ore=0; sheep=0; wheat=0; wood=0; unknown=0; knights=0; dev-cards=0		Inca's got my seat :P	 	 
7	18:23:49:852	inca	clay=0; ore=0; sheep=0; wheat=0; wood=0; unknown=0; knights=0; dev-cards=0		haha, got to be quick!	 	 
8	18:23:51:492	gotwood4sheep	clay=0; ore=0; sheep=0; wheat=0; wood=0; unknown=0; knights=0; dev-cards=0		we can swap ;)	 	 
9	18:23:56:275	gotwood4sheep	clay=0; ore=0; sheep=0; wheat=0; wood=0; unknown=0; knights=0; dev-cards=0		I'll be orange for the night	 	 
10	18:26:03:435	dmm	clay=0; ore=0; sheep=0; wheat=0; wood=0; unknown=0; knights=0; dev-cards=0		hi!	 	 
11	18:26:12:769	gotwood4sheep	clay=0; ore=0; sheep=0; wheat=0; wood=0; unknown=0; knights=0; dev-cards=0		hey duncan	 	 
12	18:26:17:146	gotwood4sheep	clay=0; ore=0; sheep=0; wheat=0; wood=0; unknown=0; knights=0; dev-cards=0		nie to meet you!	 	 
13	18:26:24:299	dmm	clay=0; ore=0; sheep=0; wheat=0; wood=0; unknown=0; knights=0; dev-cards=0		who are you two in the emails again?& i forget who's who	 	 
14	18:26:56:610	inca	clay=0; ore=0; sheep=0; wheat=0; wood=0; unknown=0; knights=0; dev-cards=0		i'm innis,& he's niko	 	 
15	18:27:12:225	inca	clay=0; ore=0; sheep=0; wheat=0; wood=0; unknown=0; knights=0; dev-cards=0		good luck guys!	 	 
16	18:27:22:100	CheshireCatGrin	clay=0; ore=0; sheep=0; wheat=0; wood=0; unknown=0; knights=0; dev-cards=0		hello all,& and indeed, good luck!	 	 
17	18:27:22:467	Server	 		inca built a settlement.	 	 
18	18:27:27:727	dmm	clay=0; ore=0; sheep=0; wheat=0; wood=0; unknown=0; knights=0; dev-cards=0		good luck!	 	 
19	18:27:31:348	gotwood4sheep	clay=0; ore=0; sheep=0; wheat=0; wood=0; unknown=0; knights=0; dev-cards=0		hello gl all!!	 	 
20	18:27:32:055	Server	 		inca built a road.	 	 
21	18:27:39:577	dmm	clay=0; ore=0; sheep=0; wheat=0; wood=0; unknown=0; knights=0; dev-cards=0		can you remind me who you are cheshirecatgrin?	 	 
22	18:27:44:070	CheshireCatGrin	clay=0; ore=0; sheep=0; wheat=0; wood=0; unknown=0; knights=0; dev-cards=0		matt	 	 
23	18:27:47:399	gotwood4sheep	clay=0; ore=0; sheep=0; wheat=0; wood=0; unknown=0; knights=0; dev-cards=0		man I keep drawing the last seat	 	 
24	18:27:58:011	Server	 		dmm built a settlement.	 	 
25	18:27:59:166	Server	 		dmm built a road.	 	 
26	18:28:04:194	dmm	clay=0; ore=0; sheep=0; wheat=0; wood=0; unknown=0; knights=0; dev-cards=0		alright,& thanks :)	 	 
27	18:28:06:418	CheshireCatGrin	clay=0; ore=0; sheep=0; wheat=0; wood=0; unknown=0; knights=0; dev-cards=0		the name came from an alice and wonderland mug i had at the time of signing up	 	 
28	18:28:16:524	gotwood4sheep	clay=0; ore=0; sheep=0; wheat=0; wood=0; unknown=0; knights=0; dev-cards=0		from whittards?	 	 
29	18:28:42:930	Server	 		CheshireCatGrin built a settlement.	 	 
30	18:28:45:490	Server	 		CheshireCatGrin built a road.	 	 
31	18:29:07:856	Server	 		gotwood4sheep built a settlement.	 	 
32	18:29:12:455	Server	 		gotwood4sheep built a road.	 	 
33	18:29:14:585	CheshireCatGrin	clay=0; ore=0; sheep=0; wheat=0; wood=0; unknown=0; knights=0; dev-cards=0		actually no,& a little shop in oxford	 	 
34	18:29:16:158	Server	 		gotwood4sheep built a settlement.	 	 
35	18:29:17:108	Server	 		gotwood4sheep built a road.	 	 
36	18:29:24:888	gotwood4sheep	clay=0; ore=1; sheep=1; wheat=1; wood=0; unknown=0; knights=0; dev-cards=0	roads=[136,99]; settlements=[137,116]	maybe whittards stole the idea :/	 	 
37	18:30:06:011	Server	 		CheshireCatGrin built a settlement.	 	 
38	18:30:16:159	Server	 		CheshireCatGrin built a road.	 	 
39	18:30:29:432	Server	 		dmm built a settlement.	 	 
40	18:30:30:777	Server	 		dmm built a road.	 	 
41	18:30:49:473	Server	 		inca built a settlement.	 	 
42	18:30:56:805	Server	 		inca built a road.	 	 
43	18:30:59:685	Server	 		inca rolled a 5 and a 5.	 	 
44	18:30:59:687	Server	 		inca gets 1 ore. dmm gets 1 wood. CheshireCatGrin gets 1 wood. gotwood4sheep gets 1 ore.	 	 
45	18:31:05:746	Server	 		dmm rolled a 3 and a 3.	 	 
46	18:31:05:747	Server	 		inca gets 1 sheep. dmm gets 1 sheep.	 	 
47	18:31:13:971	Server	 		dmm traded 2 wood for 1 clay from a port.	 	 
48	18:31:16:592	Server	 		dmm built a road.	 	 
49	18:31:23:505	Server	 		CheshireCatGrin rolled a 2 and a 1.	 	 
50	18:31:23:506	Server	 		CheshireCatGrin gets 1 wheat.	 	 
51	18:31:47:873	Server	 		gotwood4sheep rolled a 6 and a 1.	 	 
52	18:32:02:801	Server	 		inca rolled a 2 and a 3.	 	 
53	18:32:02:803	Server	 		inca gets 1 clay. CheshireCatGrin gets 1 clay. gotwood4sheep gets 1 clay, 1 wheat.	 	 
54	18:32:12:090	Server	 		inca built a road.	 	 
55	18:32:20:381	Server	 		dmm rolled a 1 and a 1.	 	 
56	18:32:20:382	Server	 		dmm gets 1 wood.	 	 
57	18:32:31:768	Server	 		CheshireCatGrin rolled a 5 and a 3.	 	 
58	18:32:31:769	Server	 		CheshireCatGrin gets 1 sheep. gotwood4sheep gets 1 sheep.	 	 
59	18:32:47:819	Server	 		CheshireCatGrin built a road.	 	 
60	18:32:57:275	Server	 		gotwood4sheep rolled a 5 and a 2.	 	 
61	18:33:10:208	Server	 		gotwood4sheep built a road.	 	 
62	18:33:15:105	Server	 		inca rolled a 3 and a 6.	 	 
63	18:33:15:106	Server	 		inca gets 1 wheat, 1 wood. dmm gets 1 wheat, 1 wood.	 	 
64	18:33:24:583	Server	 		dmm rolled a 5 and a 2.	 	 
65	18:34:21:474	dmm	clay=0; ore=0; sheep=1; wheat=2; wood=1; unknown=0; knights=0; dev-cards=0	roads=[106,167; 167,168]; settlements=[107,167]	is anybody willing to trade a clay?& i can give you a wheat	 	 
66	18:34:27:912	gotwood4sheep	clay=0; ore=1; sheep=2; wheat=1; wood=0; unknown=0; knights=0; dev-cards=1	roads=[136,99; 99,152]; settlements=[137,116]	i has nowt& sorry :(	 	 
67	18:34:29:846	CheshireCatGrin	clay=0; ore=1; sheep=2; wheat=1; wood=0; unknown=0; knights=0; dev-cards=0	roads=[139,68; 68,156]; settlements=[139,84]	No,& sorry	 	 
68	18:34:30:684	inca	clay=0; ore=1; sheep=0; wheat=1; wood=1; unknown=0; knights=0; dev-cards=1	roads=[88,118; 118,72]; settlements=[105,135]	not got any,& sorry	 	 
69	18:34:41:670	dmm	clay=0; ore=0; sheep=1; wheat=2; wood=1; unknown=0; knights=0; dev-cards=0	roads=[106,167; 167,168]; settlements=[107,167]	thanks anyway!	
 	 
70	18:34:42:179	Server	 		CheshireCatGrin rolled a 3 and a 4.	 	 
71	18:35:31:191	Server	 		gotwood4sheep rolled a 2 and a 5.	 	 
72	18:35:50:791	gotwood4sheep	clay=0; ore=1; sheep=3; wheat=1; wood=0; unknown=0; knights=0; dev-cards=1	roads=[136,99; 99,152]; settlements=[137,116]	anyone got wood?	 	 
73	18:35:52:831	gotwood4sheep	clay=0; ore=1; sheep=3; wheat=1; wood=0; unknown=0; knights=0; dev-cards=1	roads=[136,99; 99,152]; settlements=[137,116]	i can offer sheep	 	 
74	18:35:59:103	gotwood4sheep	clay=0; ore=1; sheep=3; wheat=1; wood=0; unknown=0; knights=0; dev-cards=1	roads=[136,99; 99,152]; settlements=[137,116]	phrased in such a way i don't riff on my un	 	 
75	18:36:06:162	inca	clay=0; ore=1; sheep=0; wheat=1; wood=1; unknown=0; knights=0; dev-cards=1	roads=[88,118; 118,72]; settlements=[105,135]	i'm up for that	 	 
76	18:36:19:512	CheshireCatGrin	clay=0; ore=0; sheep=1; wheat=1; wood=0; unknown=0; knights=0; dev-cards=1	roads=[139,68; 68,156]; settlements=[139,84]	I have no wood	 	 
77	18:36:19:708	gotwood4sheep	clay=0; ore=1; sheep=3; wheat=1; wood=0; unknown=0; knights=0; dev-cards=1	roads=[136,99; 99,152]; settlements=[137,116]	1:1?	 	 
78	18:36:25:560	inca	clay=0; ore=1; sheep=0; wheat=1; wood=1; unknown=0; knights=0; dev-cards=1	roads=[88,118; 118,72]; settlements=[105,135]	yep,& only got one	 	 
79	18:36:29:180	Server	 		gotwood4sheep made an offer to trade 1 sheep for 1 wood.	 	 
80	18:36:31:651	Server	 		gotwood4sheep traded 1 sheep for 1 wood from inca.	 	 
81	18:36:44:660	gotwood4sheep	clay=0; ore=1; sheep=2; wheat=1; wood=1; unknown=0; knights=0; dev-cards=1	roads=[136,99; 99,152]; settlements=[137,116]	matt, do you got clay?&  I can offer many things	 	 
82	18:36:52:829	CheshireCatGrin	clay=0; ore=0; sheep=1; wheat=1; wood=0; unknown=0; knights=0; dev-cards=1	roads=[139,68; 68,156]; settlements=[139,84]	No clay either	 	 
83	18:37:01:026	gotwood4sheep	clay=0; ore=1; sheep=2; wheat=1; wood=1; unknown=0; knights=0; dev-cards=1	roads=[136,99; 99,152]; settlements=[137,116]	anyone else?	 	 
84	18:37:02:528	dmm	clay=0; ore=0; sheep=0; wheat=1; wood=1; unknown=0; knights=0; dev-cards=0	roads=[106,167; 167,168]; settlements=[107,167]	i think clay is in short supply	 	 
85	18:37:07:064	inca	clay=0; ore=1; sheep=1; wheat=1; wood=0; unknown=0; knights=0; dev-cards=1	roads=[88,118; 118,72]; settlements=[105,135]	sorry,& none here either	 	 
86	18:37:09:866	gotwood4sheep	clay=0; ore=1; sheep=2; wheat=1; wood=1; unknown=0; knights=0; dev-cards=1	roads=[136,99; 99,152]; settlements=[137,116]	indeed, something to do with a robber on the 5	 	 
87	18:37:16:336	gotwood4sheep	clay=0; ore=1; sheep=2; wheat=1; wood=1; unknown=0; knights=0; dev-cards=1	roads=[136,99; 99,152]; settlements=[137,116]	alas	 	 
88	18:37:21:325	Server	 		inca rolled a 1 and a 1.	 	 
89	18:37:21:327	Server	 		dmm gets 1 wood.	 	 
90	18:37:30:379	Server	 		dmm rolled a 2 and a 4.	 	 
91	18:37:30:385	Server	 		inca gets 1 sheep.	 	 
92	18:37:48:899	Server	 		CheshireCatGrin rolled a 6 and a 6.	 	 
93	18:37:48:901	Server	 		No player gets anything.	 	 
94	18:37:58:528	Server	 		gotwood4sheep rolled a 3 and a 4.	 	 
95	18:38:20:861	Server	 		inca rolled a 4 and a 3.	 	 
96	18:38:39:236	Server	 		dmm rolled a 6 and a 3.	 	 
97	18:38:39:238	Server	 		inca gets 1 wheat, 1 wood. dmm gets 1 wheat, 1 wood.	 	 
98	18:38:44:657	Server	 		dmm traded 2 wood for 1 clay from a port.	 	 
99	18:38:47:172	Server	 		dmm built a road.	 	 
100	18:39:10:504	Server	 		CheshireCatGrin rolled a 4 and a 2.	 	 
101	18:39:10:505	Server	 		inca gets 1 sheep. dmm gets 1 sheep.	 	 
102	18:39:22:261	Server	 		gotwood4sheep rolled a 5 and a 6.	 	 
103	18:39:22:263	Server	 		inca gets 1 wheat. gotwood4sheep gets 1 wheat.	 	 
104	18:39:31:665	Server	 		inca rolled a 3 and a 2.	 	 
105	18:39:31:667	Server	 		inca gets 1 clay. CheshireCatGrin gets 1 clay. gotwood4sheep gets 1 clay, 1 wheat.	 	 
106	18:39:35:707	gotwood4sheep	clay=1; ore=0; sheep=1; wheat=3; wood=1; unknown=0; knights=0; dev-cards=2	roads=[136,99; 99,152]; settlements=[137,116]	5!	 	 
107	18:39:39:507	gotwood4sheep	clay=1; ore=0; sheep=1; wheat=3; wood=1; unknown=0; knights=0; dev-cards=2	roads=[136,99; 99,152]; settlements=[137,116]	5s for all	 	 
108	18:39:40:810	inca	clay=1; ore=0; sheep=3; wheat=2; wood=1; unknown=0; knights=0; dev-cards=2	roads=[88,118; 118,72]; settlements=[105,135]	hurrah	 	 
109	18:39:43:269	gotwood4sheep	clay=1; ore=0; sheep=1; wheat=3; wood=1; unknown=0; knights=0; dev-cards=2	roads=[136,99; 99,152]; settlements=[137,116]	the brick flows	 	 
110	18:39:49:865	dmm	clay=0; ore=0; sheep=1; wheat=1; wood=0; unknown=0; knights=0; dev-cards=0	roads=[106,167; 167,168; 168,169]; settlements=[107,167]	no 5s for me :(	 	 
111	18:39:52:595	Server	 		inca built a road.	 	 
112	18:39:56:283	Server	 		dmm rolled a 1 and a 3.	 	 
113	18:39:56:284	Server	 		CheshireCatGrin gets 1 ore. gotwood4sheep gets 1 wood.	 	 
114	18:39:58:258	gotwood4sheep	clay=1; ore=0; sheep=1; wheat=3; wood=2; unknown=0; knights=0; dev-cards=2	roads=[136,99; 99,152]; settlements=[137,116]	you kind of got fenced out there :/	 	 
115	18:40:09:408	Server	 		CheshireCatGrin rolled a 3 and a 1.	 	 
116	18:40:09:409	Server	 		CheshireCatGrin gets 1 ore. gotwood4sheep gets 1 wood.	 	 
117	18:40:22:199	Server	 		gotwood4sheep rolled a 3 and a 1.	 	 
118	18:40:22:200	Server	 		CheshireCatGrin gets 1 ore. gotwood4sheep gets 1 wood.	 	 
119	18:40:26:216	Server	 		gotwood4sheep built a settlement.	 	 
120	18:40:34:720	Server	 		inca rolled a 3 and a 1.	 	 
121	18:40:34:721	Server	 		CheshireCatGrin gets 1 ore. gotwood4sheep gets 2 wood.	 	 
122	18:40:42:926	Server	 		dmm rolled a 3 and a 5.	 	 
123	18:40:42:927	Server	 		CheshireCatGrin gets 1 sheep. gotwood4sheep gets 1 sheep.	 	 
124	18:40:50:801	Server	 		CheshireCatGrin rolled a 5 and a 3.	 	 
125	18:40:50:802	Server	 		CheshireCatGrin gets 1 sheep. gotwood4sheep gets 1 sheep.	 	 
126	18:41:04:679	CheshireCatGrin	clay=1; ore=4; sheep=2; wheat=1; wood=0; unknown=0; knights=0; dev-cards=1	roads=[139,68; 68,156]; settlements=[139,84]	does anyone have wood?	 	 
127	18:41:08:803	inca	clay=0; ore=0; sheep=3; wheat=2; wood=0; unknown=0; knights=0; dev-cards=2	roads=[88,118; 118,72; 72,56]; settlements=[105,135]	afraid not	 	 
128	18:41:08:816	gotwood4sheep	clay=0; ore=0; sheep=2; wheat=2; wood=5; unknown=0; knights=0; dev-cards=2	roads=[136,99; 99,152]; settlements=[137,116; 116,169]	a surfeit	 	 
129	18:41:11:619	dmm	clay=0; ore=0; sheep=1; wheat=1; wood=0; unknown=0; knights=0; dev-cards=0	roads=[106,167; 167,168; 168,169]; settlements=[107,167]	nope	 	 
130	18:41:49:323	CheshireCatGrin	clay=1; ore=4; sheep=2; wheat=1; wood=0; unknown=0; knights=0; dev-cards=1	roads=[139,68; 68,156]; settlements=[139,84]	i could offer sheep or ore (to gotwood4sheep)	 	 
131	18:42:03:672	gotwood4sheep	clay=0; ore=0; sheep=2; wheat=2; wood=5; unknown=0; knights=0; dev-cards=2	roads=[136,99; 99,152]; settlements=[137,116; 116,169]	how many wood you after,& and how much ore can you?	 	 
132	18:42:14:788	CheshireCatGrin	clay=1; ore=4; sheep=2; wheat=1; wood=0; unknown=0; knights=0; dev-cards=1	roads=[139,68; 68,156]; settlements=[139,84]	i was thinking 1 for 1	 	 
133	18:42:14:828	gotwood4sheep	clay=0; ore=0; sheep=2; wheat=2; wood=5; unknown=0; knights=0; dev-cards=2	roads=[136,99; 99,152]; settlements=[137,116; 116,169]	i ask& because i'm in a delicate trading position	 	 
134	18:42:26:737	gotwood4sheep	clay=0; ore=0; sheep=2; wheat=2; wood=5; unknown=0; knights=0; dev-cards=2	roads=[136,99; 99,152]; settlements=[137,116; 116,169]	if i trade 1& i then can't trade in to build a road next turn	 	 
135	18:42:30:893	gotwood4sheep	clay=0; ore=0; sheep=2; wheat=2; wood=5; unknown=0; knights=0; dev-cards=2	roads=[136,99; 99,152]; settlements=[137,116; 116,169]	so i'll need inducement...	 	 
136	18:42:57:298	CheshireCatGrin	clay=1; ore=4; sheep=2; wheat=1; wood=0; unknown=0; knights=0; dev-cards=1	roads=[139,68; 68,156]; settlements=[139,84]	you can have an ore and a sheep for wood?& thats all i can offer	 	 
137	18:43:19:654	gotwood4sheep	clay=0; ore=0; sheep=2; wheat=2; wood=5; unknown=0; knights=0; dev-cards=2	roads=[136,99; 99,152]; settlements=[137,116; 116,169]	and you don't have 2 ore?	 	 
138	18:43:32:680	gotwood4sheep	clay=0; ore=0; sheep=2; wheat=2; wood=5; unknown=0; knights=0; dev-cards=2	roads=[136,99; 99,152]; settlements=[137,116; 116,169]	i could go 2:2 ore:wood	 	 
139	18:43:44:576	CheshireCatGrin	clay=1; ore=4; sheep=2; wheat=1; wood=0; unknown=0; knights=0; dev-cards=1	roads=[139,68; 68,156]; settlements=[139,84]	ok,& 2:2	 	 
140	18:43:52:576	gotwood4sheep	clay=0; ore=0; sheep=2; wheat=2; wood=5; unknown=0; knights=0; dev-cards=2	roads=[136,99; 99,152]; settlements=[137,116; 116,169]	that sounds reasonable to me	 	 
141	18:43:54:880	gotwood4sheep	clay=0; ore=0; sheep=2; wheat=2; wood=5; unknown=0; knights=0; dev-cards=2	roads=[136,99; 99,152]; settlements=[137,116; 116,169]	seems more fair	 	 
142	18:44:08:843	Server	 		CheshireCatGrin made an offer to trade 2 ore for 2 wood.	 	 
143	18:44:11:651	Server	 		CheshireCatGrin traded 2 ore for 2 wood from gotwood4sheep.	 	 
144	18:44:20:082	gotwood4sheep	clay=0; ore=2; sheep=2; wheat=2; wood=3; unknown=0; knights=0; dev-cards=2	roads=[136,99; 99,152]; settlements=[137,116; 116,169]	i hate 2:1 deals, seems grinchy	 	 
145	18:44:28:326	inca	clay=0; ore=0; sheep=3; wheat=2; wood=0; unknown=0; knights=0; dev-cards=2	roads=[88,118; 118,72; 72,56]; settlements=[105,135]	such a gentleman
	 	 
146	18:44:32:446	Server	 		CheshireCatGrin built a road.	 	 
147	18:44:45:689	Server	 		gotwood4sheep rolled a 5 and a 6.	 	 
148	18:44:45:690	Server	 		inca gets 1 wheat. gotwood4sheep gets 1 wheat.	 	 
149	18:45:05:860	gotwood4sheep	clay=0; ore=2; sheep=2; wheat=3; wood=3; unknown=0; knights=0; dev-cards=2	roads=[136,99; 99,152]; settlements=[137,116; 116,169]	anyone got ore?	 	 
150	18:45:08:003	gotwood4sheep	clay=0; ore=2; sheep=2; wheat=3; wood=3; unknown=0; knights=0; dev-cards=2	roads=[136,99; 99,152]; settlements=[137,116; 116,169]	or clay?	 	 
151	18:45:11:710	dmm	clay=0; ore=0; sheep=1; wheat=1; wood=0; unknown=0; knights=0; dev-cards=0	roads=[106,167; 167,168; 168,169]; settlements=[107,167]	nope	 	 
152	18:45:13:250	inca	clay=0; ore=0; sheep=3; wheat=3; wood=0; unknown=0; knights=0; dev-cards=2	roads=[88,118; 118,72; 72,56]; settlements=[105,135]	sorry,& neither	 	 
153	18:45:16:250	CheshireCatGrin	clay=0; ore=2; sheep=2; wheat=1; wood=1; unknown=0; knights=0; dev-cards=1	roads=[139,68; 68,156; 156,172]; settlements=[139,84]	nor me	 	 
154	18:45:25:642	dmm	clay=0; ore=0; sheep=1; wheat=1; wood=0; unknown=0; knights=0; dev-cards=0	roads=[106,167; 167,168; 168,169]; settlements=[107,167]	i haven't got any new resources for ages!	 	 
155	18:45:48:499	gotwood4sheep	clay=0; ore=2; sheep=2; wheat=3; wood=3; unknown=0; knights=0; dev-cards=2	roads=[136,99; 99,152]; settlements=[137,116; 116,169]	ok monotony time	 	 
156	18:46:00:390	gotwood4sheep	clay=0; ore=2; sheep=2; wheat=8; wood=3; unknown=0; knights=0; dev-cards=1	roads=[136,99; 99,152]; settlements=[137,116; 116,169]	apologies to the wheat growers	 	 
157	18:46:13:286	Server	 		gotwood4sheep traded 4 wheat for 1 ore from the bank.	 	 
158	18:46:15:119	inca	clay=0; ore=0; sheep=3; wheat=0; wood=0; unknown=0; knights=0; dev-cards=2	roads=[88,118; 118,72; 72,56]; settlements=[105,135]	haha, fair play	 	 
159	18:46:16:244	Server	 		gotwood4sheep built a city.	 	 
160	18:46:26:784	Server	 		inca rolled a 1 and a 4.	 	 
161	18:46:26:785	Server	 		inca gets 1 clay. CheshireCatGrin gets 1 clay. gotwood4sheep gets 1 clay, 2 wheat.	 	 
162	18:46:36:600	Server	 		dmm rolled a 5 and a 2.	 	 
163	18:46:48:250	gotwood4sheep	clay=1; ore=0; sheep=1; wheat=0; wood=2; unknown=0; knights=0; dev-cards=1	roads=[136,99; 99,152]; settlements=[137,169]	I eared that	 	 
164	18:46:52:265	gotwood4sheep	clay=1; ore=0; sheep=1; wheat=0; wood=2; unknown=0; knights=0; dev-cards=1	roads=[136,99; 99,152]; settlements=[137,169]	earned*	 	 
165	18:46:57:234	Server	 		CheshireCatGrin rolled a 4 and a 3.	 	 
166	18:47:11:260	inca	clay=1; ore=0; sheep=3; wheat=0; wood=0; unknown=0; knights=0; dev-cards=2	roads=[88,118; 118,72; 72,56]; settlements=[105,135]	thought that was an awful wheat pun at first	 	 
167	18:47:17:673	dmm	clay=0; ore=0; sheep=1; wheat=1; wood=0; unknown=0; knights=0; dev-cards=0	roads=[106,167; 167,168; 168,169]; settlements=[107,167]	haha	 	 
168	18:47:18:789	gotwood4sheep	clay=1; ore=0; sheep=1; wheat=0; wood=2; unknown=0; knights=0; dev-cards=1	roads=[136,99; 99,152]; settlements=[137,169]	i did notice the coincidence	 	 
169	18:47:22:966	gotwood4sheep	clay=1; ore=0; sheep=1; wheat=0; wood=2; unknown=0; knights=0; dev-cards=1	roads=[136,99; 99,152]; settlements=[137,169]	but I'm not that clever ;)	 	 
170	18:48:04:902	Server	 		CheshireCatGrin built a road.	 	 
171	18:48:08:943	Server	 		CheshireCatGrin built a settlement.	 	 
172	18:48:21:344	Server	 		gotwood4sheep rolled a 4 and a 6.	 	 
173	18:48:21:345	Server	 		inca gets 1 ore. dmm gets 1 wood. CheshireCatGrin gets 1 wood. gotwood4sheep gets 2 ore.	 	 
174	18:48:25:107	Server	 		inca rolled a 5 and a 3.	 	 
175	18:48:25:109	Server	 		CheshireCatGrin gets 1 ore, 1 sheep. gotwood4sheep gets 2 sheep.	 	 
176	18:48:51:913	inca	clay=1; ore=1; sheep=3; wheat=0; wood=0; unknown=0; knights=0; dev-cards=2	roads=[88,118; 118,72; 72,56]; settlements=[105,135]	anyone have any spare wood?& can give sheep or ore	 	 
177	18:49:01:192	gotwood4sheep	clay=0; ore=2; sheep=3; wheat=0; wood=2; unknown=0; knights=0; dev-cards=1	roads=[136,99; 99,152]; settlements=[137,169]	will do you 1 ore	 	 
178	18:49:04:860	gotwood4sheep	clay=0; ore=2; sheep=3; wheat=0; wood=2; unknown=0; knights=0; dev-cards=1	roads=[136,99; 99,152]; settlements=[137,169]	for 1 wood?	 	 
179	18:49:10:194	inca	clay=1; ore=1; sheep=3; wheat=0; wood=0; unknown=0; knights=0; dev-cards=2	roads=[88,118; 118,72; 72,56]; settlements=[105,135]	sounds good	 	 
180	18:49:15:436	gotwood4sheep	clay=0; ore=2; sheep=3; wheat=0; wood=2; unknown=0; knights=0; dev-cards=1	roads=[136,99; 99,152]; settlements=[137,169]	trade away	 	 
181	18:49:25:992	Server	 		inca made an offer to trade 1 ore for 1 wood.	 	 
182	18:49:28:245	Server	 		inca traded 1 ore for 1 wood from gotwood4sheep.	 	 
183	18:49:31:513	inca	clay=1; ore=0; sheep=3; wheat=0; wood=1; unknown=0; knights=0; dev-cards=2	roads=[88,118; 118,72; 72,56]; settlements=[105,135]	cheers!	 	 
184	18:49:37:203	gotwood4sheep	clay=0; ore=3; sheep=3; wheat=0; wood=1; unknown=0; knights=0; dev-cards=1	roads=[136,99; 99,152]; settlements=[137,169]	pleasure	 	 
185	18:49:43:802	Server	 		dmm rolled a 6 and a 1.	 	 
186	18:50:13:759	dmm	clay=0; ore=1; sheep=1; wheat=1; wood=1; unknown=0; knights=0; dev-cards=0	roads=[106,167; 167,168; 168,169]; settlements=[107,167]	sorry for getting your twice in a row there!& it's only natural to go for the player in front though	 	 
187	18:50:19:132	gotwood4sheep	clay=0; ore=2; sheep=3; wheat=0; wood=1; unknown=0; knights=0; dev-cards=1	roads=[136,99; 99,152]; settlements=[137,169]	indeed, no offence	 	 
188	18:50:23:750	Server	 		CheshireCatGrin rolled a 2 and a 1.	 	 
189	18:50:23:751	Server	 		CheshireCatGrin gets 1 wheat. gotwood4sheep gets 1 sheep.	 	 
190	18:50:26:683	gotwood4sheep	clay=0; ore=2; sheep=4; wheat=0; wood=1; unknown=0; knights=0; dev-cards=1	roads=[136,99; 99,152]; settlements=[137,169]	plus white won the last game	 	 
191	18:50:35:942	gotwood4sheep	clay=0; ore=2; sheep=4; wheat=0; wood=1; unknown=0; knights=0; dev-cards=1	roads=[136,99; 99,152]; settlements=[137,169]	so we're both enemies ;)	 	 
192	18:50:47:933	gotwood4sheep	clay=0; ore=2; sheep=4; wheat=0; wood=1; unknown=0; knights=0; dev-cards=1	roads=[136,99; 99,152]; settlements=[137,169]	frenemies :D	 	 
193	18:51:00:245	CheshireCatGrin	clay=0; ore=3; sheep=2; wheat=1; wood=1; unknown=0; knights=0; dev-cards=0	roads=[139,68; 68,156; 156,172; 172,171]; settlements=[139,84; 84,171]	Great word :D	 	 
194	18:51:04:506	CheshireCatGrin	clay=0; ore=3; sheep=2; wheat=1; wood=1; unknown=0; knights=0; dev-cards=0	roads=[139,68; 68,156; 156,172; 172,171]; settlements=[139,84; 84,171]	Also, anyone got wheat?	 	 
195	18:51:08:963	gotwood4sheep	clay=0; ore=2; sheep=4; wheat=0; wood=1; unknown=0; knights=0; dev-cards=1	roads=[136,99; 99,152]; settlements=[137,169]	i am wheatless now	 	 
196	18:51:11:643	inca	clay=1; ore=0; sheep=3; wheat=0; wood=1; unknown=0; knights=0; dev-cards=2	roads=[88,118; 118,72; 72,56]; settlements=[105,135]	sorry,& nope	 	 
197	18:51:12:836	gotwood4sheep	clay=0; ore=2; sheep=4; wheat=0; wood=1; unknown=0; knights=0; dev-cards=1	roads=[136,99; 99,152]; settlements=[137,169]	after being robbed hard earlier	 	 
198	18:51:20:473	dmm	clay=0; ore=0; sheep=0; wheat=0; wood=1; unknown=0; knights=0; dev-cards=1	roads=[106,167; 167,168; 168,169]; settlements=[107,167]	i wish	 	 
199	18:51:29:128	Server	 		gotwood4sheep rolled a 6 and a 1.	 	 
200	18:51:34:997	gotwood4sheep	clay=0; ore=2; sheep=4; wheat=0; wood=1; unknown=0; knights=0; dev-cards=1	roads=[136,99; 99,152]; settlements=[137,169]	hmm, revenge?	 	 
201	18:51:45:465	gotwood4sheep	clay=0; ore=2; sheep=5; wheat=0; wood=1; unknown=0; knights=0; dev-cards=1	roads=[136,99; 99,152]; settlements=[137,169]	i'll be nice	 	 
202	18:51:49:171	gotwood4sheep	clay=0; ore=2; sheep=5; wheat=0; wood=1; unknown=0; knights=0; dev-cards=1	roads=[136,99; 99,152]; settlements=[137,169]	anyone got clay?	 	 
203	18:51:52:015	gotwood4sheep	clay=0; ore=2; sheep=5; wheat=0; wood=1; unknown=0; knights=0; dev-cards=1	roads=[136,99; 99,152]; settlements=[137,169]	dumb question	 	 
204	18:52:12:513	inca	clay=1; ore=0; sheep=3; wheat=0; wood=1; unknown=0; knights=0; dev-cards=2	roads=[88,118; 118,72; 72,56]; settlements=[105,135]	need to keep mine,& sorry	 	 
205	18:52:14:901	dmm	clay=0; ore=0; sheep=0; wheat=0; wood=1; unknown=0; knights=0; dev-cards=1	roads=[106,167; 167,168; 168,169]; settlements=[107,167]	none here	 	 
206	18:52:20:883	CheshireCatGrin	clay=0; ore=3; sheep=1; wheat=1; wood=1; unknown=0; knights=0; dev-cards=0	roads=[139,68; 68,156; 156,172; 172,171]; settlements=[139,84; 84,171]	i don't have any either	 	 
207	18:52:25:332	gotwood4sheep	clay=0; ore=2; sheep=5; wheat=0; wood=1; unknown=0; knights=0; dev-cards=1	roads=[136,99; 99,152]; settlements=[137,169]	fine fine, no worries.&  inca, I assume even a couple of sheep won't do it?	 	 
208	18:52:44:905	inca	clay=1; ore=0; sheep=3; wheat=0; wood=1; unknown=0; knights=0; dev-cards=2	roads=[88,118; 118,72; 72,56]; settlements=[105,135]	sorry,& got a few sheep already!	 	 
209	18:52:50:282	gotwood4sheep	clay=0; ore=2; sheep=5; wheat=0; wood=1; unknown=0; knights=0; dev-cards=1	roads=[136,99; 99,152]; settlements=[137,169]	kk thought I'd ask :D	 	
210	18:52:52:398	Server	 		gotwood4sheep traded 4 sheep for 1 clay from the bank.	 	 
211	18:52:55:891	Server	 		gotwood4sheep built a road.	 	 
212	18:53:01:444	Server	 		inca rolled a 6 and a 2.	 	 
213	18:53:01:446	Server	 		CheshireCatGrin gets 1 ore, 1 sheep. gotwood4sheep gets 2 sheep.	 	 
214	18:53:13:789	Server	 		dmm rolled a 2 and a 5.	 	 
215	18:53:17:259	gotwood4sheep	clay=0; ore=2; sheep=3; wheat=0; wood=0; unknown=0; knights=0; dev-cards=1	roads=[136,99; 99,152; 152,98]; settlements=[137,169]	ouch	 	 
216	18:53:18:791	dmm	clay=0; ore=0; sheep=0; wheat=0; wood=1; unknown=0; knights=0; dev-cards=1	roads=[106,167; 167,168; 168,169]; settlements=[107,167]	7 again??	 	 
217	18:53:20:661	gotwood4sheep	clay=0; ore=2; sheep=3; wheat=0; wood=0; unknown=0; knights=0; dev-cards=1	roads=[136,99; 99,152; 152,98]; settlements=[137,169]	hey you found a cat!	 	 
218	18:53:29:944	gotwood4sheep	clay=0; ore=2; sheep=3; wheat=0; wood=0; unknown=0; knights=0; dev-cards=1	roads=[136,99; 99,152; 152,98]; settlements=[137,169]	we've had about 5 haven't we at least, lot of 7s	 	 
219	18:53:57:782	dmm	clay=0; ore=0; sheep=0; wheat=1; wood=1; unknown=0; knights=0; dev-cards=1	roads=[106,167; 167,168; 168,169]; settlements=[107,167]	equal opportunities attack this time	 	 
220	18:54:03:721	inca	clay=1; ore=0; sheep=3; wheat=0; wood=1; unknown=0; knights=0; dev-cards=2	roads=[88,118; 118,72; 72,56]; settlements=[105,135]	haha	 	 
221	18:54:14:284	dmm	clay=0; ore=0; sheep=0; wheat=1; wood=1; unknown=0; knights=0; dev-cards=1	roads=[106,167; 167,168; 168,169]; settlements=[107,167]	aaand just for good measure	 	 
222	18:54:15:943	gotwood4sheep	clay=0; ore=2; sheep=3; wheat=0; wood=0; unknown=0; knights=0; dev-cards=1	roads=[136,99; 99,152; 152,98]; settlements=[137,169]	lol	 	 
223	18:54:25:632	gotwood4sheep	clay=0; ore=2; sheep=2; wheat=0; wood=0; unknown=0; knights=0; dev-cards=1	roads=[136,99; 99,152; 152,98]; settlements=[137,169]	equal theiving opps	 	 
224	18:54:27:149	gotwood4sheep	clay=0; ore=2; sheep=2; wheat=0; wood=0; unknown=0; knights=0; dev-cards=1	roads=[136,99; 99,152; 152,98]; settlements=[137,169]	well played	 	 
225	18:54:27:697	dmm	clay=0; ore=0; sheep=1; wheat=1; wood=1; unknown=0; knights=1; dev-cards=0	roads=[106,167; 167,168; 168,169]; settlements=[107,167]	sorry guys ;)	 	 
226	18:54:30:035	gotwood4sheep	clay=0; ore=2; sheep=2; wheat=0; wood=0; unknown=0; knights=0; dev-cards=1	roads=[136,99; 99,152; 152,98]; settlements=[137,169]	thieving*	 	 
227	18:54:33:053	gotwood4sheep	clay=0; ore=2; sheep=2; wheat=0; wood=0; unknown=0; knights=0; dev-cards=1	roads=[136,99; 99,152; 152,98]; settlements=[137,169]	ugh i cannot type tonight	 	 
 
228	18:54:37:245	Server	 		CheshireCatGrin rolled a 5 and a 4.	 	 
229	18:54:37:246	Server	 		inca gets 1 wheat, 1 wood. dmm gets 1 wheat, 1 wood. gotwood4sheep gets 1 wood.	 	 
230	18:54:40:739	dmm	clay=0; ore=0; sheep=1; wheat=2; wood=2; unknown=0; knights=1; dev-cards=0	roads=[106,167; 167,168; 168,169]; settlements=[107,167]	i still didn't get enough stuff to do anything with!	 	 
231	18:54:55:035	Server	 		gotwood4sheep rolled a 6 and a 4.	 	 
232	18:54:55:037	Server	 		inca gets 1 ore. dmm gets 1 wood. CheshireCatGrin gets 1 wood. gotwood4sheep gets 2 ore.	 	 
233	18:55:01:696	inca	clay=1; ore=1; sheep=3; wheat=1; wood=2; unknown=0; knights=0; dev-cards=2	roads=[88,118; 118,72; 72,56]; settlements=[105,135]	you'll be happy when the 9s start rolling in	 	 
234	18:55:02:745	gotwood4sheep	clay=0; ore=4; sheep=2; wheat=0; wood=1; unknown=0; knights=0; dev-cards=1	roads=[136,99; 99,152; 152,98]; settlements=[137,169]	anyone got wheat for a sheep?	 	 
235	18:55:10:047	inca	clay=1; ore=1; sheep=3; wheat=1; wood=2; unknown=0; knights=0; dev-cards=2	roads=[88,118; 118,72; 72,56]; settlements=[105,135]	sorry,& not me	 	 
236	18:55:18:787	CheshireCatGrin	clay=0; ore=3; sheep=0; wheat=0; wood=1; unknown=0; knights=0; dev-cards=0	roads=[139,68; 68,156; 156,172; 172,171]; settlements=[139,84; 84,171]	nope.& you seem to have lots of sheep!	 	 
237	18:55:23:428	gotwood4sheep	clay=0; ore=4; sheep=2; wheat=0; wood=1; unknown=0; knights=0; dev-cards=1	roads=[136,99; 99,152; 152,98]; settlements=[137,169]	yup baaa	 	 
238	18:55:32:308	dmm	clay=0; ore=0; sheep=1; wheat=2; wood=3; unknown=0; knights=1; dev-cards=0	roads=[106,167; 167,168; 168,169]; settlements=[107,167]	i think i'd rather hang on to my wheat i'm afraid	 	 
239	18:55:47:845	gotwood4sheep	clay=0; ore=4; sheep=2; wheat=0; wood=1; unknown=0; knights=0; dev-cards=1	roads=[136,99; 99,152; 152,98]; settlements=[137,169]	kk I'll take my chances then...	 	 
240	18:55:53:749	Server	 		inca rolled a 6 and a 2.	 	 
241	18:55:53:750	Server	 		CheshireCatGrin gets 1 ore, 1 sheep. gotwood4sheep gets 2 sheep.	 	 
242	18:56:01:437	Server	 		inca built a settlement.	 	 
243	18:56:06:835	Server	 		dmm rolled a 1 and a 6.	 	 
244	18:56:10:630	dmm	clay=0; ore=0; sheep=1; wheat=2; wood=3; unknown=0; knights=1; dev-cards=0	roads=[106,167; 167,168; 168,169]; settlements=[107,167]	wow	 	 
245	18:56:13:443	gotwood4sheep	clay=0; ore=2; sheep=2; wheat=0; wood=1; unknown=0; knights=0; dev-cards=1	roads=[136,99; 99,152; 152,98]; settlements=[137,169]	chance fail	 	 
246	18:56:33:187	Server	 		dmm traded 2 wood for 1 clay from a port.	 	 
247	18:56:36:163	Server	 		dmm built a road.	 	 
248	18:56:47:769	dmm	clay=0; ore=0; sheep=1; wheat=2; wood=1; unknown=0; knights=1; dev-cards=0	roads=[106,167; 167,168; 168,169; 169,186]; settlements=[107,167]	don't suppose anybody has a clay lying around?	 	 
249	18:56:53:584	inca	clay=0; ore=1; sheep=2; wheat=0; wood=0; unknown=0; knights=0; dev-cards=2	roads=[88,118; 118,72; 72,56]; settlements=[105,135; 135,56]	sorry,& nope	 	 
250	18:56:59:815	CheshireCatGrin	clay=0; ore=4; sheep=1; wheat=0; wood=1; unknown=0; knights=0; dev-cards=0	roads=[139,68; 68,156; 156,172; 172,171]; settlements=[139,84; 84,171]	i'm afraid not	 	 
251	18:57:10:023	inca	clay=0; ore=1; sheep=2; wheat=0; wood=0; unknown=0; knights=0; dev-cards=2	roads=[88,118; 118,72; 72,56]; settlements=[105,135; 135,56]	and nor will any of us for some time...	 	 
252	18:57:11:993	dmm	clay=0; ore=0; sheep=1; wheat=2; wood=1; unknown=0; knights=1; dev-cards=0	roads=[106,167; 167,168; 168,169; 169,186]; settlements=[107,167]	oh well, maybe next time!	 	 
253	18:57:13:578	gotwood4sheep	clay=0; ore=2; sheep=2; wheat=0; wood=1; unknown=0; knights=0; dev-cards=1	roads=[136,99; 99,152; 152,98]; settlements=[137,169]	lol	 	 
254	18:57:20:235	Server	 		CheshireCatGrin rolled a 4 and a 1.	 	 
255	18:57:20:236	Server	 		gotwood4sheep gets 2 wheat.	 	 
256	18:57:22:735	gotwood4sheep	clay=0; ore=2; sheep=2; wheat=2; wood=1; unknown=0; knights=0; dev-cards=1	roads=[136,99; 99,152; 152,98]; settlements=[137,169]	ahh 5!	 	 
257	18:57:25:385	inca	clay=0; ore=1; sheep=2; wheat=0; wood=0; unknown=0; knights=0; dev-cards=2	roads=[88,118; 118,72; 72,56]; settlements=[105,135; 135,56]	damn it	 	 
258	18:57:28:651	dmm	clay=0; ore=0; sheep=1; wheat=2; wood=1; unknown=0; knights=1; dev-cards=0	roads=[106,167; 167,168; 168,169; 169,186]; settlements=[107,167]	haha	 	 
259	18:57:48:012	Server	 		gotwood4sheep rolled a 6 and a 4.	 	 
260	18:57:48:013	Server	 		inca gets 1 ore. dmm gets 1 wood. CheshireCatGrin gets 1 wood. gotwood4sheep gets 2 ore.	 	 
261	18:58:03:204	gotwood4sheep	clay=0; ore=4; sheep=2; wheat=2; wood=1; unknown=0; knights=0; dev-cards=1	roads=[136,99; 99,152; 152,98]; settlements=[137,169]	ok anyone got clay?	 	 
262	18:58:06:697	gotwood4sheep	clay=0; ore=4; sheep=2; wheat=2; wood=1; unknown=0; knights=0; dev-cards=1	roads=[136,99; 99,152; 152,98]; settlements=[137,169]	i can offer generous terms	 	 
263	18:58:09:602	dmm	clay=0; ore=0; sheep=1; wheat=2; wood=2; unknown=0; knights=1; dev-cards=0	roads=[106,167; 167,168; 168,169; 169,186]; settlements=[107,167]	no	 	 
264	18:58:11:512	inca	clay=0; ore=2; sheep=2; wheat=0; wood=0; unknown=0; knights=0; dev-cards=2	roads=[88,118; 118,72; 72,56]; settlements=[105,135; 135,56]	sorry,& none at al	 	 
265	18:58:12:411	gotwood4sheep	clay=0; ore=4; sheep=2; wheat=2; wood=1; unknown=0; knights=0; dev-cards=1	roads=[136,99; 99,152; 152,98]; settlements=[137,169]	otherwise I need to go to port	 	 
266	18:58:12:528	inca	clay=0; ore=2; sheep=2; wheat=0; wood=0; unknown=0; knights=0; dev-cards=2	roads=[88,118; 118,72; 72,56]; settlements=[105,135; 135,56]	all	 	 
267	18:58:12:823	CheshireCatGrin	clay=0; ore=4; sheep=1; wheat=0; wood=2; unknown=0; knights=0; dev-cards=0	roads=[139,68; 68,156; 156,172; 172,171]; settlements=[139,84; 84,171]	still no	 	 
268	18:58:24:353	Server	 		gotwood4sheep traded 4 ore for 1 clay from the bank.	 	 
269	18:58:25:729	Server	 		gotwood4sheep built a settlement.	 	 
270	18:58:30:506	Server	 		inca rolled a 5 and a 2.	 	 
271	18:58:52:790	Server	 		dmm rolled a 5 and a 1.	 	 
272	18:58:52:791	Server	 		inca gets 1 sheep. dmm gets 1 sheep.	 	 
273	18:59:03:369	dmm	clay=0; ore=0; sheep=2; wheat=2; wood=2; unknown=0; knights=1; dev-cards=0	roads=[106,167; 167,168; 168,169; 169,186]; settlements=[107,167]	any clay this time?	 	 
274	18:59:19:500	gotwood4sheep	clay=0; ore=0; sheep=1; wheat=1; wood=0; unknown=0; knights=0; dev-cards=1	roads=[136,99; 99,152; 152,98]; settlements=[137,169; 169,114]	none,& sorry...	 	 
275	18:59:22:008	inca	clay=0; ore=3; sheep=3; wheat=0; wood=0; unknown=0; knights=0; dev-cards=2	roads=[88,118; 118,72; 72,56]; settlements=[105,135; 135,56]	still none	 	 
276	18:59:23:319	gotwood4sheep	clay=0; ore=0; sheep=1; wheat=1; wood=0; unknown=0; knights=0; dev-cards=1	roads=[136,99; 99,152; 152,98]; settlements=[137,169; 169,114]	next time there's a 5!	 	 
277	18:59:29:139	CheshireCatGrin	clay=0; ore=3; sheep=1; wheat=0; wood=2; unknown=0; knights=0; dev-cards=0	roads=[139,68; 68,156; 156,172; 172,171]; settlements=[139,84; 84,171]	indeed, still none here	 	 
278	18:59:30:758	dmm	clay=0; ore=0; sheep=2; wheat=2; wood=2; unknown=0; knights=1; dev-cards=0	roads=[106,167; 167,168; 168,169; 169,186]; settlements=[107,167]	yeah didn't think so	 	 
279	18:59:32:140	gotwood4sheep	clay=0; ore=0; sheep=1; wheat=1; wood=0; unknown=0; knights=0; dev-cards=1	roads=[136,99; 99,152; 152,98]; settlements=[137,169; 169,114]	thought so, was checking the odds.& You know that in a 4 player game, there's only a 47.5% chance the	 	 
280	18:59:42:687	gotwood4sheep	clay=0; ore=0; sheep=1; wheat=1; wood=0; unknown=0; knights=0; dev-cards=1	roads=[136,99; 99,152; 152,98]; settlements=[137,169; 169,114]	4 rolls will go by 7-less?	 	 
281	18:59:42:738	Server	 		dmm traded 2 wood for 1 clay from a port.	 	 
282	18:59:51:466	gotwood4sheep	clay=0; ore=0; sheep=1; wheat=1; wood=0; unknown=0; knights=0; dev-cards=1	roads=[136,99; 99,152; 152,98]; settlements=[137,169; 169,114]	i thought I'd be in trouble earlier	 	 
283	18:59:55:006	gotwood4sheep	clay=0; ore=0; sheep=1; wheat=1; wood=0; unknown=0; knights=0; dev-cards=1	roads=[136,99; 99,152; 152,98]; settlements=[137,169; 169,114]	and so i was :/	 
284	18:59:55:093	Server	 		CheshireCatGrin rolled a 4 and a 2.	 	 
285	18:59:55:094	Server	 		inca gets 1 sheep. dmm gets 1 sheep.	 	 
286	19:00:05:059	Server	 		gotwood4sheep rolled a 2 and a 6.	 	 
287	19:00:05:060	Server	 		CheshireCatGrin gets 1 ore, 1 sheep. gotwood4sheep gets 2 sheep.	 	 
288	19:00:10:146	Server	 		gotwood4sheep traded 2 sheep for 1 ore from a port.	 	 
289	19:00:15:931	Server	 		inca rolled a 6 and a 5.	 	 
290	19:00:15:932	Server	 		inca gets 1 wheat. gotwood4sheep gets 1 wheat.	 	 
291	19:00:28:538	Server	 		dmm rolled a 5 and a 1.	 	 
292	19:00:28:539	Server	 		inca gets 1 sheep. dmm gets 1 sheep.	 	 
293	19:00:33:701	gotwood4sheep	clay=0; ore=0; sheep=0; wheat=1; wood=0; unknown=0; knights=0; dev-cards=2	roads=[136,99; 99,152; 152,98]; settlements=[137,169; 169,114]	there's an awesome settlers blog	 	 
294	19:00:39:921	gotwood4sheep	clay=0; ore=0; sheep=0; wheat=1; wood=0; unknown=0; knights=0; dev-cards=2	roads=[136,99; 99,152; 152,98]; settlements=[137,169; 169,114]	http://developingcatan.wordpress.com	 	 
295	19:00:47:766	gotwood4sheep	clay=0; ore=0; sheep=0; wheat=1; wood=0; unknown=0; knights=0; dev-cards=2	roads=[136,99; 99,152; 152,98]; settlements=[137,169; 169,114]	i found in the summer during the first season	 	 
296	19:00:48:168	dmm	clay=1; ore=0; sheep=4; wheat=2; wood=0; unknown=0; knights=1; dev-cards=0	roads=[106,167; 167,168; 168,169; 169,186]; settlements=[107,167]	a more likely possibility - any wood?	 	 
297	19:00:53:034	gotwood4sheep	clay=0; ore=0; sheep=0; wheat=1; wood=0; unknown=0; knights=0; dev-cards=2	roads=[136,99; 99,152; 152,98]; settlements=[137,169; 169,114]	alas none :(	 	 
298	19:00:59:987	inca	clay=0; ore=2; sheep=4; wheat=0; wood=0; unknown=0; knights=0; dev-cards=3	roads=[88,118; 118,72; 72,56]; settlements=[105,135; 135,56]	afraid not	 	 
299	19:01:02:333	CheshireCatGrin	clay=0; ore=4; sheep=2; wheat=0; wood=2; unknown=0; knights=0; dev-cards=0	roads=[139,68; 68,156; 156,172; 172,171]; settlements=[139,84; 84,171]	what are you offering?	 	 
300	19:01:22:911	dmm	clay=1; ore=0; sheep=4; wheat=2; wood=0; unknown=0; knights=1; dev-cards=0	roads=[106,167; 167,168; 168,169; 169,186]; settlements=[107,167]	i can give you a sheep?	 	 
301	19:01:25:918	CheshireCatGrin	clay=0; ore=4; sheep=2; wheat=0; wood=2; unknown=0; knights=0; dev-cards=0	roads=[139,68; 68,156; 156,172; 172,171]; settlements=[139,84; 84,171]	I'd like clay or wheat.& So given the dice rolls, wheat.	 	 
302	19:01:27:380	dmm	clay=1; ore=0; sheep=4; wheat=2; wood=0; unknown=0; knights=1; dev-cards=0	roads=[106,167; 167,168; 168,169; 169,186]; settlements=[107,167]	or even two sheep!	 	 
303	19:01:31:982	dmm	clay=1; ore=0; sheep=4; wheat=2; wood=0; unknown=0; knights=1; dev-cards=0	roads=[106,167; 167,168; 168,169; 169,186]; settlements=[107,167]	oh! i have a wheat	 	 
304	19:01:38:057	CheshireCatGrin	clay=0; ore=4; sheep=2; wheat=0; wood=2; unknown=0; knights=0; dev-cards=0	roads=[139,68; 68,156; 156,172; 172,171]; settlements=[139,84; 84,171]	Ah, sorry have no need of sheep	 	 
305	19:01:49:180	CheshireCatGrin	clay=0; ore=4; sheep=2; wheat=0; wood=2; unknown=0; knights=0; dev-cards=0	roads=[139,68; 68,156; 156,172; 172,171]; settlements=[139,84; 84,171]	one for one?& wheat to wood?	 	 
306	19:01:56:035	dmm	clay=1; ore=0; sheep=4; wheat=2; wood=0; unknown=0; knights=1; dev-cards=0	roads=[106,167; 167,168; 168,169; 169,186]; settlements=[107,167]	sounds good to me	 	 
307	19:02:15:909	Server	 		dmm made an offer to trade 1 wheat for 1 wood.	 	 
308	19:02:20:958	Server	 		dmm traded 1 wheat for 1 wood from CheshireCatGrin.	 	 
309	19:02:29:059	dmm	clay=1; ore=0; sheep=4; wheat=1; wood=1; unknown=0; knights=1; dev-cards=0	roads=[106,167; 167,168; 168,169; 169,186]; settlements=[107,167]	pleasure doing business with you	 	 
310	19:02:29:406	CheshireCatGrin	clay=0; ore=4; sheep=2; wheat=1; wood=1; unknown=0; knights=0; dev-cards=0	roads=[139,68; 68,156; 156,172; 172,171]; settlements=[139,84; 84,171]	wonderful :)	 	 
311	19:02:35:081	Server	 		dmm built a settlement.	 	 
312	19:02:42:175	Server	 		CheshireCatGrin rolled a 5 and a 2.	 	 
313	19:02:44:627	gotwood4sheep	clay=0; ore=0; sheep=0; wheat=1; wood=0; unknown=0; knights=0; dev-cards=2	roads=[136,99; 99,152; 152,98]; settlements=[137,169; 169,114]	ahh 7	 	 
314	19:02:47:414	gotwood4sheep	clay=0; ore=0; sheep=0; wheat=1; wood=0; unknown=0; knights=0; dev-cards=2	roads=[136,99; 99,152; 152,98]; settlements=[137,169; 169,114]	again	 	 
315	19:02:51:886	inca	clay=0; ore=2; sheep=4; wheat=0; wood=0; unknown=0; knights=0; dev-cards=3	roads=[88,118; 118,72; 72,56]; settlements=[105,135; 135,56]	that's cool niko, going to do some reading up	 	 
316	19:02:55:910	inca	clay=0; ore=2; sheep=4; wheat=0; wood=0; unknown=0; knights=0; dev-cards=3	roads=[88,118; 118,72; 72,56]; settlements=[105,135; 135,56]	surprised you shared this with us!	 	 
317	19:02:57:198	gotwood4sheep	clay=0; ore=0; sheep=0; wheat=1; wood=0; unknown=0; knights=0; dev-cards=2	roads=[136,99; 99,152; 152,98]; settlements=[137,169; 169,114]	yeah well i like to share	 	 
318	19:03:00:828	gotwood4sheep	clay=0; ore=0; sheep=0; wheat=1; wood=0; unknown=0; knights=0; dev-cards=2	roads=[136,99; 99,152; 152,98]; settlements=[137,169; 169,114]	why hustle!	 	 
319	19:03:12:920	gotwood4sheep	clay=0; ore=0; sheep=0; wheat=1; wood=0; unknown=0; knights=0; dev-cards=2	roads=[136,99; 99,152; 152,98]; settlements=[137,169; 169,114]	he's an economics student i think,& so it is one slant on the game	 	 
320	19:03:19:319	gotwood4sheep	clay=0; ore=0; sheep=0; wheat=1; wood=0; unknown=0; knights=0; dev-cards=2	roads=[136,99; 99,152; 152,98]; settlements=[137,169; 169,114]	but there's some good strat in there	 	 
321	19:03:49:641	Server	 		gotwood4sheep rolled a 6 and a 3.	 	 
322	19:03:49:643	Server	 		inca gets 1 wheat. dmm gets 1 wheat.	 	 
323	19:03:54:661	gotwood4sheep	clay=0; ore=0; sheep=0; wheat=1; wood=0; unknown=0; knights=0; dev-cards=2	roads=[136,99; 99,152; 152,98]; settlements=[137,169; 169,114]	lol 9	 	 
324	19:03:55:861	gotwood4sheep	clay=0; ore=0; sheep=0; wheat=1; wood=0; unknown=0; knights=0; dev-cards=2	roads=[136,99; 99,152; 152,98]; settlements=[137,169; 169,114]	pwned	 	 
325	19:03:58:813	Server	 		inca rolled a 6 and a 5.	 	 
326	19:03:58:814	Server	 		inca gets 1 wheat. gotwood4sheep gets 1 wheat.	 	 
327	19:04:15:933	Server	 		inca traded 3 sheep for 1 ore from a port.	 	 
328	19:04:24:637	Server	 		inca built a city.	 	 
329	19:04:29:110	Server	 		dmm rolled a 2 and a 1.	 	 
330	19:04:29:111	Server	 		dmm gets 1 sheep. CheshireCatGrin gets 1 wheat. gotwood4sheep gets 1 sheep.	 	 
331	19:04:46:434	dmm	clay=0; ore=0; sheep=3; wheat=1; wood=0; unknown=0; knights=1; dev-cards=0	roads=[106,167; 167,168; 168,169; 169,186]; settlements=[107,167; 167,203]	anybody with ore?& i can offer a sheep	 	 
332	19:04:49:297	gotwood4sheep	clay=0; ore=0; sheep=1; wheat=2; wood=0; unknown=0; knights=0; dev-cards=2	roads=[136,99; 99,152; 152,98]; settlements=[137,169; 169,114]	inca - also the blog is now 2 years old without updates	 	 
333	19:04:53:228	gotwood4sheep	clay=0; ore=0; sheep=1; wheat=2; wood=0; unknown=0; knights=0; dev-cards=2	roads=[136,99; 99,152; 152,98]; settlements=[137,169; 169,114]	i have no ore,& sorry :(	 	 
334	19:04:59:369	gotwood4sheep	clay=0; ore=0; sheep=1; wheat=2; wood=0; unknown=0; knights=0; dev-cards=2	roads=[136,99; 99,152; 152,98]; settlements=[137,169; 169,114]	so he's not really developing catan no mo	 	 
335	19:04:59:454	inca	clay=0; ore=0; sheep=1; wheat=0; wood=0; unknown=0; knights=0; dev-cards=3	roads=[88,118; 118,72; 72,56]; settlements=[135,56]	sorry dmm,& not any more	 	 
336	19:05:04:247	CheshireCatGrin	clay=0; ore=2; sheep=1; wheat=2; wood=1; unknown=0; knights=0; dev-cards=0	roads=[139,68; 68,156; 156,172; 172,171]; settlements=[139,84; 84,171]	me neither,& not to trade anyway	 	 
337	19:05:08:722	dmm	clay=0; ore=0; sheep=3; wheat=1; wood=0; unknown=0; knights=1; dev-cards=0	roads=[106,167; 167,168; 168,169; 169,186]; settlements=[107,167; 167,203]	oh well	 	 
338	19:05:15:322	Server	 		CheshireCatGrin rolled a 2 and a 4.	 	 
339	19:05:15:323	Server	 		inca gets 2 sheep. dmm gets 1 sheep.	 	 
340	19:05:24:570	inca	clay=0; ore=0; sheep=3; wheat=0; wood=0; unknown=0; knights=0; dev-cards=3	roads=[88,118; 118,72; 72,56]; settlements=[135,56]	ah well, not like the game's changed in that time	 	 
341	19:05:26:615	Server	 		gotwood4sheep rolled a 6 and a 3.	 	 
342	19:05:26:616	Server	 		inca gets 2 wheat. dmm gets 1 wheat.	 	 
343	19:05:28:951	inca	clay=0; ore=0; sheep=3; wheat=2; wood=0; unknown=0; knights=0; dev-cards=3	roads=[88,118; 118,72; 72,56]; settlements=[135,56]	still cool	 	 
344	19:05:29:595	gotwood4sheep	clay=0; ore=0; sheep=1; wheat=2; wood=0; unknown=0; knights=0; dev-cards=2	roads=[136,99; 99,152; 152,98]; settlements=[137,169; 169,114]	9 nooo!	 	 
345	19:05:34:924	Server	 		inca rolled a 1 and a 3.	 	 
346	19:05:34:926	Server	 		CheshireCatGrin gets 1 ore, 1 wood. gotwood4sheep gets 2 wood.	 	 
347	19:05:39:655	gotwood4sheep	clay=0; ore=0; sheep=1; wheat=2; wood=2; unknown=0; knights=0; dev-cards=2	roads=[136,99; 99,152; 152,98]; settlements=[137,169; 169,114]	4 better :)	 	 
	 
348	19:05:48:752	Server	 		dmm rolled a 5 and a 5.	 	 
349	19:05:48:753	Server	 		inca gets 1 ore. dmm gets 1 wood. CheshireCatGrin gets 1 wood. gotwood4sheep gets 2 ore.	 	 
350	19:06:13:060	dmm	clay=0; ore=0; sheep=4; wheat=2; wood=1; unknown=0; knights=1; dev-cards=0	roads=[106,167; 167,168; 168,169; 169,186]; settlements=[107,167; 167,203]	any ore or clay?& once again i can offer sheep	 	 
351	19:06:19:398	gotwood4sheep	clay=0; ore=2; sheep=1; wheat=2; wood=2; unknown=0; knights=0; dev-cards=2	roads=[136,99; 99,152; 152,98]; settlements=[137,169; 169,114]	sorry...	 	 
352	19:06:28:558	CheshireCatGrin	clay=0; ore=3; sheep=1; wheat=2; wood=3; unknown=0; knights=0; dev-cards=0	roads=[139,68; 68,156; 156,172; 172,171]; settlements=[139,84; 84,171]	nope	 	 
353	19:06:30:846	inca	clay=0; ore=1; sheep=3; wheat=2; wood=0; unknown=0; knights=0; dev-cards=3	roads=[88,118; 118,72; 72,56]; settlements=[135,56]	sorry again, got plenty sheep	 	 
354	19:06:37:778	gotwood4sheep	clay=0; ore=2; sheep=1; wheat=2; wood=2; unknown=0; knights=0; dev-cards=2	roads=[136,99; 99,152; 152,98]; settlements=[137,169; 169,114]	inca may oblige& but I'm sitting on my metal pile :/	 	 
355	19:06:49:401	dmm	clay=0; ore=0; sheep=4; wheat=2; wood=1; unknown=0; knights=1; dev-cards=0	roads=[106,167; 167,168; 168,169; 169,186]; settlements=[107,167; 167,203]	hmm okay then	 	 
356	19:06:56:959	Server	 		dmm traded 4 sheep for 1 clay from the bank.	 	 
357	19:07:01:465	Server	 		dmm built a road.	 	 
358	19:07:08:183	Server	 		CheshireCatGrin rolled a 4 and a 4.	 	 
359	19:07:08:185	Server	 		dmm gets 1 ore. CheshireCatGrin gets 1 ore, 1 sheep. gotwood4sheep gets 2 sheep.	 	 
360	19:07:33:255	Server	 		CheshireCatGrin built a city.	 	 
361	19:07:57:941	CheshireCatGrin	clay=0; ore=1; sheep=2; wheat=0; wood=3; unknown=0; knights=0; dev-cards=0	roads=[139,68; 68,156; 156,172; 172,171]; settlements=[139,84]	i presume there's still no clay?	 	 
362	19:08:02:553	gotwood4sheep	clay=0; ore=2; sheep=3; wheat=2; wood=2; unknown=0; knights=0; dev-cards=2	roads=[136,99; 99,152; 152,98]; settlements=[137,169; 169,114]	clayless :/	 	 
363	19:08:07:582	inca	clay=0; ore=1; sheep=3; wheat=2; wood=0; unknown=0; knights=0; dev-cards=3	roads=[88,118; 118,72; 72,56]; settlements=[135,56]	afraid not, not seen 5 in a while	 	 
364	19:08:08:049	gotwood4sheep	clay=0; ore=2; sheep=3; wheat=2; wood=2; unknown=0; knights=0; dev-cards=2	roads=[136,99; 99,152; 152,98]; settlements=[137,169; 169,114]	quite the commodity this time	 	 
365	19:08:08:936	gotwood4sheep	clay=0; ore=2; sheep=3; wheat=2; wood=2; unknown=0; knights=0; dev-cards=2	roads=[136,99; 99,152; 152,98]; settlements=[137,169; 169,114]	ironic	 	 
366	19:08:12:423	inca	clay=0; ore=1; sheep=3; wheat=2; wood=0; unknown=0; knights=0; dev-cards=3	roads=[88,118; 118,72; 72,56]; settlements=[135,56]	heh	 	 
367	19:08:16:295	CheshireCatGrin	clay=0; ore=1; sheep=2; wheat=0; wood=3; unknown=0; knights=0; dev-cards=0	roads=[139,68; 68,156; 156,172; 172,171]; settlements=[139,84]	indeed	 	 
368	19:08:20:764	Server	 		gotwood4sheep rolled a 1 and a 1.	 	 
369	19:08:20:765	Server	 		dmm gets 1 wood.	 	 
370	19:08:26:652	Server	 		gotwood4sheep traded 2 sheep for 1 ore from a port.	 	 
371	19:08:29:115	Server	 		gotwood4sheep built a city.	 	 
372	19:09:03:888	Server	 		inca rolled a 2 and a 4.	 	 
373	19:09:03:890	Server	 		inca gets 2 sheep. dmm gets 1 sheep.	 	 
374	19:09:27:347	Server	 		dmm rolled a 2 and a 3.	 	 
375	19:09:27:348	Server	 		inca gets 2 clay. CheshireCatGrin gets 1 clay. gotwood4sheep gets 2 clay, 3 wheat.	 	 
376	19:09:27:683	gotwood4sheep	clay=2; ore=0; sheep=1; wheat=3; wood=2; unknown=0; knights=0; dev-cards=2	roads=[136,99; 99,152; 152,98]; settlements=[169,114]; cities=[116,137]	buying up dem cards	 	 
377	19:09:40:707	dmm	clay=0; ore=1; sheep=1; wheat=2; wood=1; unknown=0; knights=1; dev-cards=0	roads=[106,167; 167,168; 168,169; 169,186; 186,184]; settlements=[107,167; 167,203]	i wish i could get excited about this rare 5	 	 
378	19:09:44:191	gotwood4sheep	clay=2; ore=0; sheep=1; wheat=3; wood=2; unknown=0; knights=0; dev-cards=2	roads=[136,99; 99,152; 152,98]; settlements=[169,114]; cities=[116,137]	lol	 	 
379	19:10:05:632	dmm	clay=0; ore=1; sheep=1; wheat=2; wood=1; unknown=0; knights=1; dev-cards=0	roads=[106,167; 167,168; 168,169; 169,186; 186,184]; settlements=[107,167; 167,203]	oh on the bright side, i presume everybody has some clay now!	 	 
380	19:10:13:832	dmm	clay=0; ore=1; sheep=1; wheat=2; wood=1; unknown=0; knights=1; dev-cards=0	roads=[106,167; 167,168; 168,169; 169,186; 186,184]; settlements=[107,167; 167,203]	anybody want a wheat?	 	 
381	19:10:22:697	gotwood4sheep	clay=2; ore=0; sheep=1; wheat=3; wood=2; unknown=0; knights=0; dev-cards=2	roads=[136,99; 99,152; 152,98]; settlements=[169,114]; cities=[116,137]	sorry,& 5 wheats me too	 	 
382	19:10:27:123	inca	clay=2; ore=0; sheep=3; wheat=0; wood=0; unknown=0; knights=1; dev-cards=4	roads=[88,118; 118,72; 72,56]; settlements=[135,56]	you got wood?	 	 
383	19:10:38:354	dmm	clay=0; ore=1; sheep=1; wheat=2; wood=1; unknown=0; knights=1; dev-cards=0	roads=[106,167; 167,168; 168,169; 169,186; 186,184]; settlements=[107,167; 167,203]	i'm somewhat planning on using it	 	 
384	19:10:48:495	inca	clay=2; ore=0; sheep=3; wheat=0; wood=0; unknown=0; knights=1; dev-cards=4	roads=[88,118; 118,72; 72,56]; settlements=[135,56]	that's fair enough	 	 
385	19:10:54:633	dmm	clay=0; ore=1; sheep=1; wheat=2; wood=1; unknown=0; knights=1; dev-cards=0	roads=[106,167; 167,168; 168,169; 169,186; 186,184]; settlements=[107,167; 167,203]	i also have an ore as an alternative	 	 
386	19:11:14:378	CheshireCatGrin	clay=1; ore=0; sheep=2; wheat=0; wood=3; unknown=0; knights=0; dev-cards=0	roads=[139,68; 68,156; 156,172; 172,171]; settlements=[139,84]	i'm not trading my clay ...	 	 
387	19:11:19:481	inca	clay=2; ore=0; sheep=3; wheat=0; wood=0; unknown=0; knights=1; dev-cards=4	roads=[88,118; 118,72; 72,56]; settlements=[135,56]	OK,& i'll trade one of mine for ore	 	 
388	19:11:24:741	gotwood4sheep	clay=2; ore=0; sheep=1; wheat=3; wood=2; unknown=0; knights=0; dev-cards=2	roads=[136,99; 99,152; 152,98]; settlements=[169,114]; cities=[116,137]	gent	 	 
389	19:11:26:785	dmm	clay=0; ore=1; sheep=1; wheat=2; wood=1; unknown=0; knights=1; dev-cards=0	roads=[106,167; 167,168; 168,169; 169,186; 186,184]; settlements=[107,167; 167,203]	great!	
 	 
390	19:11:36:818	Server	 		dmm made an offer to trade 1 ore for 1 clay.	 	 
391	19:11:39:945	Server	 		dmm traded 1 ore for 1 clay from inca.	 	 
392	19:11:44:204	Server	 		dmm built a settlement.	 	 
393	19:11:51:371	Server	 		CheshireCatGrin rolled a 3 and a 3.	 	 
394	19:11:51:372	Server	 		inca gets 2 sheep. dmm gets 2 sheep.	 	 
395	19:11:59:997	Server	 		CheshireCatGrin built a road.	 	 
396	19:12:07:770	Server	 		gotwood4sheep rolled a 5 and a 3.	 	 
397	19:12:07:772	Server	 		CheshireCatGrin gets 1 sheep. gotwood4sheep gets 2 sheep.	 	 
398	19:12:13:915	Server	 		gotwood4sheep built a road.	 	 
399	19:12:16:603	Server	 		gotwood4sheep built a settlement.	 	 
400	19:12:29:890	dmm	clay=0; ore=0; sheep=2; wheat=1; wood=0; unknown=0; knights=1; dev-cards=0	roads=[106,167; 167,168; 168,169; 169,186; 186,184]; settlements=[107,167; 167,203; 203,201]	i wish somebody would move this robber	 	 
401	19:12:35:661	gotwood4sheep	clay=0; ore=0; sheep=2; wheat=2; wood=0; unknown=0; knights=0; dev-cards=2	roads=[136,99; 99,152; 152,98; 98,82]; settlements=[169,114; 114,82]; cities=[116,137]	you got your wish	 	 
402	19:12:38:832	dmm	clay=0; ore=0; sheep=2; wheat=1; wood=0; unknown=0; knights=1; dev-cards=0	roads=[106,167; 167,168; 168,169; 169,186; 186,184]; settlements=[107,167; 167,203; 203,201]	haha	 	 
403	19:12:40:085	gotwood4sheep	clay=0; ore=0; sheep=2; wheat=2; wood=0; unknown=0; knights=0; dev-cards=2	roads=[136,99; 99,152; 152,98; 98,82]; settlements=[169,114; 114,82]; cities=[116,137]	i think even before you hit enter	 	 
404	19:12:41:518	dmm	clay=0; ore=0; sheep=2; wheat=1; wood=0; unknown=0; knights=1; dev-cards=0	roads=[106,167; 167,168; 168,169; 169,186; 186,184]; settlements=[107,167; 167,203; 203,201]	good timing	 	 
405	19:12:47:188	Server	 		inca rolled a 1 and a 2.	 	 
406	19:12:47:189	Server	 		dmm gets 2 sheep. CheshireCatGrin gets 1 wheat. gotwood4sheep gets 1 sheep.	 	 
407	19:12:49:531	inca	clay=1; ore=1; sheep=6; wheat=0; wood=0; unknown=0; knights=2; dev-cards=3	roads=[88,118; 118,72; 72,56]; settlements=[135,56]	haha yep,& that wasn't on purpose	 	 
408	19:12:52:471	inca	clay=1; ore=1; sheep=6; wheat=0; wood=0; unknown=0; knights=2; dev-cards=3	roads=[88,118; 118,72; 72,56]; settlements=[135,56]	just your lucky day	 	 
409	19:13:12:870	Server	 		inca traded 3 sheep for 1 wood from a port.	 	 
410	19:13:24:243	Server	 		inca built a road.	 	 
411	19:13:32:072	Server	 		dmm rolled a 1 and a 3.	 	 
412	19:13:32:073	Server	 		CheshireCatGrin gets 1 ore, 2 wood. gotwood4sheep gets 3 wood.	 	 
413	19:13:49:006	Server	 		dmm traded 3 sheep for 1 ore from a port.	 	 
414	19:13:55:262	Server	 		CheshireCatGrin rolled a 4 and a 4.	 	 
415	19:13:55:263	Server	 		dmm gets 1 ore. CheshireCatGrin gets 2 ore, 1 sheep. gotwood4sheep gets 3 sheep.	 	 
416	19:14:16:697	CheshireCatGrin	clay=0; ore=3; sheep=3; wheat=1; wood=4; unknown=0; knights=0; dev-cards=0	roads=[139,68; 68,156; 156,172; 172,171; 171,69]; settlements=[139,84]	anyone got clay to trade?	 	 
417	19:14:22:043	inca	clay=0; ore=1; sheep=3; wheat=0; wood=0; unknown=0; knights=2; dev-cards=3	roads=[88,118; 118,72; 72,56; 56,104]; settlements=[135,56]	sorry,& none	 	 
418	19:14:22:375	dmm	clay=0; ore=1; sheep=0; wheat=0; wood=0; unknown=0; knights=1; dev-cards=1	roads=[106,167; 167,168; 168,169; 169,186; 186,184]; settlements=[107,167; 167,203; 203,201]	none	 	 
419	19:14:23:005	gotwood4sheep	clay=0; ore=0; sheep=6; wheat=2; wood=3; unknown=0; knights=0; dev-cards=2	roads=[136,99; 99,152; 152,98; 98,82]; settlements=[169,114; 114,82]; cities=[116,137]	i am utterly clayless	 	 
420	19:14:25:108	gotwood4sheep	clay=0; ore=0; sheep=6; wheat=2; wood=3; unknown=0; knights=0; dev-cards=2	roads=[136,99; 99,152; 152,98; 98,82]; settlements=[169,114; 114,82]; cities=[116,137]	insane	 	 
421	19:14:29:748	CheshireCatGrin	clay=0; ore=3; sheep=3; wheat=1; wood=4; unknown=0; knights=0; dev-cards=0	roads=[139,68; 68,156; 156,172; 172,171; 171,69]; settlements=[139,84]	how about wood?	 	 
422	19:14:35:998	inca	clay=0; ore=1; sheep=3; wheat=0; wood=0; unknown=0; knights=2; dev-cards=3	roads=[88,118; 118,72; 72,56; 56,104]; settlements=[135,56]	again nope,& sorry	 	 
423	19:14:39:948	dmm	clay=0; ore=1; sheep=0; wheat=0; wood=0; unknown=0; knights=1; dev-cards=1	roads=[106,167; 167,168; 168,169; 169,186; 186,184]; settlements=[107,167; 167,203; 203,201]	nope	 	 
424	19:14:40:537	gotwood4sheep	clay=0; ore=0; sheep=6; wheat=2; wood=3; unknown=0; knights=0; dev-cards=2	roads=[136,99; 99,152; 152,98; 98,82]; settlements=[169,114; 114,82]; cities=[116,137]	guess what i'd trade it for ;)	 	 
425	19:14:55:427	CheshireCatGrin	clay=0; ore=3; sheep=3; wheat=1; wood=4; unknown=0; knights=0; dev-cards=0	roads=[139,68; 68,156; 156,172; 172,171; 171,69]; settlements=[139,84]	clay?& if so, then obviously no :D	 	 
426	19:14:58:897	gotwood4sheep	clay=0; ore=0; sheep=6; wheat=2; wood=3; unknown=0; knights=0; dev-cards=2	roads=[136,99; 99,152; 152,98; 98,82]; settlements=[169,114; 114,82]; cities=[116,137]	just so	 	 
427	19:15:01:417	gotwood4sheep	clay=0; ore=0; sheep=6; wheat=2; wood=3; unknown=0; knights=0; dev-cards=2	roads=[136,99; 99,152; 152,98; 98,82]; settlements=[169,114; 114,82]; cities=[116,137]	silly innit	 	 
428	19:15:09:243	CheshireCatGrin	clay=0; ore=3; sheep=3; wheat=1; wood=4; unknown=0; knights=0; dev-cards=0	roads=[139,68; 68,156; 156,172; 172,171; 171,69]; settlements=[139,84]	sad face.& ho hum.	 	 
429	19:16:13:604	Server	 		gotwood4sheep rolled a 2 and a 2.	 	 
430	19:16:13:711	Server	 		CheshireCatGrin gets 1 ore, 2 wood. gotwood4sheep gets 3 wood.	 	 
431	19:16:21:604	Server	 		gotwood4sheep traded 6 sheep for 3 clay from a port.	 	 
432	19:16:23:652	Server	 		gotwood4sheep built a road.	 	 
433	19:16:25:473	Server	 		gotwood4sheep built a road.	 	 
434	19:16:27:434	Server	 		gotwood4sheep built a road.	 	 
435	19:16:30:038	gotwood4sheep	clay=0; ore=0; sheep=0; wheat=2; wood=3; unknown=0; knights=0; dev-cards=2	roads=[136,99; 99,152; 152,98; 98,82; 82,120; 120,103; 103,102]; settlements=[169,114; 114,82]; cities=[116,137]	gg all	 	 
436	19:16:32:493	dmm	clay=0; ore=1; sheep=0; wheat=0; wood=0; unknown=0; knights=1; dev-cards=1	roads=[106,167; 167,168; 168,169; 169,186; 186,184]; settlements=[107,167; 167,203; 203,201]	whaaaaaaat	 	 
437	19:16:39:696	CheshireCatGrin	clay=0; ore=4; sheep=3; wheat=1; wood=6; unknown=0; knights=0; dev-cards=0	roads=[139,68; 68,156; 156,172; 172,171; 171,69]; settlements=[139,84]	well done :)	 	 
438	19:16:45:764	gotwood4sheep	clay=0; ore=0; sheep=0; wheat=2; wood=3; unknown=0; knights=0; dev-cards=2	roads=[136,99; 99,152; 152,98; 98,82; 82,120; 120,103; 103,102]; settlements=[169,114; 114,82]; cities=[116,137]	how many +1 did you have inca?	 	 
439	19:16:46:493	gotwood4sheep	clay=0; ore=0; sheep=0; wheat=2; wood=3; unknown=0; knights=0; dev-cards=2	roads=[136,99; 99,152; 152,98; 98,82; 82,120; 120,103; 103,102]; settlements=[169,114; 114,82]; cities=[116,137]	2?	 	 
440	19:16:53:249	inca	clay=0; ore=1; sheep=3; wheat=0; wood=0; unknown=0; knights=2; dev-cards=3	roads=[88,118; 118,72; 72,56; 56,104]; settlements=[135,56]	well played!	 	 
441	19:16:56:197	inca	clay=0; ore=1; sheep=3; wheat=0; wood=0; unknown=0; knights=2; dev-cards=3	roads=[88,118; 118,72; 72,56; 56,104]; settlements=[135,56]	2, heh	 	 
442	19:16:57:281	gotwood4sheep	clay=0; ore=0; sheep=0; wheat=2; wood=3; unknown=0; knights=0; dev-cards=2	roads=[136,99; 99,152; 152,98; 98,82; 82,120; 120,103; 103,102]; settlements=[169,114; 114,82]; cities=[116,137]	ty ty	 	 
443	19:16:59:462	gotwood4sheep	clay=0; ore=0; sheep=0; wheat=2; wood=3; unknown=0; knights=0; dev-cards=2	roads=[136,99; 99,152; 152,98; 98,82; 82,120; 120,103; 103,102]; settlements=[169,114; 114,82]; cities=[116,137]	yeah thought so	 	 
444	19:17:05:768	gotwood4sheep	clay=0; ore=0; sheep=0; wheat=2; wood=3; unknown=0; knights=0; dev-cards=2	roads=[136,99; 99,152; 152,98; 98,82; 82,120; 120,103; 103,102]; settlements=[169,114; 114,82]; cities=[116,137]	was worried you'd so road + army + 2VP	 	 
445	19:17:11:808	gotwood4sheep	clay=0; ore=0; sheep=0; wheat=2; wood=3; unknown=0; knights=0; dev-cards=2	roads=[136,99; 99,152; 152,98; 98,82; 82,120; 120,103; 103,102]; settlements=[169,114; 114,82]; cities=[116,137]	you must have been close	 	 
446	19:17:14:761	gotwood4sheep	clay=0; ore=0; sheep=0; wheat=2; wood=3; unknown=0; knights=0; dev-cards=2	roads=[136,99; 99,152; 152,98; 98,82; 82,120; 120,103; 103,102]; settlements=[169,114; 114,82]; cities=[116,137]	1 turn or 2 more	 	 
447	19:17:17:732	inca	clay=0; ore=1; sheep=3; wheat=0; wood=0; unknown=0; knights=2; dev-cards=3	roads=[88,118; 118,72; 72,56; 56,104]; settlements=[135,56]	was the plan!& i had my other soldier	 	 
448	19:17:21:420	gotwood4sheep	clay=0; ore=0; sheep=0; wheat=2; wood=3; unknown=0; knights=0; dev-cards=2	roads=[136,99; 99,152; 152,98; 98,82; 82,120; 120,103; 103,102]; settlements=[169,114; 114,82]; cities=[116,137]	yup	 	 
449	19:17:28:623	gotwood4sheep	clay=0; ore=0; sheep=0; wheat=2; wood=3; unknown=0; knights=0; dev-cards=2	roads=[136,99; 99,152; 152,98; 98,82; 82,120; 120,103; 103,102]; settlements=[169,114; 114,82]; cities=[116,137]	i saw it forming& when you went on the card spree	 	 
450	19:17:54:738	CheshireCatGrin	clay=0; ore=4; sheep=3; wheat=1; wood=6; unknown=0; knights=0; dev-cards=0	roads=[139,68; 68,156; 156,172; 172,171; 171,69]; settlements=[139,84]	Right,& I have to head off,& but well done all :)	 	 
451	19:18:09:280	dmm	clay=0; ore=1; sheep=0; wheat=0; wood=0; unknown=0; knights=1; dev-cards=1	roads=[106,167; 167,168; 168,169; 169,186; 186,184]; settlements=[107,167; 167,203; 203,201]	when did we decide on for the next game?& saturday?	 	 
452	19:18:14:905	inca	clay=0; ore=1; sheep=3; wheat=0; wood=0; unknown=0; knights=2; dev-cards=3	roads=[88,118; 118,72; 72,56; 56,104]; settlements=[135,56]	cheers, see you later matt!	 	 
453	19:18:22:078	inca	clay=0; ore=1; sheep=3; wheat=0; wood=0; unknown=0; knights=2; dev-cards=3	roads=[88,118; 118,72; 72,56; 56,104]; settlements=[135,56]	yep saturday's looking promising	 	 
454	19:18:28:297	dmm	clay=0; ore=1; sheep=0; wheat=0; wood=0; unknown=0; knights=1; dev-cards=1	roads=[106,167; 167,168; 168,169; 169,186; 186,184]; settlements=[107,167; 167,203; 203,201]	okay cool	 	 
455	19:18:31:274	inca	clay=0; ore=1; sheep=3; wheat=0; wood=0; unknown=0; knights=2; dev-cards=3	roads=[88,118; 118,72; 72,56; 56,104]; settlements=[135,56]	don't think it's quite been finalised yet	 	 
456	19:18:40:053	dmm	clay=0; ore=1; sheep=0; wheat=0; wood=0; unknown=0; knights=1; dev-cards=1	roads=[106,167; 167,168; 168,169; 169,186; 186,184]; settlements=[107,167; 167,203; 203,201]	right.& well i'll probably see you then!	 	 
457	19:18:42:668	gotwood4sheep	clay=0; ore=0; sheep=0; wheat=2; wood=3; unknown=0; knights=0; dev-cards=2	roads=[136,99; 99,152; 152,98; 98,82; 82,120; 120,103; 103,102]; settlements=[169,114; 114,82]; cities=[116,137]	saturday evening good for me too,& and we can check with LJ	 	 
458	19:18:45:274	gotwood4sheep	clay=0; ore=0; sheep=0; wheat=2; wood=3; unknown=0; knights=0; dev-cards=2	roads=[136,99; 99,152; 152,98; 98,82; 82,120; 120,103; 103,102]; settlements=[169,114; 114,82]; cities=[116,137]	sound good :)	 	 
459	19:18:56:206	inca	clay=0; ore=1; sheep=3; wheat=0; wood=0; unknown=0; knights=2; dev-cards=3	roads=[88,118; 118,72; 72,56; 56,104]; settlements=[135,56]	see you then hopefully!	 	 
460	19:18:59:457	gotwood4sheep	clay=0; ore=0; sheep=0; wheat=2; wood=3; unknown=0; knights=0; dev-cards=2	roads=[136,99; 99,152; 152,98; 98,82; 82,120; 120,103; 103,102]; settlements=[169,114; 114,82]; cities=[116,137]	well played inca	 	 
461	19:19:00:702	gotwood4sheep	clay=0; ore=0; sheep=0; wheat=2; wood=3; unknown=0; knights=0; dev-cards=2	roads=[136,99; 99,152; 152,98; 98,82; 82,120; 120,103; 103,102]; settlements=[169,114; 114,82]; cities=[116,137]	close one	 	 
462	19:19:05:608	gotwood4sheep	clay=0; ore=0; sheep=0; wheat=2; wood=3; unknown=0; knights=0; dev-cards=2	roads=[136,99; 99,152; 152,98; 98,82; 82,120; 120,103; 103,102]; settlements=[169,114; 114,82]; cities=[116,137]	you were sly ;)	 	 
463	19:19:13:257	inca	clay=0; ore=1; sheep=3; wheat=0; wood=0; unknown=0; knights=2; dev-cards=3	roads=[88,118; 118,72; 72,56; 56,104]; settlements=[135,56]	haha, well played yourself	 	 
464	19:19:16:025	gotwood4sheep	clay=0; ore=0; sheep=0; wheat=2; wood=3; unknown=0; knights=0; dev-cards=2	roads=[136,99; 99,152; 152,98; 98,82; 82,120; 120,103; 103,102]; settlements=[169,114; 114,82]; cities=[116,137]	ta :D	 	 
465	19:19:16:780	inca	clay=0; ore=1; sheep=3; wheat=0; wood=0; unknown=0; knights=2; dev-cards=3	roads=[88,118; 118,72; 72,56; 56,104]; settlements=[135,56]	crept up out of nowhere	 	 
466	19:19:26:327	inca	clay=0; ore=1; sheep=3; wheat=0; wood=0; unknown=0; knights=2; dev-cards=3	roads=[88,118; 118,72; 72,56; 56,104]; settlements=[135,56]	i'll get you next time ;)	 	 
467	19:19:27:015	gotwood4sheep	clay=0; ore=0; sheep=0; wheat=2; wood=3; unknown=0; knights=0; dev-cards=2	roads=[136,99; 99,152; 152,98; 98,82; 82,120; 120,103; 103,102]; settlements=[169,114; 114,82]; cities=[116,137]	just had good trading ports and no 7s when it mattered	 	 
468	19:19:31:614	gotwood4sheep	clay=0; ore=0; sheep=0; wheat=2; wood=3; unknown=0; knights=0; dev-cards=2	roads=[136,99; 99,152; 152,98; 98,82; 82,120; 120,103; 103,102]; settlements=[169,114; 114,82]; cities=[116,137]	haha i hope so ;)	 	 
469	19:20:14:307	gotwood4sheep	clay=0; ore=0; sheep=0; wheat=2; wood=3; unknown=0; knights=0; dev-cards=2	roads=[136,99; 99,152; 152,98; 98,82; 82,120; 120,103; 103,102]; settlements=[169,114; 114,82]; cities=[116,137]	ok well, see you saturday& is matt sits that one out :D	 	 
470	19:20:17:533	gotwood4sheep	clay=0; ore=0; sheep=0; wheat=2; wood=3; unknown=0; knights=0; dev-cards=2	roads=[136,99; 99,152; 152,98; 98,82; 82,120; 120,103; 103,102]; settlements=[169,114; 114,82]; cities=[116,137]	if*	 	 
471	19:20:23:534	gotwood4sheep	clay=0; ore=0; sheep=0; wheat=2; wood=3; unknown=0; knights=0; dev-cards=2	roads=[136,99; 99,152; 152,98; 98,82; 82,120; 120,103; 103,102]; settlements=[169,114; 114,82]; cities=[116,137]	i'm off to not type anything >:(	 	 
472	19:20:27:192	inca	clay=0; ore=1; sheep=3; wheat=0; wood=0; unknown=0; knights=2; dev-cards=3	roads=[88,118; 118,72; 72,56; 56,104]; settlements=[135,56]	haha	 	 
473	19:20:31:629	inca	clay=0; ore=1; sheep=3; wheat=0; wood=0; unknown=0; knights=2; dev-cards=3	roads=[88,118; 118,72; 72,56; 56,104]; settlements=[135,56]	looking forward to it!	 	 
474	19:20:34:317	inca	clay=0; ore=1; sheep=3; wheat=0; wood=0; unknown=0; knights=2; dev-cards=3	roads=[88,118; 118,72; 72,56; 56,104]; settlements=[135,56]	see you later x	 	 
475	19:20:36:587	gotwood4sheep	clay=0; ore=0; sheep=0; wheat=2; wood=3; unknown=0; knights=0; dev-cards=2	roads=[136,99; 99,152; 152,98; 98,82; 82,120; 120,103; 103,102]; settlements=[169,114; 114,82]; cities=[116,137]	have fun reading the blog :D	 	 
476	19:20:45:226	inca	clay=0; ore=1; sheep=3; wheat=0; wood=0; unknown=0; knights=2; dev-cards=3	roads=[88,118; 118,72; 72,56; 56,104]; settlements=[135,56]	will do :) cheers for that	 	 
477	19:20:54:451	gotwood4sheep	clay=0; ore=0; sheep=0; wheat=2; wood=3; unknown=0; knights=0; dev-cards=2	roads=[136,99; 99,152; 152,98; 98,82; 82,120; 120,103; 103,102]; settlements=[169,114; 114,82]; cities=[116,137]	no worries!&  till saturday!	 	 
