ID	Timestamp	Emitter	Resources	Buildups	Text	Annotation	Comment
1	18:57:51:438	william	clay=0; ore=0; sheep=0; wheat=0; wood=0; unknown=0; knights=0; dev-cards=0		hi niko	 	 
2	18:57:52:304	gotwood4sheep	clay=0; ore=0; sheep=0; wheat=0; wood=0; unknown=0; knights=0; dev-cards=0		evening!	 	 
3	18:58:08:885	william	clay=0; ore=0; sheep=0; wheat=0; wood=0; unknown=0; knights=0; dev-cards=0		it's so sunny, & it barely feels like evening	 	 
4	18:58:25:057	gotwood4sheep	clay=0; ore=0; sheep=0; wheat=0; wood=0; unknown=0; knights=0; dev-cards=0		yup, &hi tomas!	 	 
5	18:58:32:647	gotwood4sheep	clay=0; ore=0; sheep=0; wheat=0; wood=0; unknown=0; knights=0; dev-cards=0		yeah & it was horrible on the weekend, & now glorious	 	 
6	18:58:32:741	tomas.kostan	clay=0; ore=0; sheep=0; wheat=0; wood=0; unknown=0; knights=0; dev-cards=0		hi there :)	 	 
7	18:58:35:196	gotwood4sheep	clay=0; ore=0; sheep=0; wheat=0; wood=0; unknown=0; knights=0; dev-cards=0		and light till after 11	 	 
8	18:58:37:658	gotwood4sheep	clay=0; ore=0; sheep=0; wheat=0; wood=0; unknown=0; knights=0; dev-cards=0		shall we start?	 	 
9	18:58:40:232	william	clay=0; ore=0; sheep=0; wheat=0; wood=0; unknown=0; knights=0; dev-cards=0		yup	 	 
10	18:58:44:393	gotwood4sheep	clay=0; ore=0; sheep=0; wheat=0; wood=0; unknown=0; knights=0; dev-cards=0		good luck all!	 	 
11	18:59:10:685	Server	 		tomas.kostan built a settlement.	 	 
12	18:59:26:981	Server	 		tomas.kostan built a road.	 	 
13	18:59:37:438	Server	 		gotwood4sheep built a settlement.	 	 
14	18:59:38:997	Server	 		gotwood4sheep built a road.	 	 
15	19:00:06:354	Server	 		william built a settlement.	 	 
16	19:00:07:745	Server	 		william built a road.	 	 
17	19:00:12:862	Server	 		william built a settlement.	 	 
18	19:00:20:187	Server	 		william built a road.	 	 
19	19:00:56:485	Server	 		gotwood4sheep built a settlement.	 	 
20	19:00:57:453	Server	 		gotwood4sheep built a road.	 	 
21	19:01:18:060	Server	 		tomas.kostan built a settlement.	 	 
22	19:01:22:620	Server	 		tomas.kostan built a road.	 	 
23	19:01:27:940	Server	 		tomas.kostan rolled a 1 and a 1.	 	 
24	19:01:27:940	Server	 		No player gets anything.	 	 
25	19:01:32:671	gotwood4sheep	clay=0; ore=0; sheep=0; wheat=2; wood=1; unknown=0; knights=0; dev-cards=0	roads=[105,154]; settlements=[105,154]	feels like  a more open board with 3 players	 	 
26	19:01:40:307	Server	 		gotwood4sheep rolled a 2 and a 3.	 	 
27	19:01:40:307	Server	 		gotwood4sheep gets 2 wheat. tomas.kostan gets 1 wood.	 	 
28	19:01:56:711	gotwood4sheep	clay=0; ore=0; sheep=0; wheat=4; wood=1; unknown=0; knights=0; dev-cards=0	roads=[105,154]; settlements=[105,154]	anyone want to swap a clay for a wheat?	 	 
29	19:02:02:598	william	clay=1; ore=1; sheep=0; wheat=0; wood=1; unknown=0; knights=0; dev-cards=0	roads=[67,70]; settlements=[67,86]	no	 	 
30	19:02:05:796	tomas.kostan	clay=0; ore=0; sheep=1; wheat=1; wood=2; unknown=0; knights=0; dev-cards=0	roads=[100,152]; settlements=[116,152]	nope	 	 
31	19:02:12:026	Server	 		gotwood4sheep traded 4 wheat for 1 clay from the bank.	 	 
32	19:02:16:091	Server	 		gotwood4sheep built a road.	 	 
33	19:02:21:204	gotwood4sheep	clay=0; ore=0; sheep=0; wheat=0; wood=0; unknown=0; knights=0; dev-cards=0	roads=[105,154; 154,138]; settlements=[105,154]	understood ;)	 	 
34	19:02:22:147	Server	 		william rolled a 5 and a 2.	 	 
35	19:02:40:242	Server	 		william built a road.	 	 
36	19:02:43:821	Server	 		tomas.kostan rolled a 6 and a 4.	 	 
37	19:02:43:821	Server	 		tomas.kostan gets 1 sheep.	 	 
38	19:02:53:186	Server	 		gotwood4sheep rolled a 5 and a 4.	 	 
39	19:02:53:186	Server	 		gotwood4sheep gets 1 ore. tomas.kostan gets 1 wheat.	 	 
40	19:02:58:355	Server	 		william rolled a 1 and a 4.	 	 
41	19:02:58:355	Server	 		gotwood4sheep gets 2 wheat. tomas.kostan gets 1 wood.	 	 
42	19:03:04:060	Server	 		tomas.kostan rolled a 1 and a 2.	 	 
43	19:03:04:061	Server	 		william gets 1 ore.	 	 
44	19:03:20:968	tomas.kostan	clay=0; ore=0; sheep=2; wheat=1; wood=3; unknown=0; knights=0; dev-cards=0	roads=[100,152]; settlements=[116,152]	can i get an ore from someone?	 	 
45	19:03:26:153	william	clay=0; ore=2; sheep=0; wheat=1; wood=0; unknown=0; knights=0; dev-cards=0	roads=[67,70; 70,54]; settlements=[67,86]	for a sheep?	 	 
46	19:03:27:480	gotwood4sheep	clay=0; ore=1; sheep=0; wheat=2; wood=0; unknown=0; knights=0; dev-cards=0	roads=[105,154; 154,138]; settlements=[105,154]	afraid not :(	 	 
47	19:03:38:315	tomas.kostan	clay=0; ore=0; sheep=2; wheat=1; wood=3; unknown=0; knights=0; dev-cards=0	roads=[100,152]; settlements=[116,152]	for a sheep :)	 	 
48	19:03:42:789	william	clay=0; ore=2; sheep=0; wheat=1; wood=0; unknown=0; knights=0; dev-cards=0	roads=[67,70; 70,54]; settlements=[67,86]	ok	 	 
49	19:03:47:517	Server	 		tomas.kostan made an offer to trade 1 sheep for 1 ore.	 	 
50	19:03:51:580	Server	 		tomas.kostan traded 1 sheep for 1 ore from william.	 	 
51	19:03:57:175	Server	 		gotwood4sheep rolled a 4 and a 6.	 	 
52	19:03:57:175	Server	 		tomas.kostan gets 1 sheep.	 	 
53	19:04:06:491	gotwood4sheep	clay=0; ore=1; sheep=0; wheat=2; wood=0; unknown=0; knights=0; dev-cards=0	roads=[105,154; 154,138]; settlements=[105,154]	anyone got another sheep? & I can offer a wheat	 	 
54	19:04:14:130	tomas.kostan	clay=0; ore=0; sheep=1; wheat=0; wood=3; unknown=0; knights=0; dev-cards=1	roads=[100,152]; settlements=[116,152]	nope sry	 	 
55	19:04:19:256	william	clay=0; ore=1; sheep=1; wheat=1; wood=0; unknown=0; knights=0; dev-cards=0	roads=[67,70; 70,54]; settlements=[67,86]	no	 	 
56	19:04:22:514	Server	 		william rolled a 6 and a 6.	 	 
57	19:04:22:515	Server	 		No player gets anything.	 	 
58	19:04:25:481	gotwood4sheep	clay=0; ore=1; sheep=0; wheat=2; wood=0; unknown=0; knights=0; dev-cards=0	roads=[105,154; 154,138]; settlements=[105,154]	okey dokey	 	 
59	19:04:33:461	Server	 		tomas.kostan rolled a 3 and a 1.	 	 
60	19:04:33:461	Server	 		william gets 1 wheat.	 	 
61	19:04:47:174	Server	 		gotwood4sheep rolled a 1 and a 1.	 	 
62	19:04:47:174	Server	 		No player gets anything.	 	 
63	19:04:50:965	Server	 		william rolled a 2 and a 5.	 	 
64	19:05:07:716	Server	 		tomas.kostan rolled a 4 and a 6.	 	 
65	19:05:07:716	Server	 		No player gets anything.	 	 
66	19:05:12:995	william	clay=0; ore=0; sheep=0; wheat=1; wood=1; unknown=0; knights=0; dev-cards=1	roads=[67,70; 70,54]; settlements=[67,86]	oops	 	 
67	19:05:16:775	Server	 		gotwood4sheep rolled a 1 and a 3.	 	 
68	19:05:16:776	Server	 		gotwood4sheep gets 1 wood. william gets 1 wheat. tomas.kostan gets 1 wood.	 	 
69	19:05:26:282	Server	 		william rolled a 1 and a 2.	 	 
70	19:05:26:282	Server	 		william gets 1 ore.	 	 
71	19:05:38:410	william	clay=0; ore=1; sheep=0; wheat=2; wood=1; unknown=0; knights=0; dev-cards=1	roads=[67,70; 70,54]; settlements=[67,86]	i have an ore to give, & need a sheep	 	 
72	19:05:47:345	gotwood4sheep	clay=0; ore=1; sheep=0; wheat=2; wood=1; unknown=0; knights=0; dev-cards=0	roads=[105,154; 154,138]; settlements=[105,154]	no sheeps here :(	 	 
73	19:05:53:867	tomas.kostan	clay=0; ore=0; sheep=1; wheat=0; wood=3; unknown=0; knights=0; dev-cards=1	roads=[100,152]; settlements=[116,152]	sry not interested in ore anymore	 	 
74	19:05:56:227	Server	 		tomas.kostan rolled a 6 and a 2.	 	 
75	19:05:56:228	Server	 		gotwood4sheep gets 1 wheat. william gets 1 clay. tomas.kostan gets 1 clay.	 	 
76	19:06:00:986	tomas.kostan	clay=1; ore=0; sheep=1; wheat=0; wood=3; unknown=0; knights=0; dev-cards=1	roads=[100,152]; settlements=[116,152]	finally	 	 
77	19:06:05:840	gotwood4sheep	clay=0; ore=1; sheep=0; wheat=3; wood=1; unknown=0; knights=0; dev-cards=0	roads=[105,154; 154,138]; settlements=[105,154]	ore anymore, &good rhyme :D	 	 
78	19:06:20:250	Server	 		tomas.kostan built a road.	 	 
79	19:06:28:302	Server	 		gotwood4sheep rolled a 2 and a 2.	 	 
80	19:06:28:303	Server	 		gotwood4sheep gets 1 wood. william gets 1 wheat. tomas.kostan gets 1 wood.	 	 
81	19:06:33:766	gotwood4sheep	clay=0; ore=1; sheep=0; wheat=3; wood=2; unknown=0; knights=0; dev-cards=0	roads=[105,154; 154,138]; settlements=[105,154]	anyone want to trade me a clay?	 	 
82	19:06:38:094	william	clay=1; ore=1; sheep=0; wheat=3; wood=1; unknown=0; knights=0; dev-cards=1	roads=[67,70; 70,54]; settlements=[67,86]	no	 	 
83	19:06:39:884	gotwood4sheep	clay=0; ore=1; sheep=0; wheat=3; wood=2; unknown=0; knights=0; dev-cards=0	roads=[105,154; 154,138]; settlements=[105,154]	I have a range of goodies to offer	 	 
84	19:06:43:910	tomas.kostan	clay=0; ore=0; sheep=1; wheat=0; wood=3; unknown=0; knights=0; dev-cards=1	roads=[100,152; 152,169]; settlements=[116,152]	no clay in here	 	 
85	19:06:46:936	gotwood4sheep	clay=0; ore=1; sheep=0; wheat=3; wood=2; unknown=0; knights=0; dev-cards=0	roads=[105,154; 154,138]; settlements=[105,154]	ok then :D	 	 
86	19:06:50:681	Server	 		william rolled a 5 and a 4.	 	 
87	19:06:50:681	Server	 		gotwood4sheep gets 1 ore. tomas.kostan gets 1 wheat.	 	 
88	19:07:01:121	william	clay=1; ore=1; sheep=0; wheat=3; wood=1; unknown=0; knights=0; dev-cards=1	roads=[67,70; 70,54]; settlements=[67,86]	can i get a sheep? & giving wheat	 	 
89	19:07:08:575	gotwood4sheep	clay=0; ore=2; sheep=0; wheat=3; wood=2; unknown=0; knights=0; dev-cards=0	roads=[105,154; 154,138]; settlements=[105,154]	still no furry beasties here	 	 
90	19:07:16:189	tomas.kostan	clay=0; ore=0; sheep=1; wheat=1; wood=3; unknown=0; knights=0; dev-cards=1	roads=[100,152; 152,169]; settlements=[116,152]	no sry	 	 
91	19:07:16:979	gotwood4sheep	clay=0; ore=2; sheep=0; wheat=3; wood=2; unknown=0; knights=0; dev-cards=0	roads=[105,154; 154,138]; settlements=[105,154]	methinks I missed the sheep train earlier	 	 
92	19:07:22:163	Server	 		tomas.kostan rolled a 6 and a 3.	 	 
93	19:07:22:164	Server	 		gotwood4sheep gets 1 ore. tomas.kostan gets 1 wheat.	 	 
94	19:07:25:364	william	clay=1; ore=1; sheep=0; wheat=3; wood=1; unknown=0; knights=0; dev-cards=1	roads=[67,70; 70,54]; settlements=[67,86]	yeah me too	 	 
95	19:07:32:507	Server	 		gotwood4sheep rolled a 2 and a 1.	 	 
96	19:07:32:507	Server	 		william gets 1 ore.	 	 
97	19:07:36:624	Server	 		gotwood4sheep built a city.	 	 
98	19:07:40:290	Server	 		william rolled a 4 and a 5.	 	 
99	19:07:40:291	Server	 		gotwood4sheep gets 2 ore. tomas.kostan gets 1 wheat.	 	 
100	19:07:48:321	william	clay=1; ore=2; sheep=0; wheat=3; wood=1; unknown=0; knights=0; dev-cards=1	roads=[67,70; 70,54]; settlements=[67,86]	can i get an ore?	 	 
101	19:07:54:451	tomas.kostan	clay=0; ore=0; sheep=1; wheat=3; wood=3; unknown=0; knights=0; dev-cards=1	roads=[100,152; 152,169]; settlements=[116,152]	nope	 	 
102	19:07:57:113	gotwood4sheep	clay=0; ore=2; sheep=0; wheat=1; wood=2; unknown=0; knights=0; dev-cards=0	roads=[105,154; 154,138]	what for.. :D	 	 
103	19:08:02:724	william	clay=1; ore=2; sheep=0; wheat=3; wood=1; unknown=0; knights=0; dev-cards=1	roads=[67,70; 70,54]; settlements=[67,86]	a wheat?	 	 
104	19:08:10:069	gotwood4sheep	clay=0; ore=2; sheep=0; wheat=1; wood=2; unknown=0; knights=0; dev-cards=0	roads=[105,154; 154,138]	i have a bounty crop	 	 
105	19:08:17:529	william	clay=1; ore=2; sheep=0; wheat=3; wood=1; unknown=0; knights=0; dev-cards=1	roads=[67,70; 70,54]; settlements=[67,86]	how about a wood then?	 	 
106	19:08:17:686	gotwood4sheep	clay=0; ore=2; sheep=0; wheat=1; wood=2; unknown=0; knights=0; dev-cards=0	roads=[105,154; 154,138]	clay or sheep are my primary desires	 	 
107	19:08:28:735	william	clay=1; ore=2; sheep=0; wheat=3; wood=1; unknown=0; knights=0; dev-cards=1	roads=[67,70; 70,54]; settlements=[67,86]	alright a clay	 	 
108	19:08:34:846	gotwood4sheep	clay=0; ore=2; sheep=0; wheat=1; wood=2; unknown=0; knights=0; dev-cards=0	roads=[105,154; 154,138]	ok!	 	 
109	19:08:41:733	Server	 		william made an offer to trade 1 clay for 1 ore.	 	 
110	19:08:43:055	Server	 		william traded 1 clay for 1 ore from gotwood4sheep.	 	 
111	19:08:46:938	Server	 		william built a city.	 	 
112	19:08:49:423	william	clay=0; ore=0; sheep=0; wheat=1; wood=1; unknown=0; knights=0; dev-cards=1	roads=[67,70; 70,54]	thanks a bunch	 	 
113	19:08:52:435	Server	 		tomas.kostan rolled a 6 and a 5.	 	 
114	19:08:52:435	Server	 		william gets 2 clay. tomas.kostan gets 1 sheep.	 	 
115	19:09:05:136	gotwood4sheep	clay=1; ore=1; sheep=0; wheat=1; wood=1; unknown=0; knights=0; dev-cards=0	roads=[105,154; 154,138]	boo :D	 	 
116	19:09:15:986	tomas.kostan	clay=0; ore=0; sheep=2; wheat=3; wood=4; unknown=0; knights=1; dev-cards=0	roads=[100,152; 152,169]; settlements=[116,152]	can i get a wood?	 	 
117	19:09:20:969	william	clay=2; ore=0; sheep=0; wheat=1; wood=1; unknown=0; knights=0; dev-cards=1	roads=[67,70; 70,54]	no	 	 
118	19:09:24:443	gotwood4sheep	clay=1; ore=1; sheep=0; wheat=1; wood=1; unknown=0; knights=0; dev-cards=0	roads=[105,154; 154,138]	um i just gave you one ;)	 	 
119	19:09:44:026	tomas.kostan	clay=0; ore=0; sheep=2; wheat=3; wood=4; unknown=0; knights=1; dev-cards=0	roads=[100,152; 152,169]; settlements=[116,152]	alright... what about some wheat?	 	 
120	19:09:49:851	william	clay=2; ore=0; sheep=0; wheat=1; wood=1; unknown=0; knights=0; dev-cards=1	roads=[67,70; 70,54]	no sry	 	 
121	19:09:53:521	gotwood4sheep	clay=1; ore=1; sheep=0; wheat=1; wood=1; unknown=0; knights=0; dev-cards=0	roads=[105,154; 154,138]	alas I now require my remaining goods	 	 
122	19:09:58:508	tomas.kostan	clay=0; ore=0; sheep=2; wheat=3; wood=4; unknown=0; knights=1; dev-cards=0	roads=[100,152; 152,169]; settlements=[116,152]	ore? :D	 	 
123	19:10:05:296	tomas.kostan	clay=0; ore=0; sheep=2; wheat=3; wood=4; unknown=0; knights=1; dev-cards=0	roads=[100,152; 152,169]; settlements=[116,152]	come on guys :D	 	 
124	19:10:05:418	william	clay=2; ore=0; sheep=0; wheat=1; wood=1; unknown=0; knights=0; dev-cards=1	roads=[67,70; 70,54]	can't	 	 
125	19:10:18:288	gotwood4sheep	clay=1; ore=1; sheep=0; wheat=1; wood=1; unknown=0; knights=0; dev-cards=0	roads=[105,154; 154,138]	next time maybe!	 	 
126	19:10:19:313	Server	 		gotwood4sheep rolled a 4 and a 2.	 	 
127	19:10:19:314	Server	 		gotwood4sheep gets 2 wood. william gets 2 wood.	 	 
128	19:10:23:943	Server	 		gotwood4sheep built a road.	 	 
129	19:10:33:457	gotwood4sheep	clay=0; ore=1; sheep=0; wheat=1; wood=2; unknown=0; knights=0; dev-cards=0	roads=[105,154; 154,138; 138,139]	got sheep?	 	 
130	19:10:35:468	gotwood4sheep	clay=0; ore=1; sheep=0; wheat=1; wood=2; unknown=0; knights=0; dev-cards=0	roads=[105,154; 154,138; 138,139]	I got wood	 	 
131	19:10:38:190	william	clay=2; ore=0; sheep=0; wheat=1; wood=3; unknown=0; knights=0; dev-cards=1	roads=[67,70; 70,54]	nope	 	 
132	19:11:01:879	tomas.kostan	clay=0; ore=0; sheep=2; wheat=3; wood=4; unknown=0; knights=1; dev-cards=0	roads=[100,152; 152,169]; settlements=[116,152]	sry not interested anymore	 	 
133	19:11:03:663	gotwood4sheep	clay=0; ore=1; sheep=0; wheat=1; wood=2; unknown=0; knights=0; dev-cards=0	roads=[105,154; 154,138; 138,139]	kk	 	 
134	19:11:07:149	Server	 		william rolled a 4 and a 3.	 	 
135	19:11:24:221	gotwood4sheep	clay=0; ore=0; sheep=0; wheat=1; wood=2; unknown=0; knights=0; dev-cards=0	roads=[105,154; 154,138; 138,139]	ouch	 	 
136	19:11:25:981	tomas.kostan	clay=0; ore=0; sheep=2; wheat=2; wood=1; unknown=0; knights=1; dev-cards=0	roads=[100,152; 152,169]; settlements=[116,152]	i knew it :D	 	 
137	19:11:40:562	william	clay=2; ore=1; sheep=0; wheat=1; wood=3; unknown=0; knights=0; dev-cards=1	roads=[67,70; 70,54]	tomas, I will give you 2 wood for a sheep...	 	 
138	19:11:55:524	tomas.kostan	clay=0; ore=0; sheep=2; wheat=2; wood=1; unknown=0; knights=1; dev-cards=0	roads=[100,152; 152,169]; settlements=[116,152]	i just discarded all of my sheep... :/	 	 
139	19:11:58:766	william	clay=2; ore=1; sheep=0; wheat=1; wood=3; unknown=0; knights=0; dev-cards=1	roads=[67,70; 70,54]	oops	 	 
140	19:11:59:989	gotwood4sheep	clay=0; ore=0; sheep=0; wheat=1; wood=2; unknown=0; knights=0; dev-cards=0	roads=[105,154; 154,138; 138,139]	aww	 	 
141	19:12:04:210	Server	 		tomas.kostan rolled a 1 and a 3.	 	 
142	19:12:04:211	Server	 		gotwood4sheep gets 1 wood. william gets 1 wheat. tomas.kostan gets 1 wood.	 	 
143	19:12:12:978	tomas.kostan	clay=0; ore=0; sheep=2; wheat=2; wood=2; unknown=0; knights=1; dev-cards=0	roads=[100,152; 152,169]; settlements=[116,152]	ore anyone?	 	 
144	19:12:20:030	william	clay=2; ore=1; sheep=0; wheat=2; wood=3; unknown=0; knights=0; dev-cards=1	roads=[67,70; 70,54]	no	 	 
145	19:12:21:765	gotwood4sheep	clay=0; ore=0; sheep=0; wheat=1; wood=3; unknown=0; knights=0; dev-cards=0	roads=[105,154; 154,138; 138,139]	i have a man on my ore pile...	 	 
146	19:12:26:089	gotwood4sheep	clay=0; ore=0; sheep=0; wheat=1; wood=3; unknown=0; knights=0; dev-cards=0	roads=[105,154; 154,138; 138,139]	and the man isn't me :(	 	 
147	19:12:31:851	tomas.kostan	clay=0; ore=0; sheep=2; wheat=2; wood=2; unknown=0; knights=1; dev-cards=0	roads=[100,152; 152,169]; settlements=[116,152]	i see...	 	 
148	19:12:34:927	Server	 		gotwood4sheep rolled a 3 and a 4.	 	 
149	19:13:06:886	Server	 		william rolled a 1 and a 5.	 	 
150	19:13:06:887	Server	 		gotwood4sheep gets 2 wood. william gets 2 wood.	 	 
151	19:13:14:770	Server	 		tomas.kostan rolled a 1 and a 2.	 	 
152	19:13:14:770	Server	 		william gets 2 ore.	 	 
153	19:13:27:032	tomas.kostan	clay=0; ore=0; sheep=2; wheat=2; wood=2; unknown=0; knights=1; dev-cards=0	roads=[100,152; 152,169]; settlements=[116,152]	ore to spare william?	 	 
154	19:13:28:308	gotwood4sheep	clay=0; ore=0; sheep=0; wheat=2; wood=5; unknown=0; knights=0; dev-cards=0	roads=[105,154; 154,138; 138,139]	3s are treating you well	 	 
155	19:13:31:047	gotwood4sheep	clay=0; ore=0; sheep=0; wheat=2; wood=5; unknown=0; knights=0; dev-cards=0	roads=[105,154; 154,138; 138,139]	kerching	 	 
156	19:13:36:825	william	clay=2; ore=2; sheep=0; wheat=0; wood=3; unknown=0; knights=0; dev-cards=1	roads=[67,70; 70,54]	^^ i need sheep as always	 	 
157	19:13:49:931	tomas.kostan	clay=0; ore=0; sheep=2; wheat=2; wood=2; unknown=0; knights=1; dev-cards=0	roads=[100,152; 152,169]; settlements=[116,152]	wood? & wheat?	 	 
158	19:13:58:424	william	clay=2; ore=2; sheep=0; wheat=0; wood=3; unknown=0; knights=0; dev-cards=1	roads=[67,70; 70,54]	no sry	 	 
159	19:14:03:103	Server	 		gotwood4sheep rolled a 3 and a 1.	 	 
160	19:14:03:103	Server	 		gotwood4sheep gets 1 wood. william gets 1 wheat. tomas.kostan gets 1 wood.	 	 
161	19:14:08:235	gotwood4sheep	clay=0; ore=0; sheep=0; wheat=2; wood=6; unknown=0; knights=0; dev-cards=0	roads=[105,154; 154,138; 138,139]	anyone got clay?	 	 
162	19:14:14:540	william	clay=2; ore=2; sheep=0; wheat=1; wood=3; unknown=0; knights=0; dev-cards=1	roads=[67,70; 70,54]	for a sheep	 	 
163	19:14:30:278	gotwood4sheep	clay=0; ore=0; sheep=0; wheat=2; wood=6; unknown=0; knights=0; dev-cards=0	roads=[105,154; 154,138; 138,139]	i have 0 sheep,& sorry,& I know they are in high demand too	 	 
164	19:14:48:073	gotwood4sheep	clay=0; ore=0; sheep=0; wheat=2; wood=6; unknown=0; knights=0; dev-cards=0	roads=[105,154; 154,138; 138,139]	tomas, any clay??	 	 
165	19:14:53:390	gotwood4sheep	clay=0; ore=0; sheep=0; wheat=2; wood=6; unknown=0; knights=0; dev-cards=0	roads=[105,154; 154,138; 138,139]	i appreciate we're all sheepless	 	 
166	19:15:01:723	tomas.kostan	clay=0; ore=0; sheep=2; wheat=2; wood=3; unknown=0; knights=1; dev-cards=0	roads=[100,152; 152,169]; settlements=[116,152]	no clay &:( & robber steals it all!	 	 
167	19:15:07:891	gotwood4sheep	clay=0; ore=0; sheep=0; wheat=2; wood=6; unknown=0; knights=0; dev-cards=0	roads=[105,154; 154,138; 138,139]	so he does, & my bad...	 	 
168	19:15:14:134	Server	 		gotwood4sheep traded 4 wood for 1 sheep from the bank.	 	 
169	19:15:18:807	Server	 		william rolled a 2 and a 6.	 	 
170	19:15:18:808	Server	 		gotwood4sheep gets 1 wheat.	 	 
171	19:15:27:849	gotwood4sheep	clay=0; ore=0; sheep=1; wheat=3; wood=2; unknown=0; knights=0; dev-cards=0	roads=[105,154; 154,138; 138,139]	8 ouch	 	 
172	19:15:34:318	gotwood4sheep	clay=0; ore=0; sheep=1; wheat=3; wood=2; unknown=0; knights=0; dev-cards=0	roads=[105,154; 154,138; 138,139]	i wanted y'all to make clay too... ...	 	 
173	19:15:36:072	tomas.kostan	clay=0; ore=0; sheep=2; wheat=2; wood=3; unknown=0; knights=1; dev-cards=0	roads=[100,152; 152,169]; settlements=[116,152]	i know	 	 
174	19:15:37:362	Server	 		william traded 3 wood for 1 sheep from a port.	 	 
175	19:15:41:705	Server	 		tomas.kostan rolled a 3 and a 1.	 	 
176	19:15:41:706	Server	 		gotwood4sheep gets 1 wood. william gets 1 wheat. tomas.kostan gets 1 wood.	 	 
177	19:16:01:892	tomas.kostan	clay=0; ore=0; sheep=2; wheat=2; wood=4; unknown=0; knights=1; dev-cards=0	roads=[100,152; 152,169]; settlements=[116,152]	i will give you sheep for a clay!	 	 
178	19:16:07:254	gotwood4sheep	clay=0; ore=0; sheep=1; wheat=3; wood=3; unknown=0; knights=0; dev-cards=0	roads=[105,154; 154,138; 138,139]	i have no clay :(	 	 
179	19:16:09:819	gotwood4sheep	clay=0; ore=0; sheep=1; wheat=3; wood=3; unknown=0; knights=0; dev-cards=0	roads=[105,154; 154,138; 138,139]	honest	 	 
180	19:16:10:392	william	clay=2; ore=2; sheep=1; wheat=2; wood=0; unknown=0; knights=0; dev-cards=1	roads=[67,70; 70,54]	here	 	 
181	19:16:21:921	Server	 		tomas.kostan made an offer to trade 1 sheep for 1 clay.	 	 
182	19:16:25:913	Server	 		tomas.kostan traded 1 sheep for 1 clay from william.	 	 
183	19:16:32:392	Server	 		tomas.kostan built a settlement.	 	 
184	19:16:38:574	Server	 		gotwood4sheep rolled a 1 and a 5.	 	 
185	19:16:38:575	Server	 		gotwood4sheep gets 2 wood. william gets 2 wood.	 	 
186	19:16:47:735	gotwood4sheep	clay=0; ore=0; sheep=1; wheat=3; wood=5; unknown=0; knights=0; dev-cards=0	roads=[105,154; 154,138; 138,139]	william, how much for your clay :)	 	 
187	19:16:54:817	william	clay=1; ore=2; sheep=2; wheat=2; wood=2; unknown=0; knights=0; dev-cards=1	roads=[67,70; 70,54]	none left to trade	 	 
188	19:17:03:476	gotwood4sheep	clay=0; ore=0; sheep=1; wheat=3; wood=5; unknown=0; knights=0; dev-cards=0	roads=[105,154; 154,138; 138,139]	c'est pas vrai	 	 
189	19:17:11:476	william	clay=1; ore=2; sheep=2; wheat=2; wood=2; unknown=0; knights=0; dev-cards=1	roads=[67,70; 70,54]	to trade ;)	 	 
190	19:17:14:397	gotwood4sheep	clay=0; ore=0; sheep=1; wheat=3; wood=5; unknown=0; knights=0; dev-cards=0	roads=[105,154; 154,138; 138,139]	lol	 	 
191	19:17:18:465	Server	 		gotwood4sheep traded 4 wood for 1 clay from the bank.	 	 
192	19:17:20:701	Server	 		gotwood4sheep built a settlement.	 	 
193	19:17:24:705	Server	 		william rolled a 6 and a 1.	 	 
194	19:17:31:156	gotwood4sheep	clay=0; ore=0; sheep=0; wheat=2; wood=0; unknown=0; knights=0; dev-cards=0	roads=[105,154; 154,138; 138,139]; settlements=[154,156]	ouch :(	 	 
195	19:17:34:702	gotwood4sheep	clay=0; ore=0; sheep=0; wheat=2; wood=0; unknown=0; knights=0; dev-cards=0	roads=[105,154; 154,138; 138,139]; settlements=[154,156]	robbed	 	 
196	19:17:51:738	william	clay=1; ore=0; sheep=2; wheat=1; wood=1; unknown=0; knights=0; dev-cards=1	roads=[67,70; 70,54]	argh!	 	 
197	19:18:21:676	Server	 		william built a settlement.	 	 
198	19:18:22:725	tomas.kostan	clay=0; ore=0; sheep=0; wheat=0; wood=3; unknown=0; knights=1; dev-cards=0	roads=[100,152; 152,169]; settlements=[116,152; 152,186]	what was that? :D	 	 
199	19:18:26:673	Server	 		tomas.kostan rolled a 6 and a 5.	 	 
200	19:18:26:673	Server	 		william gets 3 clay. tomas.kostan gets 1 sheep.	 	 
201	19:18:30:900	gotwood4sheep	clay=0; ore=0; sheep=0; wheat=2; wood=0; unknown=0; knights=0; dev-cards=0	roads=[105,154; 154,138; 138,139]; settlements=[154,156]	william, you're a true diplomat	 	 
202	19:18:40:565	william	clay=3; ore=0; sheep=1; wheat=1; wood=0; unknown=0; knights=0; dev-cards=1	roads=[67,70; 70,54]; settlements=[67,54]	^^ it might just pay off in the long run	 	 
203	19:18:46:582	tomas.kostan	clay=0; ore=0; sheep=1; wheat=0; wood=3; unknown=0; knights=1; dev-cards=0	roads=[100,152; 152,169]; settlements=[116,152; 152,186]	clay to spare? :)	 	 
204	19:18:49:797	william	clay=3; ore=0; sheep=1; wheat=1; wood=0; unknown=0; knights=0; dev-cards=1	roads=[67,70; 70,54]; settlements=[67,54]	yup	 	 
205	19:18:51:291	gotwood4sheep	clay=0; ore=0; sheep=0; wheat=2; wood=0; unknown=0; knights=0; dev-cards=0	roads=[105,154; 154,138; 138,139]; settlements=[154,156]	lol	 	 
206	19:18:55:306	william	clay=3; ore=0; sheep=1; wheat=1; wood=0; unknown=0; knights=0; dev-cards=1	roads=[67,70; 70,54]; settlements=[67,54]	i need ore or wood	 	 
207	19:18:56:139	tomas.kostan	clay=0; ore=0; sheep=1; wheat=0; wood=3; unknown=0; knights=1; dev-cards=0	roads=[100,152; 152,169]; settlements=[116,152; 152,186]	for a wood?	 	 
208	19:18:59:642	william	clay=3; ore=0; sheep=1; wheat=1; wood=0; unknown=0; knights=0; dev-cards=1	roads=[67,70; 70,54]; settlements=[67,54]	yes	 	 
209	19:19:04:345	Server	 		tomas.kostan made an offer to trade 1 wood for 1 clay.	 	 
210	19:19:08:114	Server	 		tomas.kostan traded 1 wood for 1 clay from william.	 	 
211	19:19:13:280	Server	 		tomas.kostan built a road.	 	 
212	19:19:18:525	Server	 		gotwood4sheep rolled a 4 and a 2.	 	 
213	19:19:18:525	Server	 		gotwood4sheep gets 2 wood. william gets 2 wood.	 	 
214	19:19:37:699	gotwood4sheep	clay=0; ore=0; sheep=0; wheat=2; wood=2; unknown=0; knights=0; dev-cards=0	roads=[105,154; 154,138; 138,139]; settlements=[154,156]	william, can you spare another clay for another wood?	 	 
215	19:19:41:964	gotwood4sheep	clay=0; ore=0; sheep=0; wheat=2; wood=2; unknown=0; knights=0; dev-cards=0	roads=[105,154; 154,138; 138,139]; settlements=[154,156]	or are you now wooded up	 	 
216	19:19:46:839	william	clay=2; ore=0; sheep=1; wheat=1; wood=3; unknown=0; knights=0; dev-cards=1	roads=[67,70; 70,54]; settlements=[67,54]	wooded up ;)	 	 
217	19:19:50:415	gotwood4sheep	clay=0; ore=0; sheep=0; wheat=2; wood=2; unknown=0; knights=0; dev-cards=0	roads=[105,154; 154,138; 138,139]; settlements=[154,156]	no worries then :)	 	 
218	19:19:55:065	Server	 		william rolled a 6 and a 2.	 	 
219	19:19:55:065	Server	 		gotwood4sheep gets 2 wheat. william gets 1 clay. tomas.kostan gets 1 clay.	 	 
220	19:20:06:396	william	clay=3; ore=0; sheep=1; wheat=1; wood=3; unknown=0; knights=0; dev-cards=1	roads=[67,70; 70,54]; settlements=[67,54]	sry about this, & but i saw the spot first...	 	 
221	19:20:10:313	Server	 		william built a road.	 	 
222	19:20:12:981	Server	 		william built a road.	 	 
223	19:20:15:391	Server	 		william built a settlement.	 	 
224	19:20:17:793	gotwood4sheep	clay=0; ore=0; sheep=0; wheat=4; wood=2; unknown=0; knights=0; dev-cards=0	roads=[105,154; 154,138; 138,139]; settlements=[154,156]	wowzer	 	 
225	19:20:19:558	gotwood4sheep	clay=0; ore=0; sheep=0; wheat=4; wood=2; unknown=0; knights=0; dev-cards=0	roads=[105,154; 154,138; 138,139]; settlements=[154,156]	quite the chain	 	 
226	19:20:22:307	tomas.kostan	clay=1; ore=0; sheep=1; wheat=0; wood=1; unknown=0; knights=1; dev-cards=0	roads=[100,152; 152,169; 169,101]; settlements=[116,152; 152,186]	not again william :D	 	 
227	19:20:22:891	Server	 		tomas.kostan rolled a 3 and a 6.	 	 
228	19:20:22:891	Server	 		gotwood4sheep gets 2 ore. tomas.kostan gets 1 wheat.	 	 
229	19:20:38:849	tomas.kostan	clay=1; ore=0; sheep=1; wheat=1; wood=1; unknown=0; knights=1; dev-cards=0	roads=[100,152; 152,169; 169,101]; settlements=[116,152; 152,186]	just one turn. just one :D	 	 
230	19:20:48:621	Server	 		gotwood4sheep rolled a 6 and a 4.	 	 
231	19:20:48:621	Server	 		gotwood4sheep gets 1 wood. william gets 1 sheep. tomas.kostan gets 1 sheep.	 	 
232	19:20:57:899	gotwood4sheep	clay=0; ore=2; sheep=0; wheat=4; wood=3; unknown=0; knights=0; dev-cards=0	roads=[105,154; 154,138; 138,139]; settlements=[154,156]	anyone got ore?	 	 
233	19:21:04:401	william	clay=0; ore=0; sheep=1; wheat=0; wood=0; unknown=0; knights=0; dev-cards=1	roads=[67,70; 70,54; 54,86; 86,102]; settlements=[67,54; 54,118]	no	 	 
234	19:21:11:820	tomas.kostan	clay=1; ore=0; sheep=2; wheat=1; wood=1; unknown=0; knights=1; dev-cards=0	roads=[100,152; 152,169; 169,101]; settlements=[116,152; 152,186]	no sry	 	 
235	19:21:15:059	gotwood4sheep	clay=0; ore=2; sheep=0; wheat=4; wood=3; unknown=0; knights=0; dev-cards=0	roads=[105,154; 154,138; 138,139]; settlements=[154,156]	no worries then	 	 
236	19:21:18:455	Server	 		gotwood4sheep traded 3 wood for 1 ore from a port.	 	 
237	19:21:20:287	Server	 		gotwood4sheep built a city.	 	 
238	19:21:23:340	Server	 		william rolled a 6 and a 3.	 	 
239	19:21:23:341	Server	 		gotwood4sheep gets 2 ore. tomas.kostan gets 1 wheat.	 	 
240	19:21:28:345	Server	 		tomas.kostan rolled a 5 and a 5.	 	 
241	19:21:28:345	Server	 		gotwood4sheep gets 1 wood. william gets 1 sheep. tomas.kostan gets 1 sheep.	 	 
242	19:21:43:197	tomas.kostan	clay=1; ore=0; sheep=3; wheat=2; wood=1; unknown=0; knights=1; dev-cards=0	roads=[100,152; 152,169; 169,101]; settlements=[116,152; 152,186]	need wood and clay	 	 
243	19:21:48:837	william	clay=0; ore=0; sheep=2; wheat=0; wood=0; unknown=0; knights=0; dev-cards=1	roads=[67,70; 70,54; 54,86; 86,102]; settlements=[67,54; 54,118]	sry	 	 
244	19:21:53:053	gotwood4sheep	clay=0; ore=2; sheep=0; wheat=2; wood=1; unknown=0; knights=0; dev-cards=0	roads=[105,154; 154,138; 138,139]; cities=[105,154]	i have wood, & what you got?	 	 
245	19:22:01:339	tomas.kostan	clay=0; ore=0; sheep=3; wheat=2; wood=0; unknown=0; knights=1; dev-cards=0	roads=[100,152; 152,169; 169,101]; settlements=[116,152; 152,186]	sheep?	 	 
246	19:22:07:643	gotwood4sheep	clay=0; ore=2; sheep=0; wheat=2; wood=1; unknown=0; knights=0; dev-cards=0	roads=[105,154; 154,138; 138,139]; cities=[105,154]	anything else?	 	 
247	19:22:17:299	tomas.kostan	clay=1; ore=0; sheep=3; wheat=2; wood=1; unknown=0; knights=1; dev-cards=0	roads=[100,152; 152,169; 169,101]; settlements=[116,152; 152,186]	wheat?	 	 
248	19:22:22:874	gotwood4sheep	clay=0; ore=2; sheep=0; wheat=2; wood=1; unknown=0; knights=0; dev-cards=0	roads=[105,154; 154,138; 138,139]; cities=[105,154]	i'll take your first offer	 	 
249	19:22:28:383	tomas.kostan	clay=1; ore=0; sheep=3; wheat=2; wood=1; unknown=0; knights=1; dev-cards=0	roads=[100,152; 152,169; 169,101]; settlements=[116,152; 152,186]	ok then	 	 
250	19:22:31:806	gotwood4sheep	clay=0; ore=2; sheep=0; wheat=2; wood=1; unknown=0; knights=0; dev-cards=0	roads=[105,154; 154,138; 138,139]; cities=[105,154]	i have literally got wood for sheep	 	 
251	19:22:34:983	gotwood4sheep	clay=0; ore=2; sheep=0; wheat=2; wood=1; unknown=0; knights=0; dev-cards=0	roads=[105,154; 154,138; 138,139]; cities=[105,154]	joy!	 	 
252	19:22:49:080	Server	 		tomas.kostan made an offer to trade 1 sheep for 1 wood.	 	 
253	19:22:50:786	Server	 		tomas.kostan traded 1 sheep for 1 wood from gotwood4sheep.	 	 
254	19:22:55:358	tomas.kostan	clay=1; ore=0; sheep=2; wheat=2; wood=2; unknown=0; knights=1; dev-cards=0	roads=[100,152; 152,169; 169,101]; settlements=[116,152; 152,186]	thx!	 	 
255	19:22:58:907	gotwood4sheep	clay=0; ore=2; sheep=1; wheat=2; wood=0; unknown=0; knights=0; dev-cards=0	roads=[105,154; 154,138; 138,139]; cities=[105,154]	i will never tire of that	 	 
256	19:23:04:620	gotwood4sheep	clay=0; ore=2; sheep=1; wheat=2; wood=0; unknown=0; knights=0; dev-cards=0	roads=[105,154; 154,138; 138,139]; cities=[105,154]	yw	 	 
257	19:23:12:978	tomas.kostan	clay=1; ore=0; sheep=2; wheat=2; wood=2; unknown=0; knights=1; dev-cards=0	roads=[100,152; 152,169; 169,101]; settlements=[116,152; 152,186]	what about an ore?	 	 
258	19:23:22:828	william	clay=0; ore=0; sheep=2; wheat=0; wood=0; unknown=0; knights=0; dev-cards=1	roads=[67,70; 70,54; 54,86; 86,102]; settlements=[67,54; 54,118]	i'm broke	 	 
259	19:23:33:919	Server	 		tomas.kostan built a road.	 	 
260	19:23:34:547	gotwood4sheep	clay=0; ore=2; sheep=1; wheat=2; wood=0; unknown=0; knights=0; dev-cards=0	roads=[105,154; 154,138; 138,139]; cities=[105,154]	again, what do you have? &  I'm not as sold on this trade & but i'll hear you out	 	 
261	19:23:45:876	tomas.kostan	clay=0; ore=0; sheep=2; wheat=2; wood=1; unknown=0; knights=1; dev-cards=0	roads=[100,152; 152,169; 169,101; 101,135]; settlements=[116,152; 152,186]	sheep or wheat?	 	 
262	19:24:00:649	gotwood4sheep	clay=0; ore=2; sheep=1; wheat=2; wood=0; unknown=0; knights=0; dev-cards=0	roads=[105,154; 154,138; 138,139]; cities=[105,154]	one for one doesn't really work for me, sorry	 	 
263	19:24:11:955	tomas.kostan	clay=0; ore=0; sheep=2; wheat=2; wood=1; unknown=0; knights=1; dev-cards=0	roads=[100,152; 152,169; 169,101; 101,135]; settlements=[116,152; 152,186]	sheep or wheat + wood?	 	 
264	19:24:23:587	gotwood4sheep	clay=0; ore=2; sheep=1; wheat=2; wood=0; unknown=0; knights=0; dev-cards=0	roads=[105,154; 154,138; 138,139]; cities=[105,154]	i didn't need the wood i just gave you, alas	 	 
265	19:24:26:998	gotwood4sheep	clay=0; ore=2; sheep=1; wheat=2; wood=0; unknown=0; knights=0; dev-cards=0	roads=[105,154; 154,138; 138,139]; cities=[105,154]	think i'll pass :)	 	 
266	19:24:34:475	Server	 		gotwood4sheep rolled a 5 and a 5.	 	 
267	19:24:34:476	Server	 		gotwood4sheep gets 1 wood. william gets 1 sheep. tomas.kostan gets 1 sheep.	 	 
268	19:24:43:991	Server	 		william rolled a 2 and a 2.	 	 
269	19:24:43:992	Server	 		gotwood4sheep gets 2 wood. william gets 1 wheat. tomas.kostan gets 2 wood.	 	 
270	19:24:52:742	william	clay=0; ore=0; sheep=3; wheat=1; wood=0; unknown=0; knights=0; dev-cards=1	roads=[67,70; 70,54; 54,86; 86,102]; settlements=[67,54; 54,118]	can i get an ore for a sheep?	 	 
271	19:25:00:260	tomas.kostan	clay=0; ore=0; sheep=3; wheat=2; wood=3; unknown=0; knights=1; dev-cards=0	roads=[100,152; 152,169; 169,101; 101,135]; settlements=[116,152; 152,186]	no ore here sry	 	 
272	19:25:02:467	gotwood4sheep	clay=0; ore=1; sheep=0; wheat=1; wood=3; unknown=0; knights=0; dev-cards=1	roads=[105,154; 154,138; 138,139]; cities=[105,154]	fraid not	 	 
273	19:25:07:768	Server	 		tomas.kostan rolled a 1 and a 4.	 	 
274	19:25:07:768	Server	 		gotwood4sheep gets 4 wheat. tomas.kostan gets 1 wood.	 	 
275	19:25:29:084	tomas.kostan	clay=0; ore=0; sheep=3; wheat=2; wood=4; unknown=0; knights=1; dev-cards=0	roads=[100,152; 152,169; 169,101; 101,135]; settlements=[116,152; 152,186]	clay ore for trade anyone?	 	 
276	19:25:35:006	william	clay=0; ore=0; sheep=3; wheat=1; wood=0; unknown=0; knights=0; dev-cards=1	roads=[67,70; 70,54; 54,86; 86,102]; settlements=[67,54; 54,118]	no	 	 
277	19:25:42:471	gotwood4sheep	clay=0; ore=1; sheep=0; wheat=5; wood=3; unknown=0; knights=0; dev-cards=1	roads=[105,154; 154,138; 138,139]; cities=[105,154]	i need a clay	 	 
278	19:25:45:058	gotwood4sheep	clay=0; ore=1; sheep=0; wheat=5; wood=3; unknown=0; knights=0; dev-cards=1	roads=[105,154; 154,138; 138,139]; cities=[105,154]	can offer an ore	 	 
279	19:25:48:119	gotwood4sheep	clay=0; ore=1; sheep=0; wheat=5; wood=3; unknown=0; knights=0; dev-cards=1	roads=[105,154; 154,138; 138,139]; cities=[105,154]	if that's what you mean?	 	 
280	19:26:00:293	tomas.kostan	clay=0; ore=0; sheep=3; wheat=2; wood=4; unknown=0; knights=1; dev-cards=0	roads=[100,152; 152,169; 169,101; 101,135]; settlements=[116,152; 152,186]	"yes i missed ""or"" there"	 	 
281	19:26:08:143	tomas.kostan	clay=0; ore=0; sheep=3; wheat=2; wood=4; unknown=0; knights=1; dev-cards=0	roads=[100,152; 152,169; 169,101; 101,135]; settlements=[116,152; 152,186]	ore for what then?	 	 
282	19:26:11:083	gotwood4sheep	clay=0; ore=1; sheep=0; wheat=5; wood=3; unknown=0; knights=0; dev-cards=1	roads=[105,154; 154,138; 138,139]; cities=[105,154]	clay	 	 
283	19:26:14:847	gotwood4sheep	clay=0; ore=1; sheep=0; wheat=5; wood=3; unknown=0; knights=0; dev-cards=1	roads=[105,154; 154,138; 138,139]; cities=[105,154]	which you don't have?	 	 
284	19:26:28:947	tomas.kostan	clay=0; ore=0; sheep=3; wheat=2; wood=4; unknown=0; knights=1; dev-cards=0	roads=[100,152; 152,169; 169,101; 101,135]; settlements=[116,152; 152,186]	clay and ore :) & ask for anything else	 	 
285	19:26:34:492	gotwood4sheep	clay=0; ore=1; sheep=0; wheat=5; wood=3; unknown=0; knights=0; dev-cards=1	roads=[105,154; 154,138; 138,139]; cities=[105,154]	sorry!	 	 
286	19:26:39:569	gotwood4sheep	clay=0; ore=1; sheep=0; wheat=5; wood=3; unknown=0; knights=0; dev-cards=1	roads=[105,154; 154,138; 138,139]; cities=[105,154]	clay is my heart's desire	 	 
287	19:26:51:229	tomas.kostan	clay=0; ore=0; sheep=3; wheat=2; wood=4; unknown=0; knights=1; dev-cards=0	roads=[100,152; 152,169; 169,101; 101,135]; settlements=[116,152; 152,186]	ok wood then? & anyone can trade wood?	 	 
288	19:26:58:751	gotwood4sheep	clay=0; ore=1; sheep=0; wheat=5; wood=3; unknown=0; knights=0; dev-cards=1	roads=[105,154; 154,138; 138,139]; cities=[105,154]	i have wood but guess what	 	 
289	19:26:59:990	william	clay=0; ore=0; sheep=3; wheat=1; wood=0; unknown=0; knights=0; dev-cards=1	roads=[67,70; 70,54; 54,86; 86,102]; settlements=[67,54; 54,118]	nada	 	 
290	19:27:01:209	gotwood4sheep	clay=0; ore=1; sheep=0; wheat=5; wood=3; unknown=0; knights=0; dev-cards=1	roads=[105,154; 154,138; 138,139]; cities=[105,154]	need clay	 	 
291	19:27:01:999	gotwood4sheep	clay=0; ore=1; sheep=0; wheat=5; wood=3; unknown=0; knights=0; dev-cards=1	roads=[105,154; 154,138; 138,139]; cities=[105,154]	lol	 	 
292	19:27:11:489	gotwood4sheep	clay=0; ore=1; sheep=0; wheat=5; wood=3; unknown=0; knights=0; dev-cards=1	roads=[105,154; 154,138; 138,139]; cities=[105,154]	i could do 1 wood for a sheep perhaps?	 	 
293	19:27:16:181	tomas.kostan	clay=0; ore=0; sheep=3; wheat=2; wood=4; unknown=0; knights=1; dev-cards=0	roads=[100,152; 152,169; 169,101; 101,135]; settlements=[116,152; 152,186]	i can give you a sheep and a wheat & think about that :)	 	 
294	19:27:23:513	gotwood4sheep	clay=0; ore=1; sheep=0; wheat=5; wood=3; unknown=0; knights=0; dev-cards=1	roads=[105,154; 154,138; 138,139]; cities=[105,154]	ok then	 	 
295	19:27:27:202	tomas.kostan	clay=0; ore=0; sheep=3; wheat=2; wood=4; unknown=0; knights=1; dev-cards=0	roads=[100,152; 152,169; 169,101; 101,135]; settlements=[116,152; 152,186]	:)	 	 
296	19:27:28:750	gotwood4sheep	clay=0; ore=1; sheep=0; wheat=5; wood=3; unknown=0; knights=0; dev-cards=1	roads=[105,154; 154,138; 138,139]; cities=[105,154]	you just got upsold	 	 
297	19:27:38:328	Server	 		tomas.kostan made an offer to trade 1 sheep, 1 wheat for 1 wood.	 	 
298	19:27:40:406	Server	 		tomas.kostan traded 1 sheep, 1 wheat for 1 wood from gotwood4sheep.	 	 
299	19:27:45:610	tomas.kostan	clay=0; ore=0; sheep=2; wheat=1; wood=5; unknown=0; knights=1; dev-cards=0	roads=[100,152; 152,169; 169,101; 101,135]; settlements=[116,152; 152,186]	:D	 	 
300	19:27:56:183	Server	 		tomas.kostan traded 4 wood for 1 clay from the bank.	 	 
301	19:27:57:368	gotwood4sheep	clay=0; ore=1; sheep=1; wheat=6; wood=2; unknown=0; knights=0; dev-cards=1	roads=[105,154; 154,138; 138,139]; cities=[105,154]	and now watch my prowess at rolling a 7...	 	 
302	19:27:59:318	Server	 		tomas.kostan built a road.	 	 
303	19:28:06:202	Server	 		gotwood4sheep rolled a 1 and a 5.	 	 
304	19:28:06:202	Server	 		gotwood4sheep gets 2 wood. william gets 2 wood.	 	 
305	19:28:10:182	gotwood4sheep	clay=0; ore=1; sheep=1; wheat=6; wood=4; unknown=0; knights=0; dev-cards=1	roads=[105,154; 154,138; 138,139]; cities=[105,154]	aww, one off	 	 
306	19:28:13:661	william	clay=0; ore=0; sheep=3; wheat=1; wood=2; unknown=0; knights=0; dev-cards=1	roads=[67,70; 70,54; 54,86; 86,102]; settlements=[67,54; 54,118]	close one	 	 
307	19:28:19:331	gotwood4sheep	clay=0; ore=1; sheep=1; wheat=6; wood=4; unknown=0; knights=0; dev-cards=1	roads=[105,154; 154,138; 138,139]; cities=[105,154]	anyone got clay?	 	 
308	19:28:22:402	william	clay=0; ore=0; sheep=3; wheat=1; wood=2; unknown=0; knights=0; dev-cards=1	roads=[67,70; 70,54; 54,86; 86,102]; settlements=[67,54; 54,118]	no	 	 
309	19:28:43:161	gotwood4sheep	clay=0; ore=1; sheep=1; wheat=6; wood=4; unknown=0; knights=0; dev-cards=1	roads=[105,154; 154,138; 138,139]; cities=[105,154]	no problem!	 	 
310	19:28:50:462	Server	 		gotwood4sheep traded 6 wheat for 2 clay from a port.	 	 
311	19:28:55:863	Server	 		gotwood4sheep built a road.	 	 
312	19:28:57:550	Server	 		gotwood4sheep built a road.	 	 
313	19:29:03:014	Server	 		william rolled a 6 and a 2.	 	 
314	19:29:03:015	Server	 		gotwood4sheep gets 3 wheat. william gets 1 clay. tomas.kostan gets 1 clay.	 	 
315	19:29:23:659	Server	 		william built a road.	 	 
316	19:29:30:438	Server	 		tomas.kostan rolled a 3 and a 2.	 	 
317	19:29:30:439	Server	 		gotwood4sheep gets 4 wheat. tomas.kostan gets 1 wood.	 	 
318	19:29:37:246	Server	 		tomas.kostan built a settlement.	 	 
319	19:29:41:268	Server	 		gotwood4sheep rolled a 1 and a 5.	 	 
320	19:29:41:268	Server	 		gotwood4sheep gets 2 wood. william gets 2 wood.	 	 
321	19:29:46:938	Server	 		gotwood4sheep traded 3 wood for 1 clay from a port.	 	 
322	19:29:49:247	Server	 		gotwood4sheep built a settlement.	 	 
323	19:29:58:529	Server	 		gotwood4sheep traded 4 wheat for 2 ore from a port.	 	 
324	19:30:00:225	Server	 		gotwood4sheep built a city.	 	 
325	19:30:04:735	Server	 		william rolled a 5 and a 1.	 	 
326	19:30:04:735	Server	 		gotwood4sheep gets 2 wood. william gets 2 wood.	 	 
327	19:30:19:080	william	clay=0; ore=0; sheep=3; wheat=1; wood=5; unknown=0; knights=0; dev-cards=1	roads=[67,70; 70,54; 54,86; 86,102; 102,37]; settlements=[67,54; 54,118]	clay from someone?	 	 
328	19:30:25:320	gotwood4sheep	clay=0; ore=0; sheep=0; wheat=0; wood=2; unknown=0; knights=0; dev-cards=1	roads=[105,154; 154,138; 138,139; 139,171; 171,188]; cities=[105,154; 154,156]	no clay at all, apologies	 	 
329	19:30:36:345	Server	 		william traded 3 wood for 1 ore from a port.	 	 
330	19:30:37:110	tomas.kostan	clay=0; ore=0; sheep=1; wheat=0; wood=0; unknown=0; knights=1; dev-cards=0	roads=[100,152; 152,169; 169,101; 101,135; 135,134]; settlements=[116,152; 152,186; 186,150]	sry i only have a sheep	 	 
331	19:30:44:574	Server	 		tomas.kostan rolled a 4 and a 5.	 	 
332	19:30:44:575	Server	 		gotwood4sheep gets 2 ore. tomas.kostan gets 2 wheat.	 	 
333	19:30:49:821	gotwood4sheep	clay=0; ore=2; sheep=0; wheat=0; wood=2; unknown=0; knights=0; dev-cards=1	roads=[105,154; 154,138; 138,139; 139,171; 171,188]; cities=[105,154; 154,156]	I'm property rich, & cash poor	 	 
334	19:30:52:718	tomas.kostan	clay=0; ore=0; sheep=1; wheat=2; wood=0; unknown=0; knights=1; dev-cards=0	roads=[100,152; 152,169; 169,101; 101,135; 135,134]; settlements=[116,152; 152,186; 186,150]	ore anyone?	 	 
335	19:30:58:498	william	clay=0; ore=0; sheep=2; wheat=0; wood=2; unknown=0; knights=0; dev-cards=2	roads=[67,70; 70,54; 54,86; 86,102; 102,37]; settlements=[67,54; 54,118]	no	 	 
336	19:31:06:411	gotwood4sheep	clay=0; ore=2; sheep=0; wheat=0; wood=2; unknown=0; knights=0; dev-cards=1	roads=[105,154; 154,138; 138,139; 139,171; 171,188]; cities=[105,154; 154,156]	I'd need 2 wheat for an ore	 	 
337	19:31:10:065	gotwood4sheep	clay=0; ore=2; sheep=0; wheat=0; wood=2; unknown=0; knights=0; dev-cards=1	roads=[105,154; 154,138; 138,139; 139,171; 171,188]; cities=[105,154; 154,156]	which I imagine is too pricey	 	 
338	19:31:17:275	tomas.kostan	clay=0; ore=0; sheep=1; wheat=2; wood=0; unknown=0; knights=1; dev-cards=0	roads=[100,152; 152,169; 169,101; 101,135; 135,134]; settlements=[116,152; 152,186; 186,150]	can offer just one :)	 	 
339	19:31:19:894	gotwood4sheep	clay=0; ore=2; sheep=0; wheat=0; wood=2; unknown=0; knights=0; dev-cards=1	roads=[105,154; 154,138; 138,139; 139,171; 171,188]; cities=[105,154; 154,156]	sorry!	 	 
340	19:31:24:379	tomas.kostan	clay=0; ore=0; sheep=1; wheat=2; wood=0; unknown=0; knights=1; dev-cards=0	roads=[100,152; 152,169; 169,101; 101,135; 135,134]; settlements=[116,152; 152,186; 186,150]	np	 	 
341	19:31:26:972	Server	 		gotwood4sheep rolled a 6 and a 4.	 	 
342	19:31:26:973	Server	 		gotwood4sheep gets 2 wood. william gets 1 sheep. tomas.kostan gets 2 sheep.	 	 
343	19:31:44:469	Server	 		gotwood4sheep traded 3 wood for 1 clay from a port.	 	 
344	19:31:50:403	Server	 		gotwood4sheep built a road.	 	 
345	19:31:54:423	Server	 		william rolled a 6 and a 5.	 	 
346	19:31:54:423	Server	 		william gets 3 clay, 1 sheep. tomas.kostan gets 1 sheep.	 	 
347	19:31:59:687	gotwood4sheep	clay=0; ore=2; sheep=0; wheat=0; wood=0; unknown=0; knights=0; dev-cards=1	roads=[105,154; 154,138; 138,139; 139,171; 171,188; 188,140]; cities=[105,154; 154,156]	so much clay!	 	 
348	19:32:27:558	Server	 		william built a road.	 	 
349	19:32:30:447	Server	 		william built a road.	 	 
350	19:32:39:676	Server	 		tomas.kostan rolled a 5 and a 1.	 	 
351	19:32:39:677	Server	 		gotwood4sheep gets 2 wood. william gets 2 wood.	 	 
352	19:32:50:306	tomas.kostan	clay=0; ore=0; sheep=4; wheat=2; wood=0; unknown=0; knights=1; dev-cards=0	roads=[100,152; 152,169; 169,101; 101,135; 135,134]; settlements=[116,152; 152,186; 186,150]	still no ore?	 	 
353	19:32:54:209	william	clay=1; ore=0; sheep=4; wheat=0; wood=2; unknown=0; knights=0; dev-cards=2	roads=[67,70; 70,54; 54,86; 86,102; 102,37; 37,36; 36,52]; settlements=[67,54; 54,118]	no	 	 
354	19:33:05:156	gotwood4sheep	clay=0; ore=2; sheep=0; wheat=0; wood=2; unknown=0; knights=0; dev-cards=1	roads=[105,154; 154,138; 138,139; 139,171; 171,188; 188,140]; cities=[105,154; 154,156]	only for clay or 2 wheat, sorry	 	 
355	19:33:17:620	tomas.kostan	clay=0; ore=0; sheep=4; wheat=2; wood=0; unknown=0; knights=1; dev-cards=0	roads=[100,152; 152,169; 169,101; 101,135; 135,134]; settlements=[116,152; 152,186; 186,150]	sheep perhaps?	 	 
356	19:33:22:414	gotwood4sheep	clay=0; ore=2; sheep=0; wheat=0; wood=2; unknown=0; knights=0; dev-cards=1	roads=[105,154; 154,138; 138,139; 139,171; 171,188; 188,140]; cities=[105,154; 154,156]	no sheep, sorry!	 	 
357	19:33:23:831	tomas.kostan	clay=0; ore=0; sheep=4; wheat=2; wood=0; unknown=0; knights=1; dev-cards=0	roads=[100,152; 152,169; 169,101; 101,135; 135,134]; settlements=[116,152; 152,186; 186,150]	2 sheep? :)	 	 
358	19:33:29:244	gotwood4sheep	clay=0; ore=2; sheep=0; wheat=0; wood=2; unknown=0; knights=0; dev-cards=1	roads=[105,154; 154,138; 138,139; 139,171; 171,188; 188,140]; cities=[105,154; 154,156]	still not enticing	 	 
359	19:33:33:082	gotwood4sheep	clay=0; ore=2; sheep=0; wheat=0; wood=2; unknown=0; knights=0; dev-cards=1	roads=[105,154; 154,138; 138,139; 139,171; 171,188; 188,140]; cities=[105,154; 154,156]	I have fed well on sheep	 	 
360	19:33:37:465	tomas.kostan	clay=0; ore=0; sheep=4; wheat=2; wood=0; unknown=0; knights=1; dev-cards=0	roads=[100,152; 152,169; 169,101; 101,135; 135,134]; settlements=[116,152; 152,186; 186,150]	:D	 	 
361	19:33:40:163	Server	 		gotwood4sheep rolled a 4 and a 4.	 	 
362	19:33:40:164	Server	 		gotwood4sheep gets 4 wheat. william gets 1 clay. tomas.kostan gets 1 clay.	 	 
363	19:33:50:097	Server	 		gotwood4sheep traded 4 wheat for 2 clay from a port.	 	 
364	19:33:52:393	Server	 		gotwood4sheep built a road.	 	 
365	19:33:57:469	Server	 		gotwood4sheep built a road.	 	 
366	19:34:05:251	Server	 		william rolled a 6 and a 1.	 	 
367	19:34:14:695	gotwood4sheep	clay=0; ore=2; sheep=0; wheat=0; wood=0; unknown=0; knights=0; dev-cards=1	roads=[105,154; 154,138; 138,139; 139,171; 171,188; 188,140; 140,124; 124,107]; cities=[105,154; 154,156]	ouch, you've burned yourself on those 7s	 	 
368	19:34:47:427	Server	 		william built a road.	 	 
369	19:34:54:694	Server	 		tomas.kostan rolled a 4 and a 5.	 	 
370	19:34:54:695	Server	 		tomas.kostan gets 2 wheat.	 	 
371	19:34:57:591	gotwood4sheep	clay=0; ore=1; sheep=0; wheat=0; wood=0; unknown=0; knights=0; dev-cards=1	roads=[105,154; 154,138; 138,139; 139,171; 171,188; 188,140; 140,124; 124,107]; cities=[105,154; 154,156]	9 nooo!	 	 
372	19:35:16:239	tomas.kostan	clay=1; ore=0; sheep=4; wheat=4; wood=0; unknown=0; knights=1; dev-cards=0	roads=[100,152; 152,169; 169,101; 101,135; 135,134]; settlements=[116,152; 152,186; 186,150]	ore, sheep or wheat to spare?	 	 
373	19:35:21:622	gotwood4sheep	clay=0; ore=1; sheep=0; wheat=0; wood=0; unknown=0; knights=0; dev-cards=1	roads=[105,154; 154,138; 138,139; 139,171; 171,188; 188,140; 140,124; 124,107]; cities=[105,154; 154,156]	i have an ore	 	 
374	19:35:23:689	william	clay=1; ore=1; sheep=0; wheat=0; wood=1; unknown=0; knights=0; dev-cards=2	roads=[67,70; 70,54; 54,86; 86,102; 102,37; 37,36; 36,52; 52,68]; settlements=[67,54; 54,118]	nope	 	 
375	19:35:24:487	gotwood4sheep	clay=0; ore=1; sheep=0; wheat=0; wood=0; unknown=0; knights=0; dev-cards=1	roads=[105,154; 154,138; 138,139; 139,171; 171,188; 188,140; 140,124; 124,107]; cities=[105,154; 154,156]	what can you offer in return	 	 
376	19:35:33:515	tomas.kostan	clay=1; ore=0; sheep=4; wheat=4; wood=0; unknown=0; knights=1; dev-cards=0	roads=[100,152; 152,169; 169,101; 101,135; 135,134]; settlements=[116,152; 152,186; 186,150]	sheep or wheat?	 	 
377	19:35:44:584	gotwood4sheep	clay=0; ore=1; sheep=0; wheat=0; wood=0; unknown=0; knights=0; dev-cards=1	roads=[105,154; 154,138; 138,139; 139,171; 171,188; 188,140; 140,124; 124,107]; cities=[105,154; 154,156]	nah, sorry, again it's clay on my mind	 	 
378	19:35:51:344	gotwood4sheep	clay=0; ore=1; sheep=0; wheat=0; wood=0; unknown=0; knights=0; dev-cards=1	roads=[105,154; 154,138; 138,139; 139,171; 171,188; 188,140; 140,124; 124,107]; cities=[105,154; 154,156]	or 2 wood	 	 
379	19:35:55:688	tomas.kostan	clay=1; ore=0; sheep=4; wheat=4; wood=0; unknown=0; knights=1; dev-cards=0	roads=[100,152; 152,169; 169,101; 101,135; 135,134]; settlements=[116,152; 152,186; 186,150]	hmmm...	 	 
380	19:36:10:604	tomas.kostan	clay=1; ore=0; sheep=4; wheat=4; wood=0; unknown=0; knights=1; dev-cards=0	roads=[100,152; 152,169; 169,101; 101,135; 135,134]; settlements=[116,152; 152,186; 186,150]	i can give you a clay for an ore + a sheep or a wheat	 	 
381	19:36:20:032	gotwood4sheep	clay=0; ore=1; sheep=0; wheat=0; wood=0; unknown=0; knights=0; dev-cards=1	roads=[105,154; 154,138; 138,139; 139,171; 171,188; 188,140; 140,124; 124,107]; cities=[105,154; 154,156]	i have but the one resource	 	 
382	19:36:25:141	gotwood4sheep	clay=0; ore=1; sheep=0; wheat=0; wood=0; unknown=0; knights=0; dev-cards=1	roads=[105,154; 154,138; 138,139; 139,171; 171,188; 188,140; 140,124; 124,107]; cities=[105,154; 154,156]	it's mathematically impossible to oblige ;)	 	 
383	19:36:34:581	tomas.kostan	clay=1; ore=0; sheep=4; wheat=4; wood=0; unknown=0; knights=1; dev-cards=0	roads=[100,152; 152,169; 169,101; 101,135; 135,134]; settlements=[116,152; 152,186; 186,150]	i see now :D	 	 
384	19:37:00:506	tomas.kostan	clay=1; ore=0; sheep=4; wheat=4; wood=0; unknown=0; knights=1; dev-cards=0	roads=[100,152; 152,169; 169,101; 101,135; 135,134]; settlements=[116,152; 152,186; 186,150]	ok then... ore for clay?	 	 
385	19:37:06:096	gotwood4sheep	clay=0; ore=1; sheep=0; wheat=0; wood=0; unknown=0; knights=0; dev-cards=1	roads=[105,154; 154,138; 138,139; 139,171; 171,188; 188,140; 140,124; 124,107]; cities=[105,154; 154,156]	go on then	 	 
386	19:37:10:712	gotwood4sheep	clay=0; ore=1; sheep=0; wheat=0; wood=0; unknown=0; knights=0; dev-cards=1	roads=[105,154; 154,138; 138,139; 139,171; 171,188; 188,140; 140,124; 124,107]; cities=[105,154; 154,156]	it's a sunny day	 	 
387	19:37:13:454	Server	 		tomas.kostan made an offer to trade 1 clay for 1 ore.	 	 
388	19:37:14:895	Server	 		tomas.kostan traded 1 clay for 1 ore from gotwood4sheep.	 	 
389	19:37:18:535	tomas.kostan	clay=0; ore=1; sheep=4; wheat=4; wood=0; unknown=0; knights=1; dev-cards=0	roads=[100,152; 152,169; 169,101; 101,135; 135,134]; settlements=[116,152; 152,186; 186,150]	:)	 	 
390	19:37:20:706	gotwood4sheep	clay=1; ore=0; sheep=0; wheat=0; wood=0; unknown=0; knights=0; dev-cards=1	roads=[105,154; 154,138; 138,139; 139,171; 171,188; 188,140; 140,124; 124,107]; cities=[105,154; 154,156]	build that well earned city wisely	 	 
391	19:37:32:046	Server	 		gotwood4sheep rolled a 5 and a 4.	 	 
392	19:37:32:047	Server	 		gotwood4sheep gets 2 ore. tomas.kostan gets 2 wheat.	 	 
393	19:37:42:803	Server	 		william rolled a 2 and a 5.	 	 
394	19:38:09:613	Server	 		tomas.kostan rolled a 6 and a 1.	 	 
395	19:38:13:974	gotwood4sheep	clay=2; ore=1; sheep=0; wheat=0; wood=0; unknown=0; knights=1; dev-cards=0	roads=[105,154; 154,138; 138,139; 139,171; 171,188; 188,140; 140,124; 124,107]; cities=[105,154; 154,156]	7s abound!	 	 
396	19:38:29:957	gotwood4sheep	clay=2; ore=0; sheep=0; wheat=0; wood=0; unknown=0; knights=1; dev-cards=0	roads=[105,154; 154,138; 138,139; 139,171; 171,188; 188,140; 140,124; 124,107]; cities=[105,154; 154,156]	aww :)	 	 
397	19:38:36:037	Server	 		tomas.kostan built a road.	 	 
398	19:38:37:316	Server	 		tomas.kostan built a road.	 	 
399	19:38:43:824	Server	 		gotwood4sheep rolled a 3 and a 2.	 	 
400	19:38:43:824	Server	 		gotwood4sheep gets 4 wheat. tomas.kostan gets 1 wood.	 	 
401	19:38:47:633	tomas.kostan	clay=0; ore=0; sheep=0; wheat=2; wood=1; unknown=0; knights=1; dev-cards=1	roads=[100,152; 152,169; 169,101; 101,135; 135,134; 134,99; 99,98]; settlements=[116,152; 152,186; 186,150]	thank you :)	 	 
402	19:38:58:990	gotwood4sheep	clay=2; ore=0; sheep=0; wheat=4; wood=0; unknown=0; knights=1; dev-cards=0	roads=[105,154; 154,138; 138,139; 139,171; 171,188; 188,140; 140,124; 124,107]; cities=[105,154; 154,156]	tomas - wheat for wood?	 	 
403	19:39:08:973	tomas.kostan	clay=0; ore=0; sheep=0; wheat=2; wood=1; unknown=0; knights=1; dev-cards=1	roads=[100,152; 152,169; 169,101; 101,135; 135,134; 134,99; 99,98]; settlements=[116,152; 152,186; 186,150]	which one do you want?	 	 
404	19:39:13:851	gotwood4sheep	clay=2; ore=0; sheep=0; wheat=4; wood=0; unknown=0; knights=1; dev-cards=0	roads=[105,154; 154,138; 138,139; 139,171; 171,188; 188,140; 140,124; 124,107]; cities=[105,154; 154,156]	i need wood	 	 
405	19:39:17:173	gotwood4sheep	clay=2; ore=0; sheep=0; wheat=4; wood=0; unknown=0; knights=1; dev-cards=0	roads=[105,154; 154,138; 138,139; 139,171; 171,188; 188,140; 140,124; 124,107]; cities=[105,154; 154,156]	and see you just gained one!	 	 
406	19:39:23:131	tomas.kostan	clay=0; ore=0; sheep=0; wheat=2; wood=1; unknown=0; knights=1; dev-cards=1	roads=[100,152; 152,169; 169,101; 101,135; 135,134; 134,99; 99,98]; settlements=[116,152; 152,186; 186,150]	but i do not need wheat :)	 	 
407	19:39:32:497	gotwood4sheep	clay=2; ore=0; sheep=0; wheat=4; wood=0; unknown=0; knights=1; dev-cards=0	roads=[105,154; 154,138; 138,139; 139,171; 171,188; 188,140; 140,124; 124,107]; cities=[105,154; 154,156]	ah well, thanks for investigating :D	 	 
408	19:39:35:955	Server	 		gotwood4sheep traded 2 wheat for 1 wood from a port.	 	 
409	19:39:37:911	Server	 		gotwood4sheep built a road.	 	 
410	19:39:43:522	Server	 		william rolled a 3 and a 2.	 	 
411	19:39:43:522	Server	 		gotwood4sheep gets 4 wheat. tomas.kostan gets 1 wood.	 	 
412	19:39:54:520	tomas.kostan	clay=0; ore=0; sheep=0; wheat=2; wood=2; unknown=0; knights=1; dev-cards=1	roads=[100,152; 152,169; 169,101; 101,135; 135,134; 134,99; 99,98]; settlements=[116,152; 152,186; 186,150]	now i have wood to spare :)	 	 
413	19:39:58:453	gotwood4sheep	clay=1; ore=0; sheep=0; wheat=0; wood=0; unknown=0; knights=1; dev-cards=0	roads=[105,154; 154,138; 138,139; 139,171; 171,188; 188,140; 140,124; 124,107; 107,106]; cities=[105,154; 154,156]	noooooo!	 	 
414	19:40:01:625	william	clay=0; ore=2; sheep=0; wheat=8; wood=1; unknown=0; knights=0; dev-cards=1	roads=[67,70; 70,54; 54,86; 86,102; 102,37; 37,36; 36,52; 52,68]; settlements=[67,54; 54,118]	sry guys	 	 
415	19:40:02:618	gotwood4sheep	clay=1; ore=0; sheep=0; wheat=0; wood=0; unknown=0; knights=1; dev-cards=0	roads=[105,154; 154,138; 138,139; 139,171; 171,188; 188,140; 140,124; 124,107; 107,106]; cities=[105,154; 154,156]	great monopolizing	 	 
416	19:40:14:519	gotwood4sheep	clay=1; ore=0; sheep=0; wheat=0; wood=0; unknown=0; knights=1; dev-cards=0	roads=[105,154; 154,138; 138,139; 139,171; 171,188; 188,140; 140,124; 124,107; 107,106]; cities=[105,154; 154,156]	no no, respect!	 	 
417	19:40:18:629	Server	 		william traded 3 wheat for 1 ore from a port.	 	 
418	19:40:23:389	gotwood4sheep	clay=1; ore=0; sheep=0; wheat=0; wood=0; unknown=0; knights=1; dev-cards=0	roads=[105,154; 154,138; 138,139; 139,171; 171,188; 188,140; 140,124; 124,107; 107,106]; cities=[105,154; 154,156]	a true act of villainry	 	 
419	19:40:26:712	Server	 		william built a city.	 	 
420	19:40:35:460	gotwood4sheep	clay=1; ore=0; sheep=0; wheat=0; wood=0; unknown=0; knights=1; dev-cards=0	roads=[105,154; 154,138; 138,139; 139,171; 171,188; 188,140; 140,124; 124,107; 107,106]; cities=[105,154; 154,156]	I admire your dastardly nature	 	 
421	19:40:36:997	Server	 		tomas.kostan rolled a 4 and a 4.	 	 
422	19:40:36:997	Server	 		gotwood4sheep gets 4 wheat. william gets 1 clay. tomas.kostan gets 1 clay.	 	 
423	19:40:46:041	Server	 		gotwood4sheep rolled a 5 and a 6.	 	 
424	19:40:46:041	Server	 		william gets 4 clay, 1 sheep. tomas.kostan gets 1 sheep.	 	 
425	19:40:48:934	william	clay=5; ore=0; sheep=1; wheat=3; wood=1; unknown=0; knights=0; dev-cards=1	roads=[67,70; 70,54; 54,86; 86,102; 102,37; 37,36; 36,52; 52,68]; settlements=[67,118]; cities=[86,54]	i dont choose which cards i draw :p	 	 
426	19:40:57:760	gotwood4sheep	clay=1; ore=0; sheep=0; wheat=4; wood=0; unknown=0; knights=1; dev-cards=0	roads=[105,154; 154,138; 138,139; 139,171; 171,188; 188,140; 140,124; 124,107; 107,106]; cities=[105,154; 154,156]	anyone want to trade a wheat for a sheep?	 	 
427	19:41:03:893	tomas.kostan	clay=1; ore=0; sheep=1; wheat=0; wood=2; unknown=0; knights=1; dev-cards=1	roads=[100,152; 152,169; 169,101; 101,135; 135,134; 134,99; 99,98]; settlements=[116,152; 152,186; 186,150]	i can give you your wood for wheat :)	 	 
428	19:41:04:700	william	clay=5; ore=0; sheep=1; wheat=3; wood=1; unknown=0; knights=0; dev-cards=1	roads=[67,70; 70,54; 54,86; 86,102; 102,37; 37,36; 36,52; 52,68]; settlements=[67,118]; cities=[86,54]	nope	 	 
429	19:41:14:991	gotwood4sheep	clay=1; ore=0; sheep=0; wheat=4; wood=0; unknown=0; knights=1; dev-cards=0	roads=[105,154; 154,138; 138,139; 139,171; 171,188; 188,140; 140,124; 124,107; 107,106]; cities=[105,154; 154,156]	wood for wheat tomas?	 	 
430	19:41:18:319	tomas.kostan	clay=1; ore=0; sheep=1; wheat=0; wood=2; unknown=0; knights=1; dev-cards=1	roads=[100,152; 152,169; 169,101; 101,135; 135,134; 134,99; 99,98]; settlements=[116,152; 152,186; 186,150]	yes	 	 
431	19:41:33:226	gotwood4sheep	clay=1; ore=0; sheep=0; wheat=4; wood=0; unknown=0; knights=1; dev-cards=0	roads=[105,154; 154,138; 138,139; 139,171; 171,188; 188,140; 140,124; 124,107; 107,106]; cities=[105,154; 154,156]	ok then, one sec!	 	 
432	19:41:39:016	Server	 		gotwood4sheep made an offer to trade 1 wheat for 1 wood.	 	 
433	19:41:42:101	Server	 		gotwood4sheep traded 1 wheat for 1 wood from tomas.kostan.	 	 
434	19:41:46:715	Server	 		gotwood4sheep traded 2 wheat for 1 sheep from a port.	 	 
435	19:41:48:716	Server	 		gotwood4sheep built a settlement.	 	 
436	19:41:51:933	gotwood4sheep	clay=0; ore=0; sheep=0; wheat=0; wood=0; unknown=0; knights=1; dev-cards=0	roads=[105,154; 154,138; 138,139; 139,171; 171,188; 188,140; 140,124; 124,107; 107,106]; settlements=[205,107]; cities=[105,154; 154,156]	sorry!	 	 
437	19:41:55:518	william	clay=5; ore=0; sheep=1; wheat=3; wood=1; unknown=0; knights=0; dev-cards=1	roads=[67,70; 70,54; 54,86; 86,102; 102,37; 37,36; 36,52; 52,68]; settlements=[67,118]; cities=[86,54]	nice one	 	 
438	19:41:56:294	gotwood4sheep	clay=0; ore=0; sheep=0; wheat=0; wood=0; unknown=0; knights=1; dev-cards=0	roads=[105,154; 154,138; 138,139; 139,171; 171,188; 188,140; 140,124; 124,107; 107,106]; settlements=[205,107]; cities=[105,154; 154,156]	good game though	 	 
439	19:41:56:722	tomas.kostan	clay=1; ore=0; sheep=1; wheat=1; wood=1; unknown=0; knights=1; dev-cards=1	roads=[100,152; 152,169; 169,101; 101,135; 135,134; 134,99; 99,98]; settlements=[116,152; 152,186; 186,150]	good game :)	 	 
440	19:42:03:704	gotwood4sheep	clay=0; ore=0; sheep=0; wheat=0; wood=0; unknown=0; knights=1; dev-cards=0	roads=[105,154; 154,138; 138,139; 139,171; 171,188; 188,140; 140,124; 124,107; 107,106]; settlements=[205,107]; cities=[105,154; 154,156]	I was rather rich in wheat	 	 
441	19:42:09:747	gotwood4sheep	clay=0; ore=0; sheep=0; wheat=0; wood=0; unknown=0; knights=1; dev-cards=0	roads=[105,154; 154,138; 138,139; 139,171; 171,188; 188,140; 140,124; 124,107; 107,106]; settlements=[205,107]; cities=[105,154; 154,156]	but it was a splendid battle :D	 	 
442	19:42:13:674	gotwood4sheep	clay=0; ore=0; sheep=0; wheat=0; wood=0; unknown=0; knights=1; dev-cards=0	roads=[105,154; 154,138; 138,139; 139,171; 171,188; 188,140; 140,124; 124,107; 107,106]; settlements=[205,107]; cities=[105,154; 154,156]	who won on Sunday?	 	 
443	19:42:15:089	william	clay=5; ore=0; sheep=1; wheat=3; wood=1; unknown=0; knights=0; dev-cards=1	roads=[67,70; 70,54; 54,86; 86,102; 102,37; 37,36; 36,52; 52,68]; settlements=[67,118]; cities=[86,54]	i was hoping for a clay empire, but no cigar	 	 
444	19:42:19:194	william	clay=5; ore=0; sheep=1; wheat=3; wood=1; unknown=0; knights=0; dev-cards=1	roads=[67,70; 70,54; 54,86; 86,102; 102,37; 37,36; 36,52; 52,68]; settlements=[67,118]; cities=[86,54]	LJ	 	 
445	19:42:19:999	tomas.kostan	clay=1; ore=0; sheep=1; wheat=1; wood=1; unknown=0; knights=1; dev-cards=1	roads=[100,152; 152,169; 169,101; 101,135; 135,134; 134,99; 99,98]; settlements=[116,152; 152,186; 186,150]	lj won on sunday	 	 
446	19:42:22:324	gotwood4sheep	clay=0; ore=0; sheep=0; wheat=0; wood=0; unknown=0; knights=1; dev-cards=0	roads=[105,154; 154,138; 138,139; 139,171; 171,188; 188,140; 140,124; 124,107; 107,106]; settlements=[205,107]; cities=[105,154; 154,156]	indeed, the 3s were better than 11s	 	 
447	19:42:28:851	gotwood4sheep	clay=0; ore=0; sheep=0; wheat=0; wood=0; unknown=0; knights=1; dev-cards=0	roads=[105,154; 154,138; 138,139; 139,171; 171,188; 188,140; 140,124; 124,107; 107,106]; settlements=[205,107]; cities=[105,154; 154,156]	ahh, she was very very close in the first game too	 	 
448	19:42:33:669	william	clay=5; ore=0; sheep=1; wheat=3; wood=1; unknown=0; knights=0; dev-cards=1	roads=[67,70; 70,54; 54,86; 86,102; 102,37; 37,36; 36,52; 52,68]; settlements=[67,118]; cities=[86,54]	next game on thursday?	 	 
449	19:42:36:929	gotwood4sheep	clay=0; ore=0; sheep=0; wheat=0; wood=0; unknown=0; knights=1; dev-cards=0	roads=[105,154; 154,138; 138,139; 139,171; 171,188; 188,140; 140,124; 124,107; 107,106]; settlements=[205,107]; cities=[105,154; 154,156]	well, I look forward to thursday, yes	 	 
450	19:42:39:549	tomas.kostan	clay=1; ore=0; sheep=1; wheat=1; wood=1; unknown=0; knights=1; dev-cards=1	roads=[100,152; 152,169; 169,101; 101,135; 135,134; 134,99; 99,98]; settlements=[116,152; 152,186; 186,150]	yes :)	 	 
451	19:42:44:682	tomas.kostan	clay=1; ore=0; sheep=1; wheat=1; wood=1; unknown=0; knights=1; dev-cards=1	roads=[100,152; 152,169; 169,101; 101,135; 135,134; 134,99; 99,98]; settlements=[116,152; 152,186; 186,150]	me too	 	 
452	19:42:44:973	william	clay=5; ore=0; sheep=1; wheat=3; wood=1; unknown=0; knights=0; dev-cards=1	roads=[67,70; 70,54; 54,86; 86,102; 102,37; 37,36; 36,52; 52,68]; settlements=[67,118]; cities=[86,54]	cool. see you then	 	 
453	19:42:46:424	gotwood4sheep	clay=0; ore=0; sheep=0; wheat=0; wood=0; unknown=0; knights=1; dev-cards=0	roads=[105,154; 154,138; 138,139; 139,171; 171,188; 188,140; 140,124; 124,107; 107,106]; settlements=[205,107]; cities=[105,154; 154,156]	we'll get LJ in the loop, & as she's playing both right?	 	 
454	19:42:51:935	william	clay=5; ore=0; sheep=1; wheat=3; wood=1; unknown=0; knights=0; dev-cards=1	roads=[67,70; 70,54; 54,86; 86,102; 102,37; 37,36; 36,52; 52,68]; settlements=[67,118]; cities=[86,54]	we finished just in time for football ;)	 	 
455	19:42:54:347	gotwood4sheep	clay=0; ore=0; sheep=0; wheat=0; wood=0; unknown=0; knights=1; dev-cards=0	roads=[105,154; 154,138; 138,139; 139,171; 171,188; 188,140; 140,124; 124,107; 107,106]; settlements=[205,107]; cities=[105,154; 154,156]	and I am, and you guys sit one out each?	 	 
456	19:42:57:574	gotwood4sheep	clay=0; ore=0; sheep=0; wheat=0; wood=0; unknown=0; knights=1; dev-cards=0	roads=[105,154; 154,138; 138,139; 139,171; 171,188; 188,140; 140,124; 124,107; 107,106]; settlements=[205,107]; cities=[105,154; 154,156]	indeed, result!	 	 
457	19:43:01:491	william	clay=5; ore=0; sheep=1; wheat=3; wood=1; unknown=0; knights=0; dev-cards=1	roads=[67,70; 70,54; 54,86; 86,102; 102,37; 37,36; 36,52; 52,68]; settlements=[67,118]; cities=[86,54]	yup	 	 
458	19:43:03:297	gotwood4sheep	clay=0; ore=0; sheep=0; wheat=0; wood=0; unknown=0; knights=1; dev-cards=0	roads=[105,154; 154,138; 138,139; 139,171; 171,188; 188,140; 140,124; 124,107; 107,106]; settlements=[205,107]; cities=[105,154; 154,156]	I hope I have not jinxed it & and now england lose :D	 	 
459	19:43:17:959	gotwood4sheep	clay=0; ore=0; sheep=0; wheat=0; wood=0; unknown=0; knights=1; dev-cards=0	roads=[105,154; 154,138; 138,139; 139,171; 171,188; 188,140; 140,124; 124,107; 107,106]; settlements=[205,107]; cities=[105,154; 154,156]	cool well I'll defer to you both on your preferred times & so you're not stuck all the time	 	 
460	19:43:20:125	gotwood4sheep	clay=0; ore=0; sheep=0; wheat=0; wood=0; unknown=0; knights=1; dev-cards=0	roads=[105,154; 154,138; 138,139; 139,171; 171,188; 188,140; 140,124; 124,107; 107,106]; settlements=[205,107]; cities=[105,154; 154,156]	thanks Tomas!!	 	 
461	19:43:22:255	gotwood4sheep	clay=0; ore=0; sheep=0; wheat=0; wood=0; unknown=0; knights=1; dev-cards=0	roads=[105,154; 154,138; 138,139; 139,171; 171,188; 188,140; 140,124; 124,107; 107,106]; settlements=[205,107]; cities=[105,154; 154,156]	good game :)	 	 
462	19:43:30:643	tomas.kostan	clay=1; ore=0; sheep=1; wheat=1; wood=1; unknown=0; knights=1; dev-cards=1	roads=[100,152; 152,169; 169,101; 101,135; 135,134; 134,99; 99,98]; settlements=[116,152; 152,186; 186,150]	ok see you on thursday :)	 	 
463	19:43:34:146	gotwood4sheep	clay=0; ore=0; sheep=0; wheat=0; wood=0; unknown=0; knights=1; dev-cards=0	roads=[105,154; 154,138; 138,139; 139,171; 171,188; 188,140; 140,124; 124,107; 107,106]; settlements=[205,107]; cities=[105,154; 154,156]	see you then :)	 	 
464	19:43:37:017	tomas.kostan	clay=1; ore=0; sheep=1; wheat=1; wood=1; unknown=0; knights=1; dev-cards=1	roads=[100,152; 152,169; 169,101; 101,135; 135,134; 134,99; 99,98]; settlements=[116,152; 152,186; 186,150]	you are too good for us	 	 
465	19:43:39:026	tomas.kostan	clay=1; ore=0; sheep=1; wheat=1; wood=1; unknown=0; knights=1; dev-cards=1	roads=[100,152; 152,169; 169,101; 101,135; 135,134; 134,99; 99,98]; settlements=[116,152; 152,186; 186,150]	:))	 	 
466	19:43:46:423	gotwood4sheep	clay=0; ore=0; sheep=0; wheat=0; wood=0; unknown=0; knights=1; dev-cards=0	roads=[105,154; 154,138; 138,139; 139,171; 171,188; 188,140; 140,124; 124,107; 107,106]; settlements=[205,107]; cities=[105,154; 154,156]	I have played a lot & since Markus first contacted ;)	 	 
467	19:43:56:990	gotwood4sheep	clay=0; ore=0; sheep=0; wheat=0; wood=0; unknown=0; knights=1; dev-cards=0	roads=[105,154; 154,138; 138,139; 139,171; 171,188; 188,140; 140,124; 124,107; 107,106]; settlements=[205,107]; cities=[105,154; 154,156]	and I have been pretty lucky with the rolls!	 	 
468	19:44:09:586	tomas.kostan	clay=1; ore=0; sheep=1; wheat=1; wood=1; unknown=0; knights=1; dev-cards=1	roads=[100,152; 152,169; 169,101; 101,135; 135,134; 134,99; 99,98]; settlements=[116,152; 152,186; 186,150]	and it pays off :) i admire you. good luck on thursday games	 	 
469	19:44:16:170	tomas.kostan	clay=1; ore=0; sheep=1; wheat=1; wood=1; unknown=0; knights=1; dev-cards=1	roads=[100,152; 152,169; 169,101; 101,135; 135,134; 134,99; 99,98]; settlements=[116,152; 152,186; 186,150]	bye	 	 
