ID	Timestamp	Emitter	Resources	Buildups	Text	Annotation	Comment
0.1	16:16:48:698	Kittles	 	 	do we start	 	 
1	16:16:50:831	inca	clay=0; ore=0; sheep=0; wheat=0; wood=0; unknown=0; knights=0; dev-cards=0		No	 	 
1.1	16:16:54:703	Markus	 	 	Not yet	 	 
1.2	16:17:01:326	Markus	 	 	Wait for the 4th persion	 	 
2	16:17:15:094	inca	clay=0; ore=0; sheep=0; wheat=0; wood=0; unknown=0; knights=0; dev-cards=0		"Press ""sit down"" though"	 	 
2.1	16:17:22:616	Kittles	 	 	do we start playing	 	 
3	16:17:31:610	inca	clay=0; ore=0; sheep=0; wheat=0; wood=0; unknown=0; knights=0; dev-cards=0		When everyone has sat down	 	 
3.1	16:18:13:462	Markus	 	 	Who have we lost?	 	 
4	16:18:22:975	Rainbow	clay=0; ore=0; sheep=0; wheat=0; wood=0; unknown=0; knights=0; dev-cards=0		kittles	 	 
4.1	16:18:35:118	Markus	 	 	OK, I'll try to send an email.	 	 
5	16:18:42:151	inca	clay=0; ore=0; sheep=0; wheat=0; wood=0; unknown=0; knights=0; dev-cards=0		Are you here Kittles?	 	 
5.1	16:19:12:916	Kittles	 	 	anyone????	 	 
6	16:19:18:836	Rainbow	clay=0; ore=0; sheep=0; wheat=0; wood=0; unknown=0; knights=0; dev-cards=0		?	 	 
7	16:19:24:992	inca	clay=0; ore=0; sheep=0; wheat=0; wood=0; unknown=0; knights=0; dev-cards=0		"Press the ""sit here"" button in the lower right of the screen"	 	 
7.1	16:19:40:421	Markus	 	 	Ah, yes, please sit down!	 	 
8	16:20:40:753	Server	 		ariachiba built a settlement.	 	 
8.1	16:20:44:821	Markus	 	 	OK, I'm not entirey sure the sequence was right, but let's try anyway.	 	 
9	16:20:44:992	Server	 		ariachiba built a road.	 	 
10	16:20:49:835	Server	 		Kittles built a settlement.	 	 
11	16:20:52:979	Server	 		Kittles built a road.	 	 
12	16:20:58:630	inca	clay=0; ore=0; sheep=0; wheat=0; wood=0; unknown=0; knights=0; dev-cards=0		Apologies if I started too soon	 	 
13	16:21:04:275	Server	 		Rainbow built a settlement.	 	 
14	16:21:05:717	Server	 		Rainbow built a road.	 	 
15	16:21:12:775	Server	 		inca built a settlement.	 	 
16	16:21:14:622	Server	 		inca built a road.	 	 
17	16:21:17:165	ariachiba	clay=0; ore=0; sheep=0; wheat=0; wood=0; unknown=0; knights=0; dev-cards=0		It's all, good, let's get rolling! :)	 	 
18	16:21:22:775	Server	 		inca built a settlement.	 	 
19	16:21:27:453	Server	 		inca built a road.	 	 
20	16:21:31:791	Server	 		Rainbow built a settlement.	 	 
21	16:21:34:448	Server	 		Rainbow built a road.	 	 
22	16:21:54:170	Server	 		Kittles built a settlement.	 	 
23	16:22:02:577	Server	 		Kittles built a road.	 	 
24	16:22:25:737	Server	 		ariachiba built a settlement.	 	 
25	16:22:36:305	Server	 		ariachiba built a road.	 	 
26	16:22:40:003	Server	 		ariachiba rolled a 4 and a 6.	 	 
27	16:22:40:006	Server	 		ariachiba gets 1 sheep. Kittles gets 1 wood. Rainbow gets 1 wood.	 	 
28	16:23:21:159	Server	 		Kittles rolled a 3 and a 3.	 	 
29	16:23:21:161	Server	 		inca gets 1 clay. ariachiba gets 1 clay. Rainbow gets 1 clay.	 	 
30	16:24:01:758	Server	 		Rainbow rolled a 2 and a 2.	 	 
31	16:24:01:760	Server	 		ariachiba gets 1 sheep. Kittles gets 1 sheep. Rainbow gets 1 wheat.	 	 
31.1	16:24:34:411	Markus	 	 	Remember that the easiest way to play is to negotiate trades!	 	 
31.2	16:24:39:811	Markus	 	 	Meaning, talking about them. :*)	 	 
32	16:24:46:968	Rainbow	clay=1; ore=0; sheep=1; wheat=2; wood=0; unknown=0; knights=0; dev-cards=0	roads=[68,69]; settlements=[84,86]	ok	 	 
33	16:24:50:351	Kittles	clay=0; ore=1; sheep=1; wheat=0; wood=2; unknown=0; knights=0; dev-cards=0	roads=[169,116]; settlements=[169,116]	ok	 	 
34	16:24:57:497	Rainbow	clay=1; ore=0; sheep=1; wheat=2; wood=0; unknown=0; knights=0; dev-cards=0	roads=[68,69]; settlements=[84,86]	so anybody wana trade sumthng?	 	 
35	16:25:09:206	inca	clay=2; ore=0; sheep=0; wheat=0; wood=2; unknown=0; knights=0; dev-cards=0	roads=[105,150]; settlements=[122,167]	I'm OK just now	 	 
36	16:25:09:554	Kittles	clay=0; ore=1; sheep=1; wheat=0; wood=2; unknown=0; knights=0; dev-cards=0	roads=[169,116]; settlements=[169,116]	i dont know what i have	 	 
37	16:25:19:653	inca	clay=2; ore=0; sheep=0; wheat=0; wood=2; unknown=0; knights=0; dev-cards=0	roads=[105,150]; settlements=[122,167]	It says what you have in your portion of the screen	 	 
38	16:25:28:265	Kittles	clay=0; ore=1; sheep=1; wheat=0; wood=2; unknown=0; knights=0; dev-cards=0	roads=[169,116]; settlements=[169,116]	ok cool	 	 
39	16:25:29:297	ariachiba	clay=1; ore=0; sheep=4; wheat=1; wood=0; unknown=0; knights=0; dev-cards=0	roads=[120,171]; settlements=[120,171]	I can give you sheep in exchange for wood...	 	 
40	16:25:40:932	Rainbow	clay=1; ore=0; sheep=1; wheat=2; wood=0; unknown=0; knights=0; dev-cards=0	roads=[68,69]; settlements=[84,86]	i dnt have wood	 	 
41	16:25:46:990	Rainbow	clay=1; ore=0; sheep=1; wheat=2; wood=0; unknown=0; knights=0; dev-cards=0	roads=[68,69]; settlements=[84,86]	i have clay	 	 
42	16:25:50:682	Rainbow	clay=1; ore=0; sheep=1; wheat=2; wood=0; unknown=0; knights=0; dev-cards=0	roads=[68,69]; settlements=[84,86]	sheep	 	 
43	16:25:52:582	inca	clay=2; ore=0; sheep=0; wheat=0; wood=2; unknown=0; knights=0; dev-cards=0	roads=[105,150]; settlements=[122,167]	I have wood	 	 
44	16:25:52:663	Rainbow	clay=1; ore=0; sheep=1; wheat=2; wood=0; unknown=0; knights=0; dev-cards=0	roads=[68,69]; settlements=[84,86]	n wheat	 	 
45	16:26:06:051	Kittles	clay=0; ore=1; sheep=1; wheat=0; wood=2; unknown=0; knights=0; dev-cards=0	roads=[169,116]; settlements=[169,116]	i can trade clay wood for clay	 	 
46	16:26:13:509	Rainbow	clay=1; ore=0; sheep=1; wheat=2; wood=0; unknown=0; knights=0; dev-cards=0	roads=[68,69]; settlements=[84,86]	ok	 	 
47	16:26:16:013	Kittles	clay=0; ore=1; sheep=1; wheat=0; wood=2; unknown=0; knights=0; dev-cards=0	roads=[169,116]; settlements=[169,116]	sorry, wood for clay	 	 
48	16:26:22:572	Rainbow	clay=1; ore=0; sheep=1; wheat=2; wood=0; unknown=0; knights=0; dev-cards=0	roads=[68,69]; settlements=[84,86]	ok	 	 
49	16:26:23:638	inca	clay=2; ore=0; sheep=0; wheat=0; wood=2; unknown=0; knights=0; dev-cards=0	roads=[105,150]; settlements=[122,167]	I'll trade with ariachiba when it's my turn	 	 
50	16:26:28:318	ariachiba	clay=1; ore=0; sheep=4; wheat=1; wood=0; unknown=0; knights=0; dev-cards=0	roads=[120,171]; settlements=[120,171]	Cool.	 	 
51	16:26:39:712	Rainbow	clay=1; ore=0; sheep=1; wheat=2; wood=0; unknown=0; knights=0; dev-cards=0	roads=[68,69]; settlements=[84,86]	so kittles ile giv u clay?	 	 
52	16:26:49:653	Kittles	clay=0; ore=1; sheep=1; wheat=0; wood=2; unknown=0; knights=0; dev-cards=0	roads=[169,116]; settlements=[169,116]	please and ill give you wood	 	 
53	16:26:53:039	Rainbow	clay=1; ore=0; sheep=1; wheat=2; wood=0; unknown=0; knights=0; dev-cards=0	roads=[68,69]; settlements=[84,86]	ok	 	 
54	16:26:56:559	Rainbow	clay=1; ore=0; sheep=1; wheat=2; wood=0; unknown=0; knights=0; dev-cards=0	roads=[68,69]; settlements=[84,86]	ive ticked it	 	 
55	16:26:56:949	Kittles	clay=0; ore=1; sheep=1; wheat=0; wood=2; unknown=0; knights=0; dev-cards=0	roads=[169,116]; settlements=[169,116]	hahaha sorry sounds rude	 	 
56	16:27:00:395	inca	clay=2; ore=0; sheep=0; wheat=0; wood=2; unknown=0; knights=0; dev-cards=0	roads=[105,150]; settlements=[122,167]	haha	 	 
57	16:27:23:840	Rainbow	clay=1; ore=0; sheep=1; wheat=2; wood=0; unknown=0; knights=0; dev-cards=0	roads=[68,69]; settlements=[84,86]	did tht work?	 	 
58	16:27:27:314	Rainbow	clay=1; ore=0; sheep=1; wheat=2; wood=0; unknown=0; knights=0; dev-cards=0	roads=[68,69]; settlements=[84,86]	i pressd done	 	 
59	16:27:27:937	Kittles	clay=0; ore=1; sheep=1; wheat=0; wood=2; unknown=0; knights=0; dev-cards=0	roads=[169,116]; settlements=[169,116]	no	 	 
60	16:27:32:621	Rainbow	clay=1; ore=0; sheep=1; wheat=2; wood=0; unknown=0; knights=0; dev-cards=0	roads=[68,69]; settlements=[84,86]	ugh	 	 
61	16:27:46:506	Server	 		Rainbow built a road.	 	 
62	16:28:03:846	Server	 		Rainbow made an offer to trade 1 clay for 1 wood.	 	 
63	16:28:13:210	Rainbow	clay=1; ore=0; sheep=1; wheat=2; wood=0; unknown=0; knights=0; dev-cards=0	roads=[68,69; 69,86]; settlements=[84,86]	now?	 	 
64	16:28:15:355	Server	 		Rainbow traded 1 clay for 1 wood from Kittles.	 	 
65	16:28:21:544	Kittles	clay=1; ore=1; sheep=1; wheat=0; wood=1; unknown=0; knights=0; dev-cards=0	roads=[169,116]; settlements=[169,116]	cool	 	 
66	16:28:22:973	Rainbow	clay=0; ore=0; sheep=1; wheat=2; wood=1; unknown=0; knights=0; dev-cards=0	roads=[68,69; 69,86]; settlements=[84,86]	ok	 	 
67	16:28:50:123	Rainbow	clay=0; ore=0; sheep=1; wheat=2; wood=1; unknown=0; knights=0; dev-cards=0	roads=[68,69; 69,86]; settlements=[84,86]	what nw?	 	 
68	16:29:04:774	inca	clay=2; ore=0; sheep=0; wheat=0; wood=2; unknown=0; knights=0; dev-cards=0	roads=[105,150]; settlements=[122,167]	End turn if you're done	 	 
69	16:29:10:541	Server	 		inca rolled a 5 and a 5.	 	 
70	16:29:10:543	Server	 		ariachiba gets 1 sheep. Kittles gets 1 wood. Rainbow gets 1 wood.	 	 
71	16:29:24:639	Server	 		inca made an offer to trade 1 wood for 1 sheep.	 	 
72	16:29:28:981	Server	 		inca traded 1 wood for 1 sheep from ariachiba.	 	 
73	16:29:36:435	ariachiba	clay=1; ore=0; sheep=4; wheat=1; wood=1; unknown=0; knights=0; dev-cards=0	roads=[120,171]; settlements=[120,171]	Thank you!	 	 
74	16:29:39:745	Server	 		inca built a road.	 	 
75	16:29:42:512	inca	clay=1; ore=0; sheep=1; wheat=0; wood=0; unknown=0; knights=0; dev-cards=0	roads=[105,150; 150,166]; settlements=[122,167]	You too!	 	 
76	16:29:50:688	Server	 		ariachiba rolled a 4 and a 2.	 	 
77	16:29:50:690	Server	 		inca gets 1 clay. ariachiba gets 1 clay. Rainbow gets 1 clay.	 	 
78	16:30:17:786	Server	 		ariachiba built a road.	 	 
79	16:32:07:488	inca	clay=2; ore=0; sheep=1; wheat=0; wood=0; unknown=0; knights=0; dev-cards=0	roads=[105,150; 150,166]; settlements=[122,167]	Is it stuck?	 	 
80	16:36:38:317	inca	clay=2; ore=0; sheep=1; wheat=0; wood=0; unknown=0; knights=0; dev-cards=0	roads=[105,150; 150,166]; settlements=[122,167]	Sorry guys, I think I might have had internet problems	 	 
80.1	16:36:57:061	Kittles2	 	 	the arrow is on me but i cant do anything	 	 
80.2	16:37:23:518	Markus	 	 	You have to log in with the same nickname again	 	 
81	16:38:17:433	Server	 		Kittles rolled a 3 and a 1.	 	 
82	16:38:17:436	Server	 		ariachiba gets 1 sheep. Kittles gets 1 sheep. Rainbow gets 1 wheat.	 	 
83	16:38:45:651	Server	 		Rainbow rolled a 4 and a 5.	 	 
84	16:38:45:653	Server	 		inca gets 1 wheat, 1 wood. Kittles gets 1 wood.	 	 
85	16:40:21:001	Server	 		Rainbow built a road.	 	 
86	16:40:56:357	Rainbow	clay=0; ore=0; sheep=1; wheat=3; wood=1; unknown=0; knights=0; dev-cards=0	roads=[68,69; 69,86; 86,52]; settlements=[84,86]	trade wheat?	 	 
87	16:41:07:431	Kittles	clay=1; ore=1; sheep=2; wheat=0; wood=3; unknown=0; knights=0; dev-cards=0	roads=[169,116]; settlements=[169,116]	no wheat	 	 
88	16:41:07:859	inca	clay=2; ore=0; sheep=1; wheat=1; wood=1; unknown=0; knights=0; dev-cards=0	roads=[105,150; 150,166]; settlements=[122,167]	Sorry, need mine	 	 
89	16:41:18:354	Rainbow	clay=0; ore=0; sheep=1; wheat=3; wood=1; unknown=0; knights=0; dev-cards=0	roads=[68,69; 69,86; 86,52]; settlements=[84,86]	sheep any1?	 	 
90	16:41:28:409	Kittles	clay=1; ore=1; sheep=2; wheat=0; wood=3; unknown=0; knights=0; dev-cards=0	roads=[169,116]; settlements=[169,116]	im ok thanks	 	 
91	16:41:28:720	ariachiba	clay=1; ore=0; sheep=5; wheat=1; wood=0; unknown=0; knights=0; dev-cards=0	roads=[120,171; 171,188]; settlements=[120,171]	I can offer sheep...	 	 
92	16:41:40:435	Rainbow	clay=0; ore=0; sheep=1; wheat=3; wood=1; unknown=0; knights=0; dev-cards=0	roads=[68,69; 69,86; 86,52]; settlements=[84,86]	what du wnt in return?	 	 
93	16:42:14:694	ariachiba	clay=1; ore=0; sheep=5; wheat=1; wood=0; unknown=0; knights=0; dev-cards=0	roads=[120,171; 171,188]; settlements=[120,171]	Preferably wood or ore, but I would take wheat or clay.	 	 
94	16:42:32:306	Rainbow	clay=0; ore=0; sheep=1; wheat=3; wood=1; unknown=0; knights=0; dev-cards=0	roads=[68,69; 69,86; 86,52]; settlements=[84,86]	i got wheat	 	 
95	16:42:40:547	ariachiba	clay=1; ore=0; sheep=5; wheat=1; wood=0; unknown=0; knights=0; dev-cards=0	roads=[120,171; 171,188]; settlements=[120,171]	I'll go a sheep for a wheat.	 	 
96	16:42:49:304	Rainbow	clay=0; ore=0; sheep=1; wheat=3; wood=1; unknown=0; knights=0; dev-cards=0	roads=[68,69; 69,86; 86,52]; settlements=[84,86]	ok	 	 
97	16:43:02:436	Server	 		Rainbow made an offer to trade 1 wheat for 1 sheep.	 	 
98	16:43:06:028	Server	 		Rainbow traded 1 wheat for 1 sheep from ariachiba.	 	 
99	16:43:13:090	Server	 		inca rolled a 4 and a 6.	 	 
100	16:43:13:092	Server	 		ariachiba gets 1 sheep. Kittles gets 1 wood. Rainbow gets 1 wood.	 	 
101	16:43:26:099	Server	 		inca built a road.	 	 
102	16:43:33:329	Server	 		ariachiba rolled a 4 and a 1.	 	 
103	16:43:33:331	Server	 		inca gets 1 sheep. ariachiba gets 1 sheep. Kittles gets 1 ore.	 	 
104	16:44:00:714	Server	 		ariachiba traded 4 sheep for 1 wood from the bank.	 	 
105	16:44:07:694	Server	 		ariachiba built a settlement.	 	 
106	16:44:17:035	Server	 		Kittles rolled a 2 and a 1.	 	 
107	16:44:17:037	Server	 		Kittles gets 1 ore. Rainbow gets 2 sheep.	 	 
108	16:45:16:133	Server	 		Rainbow rolled a 2 and a 6.	 	 
109	16:45:16:135	Server	 		ariachiba gets 2 wheat. Rainbow gets 1 wheat.	 	 
110	16:45:41:099	Server	 		inca rolled a 2 and a 1.	 	 
111	16:45:41:101	Server	 		Kittles gets 1 ore. Rainbow gets 2 sheep.	 	 
112	16:45:58:837	Rainbow	clay=0; ore=0; sheep=6; wheat=3; wood=2; unknown=0; knights=0; dev-cards=0	roads=[68,69; 69,86; 86,52]; settlements=[84,86]	y do i keep getting sheep?	 	 
113	16:46:20:020	inca	clay=1; ore=0; sheep=2; wheat=1; wood=0; unknown=0; knights=0; dev-cards=0	roads=[105,150; 150,166; 166,133]; settlements=[122,167]	Does anyone have a wood? I can give sheep or wheat	 	 
114	16:46:31:952	Rainbow	clay=0; ore=0; sheep=6; wheat=3; wood=2; unknown=0; knights=0; dev-cards=0	roads=[68,69; 69,86; 86,52]; settlements=[84,86]	i hav wood	 	 
115	16:46:39:440	Rainbow	clay=0; ore=0; sheep=6; wheat=3; wood=2; unknown=0; knights=0; dev-cards=0	roads=[68,69; 69,86; 86,52]; settlements=[84,86]	giv me wheat	 	 
116	16:46:45:649	inca	clay=1; ore=0; sheep=2; wheat=1; wood=0; unknown=0; knights=0; dev-cards=0	roads=[105,150; 150,166; 166,133]; settlements=[122,167]	Cool	 	 
117	16:46:56:177	Server	 		inca made an offer to trade 1 wheat for 1 wood.	 	 
118	16:47:04:530	Server	 		inca traded 1 wheat for 1 wood from Rainbow.	 	 
119	16:47:07:391	inca	clay=1; ore=0; sheep=2; wheat=0; wood=1; unknown=0; knights=0; dev-cards=0	roads=[105,150; 150,166; 166,133]; settlements=[122,167]	Did I send that to the right person?	 	 
120	16:47:12:163	Rainbow	clay=0; ore=0; sheep=6; wheat=4; wood=1; unknown=0; knights=0; dev-cards=0	roads=[68,69; 69,86; 86,52]; settlements=[84,86]	ya	 	 
121	16:47:16:638	inca	clay=1; ore=0; sheep=2; wheat=0; wood=1; unknown=0; knights=0; dev-cards=0	roads=[105,150; 150,166; 166,133]; settlements=[122,167]	OK, cheers	 	 
122	16:47:21:926	Server	 		inca built a road.	 	 
123	16:47:25:082	Rainbow	clay=0; ore=0; sheep=6; wheat=4; wood=1; unknown=0; knights=0; dev-cards=0	roads=[68,69; 69,86; 86,52]; settlements=[84,86]	thts ok	 	 
124	16:47:29:104	Server	 		ariachiba rolled a 1 and a 4.	 	 
125	16:47:29:106	Server	 		inca gets 1 sheep. ariachiba gets 1 sheep. Kittles gets 1 ore.	 	 
126	16:47:48:375	Rainbow	clay=0; ore=0; sheep=6; wheat=4; wood=1; unknown=0; knights=0; dev-cards=0	roads=[68,69; 69,86; 86,52]; settlements=[84,86]	wher am i getting sheep frm?	 	 
127	16:48:10:401	ariachiba	clay=0; ore=0; sheep=2; wheat=3; wood=0; unknown=0; knights=0; dev-cards=0	roads=[120,171; 171,188]; settlements=[120,171; 171,205]	You have two settlements on sheep-producers.	 	 
128	16:48:12:487	inca	clay=0; ore=0; sheep=3; wheat=0; wood=0; unknown=0; knights=0; dev-cards=0	roads=[105,150; 150,166; 166,133; 133,132]; settlements=[122,167]	You get 2 every time we roll a 3	 	 
129	16:48:27:988	Rainbow	clay=0; ore=0; sheep=6; wheat=4; wood=1; unknown=0; knights=0; dev-cards=0	roads=[68,69; 69,86; 86,52]; settlements=[84,86]	ohhh	 	 
130	16:48:28:037	inca	clay=0; ore=0; sheep=3; wheat=0; wood=0; unknown=0; knights=0; dev-cards=0	roads=[105,150; 150,166; 166,133; 133,132]; settlements=[122,167]	Which has happened surprisingly often	 	 
131	16:48:29:931	Rainbow	clay=0; ore=0; sheep=6; wheat=4; wood=1; unknown=0; knights=0; dev-cards=0	roads=[68,69; 69,86; 86,52]; settlements=[84,86]	nice	 	 
132	16:48:33:084	Rainbow	clay=0; ore=0; sheep=6; wheat=4; wood=1; unknown=0; knights=0; dev-cards=0	roads=[68,69; 69,86; 86,52]; settlements=[84,86]	thnx	 	 
133	16:48:39:827	ariachiba	clay=0; ore=0; sheep=2; wheat=3; wood=0; unknown=0; knights=0; dev-cards=0	roads=[120,171; 171,188]; settlements=[120,171; 171,205]	Anyone willing to give wood for wheat?	 	 
134	16:48:45:112	Kittles	clay=1; ore=5; sheep=2; wheat=0; wood=4; unknown=0; knights=0; dev-cards=0	roads=[169,116]; settlements=[169,116]	yep	 	 
135	16:48:49:376	ariachiba	clay=0; ore=0; sheep=2; wheat=3; wood=0; unknown=0; knights=0; dev-cards=0	roads=[120,171; 171,188]; settlements=[120,171; 171,205]	Cool.	 	 
136	16:49:04:394	Server	 		ariachiba made an offer to trade 1 wheat for 1 wood.	 	 
137	16:49:17:162	Server	 		ariachiba traded 1 wheat for 1 wood from Rainbow.	 	 
138	16:49:29:384	Server	 		Kittles rolled a 6 and a 6.	 	 
139	16:49:29:386	Server	 		inca gets 1 ore.	 	 
140	16:49:45:917	Kittles	clay=1; ore=5; sheep=2; wheat=0; wood=4; unknown=0; knights=0; dev-cards=0	roads=[169,116]; settlements=[169,116]	anyone want some ore for wheat	 	 
141	16:49:51:830	Rainbow	clay=0; ore=0; sheep=6; wheat=5; wood=0; unknown=0; knights=0; dev-cards=0	roads=[68,69; 69,86; 86,52]; settlements=[84,86]	meee	 	 
142	16:49:52:424	ariachiba	clay=0; ore=0; sheep=2; wheat=2; wood=1; unknown=0; knights=0; dev-cards=0	roads=[120,171; 171,188]; settlements=[120,171; 171,205]	Yes!	 	 
143	16:49:59:168	Kittles	clay=1; ore=5; sheep=2; wheat=0; wood=4; unknown=0; knights=0; dev-cards=0	roads=[169,116]; settlements=[169,116]	got a ton of the stuff	 	 
144	16:50:05:593	Rainbow	clay=0; ore=0; sheep=6; wheat=5; wood=0; unknown=0; knights=0; dev-cards=0	roads=[68,69; 69,86; 86,52]; settlements=[84,86]	ok	 	 
145	16:50:12:869	Rainbow	clay=0; ore=0; sheep=6; wheat=5; wood=0; unknown=0; knights=0; dev-cards=0	roads=[68,69; 69,86; 86,52]; settlements=[84,86]	i dnt hva any	 	 
146	16:50:18:018	ariachiba	clay=0; ore=0; sheep=2; wheat=2; wood=1; unknown=0; knights=0; dev-cards=0	roads=[120,171; 171,188]; settlements=[120,171; 171,205]	You sould do one with each of us, if you want.	 	 
147	16:50:21:031	ariachiba	clay=0; ore=0; sheep=2; wheat=2; wood=1; unknown=0; knights=0; dev-cards=0	roads=[120,171; 171,188]; settlements=[120,171; 171,205]	*could	 	 
148	16:50:35:198	Rainbow	clay=0; ore=0; sheep=6; wheat=5; wood=0; unknown=0; knights=0; dev-cards=0	roads=[68,69; 69,86; 86,52]; settlements=[84,86]	u mean giv wheat?	 	 
149	16:51:03:411	Server	 		Kittles made an offer to trade 1 ore for 1 wheat.	 	 
150	16:51:07:850	Server	 		Kittles traded 1 ore for 1 wheat from ariachiba.	 	 
151	16:51:21:173	ariachiba	clay=0; ore=1; sheep=2; wheat=1; wood=1; unknown=0; knights=0; dev-cards=0	roads=[120,171; 171,188]; settlements=[120,171; 171,205]	I mean if she has lots of ore and needs lots of wheat, she could do two trades, one with each of us.	 	 
152	16:51:32:405	Rainbow	clay=0; ore=0; sheep=6; wheat=5; wood=0; unknown=0; knights=0; dev-cards=0	roads=[68,69; 69,86; 86,52]; settlements=[84,86]	ya	 	 
153	16:51:47:819	Kittles	clay=1; ore=4; sheep=2; wheat=1; wood=4; unknown=0; knights=0; dev-cards=0	roads=[169,116]; settlements=[169,116]	i could do one more trade of ore fro wheat	 	 
154	16:51:54:760	Rainbow	clay=0; ore=0; sheep=6; wheat=5; wood=0; unknown=0; knights=0; dev-cards=0	roads=[68,69; 69,86; 86,52]; settlements=[84,86]	me plz	 	 
155	16:51:58:437	Kittles	clay=1; ore=4; sheep=2; wheat=1; wood=4; unknown=0; knights=0; dev-cards=0	roads=[169,116]; settlements=[169,116]	ok	 	 
156	16:52:10:329	Server	 		Kittles made an offer to trade 1 ore for 1 wheat.	 	 
157	16:52:20:593	Server	 		Rainbow rolled a 5 and a 5.	 	 
158	16:52:20:596	Server	 		ariachiba gets 1 sheep. Kittles gets 1 wood. Rainbow gets 1 wood.	 	 
159	16:52:29:243	Kittles	clay=1; ore=4; sheep=2; wheat=1; wood=5; unknown=0; knights=0; dev-cards=0	roads=[169,116]; settlements=[169,116]	how do we get more points?	 	 
160	16:52:40:362	Rainbow	clay=0; ore=0; sheep=6; wheat=5; wood=1; unknown=0; knights=0; dev-cards=0	roads=[68,69; 69,86; 86,52]; settlements=[84,86]	build stuff i thnk	 	 
161	16:52:40:737	ariachiba	clay=0; ore=1; sheep=3; wheat=1; wood=1; unknown=0; knights=0; dev-cards=0	roads=[120,171; 171,188]; settlements=[120,171; 171,205]	You build roads and settlements.	 	 
162	16:52:49:290	inca	clay=0; ore=1; sheep=3; wheat=0; wood=0; unknown=0; knights=0; dev-cards=0	roads=[105,150; 150,166; 166,133; 133,132]; settlements=[122,167]	You get one for each settlement you build, and 2 for each city	 	 
163	16:52:55:752	inca	clay=0; ore=1; sheep=3; wheat=0; wood=0; unknown=0; knights=0; dev-cards=0	roads=[105,150; 150,166; 166,133; 133,132]; settlements=[122,167]	and there's bonuses and stuff	 	 
164	16:53:09:414	Rainbow	clay=0; ore=0; sheep=6; wheat=5; wood=1; unknown=0; knights=0; dev-cards=0	roads=[68,69; 69,86; 86,52]; settlements=[84,86]	how do i build again?	 	 
165	16:53:28:877	ariachiba	clay=0; ore=1; sheep=3; wheat=1; wood=1; unknown=0; knights=0; dev-cards=0	roads=[120,171; 171,188]; settlements=[120,171; 171,205]	At the bottom, it shows the different options.	 	 
166	16:53:40:391	ariachiba	clay=0; ore=1; sheep=3; wheat=1; wood=1; unknown=0; knights=0; dev-cards=0	roads=[120,171; 171,188]; settlements=[120,171; 171,205]	Only ones that you have the materials for will be available.	 	 
167	16:53:47:336	Kittles	clay=1; ore=4; sheep=2; wheat=1; wood=5; unknown=0; knights=0; dev-cards=0	roads=[169,116]; settlements=[169,116]	aaahh	 	 
168	16:53:54:202	Rainbow	clay=0; ore=0; sheep=6; wheat=5; wood=1; unknown=0; knights=0; dev-cards=0	roads=[68,69; 69,86; 86,52]; settlements=[84,86]	none of thm r there	 	 
169	16:54:35:297	Rainbow	clay=0; ore=0; sheep=6; wheat=5; wood=1; unknown=0; knights=0; dev-cards=0	roads=[68,69; 69,86; 86,52]; settlements=[84,86]	i need clay	 	 
170	16:54:38:178	Rainbow	clay=0; ore=0; sheep=6; wheat=5; wood=1; unknown=0; knights=0; dev-cards=0	roads=[68,69; 69,86; 86,52]; settlements=[84,86]	any1 have?	 	 
171	16:54:41:604	inca	clay=0; ore=1; sheep=3; wheat=0; wood=0; unknown=0; knights=0; dev-cards=0	roads=[105,150; 150,166; 166,133; 133,132]; settlements=[122,167]	Nope, sorry	 	 
172	16:54:58:240	ariachiba	clay=0; ore=1; sheep=3; wheat=1; wood=1; unknown=0; knights=0; dev-cards=0	roads=[120,171; 171,188]; settlements=[120,171; 171,205]	Not at the moment, unfortunately.	 	 
173	16:55:04:540	Rainbow	clay=0; ore=0; sheep=6; wheat=5; wood=1; unknown=0; knights=0; dev-cards=0	roads=[68,69; 69,86; 86,52]; settlements=[84,86]	i never got any ore	 	 
174	16:55:04:742	Kittles	clay=1; ore=4; sheep=2; wheat=1; wood=5; unknown=0; knights=0; dev-cards=0	roads=[169,116]; settlements=[169,116]	need mine sorry	 	 
175	16:55:23:166	Rainbow	clay=0; ore=0; sheep=6; wheat=5; wood=1; unknown=0; knights=0; dev-cards=0	roads=[68,69; 69,86; 86,52]; settlements=[84,86]	no1 has ore to giv?	 	 
176	16:55:32:587	Kittles	clay=1; ore=4; sheep=2; wheat=1; wood=5; unknown=0; knights=0; dev-cards=0	roads=[169,116]; settlements=[169,116]	oh yeah me	 	 
177	16:55:38:840	Kittles	clay=1; ore=4; sheep=2; wheat=1; wood=5; unknown=0; knights=0; dev-cards=0	roads=[169,116]; settlements=[169,116]	ore for wheat again?	 	 
178	16:55:43:403	Rainbow	clay=0; ore=0; sheep=6; wheat=5; wood=1; unknown=0; knights=0; dev-cards=0	roads=[68,69; 69,86; 86,52]; settlements=[84,86]	ya	 	 
179	16:56:01:461	Kittles	clay=1; ore=4; sheep=2; wheat=1; wood=5; unknown=0; knights=0; dev-cards=0	roads=[169,116]; settlements=[169,116]	ok	 	 
180	16:56:11:157	Server	 		Rainbow made an offer to trade 1 wheat for 1 ore.	 	 
181	16:56:20:304	Server	 		Rainbow traded 1 wheat for 1 ore from Kittles.	 	 
182	16:56:25:126	Server	 		inca rolled a 6 and a 3.	 	 
183	16:56:25:128	Server	 		inca gets 1 wheat, 1 wood. Kittles gets 1 wood.	 	 
184	16:56:44:339	Server	 		ariachiba rolled a 2 and a 5.	 	 
185	16:57:25:959	Kittles	clay=1; ore=2; sheep=1; wheat=1; wood=2; unknown=0; knights=0; dev-cards=0	roads=[169,116]; settlements=[169,116]	eh?	 	 
186	16:57:26:266	Rainbow	clay=0; ore=1; sheep=2; wheat=2; wood=1; unknown=0; knights=0; dev-cards=0	roads=[68,69; 69,86; 86,52]; settlements=[84,86]	y do we discard?	 	 
187	16:57:33:499	Rainbow	clay=0; ore=1; sheep=2; wheat=2; wood=1; unknown=0; knights=0; dev-cards=0	roads=[68,69; 69,86; 86,52]; settlements=[84,86]	the robber took it?	 	 
188	16:57:40:192	Kittles	clay=1; ore=2; sheep=1; wheat=1; wood=2; unknown=0; knights=0; dev-cards=0	roads=[169,116]; settlements=[169,116]	baddy	 	 
189	16:57:40:590	inca	clay=0; ore=1; sheep=3; wheat=1; wood=1; unknown=0; knights=0; dev-cards=0	roads=[105,150; 150,166; 166,133; 133,132]; settlements=[122,167]	Every time a 7 gets rolled, that happens	 	 
190	16:57:42:016	ariachiba	clay=0; ore=1; sheep=3; wheat=1; wood=1; unknown=0; knights=0; dev-cards=0	roads=[120,171; 171,188]; settlements=[120,171; 171,205]	You had more than 7 reseources and I rolled the robber.	 	 
191	16:57:49:700	Rainbow	clay=0; ore=1; sheep=2; wheat=2; wood=1; unknown=0; knights=0; dev-cards=0	roads=[68,69; 69,86; 86,52]; settlements=[84,86]	oh ryt yes thnx	 	 
192	16:58:04:478	Server	 		ariachiba traded 2 sheep for 1 clay from a port.	 	 
193	16:58:08:942	Server	 		Kittles rolled a 6 and a 3.	 	 
194	16:58:08:944	Server	 		inca gets 1 wheat, 1 wood. Kittles gets 1 wood.	 	 
195	16:58:27:654	Server	 		Kittles built a road.	 	 
196	16:58:37:621	Server	 		Rainbow rolled a 1 and a 5.	 	 
197	16:58:37:623	Server	 		inca gets 1 clay. ariachiba gets 1 clay. Rainbow gets 1 clay.	 	 
198	16:59:11:509	Server	 		Rainbow built a road.	 	 
199	16:59:31:233	Rainbow	clay=0; ore=1; sheep=2; wheat=2; wood=0; unknown=0; knights=0; dev-cards=0	roads=[68,69; 69,86; 86,52; 52,70]; settlements=[84,86]	anybody want to giv me clay?	 	 
200	16:59:36:900	Rainbow	clay=0; ore=1; sheep=2; wheat=2; wood=0; unknown=0; knights=0; dev-cards=0	roads=[68,69; 69,86; 86,52; 52,70]; settlements=[84,86]	or wood?	 	 
201	16:59:43:150	Rainbow	clay=0; ore=1; sheep=2; wheat=2; wood=0; unknown=0; knights=0; dev-cards=0	roads=[68,69; 69,86; 86,52; 52,70]; settlements=[84,86]	or ore?	 	 
202	16:59:46:226	Kittles	clay=0; ore=2; sheep=1; wheat=1; wood=2; unknown=0; knights=0; dev-cards=0	roads=[169,116; 116,100]; settlements=[169,116]	none	 	 
203	16:59:47:909	inca	clay=1; ore=1; sheep=3; wheat=2; wood=2; unknown=0; knights=0; dev-cards=0	roads=[105,150; 150,166; 166,133; 133,132]; settlements=[122,167]	I can give 1 wood	 	 
204	17:00:03:217	Rainbow	clay=0; ore=1; sheep=2; wheat=2; wood=0; unknown=0; knights=0; dev-cards=0	roads=[68,69; 69,86; 86,52; 52,70]; settlements=[84,86]	oh wood shud b good	 	 
205	17:00:06:594	inca	clay=1; ore=1; sheep=3; wheat=2; wood=2; unknown=0; knights=0; dev-cards=0	roads=[105,150; 150,166; 166,133; 133,132]; settlements=[122,167]	wheat in return?	 	 
206	17:00:16:617	Rainbow	clay=0; ore=1; sheep=2; wheat=2; wood=0; unknown=0; knights=0; dev-cards=0	roads=[68,69; 69,86; 86,52; 52,70]; settlements=[84,86]	ok	 	 
207	17:00:19:282	inca	clay=1; ore=1; sheep=3; wheat=2; wood=2; unknown=0; knights=0; dev-cards=0	roads=[105,150; 150,166; 166,133; 133,132]; settlements=[122,167]	Cool	 	 
208	17:00:30:901	Server	 		Rainbow made an offer to trade 1 wheat for 1 wood.	 	 
209	17:00:34:107	Server	 		Rainbow traded 1 wheat for 1 wood from inca.	 	 
210	17:00:59:540	Server	 		inca rolled a 5 and a 5.	 	 
211	17:00:59:542	Server	 		ariachiba gets 1 sheep. Kittles gets 1 wood. Rainbow gets 1 wood.	 	 
212	17:01:09:476	Server	 		inca built a settlement.	 	 
213	17:01:19:980	Server	 		ariachiba rolled a 1 and a 2.	 	 
214	17:01:19:981	Server	 		Kittles gets 1 ore. Rainbow gets 2 sheep.	 	 
215	17:01:45:111	Server	 		ariachiba traded 2 sheep for 1 wood from a port.	 	 
216	17:01:51:058	Server	 		ariachiba built a road.	 	 
217	17:01:53:602	Server	 		ariachiba built a road.	 	 
218	17:02:01:265	Server	 		Kittles rolled a 5 and a 2.	 	 
219	17:03:11:181	Server	 		Rainbow rolled a 6 and a 3.	 	 
220	17:03:11:183	Server	 		inca gets 1 wheat, 1 wood. Kittles gets 1 wood.	 	 
221	17:03:38:364	Rainbow	clay=0; ore=0; sheep=3; wheat=0; wood=2; unknown=0; knights=0; dev-cards=1	roads=[68,69; 69,86; 86,52; 52,70]; settlements=[84,86]	i need clay ore or wheat	 	 
222	17:03:51:582	Rainbow	clay=0; ore=0; sheep=3; wheat=0; wood=2; unknown=0; knights=0; dev-cards=1	roads=[68,69; 69,86; 86,52; 52,70]; settlements=[84,86]	any1?	 	 
223	17:04:05:177	Kittles	clay=0; ore=1; sheep=1; wheat=2; wood=2; unknown=0; knights=0; dev-cards=0	roads=[169,116; 116,100]; settlements=[169,116]	i got wheat	 	 
224	17:04:18:831	Rainbow	clay=0; ore=0; sheep=3; wheat=0; wood=2; unknown=0; knights=0; dev-cards=1	roads=[68,69; 69,86; 86,52; 52,70]; settlements=[84,86]	i cn giv sheep	 	 
225	17:04:23:237	Kittles	clay=0; ore=1; sheep=1; wheat=2; wood=2; unknown=0; knights=0; dev-cards=0	roads=[169,116; 116,100]; settlements=[169,116]	ok	 	 
226	17:04:43:927	Server	 		Rainbow made an offer to trade 1 sheep for 1 wheat.	 	 
227	17:04:52:720	Server	 		Rainbow traded 1 sheep for 1 wheat from Kittles.	 	 
228	17:05:48:265	Rainbow	clay=0; ore=1; sheep=2; wheat=1; wood=2; unknown=0; knights=1; dev-cards=0	roads=[68,69; 69,86; 86,52; 52,70]; settlements=[84,86]	no1 cn giv clay ryt?	 	 
229	17:05:54:335	inca	clay=0; ore=0; sheep=1; wheat=2; wood=1; unknown=0; knights=0; dev-cards=1	roads=[105,150; 150,166; 166,133; 133,132]; settlements=[122,167; 167,148]	not me, sorry	 	 
230	17:05:59:642	Kittles	clay=0; ore=1; sheep=2; wheat=1; wood=2; unknown=0; knights=0; dev-cards=0	roads=[169,116; 116,100]; settlements=[169,116]	no	 	 
231	17:06:04:896	Rainbow	clay=0; ore=1; sheep=2; wheat=1; wood=2; unknown=0; knights=1; dev-cards=0	roads=[68,69; 69,86; 86,52; 52,70]; settlements=[84,86]	ok	 	 
232	17:06:07:719	ariachiba	clay=0; ore=0; sheep=0; wheat=0; wood=0; unknown=0; knights=0; dev-cards=0	roads=[120,171; 171,188; 188,172; 172,156]; settlements=[120,171; 171,205]	Seeing as everything I have has been stolen, no.	 	 
233	17:06:11:566	Server	 		inca rolled a 2 and a 4.	 	 
234	17:06:11:568	Server	 		inca gets 1 clay. ariachiba gets 1 clay. Rainbow gets 1 clay.	 	 
235	17:06:44:726	Server	 		inca built a road.	 	 
236	17:06:54:918	Server	 		ariachiba rolled a 6 and a 2.	 	 
237	17:06:54:920	Server	 		ariachiba gets 2 wheat. Rainbow gets 1 wheat.	 	 
238	17:07:33:297	ariachiba	clay=1; ore=0; sheep=0; wheat=2; wood=0; unknown=0; knights=0; dev-cards=0	roads=[120,171; 171,188; 188,172; 172,156]; settlements=[120,171; 171,205]	I don't suppose anyone wants to give wood for wheat?	 	 
239	17:07:41:639	inca	clay=0; ore=0; sheep=1; wheat=2; wood=0; unknown=0; knights=0; dev-cards=1	roads=[105,150; 150,166; 166,133; 133,132; 132,131]; settlements=[122,167; 167,148]	No wood, sorry	 	 
240	17:07:45:376	Kittles	clay=0; ore=1; sheep=2; wheat=1; wood=2; unknown=0; knights=0; dev-cards=0	roads=[169,116; 116,100]; settlements=[169,116]	i will	 	 
241	17:07:50:960	ariachiba	clay=1; ore=0; sheep=0; wheat=2; wood=0; unknown=0; knights=0; dev-cards=0	roads=[120,171; 171,188; 188,172; 172,156]; settlements=[120,171; 171,205]	Cool.	 	 
242	17:07:58:208	Server	 		ariachiba made an offer to trade 1 wheat for 1 wood.	 	 
243	17:08:14:818	Rainbow	clay=1; ore=1; sheep=2; wheat=2; wood=2; unknown=0; knights=1; dev-cards=0	roads=[68,69; 69,86; 86,52; 52,70]; settlements=[84,86]	sorry	 	 
244	17:08:30:558	Server	 		ariachiba made an offer to trade 1 wheat for 1 wood.	 	 
245	17:08:38:533	ariachiba	clay=1; ore=0; sheep=0; wheat=2; wood=0; unknown=0; knights=0; dev-cards=0	roads=[120,171; 171,188; 188,172; 172,156]; settlements=[120,171; 171,205]	How do I direct it to a specific person?	 	 
246	17:08:48:060	inca	clay=0; ore=0; sheep=1; wheat=2; wood=0; unknown=0; knights=0; dev-cards=1	roads=[105,150; 150,166; 166,133; 133,132; 132,131]; settlements=[122,167; 167,148]	you shuold see coloured boxes you can tick	 	 
247	17:08:48:463	Kittles	clay=0; ore=1; sheep=2; wheat=1; wood=2; unknown=0; knights=0; dev-cards=0	roads=[169,116; 116,100]; settlements=[169,116]	click on my colour	 	 
248	17:08:48:816	Rainbow	clay=1; ore=1; sheep=2; wheat=2; wood=2; unknown=0; knights=1; dev-cards=0	roads=[68,69; 69,86; 86,52; 52,70]; settlements=[84,86]	the colourd boxes	 	 
249	17:08:58:710	Server	 		ariachiba made an offer to trade 1 wheat for 1 wood.	 	 
250	17:09:01:144	ariachiba	clay=1; ore=0; sheep=0; wheat=2; wood=0; unknown=0; knights=0; dev-cards=0	roads=[120,171; 171,188; 188,172; 172,156]; settlements=[120,171; 171,205]	Ah ha!	 	 
251	17:09:01:777	Server	 		ariachiba traded 1 wheat for 1 wood from Kittles.	 	 
252	17:09:10:973	ariachiba	clay=1; ore=0; sheep=0; wheat=1; wood=1; unknown=0; knights=0; dev-cards=0	roads=[120,171; 171,188; 188,172; 172,156]; settlements=[120,171; 171,205]	Thanks.	 	 
253	17:09:47:960	Server	 		Kittles rolled a 5 and a 5.	 	 
254	17:09:47:962	Server	 		Kittles gets 1 wood. Rainbow gets 1 wood.	 	 
255	17:10:04:854	Server	 		Rainbow rolled a 1 and a 3.	 	 
256	17:10:04:856	Server	 		ariachiba gets 1 sheep. Kittles gets 1 sheep. Rainbow gets 1 wheat.	 	 
257	17:10:32:660	Server	 		Rainbow built a settlement.	 	 
258	17:10:53:454	Rainbow	clay=0; ore=1; sheep=1; wheat=2; wood=2; unknown=0; knights=1; dev-cards=0	roads=[68,69; 69,86; 86,52; 52,70]; settlements=[84,86; 86,52]	ore any1?	 	 
259	17:10:59:880	inca	clay=0; ore=0; sheep=1; wheat=2; wood=0; unknown=0; knights=0; dev-cards=1	roads=[105,150; 150,166; 166,133; 133,132; 132,131]; settlements=[122,167; 167,148]	Got none, sorry	 	 
260	17:11:05:058	Kittles	clay=0; ore=0; sheep=2; wheat=1; wood=2; unknown=0; knights=0; dev-cards=1	roads=[169,116; 116,100]; settlements=[169,116]	no	 	 
261	17:11:08:067	ariachiba	clay=1; ore=0; sheep=1; wheat=1; wood=1; unknown=0; knights=0; dev-cards=0	roads=[120,171; 171,188; 188,172; 172,156]; settlements=[120,171; 171,205]	Nope	 	 
262	17:11:14:044	Rainbow	clay=0; ore=1; sheep=1; wheat=2; wood=2; unknown=0; knights=1; dev-cards=0	roads=[68,69; 69,86; 86,52; 52,70]; settlements=[84,86; 86,52]	clay?	 	 
263	17:11:20:356	Kittles	clay=0; ore=0; sheep=2; wheat=1; wood=2; unknown=0; knights=0; dev-cards=1	roads=[169,116; 116,100]; settlements=[169,116]	nein	 	 
264	17:11:21:066	inca	clay=0; ore=0; sheep=1; wheat=2; wood=0; unknown=0; knights=0; dev-cards=1	roads=[105,150; 150,166; 166,133; 133,132; 132,131]; settlements=[122,167; 167,148]	Nope	 	 
265	17:11:23:718	ariachiba	clay=1; ore=0; sheep=1; wheat=1; wood=1; unknown=0; knights=0; dev-cards=0	roads=[120,171; 171,188; 188,172; 172,156]; settlements=[120,171; 171,205]	Sorry	 	 
266	17:11:43:261	Rainbow	clay=0; ore=1; sheep=1; wheat=2; wood=2; unknown=0; knights=1; dev-cards=0	roads=[68,69; 69,86; 86,52; 52,70]; settlements=[84,86; 86,52]	sheeo?	 	 
267	17:11:47:672	Rainbow	clay=0; ore=1; sheep=1; wheat=2; wood=2; unknown=0; knights=1; dev-cards=0	roads=[68,69; 69,86; 86,52; 52,70]; settlements=[84,86; 86,52]	*sheep	 	 
268	17:11:56:209	ariachiba	clay=1; ore=0; sheep=1; wheat=1; wood=1; unknown=0; knights=0; dev-cards=0	roads=[120,171; 171,188; 188,172; 172,156]; settlements=[120,171; 171,205]	Not at the moment	 	 
269	17:11:59:321	Rainbow	clay=0; ore=1; sheep=1; wheat=2; wood=2; unknown=0; knights=1; dev-cards=0	roads=[68,69; 69,86; 86,52; 52,70]; settlements=[84,86; 86,52]	ok	 	 
270	17:12:00:926	inca	clay=0; ore=0; sheep=1; wheat=2; wood=0; unknown=0; knights=0; dev-cards=1	roads=[105,150; 150,166; 166,133; 133,132; 132,131]; settlements=[122,167; 167,148]	I'll trade sheep for wood	 	 
271	17:12:14:186	Rainbow	clay=0; ore=1; sheep=1; wheat=2; wood=2; unknown=0; knights=1; dev-cards=0	roads=[68,69; 69,86; 86,52; 52,70]; settlements=[84,86; 86,52]	um..no sorry	 	 
272	17:12:17:776	inca	clay=0; ore=0; sheep=1; wheat=2; wood=0; unknown=0; knights=0; dev-cards=1	roads=[105,150; 150,166; 166,133; 133,132; 132,131]; settlements=[122,167; 167,148]	no worries	 	 
273	17:12:20:067	Server	 		inca rolled a 2 and a 6.	 	 
274	17:12:20:069	Server	 		ariachiba gets 2 wheat. Rainbow gets 2 wheat.	 	 
275	17:12:27:711	Server	 		ariachiba rolled a 2 and a 5.	 	 
276	17:13:06:719	Server	 		ariachiba built a settlement.	 	 
277	17:14:00:473	Server	 		Kittles rolled a 6 and a 4.	 	 
278	17:14:00:475	Server	 		ariachiba gets 2 sheep. Kittles gets 1 wood. Rainbow gets 1 wood.	 	 
279	17:14:13:822	Server	 		Rainbow rolled a 3 and a 6.	 	 
280	17:14:13:825	Server	 		inca gets 1 wheat, 1 wood. ariachiba gets 1 wheat. Kittles gets 1 wood.	 	 
281	17:14:35:979	Rainbow	clay=0; ore=1; sheep=0; wheat=1; wood=2; unknown=0; knights=1; dev-cards=0	roads=[68,69; 69,86; 86,52; 52,70]; settlements=[84,86; 86,52]	sheep any1?	 	 
282	17:14:44:035	ariachiba	clay=0; ore=0; sheep=3; wheat=3; wood=0; unknown=0; knights=0; dev-cards=0	roads=[120,171; 171,188; 188,172; 172,156]; settlements=[120,171; 171,205; 205,156]	You need sheep?	 	 
283	17:14:47:452	Rainbow	clay=0; ore=1; sheep=0; wheat=1; wood=2; unknown=0; knights=1; dev-cards=0	roads=[68,69; 69,86; 86,52; 52,70]; settlements=[84,86; 86,52]	ya	 	 
284	17:14:56:583	ariachiba	clay=0; ore=0; sheep=3; wheat=3; wood=0; unknown=0; knights=0; dev-cards=0	roads=[120,171; 171,188; 188,172; 172,156]; settlements=[120,171; 171,205; 205,156]	Do you have ore?	 	 
285	17:15:09:311	Rainbow	clay=0; ore=1; sheep=0; wheat=1; wood=2; unknown=0; knights=1; dev-cards=0	roads=[68,69; 69,86; 86,52; 52,70]; settlements=[84,86; 86,52]	ya bt i nd it	 	 
286	17:15:18:253	ariachiba	clay=0; ore=0; sheep=3; wheat=3; wood=0; unknown=0; knights=0; dev-cards=0	roads=[120,171; 171,188; 188,172; 172,156]; settlements=[120,171; 171,205; 205,156]	How about wood?	 	 
287	17:15:24:731	Rainbow	clay=0; ore=1; sheep=0; wheat=1; wood=2; unknown=0; knights=1; dev-cards=0	roads=[68,69; 69,86; 86,52; 52,70]; settlements=[84,86; 86,52]	i hav wod	 	 
288	17:15:27:669	Rainbow	clay=0; ore=1; sheep=0; wheat=1; wood=2; unknown=0; knights=1; dev-cards=0	roads=[68,69; 69,86; 86,52; 52,70]; settlements=[84,86; 86,52]	*wood	 	 
289	17:15:31:483	ariachiba	clay=0; ore=0; sheep=3; wheat=3; wood=0; unknown=0; knights=0; dev-cards=0	roads=[120,171; 171,188; 188,172; 172,156]; settlements=[120,171; 171,205; 205,156]	I'll give a sheep for a wood.	 	 
290	17:15:35:214	Rainbow	clay=0; ore=1; sheep=0; wheat=1; wood=2; unknown=0; knights=1; dev-cards=0	roads=[68,69; 69,86; 86,52; 52,70]; settlements=[84,86; 86,52]	ok	 	 
291	17:15:48:594	Server	 		Rainbow made an offer to trade 1 wood for 1 sheep.	 	 
292	17:15:51:536	Server	 		Rainbow traded 1 wood for 1 sheep from ariachiba.	 	 
293	17:16:03:658	Server	 		inca rolled a 3 and a 6.	 	 
294	17:16:03:660	Server	 		inca gets 1 wheat, 1 wood. ariachiba gets 1 wheat. Kittles gets 1 wood.	 	 
295	17:17:08:241	inca	clay=0; ore=0; sheep=1; wheat=4; wood=2; unknown=0; knights=0; dev-cards=1	roads=[105,150; 150,166; 166,133; 133,132; 132,131]; settlements=[122,167; 167,148]	I think I'm misunderstanding something here guys, what do the 3:1 ports let us do?	 	 
296	17:17:21:985	ariachiba	clay=0; ore=0; sheep=2; wheat=4; wood=1; unknown=0; knights=0; dev-cards=0	roads=[120,171; 171,188; 188,172; 172,156]; settlements=[120,171; 171,205; 205,156]	Trade 3 of any one resource for another frin the bank.	 	 
297	17:17:24:333	ariachiba	clay=0; ore=0; sheep=2; wheat=4; wood=1; unknown=0; knights=0; dev-cards=0	roads=[120,171; 171,188; 188,172; 172,156]; settlements=[120,171; 171,205; 205,156]	*from	 	 
298	17:17:29:060	ariachiba	clay=0; ore=0; sheep=2; wheat=4; wood=1; unknown=0; knights=0; dev-cards=0	roads=[120,171; 171,188; 188,172; 172,156]; settlements=[120,171; 171,205; 205,156]	Otherwise it's 4:1/	 	 
299	17:18:09:108	inca	clay=0; ore=0; sheep=1; wheat=4; wood=2; unknown=0; knights=0; dev-cards=1	roads=[105,150; 150,166; 166,133; 133,132; 132,131]; settlements=[122,167; 167,148]	Oh hold on, I don't even have a settlement on the port	 	 
300	17:18:10:964	inca	clay=0; ore=0; sheep=1; wheat=4; wood=2; unknown=0; knights=0; dev-cards=1	roads=[105,150; 150,166; 166,133; 133,132; 132,131]; settlements=[122,167; 167,148]	Ignore me	 	 
301	17:18:21:417	Server	 		ariachiba rolled a 4 and a 4.	 	 
302	17:18:21:419	Server	 		ariachiba gets 2 wheat. Rainbow gets 2 wheat.	 	 
303	17:18:43:499	ariachiba	clay=0; ore=0; sheep=2; wheat=6; wood=1; unknown=0; knights=0; dev-cards=0	roads=[120,171; 171,188; 188,172; 172,156]; settlements=[120,171; 171,205; 205,156]	Anyone willing to give ore or clay for wheat?	 	 
304	17:18:49:942	inca	clay=0; ore=0; sheep=1; wheat=4; wood=2; unknown=0; knights=0; dev-cards=1	roads=[105,150; 150,166; 166,133; 133,132; 132,131]; settlements=[122,167; 167,148]	Sorry, can't	 	 
305	17:19:23:581	Server	 		ariachiba traded 4 wheat for 1 ore from the bank.	 	 
306	17:19:41:350	Server	 		Kittles rolled a 6 and a 4.	 	 
307	17:19:41:352	Server	 		ariachiba gets 2 sheep. Kittles gets 1 wood. Rainbow gets 1 wood.	 	 
308	17:20:01:956	Kittles	clay=0; ore=0; sheep=1; wheat=2; wood=6; unknown=0; knights=1; dev-cards=0	roads=[169,116; 116,100]; settlements=[169,116]	nope	 	 
309	17:20:06:596	Rainbow	clay=0; ore=1; sheep=1; wheat=3; wood=2; unknown=0; knights=1; dev-cards=0	roads=[68,69; 69,86; 86,52; 52,70]; settlements=[84,86; 86,52]	no	 	 
310	17:20:40:041	Kittles	clay=0; ore=0; sheep=1; wheat=2; wood=6; unknown=0; knights=1; dev-cards=0	roads=[169,116; 116,100]; settlements=[169,116]	wood for clay?	 	 
311	17:20:48:298	ariachiba	clay=0; ore=0; sheep=3; wheat=1; wood=1; unknown=0; knights=0; dev-cards=1	roads=[120,171; 171,188; 188,172; 172,156]; settlements=[120,171; 171,205; 205,156]	Sorry, no	 	 
312	17:20:48:661	Rainbow	clay=0; ore=1; sheep=1; wheat=3; wood=2; unknown=0; knights=1; dev-cards=0	roads=[68,69; 69,86; 86,52; 52,70]; settlements=[84,86; 86,52]	ya	 	 
313	17:21:01:518	Rainbow	clay=0; ore=1; sheep=1; wheat=3; wood=2; unknown=0; knights=1; dev-cards=0	roads=[68,69; 69,86; 86,52; 52,70]; settlements=[84,86; 86,52]	u nd wood?	 	 
314	17:21:30:104	inca	clay=0; ore=0; sheep=1; wheat=4; wood=2; unknown=0; knights=0; dev-cards=1	roads=[105,150; 150,166; 166,133; 133,132; 132,131]; settlements=[122,167; 167,148]	I can do that too if you need two	 	 
315	17:21:30:767	Kittles	clay=0; ore=0; sheep=1; wheat=2; wood=6; unknown=0; knights=1; dev-cards=0	roads=[169,116; 116,100]; settlements=[169,116]	no clay or ore	 	 
316	17:21:37:457	inca	clay=0; ore=0; sheep=1; wheat=4; wood=2; unknown=0; knights=0; dev-cards=1	roads=[105,150; 150,166; 166,133; 133,132; 132,131]; settlements=[122,167; 167,148]	Oh, never mind	 	 
317	17:21:49:988	Kittles	clay=0; ore=0; sheep=1; wheat=2; wood=6; unknown=0; knights=1; dev-cards=0	roads=[169,116; 116,100]; settlements=[169,116]	no, i need clay or ore	 	 
318	17:21:57:691	inca	clay=0; ore=0; sheep=1; wheat=4; wood=2; unknown=0; knights=0; dev-cards=1	roads=[105,150; 150,166; 166,133; 133,132; 132,131]; settlements=[122,167; 167,148]	don't have either, sorry	 	 
319	17:22:29:123	ariachiba	clay=0; ore=0; sheep=3; wheat=1; wood=1; unknown=0; knights=0; dev-cards=1	roads=[120,171; 171,188; 188,172; 172,156]; settlements=[120,171; 171,205; 205,156]	I have none.	 	 
320	17:22:47:494	Rainbow	clay=0; ore=1; sheep=1; wheat=3; wood=2; unknown=0; knights=1; dev-cards=0	roads=[68,69; 69,86; 86,52; 52,70]; settlements=[84,86; 86,52]	i dny hv	 	 
321	17:22:58:616	Server	 		Rainbow rolled a 6 and a 1.	 	 
322	17:24:57:883	Rainbow	clay=0; ore=1; sheep=1; wheat=4; wood=2; unknown=0; knights=1; dev-cards=0	roads=[68,69; 69,86; 86,52; 52,70]; settlements=[84,86; 86,52]	i still need clay	 	 
323	17:25:23:040	inca	clay=0; ore=0; sheep=1; wheat=4; wood=2; unknown=0; knights=0; dev-cards=1	roads=[105,150; 150,166; 166,133; 133,132; 132,131]; settlements=[122,167; 167,148]	i still have none, sorry	 	 
324	17:25:31:694	Rainbow	clay=0; ore=1; sheep=1; wheat=4; wood=2; unknown=0; knights=1; dev-cards=0	roads=[68,69; 69,86; 86,52; 52,70]; settlements=[84,86; 86,52]	ores?	 	 
325	17:25:38:749	Kittles	clay=0; ore=0; sheep=1; wheat=1; wood=3; unknown=0; knights=1; dev-cards=0	roads=[169,116; 116,100]; settlements=[169,116]	no	 	 
326	17:25:47:465	ariachiba	clay=0; ore=0; sheep=3; wheat=0; wood=1; unknown=0; knights=0; dev-cards=1	roads=[120,171; 171,188; 188,172; 172,156]; settlements=[120,171; 171,205; 205,156]	Nope	 	 
327	17:25:48:842	inca	clay=0; ore=0; sheep=1; wheat=4; wood=2; unknown=0; knights=0; dev-cards=1	roads=[105,150; 150,166; 166,133; 133,132; 132,131]; settlements=[122,167; 167,148]	Nope	 	 
328	17:26:02:746	Server	 		inca rolled a 5 and a 1.	 	 
329	17:26:02:748	Server	 		inca gets 1 clay. ariachiba gets 1 clay. Rainbow gets 1 clay.	 	 
330	17:26:19:897	Server	 		inca built a road.	 	 
331	17:26:42:932	Server	 		ariachiba rolled a 2 and a 1.	 	 
332	17:26:42:933	Server	 		Kittles gets 1 ore. Rainbow gets 2 sheep.	 	 
333	17:26:48:313	Server	 		ariachiba built a road.	 	 
334	17:26:50:889	Server	 		ariachiba built a road.	 	 
335	17:27:04:592	Server	 		Kittles rolled a 1 and a 4.	 	 
336	17:27:04:594	Server	 		inca gets 1 ore, 1 sheep. ariachiba gets 1 sheep. Kittles gets 1 ore.	 	 
337	17:28:16:268	Server	 		Rainbow rolled a 2 and a 3.	 	 
338	17:28:16:270	Server	 		inca gets 1 ore, 1 sheep. ariachiba gets 1 sheep. Kittles gets 1 ore.	 	 
339	17:28:54:353	Rainbow	clay=1; ore=1; sheep=3; wheat=4; wood=2; unknown=0; knights=1; dev-cards=0	roads=[68,69; 69,86; 86,52; 52,70]; settlements=[84,86; 86,52]	y cnt i buy a stlmnt? i hv evrythng	 	 
340	17:29:05:878	inca	clay=0; ore=2; sheep=3; wheat=4; wood=1; unknown=0; knights=0; dev-cards=1	roads=[105,150; 150,166; 166,133; 133,132; 132,131; 131,114]; settlements=[122,167; 167,148]	You have nowhere to put one	 	 
341	17:29:11:428	Rainbow	clay=1; ore=1; sheep=3; wheat=4; wood=2; unknown=0; knights=1; dev-cards=0	roads=[68,69; 69,86; 86,52; 52,70]; settlements=[84,86; 86,52]	y nt?	 	 
342	17:29:23:542	ariachiba	clay=0; ore=0; sheep=5; wheat=0; wood=0; unknown=0; knights=0; dev-cards=0	roads=[120,171; 171,188; 188,172; 172,156; 156,154; 154,137]; settlements=[120,171; 171,205; 205,156]	You need it to be two roads from any other settlement.	 	 
343	17:30:09:229	Server	 		Rainbow built a road.	 	 
344	17:30:17:691	Rainbow	clay=0; ore=1; sheep=3; wheat=4; wood=1; unknown=0; knights=1; dev-cards=0	roads=[68,69; 69,86; 86,52; 52,70; 70,71]; settlements=[84,86; 86,52]	thnx	 	 
345	17:30:26:899	Server	 		inca rolled a 6 and a 3.	 	 
346	17:30:26:901	Server	 		inca gets 1 wheat, 1 wood. ariachiba gets 1 wheat. Kittles gets 1 wood.	 	 
347	17:31:05:786	Server	 		ariachiba rolled a 5 and a 3.	 	 
348	17:31:05:788	Server	 		ariachiba gets 2 wheat. Rainbow gets 2 wheat.	 	 
349	17:31:38:092	ariachiba	clay=0; ore=0; sheep=5; wheat=3; wood=0; unknown=0; knights=0; dev-cards=0	roads=[120,171; 171,188; 188,172; 172,156; 156,154; 154,137]; settlements=[120,171; 171,205; 205,156]	Anyone willing to give ore for sheep?	 	 
350	17:31:47:774	inca	clay=0; ore=0; sheep=1; wheat=3; wood=2; unknown=0; knights=0; dev-cards=3	roads=[105,150; 150,166; 166,133; 133,132; 132,131; 131,114]; settlements=[122,167; 167,148]	Not got any, sorry	 	 
351	17:31:48:037	Kittles	clay=0; ore=2; sheep=0; wheat=0; wood=4; unknown=0; knights=1; dev-cards=1	roads=[169,116; 116,100]; settlements=[169,116]	ok	 	 
352	17:31:59:739	Server	 		ariachiba made an offer to trade 1 sheep for 1 ore.	 	 
353	17:32:04:719	Server	 		ariachiba traded 1 sheep for 1 ore from Kittles.	 	 
354	17:32:10:704	ariachiba	clay=0; ore=1; sheep=4; wheat=3; wood=0; unknown=0; knights=0; dev-cards=0	roads=[120,171; 171,188; 188,172; 172,156; 156,154; 154,137]; settlements=[120,171; 171,205; 205,156]	Thx!	 	 
355	17:32:33:611	Rainbow	clay=0; ore=1; sheep=3; wheat=6; wood=1; unknown=0; knights=1; dev-cards=0	roads=[68,69; 69,86; 86,52; 52,70; 70,71]; settlements=[84,86; 86,52]	hw long du thnk ths game will last?	 	 
356	17:34:17:188	ariachiba	clay=0; ore=0; sheep=3; wheat=2; wood=0; unknown=0; knights=0; dev-cards=1	roads=[120,171; 171,188; 188,172; 172,156; 156,154; 154,137]; settlements=[120,171; 171,205; 205,156]	At this rate? Another half hour maybe?	 	 
357	17:34:22:714	Rainbow	clay=0; ore=1; sheep=3; wheat=6; wood=1; unknown=0; knights=1; dev-cards=0	roads=[68,69; 69,86; 86,52; 52,70; 70,71]; settlements=[84,86; 86,52]	ok	 	 
358	17:34:55:380	inca	clay=0; ore=0; sheep=1; wheat=3; wood=2; unknown=0; knights=0; dev-cards=3	roads=[105,150; 150,166; 166,133; 133,132; 132,131; 131,114]; settlements=[122,167; 167,148]	Is it stuck again?	 	 
359	17:36:59:033	Rainbow	clay=0; ore=1; sheep=3; wheat=6; wood=1; unknown=0; knights=1; dev-cards=0	roads=[68,69; 69,86; 86,52; 52,70; 70,71]; settlements=[84,86; 86,52]	we all do tht?	 	 
360	17:37:03:059	ariachiba	clay=0; ore=0; sheep=3; wheat=2; wood=0; unknown=0; knights=0; dev-cards=1	roads=[120,171; 171,188; 188,172; 172,156; 156,154; 154,137]; settlements=[120,171; 171,205; 205,156]	ADDTIME	 	 
361	17:37:15:679	Rainbow	clay=0; ore=1; sheep=3; wheat=6; wood=1; unknown=0; knights=1; dev-cards=0	roads=[68,69; 69,86; 86,52; 52,70; 70,71]; settlements=[84,86; 86,52]	ADDTIME	 	 
362	17:37:22:980	Rainbow	clay=0; ore=1; sheep=3; wheat=6; wood=1; unknown=0; knights=1; dev-cards=0	roads=[68,69; 69,86; 86,52; 52,70; 70,71]; settlements=[84,86; 86,52]	omg!	 	 
363	17:37:34:192	Rainbow	clay=0; ore=1; sheep=3; wheat=6; wood=1; unknown=0; knights=1; dev-cards=0	roads=[68,69; 69,86; 86,52; 52,70; 70,71]; settlements=[84,86; 86,52]	i hv to b sumwher at 630	 	 
364	17:37:42:010	inca	clay=0; ore=0; sheep=1; wheat=3; wood=2; unknown=0; knights=0; dev-cards=3	roads=[105,150; 150,166; 166,133; 133,132; 132,131; 131,114]; settlements=[122,167; 167,148]	We'll be done before then surely	 	 
365	17:37:57:645	Rainbow	clay=0; ore=1; sheep=3; wheat=6; wood=1; unknown=0; knights=1; dev-cards=0	roads=[68,69; 69,86; 86,52; 52,70; 70,71]; settlements=[84,86; 86,52]	k i hope so	 	 
366	17:38:11:827	ariachiba	clay=0; ore=0; sheep=3; wheat=2; wood=0; unknown=0; knights=0; dev-cards=1	roads=[120,171; 171,188; 188,172; 172,156; 156,154; 154,137]; settlements=[120,171; 171,205; 205,156]	Yeah, I hope so!	 	 
367	17:38:14:691	inca	clay=0; ore=0; sheep=1; wheat=3; wood=2; unknown=0; knights=0; dev-cards=3	roads=[105,150; 150,166; 166,133; 133,132; 132,131; 131,114]; settlements=[122,167; 167,148]	How did we fix it last time when the dice wouldn't roll?	 	 
368	17:38:24:408	Rainbow	clay=0; ore=1; sheep=3; wheat=6; wood=1; unknown=0; knights=1; dev-cards=0	roads=[68,69; 69,86; 86,52; 52,70; 70,71]; settlements=[84,86; 86,52]	markus?	 	 
369	17:38:37:380	ariachiba	clay=0; ore=0; sheep=3; wheat=2; wood=0; unknown=0; knights=0; dev-cards=1	roads=[120,171; 171,188; 188,172; 172,156; 156,154; 154,137]; settlements=[120,171; 171,205; 205,156]	Kittles, are you there?	 	 
369.1	17:38:57:047	Markus	 	 	Kittles must decide whether to roll or play a card.	 	 
370	17:40:44:414	Rainbow	clay=0; ore=1; sheep=3; wheat=6; wood=1; unknown=0; knights=1; dev-cards=0	roads=[68,69; 69,86; 86,52; 52,70; 70,71]; settlements=[84,86; 86,52]	wts hapning?	 	 
371	17:40:52:556	inca	clay=0; ore=0; sheep=1; wheat=3; wood=2; unknown=0; knights=0; dev-cards=3	roads=[105,150; 150,166; 166,133; 133,132; 132,131; 131,114]; settlements=[122,167; 167,148]	Kittles isn't responding	 	 
371.1	17:41:19:414	Markus	 	 	I think K has some network trouble again.	 	 
371.2	17:42:58:767	Kittles1	 	 	it woulndt let me sign in	 	 
371.3	17:43:19:117	Markus	 	 	Can you try again?	 	 
371.4	17:43:26:757	Markus	 	 	It did work before, right?	 	 
371.5	17:43:30:775	Kittles1	 	 	yep	 	 
371.6	17:43:43:882	Kittles1	 	 	it doesnt give me the option to leave	 	 
371.7	17:43:45:453	Markus	 	 	I mean, using your original nickname	 	 
371.8	17:44:11:261	Markus	 	 	You'll have to log in using your original nickname	 	 
372	17:44:39:414	Server	 		Kittles rolled a 6 and a 5.	 	 
373	17:44:39:415	Server	 		ariachiba gets 1 wood.	 	 
374	17:44:51:557	Server	 		Rainbow rolled a 2 and a 3.	 	 
375	17:44:51:559	Server	 		inca gets 1 ore, 1 sheep. ariachiba gets 1 sheep. Kittles gets 1 ore.	 	 
376	17:45:05:837	Rainbow	clay=0; ore=1; sheep=3; wheat=6; wood=1; unknown=0; knights=1; dev-cards=0	roads=[68,69; 69,86; 86,52; 52,70; 70,71]; settlements=[84,86; 86,52]	still need clay	 	 
377	17:45:11:409	inca	clay=0; ore=1; sheep=2; wheat=3; wood=2; unknown=0; knights=0; dev-cards=3	roads=[105,150; 150,166; 166,133; 133,132; 132,131; 131,114]; settlements=[122,167; 167,148]	Me too	 	 
378	17:45:12:512	ariachiba	clay=0; ore=0; sheep=4; wheat=2; wood=1; unknown=0; knights=0; dev-cards=1	roads=[120,171; 171,188; 188,172; 172,156; 156,154; 154,137]; settlements=[120,171; 171,205; 205,156]	Sorry, no clay	 	 
379	17:45:15:863	Kittles	clay=0; ore=2; sheep=1; wheat=0; wood=4; unknown=0; knights=1; dev-cards=1	roads=[169,116; 116,100]; settlements=[169,116]	no clay	 	 
380	17:46:22:384	Rainbow	clay=0; ore=1; sheep=3; wheat=6; wood=1; unknown=0; knights=1; dev-cards=0	roads=[68,69; 69,86; 86,52; 52,70; 70,71]; settlements=[84,86; 86,52]	ore?	 	 
381	17:46:41:701	inca	clay=0; ore=1; sheep=2; wheat=3; wood=2; unknown=0; knights=0; dev-cards=3	roads=[105,150; 150,166; 166,133; 133,132; 132,131; 131,114]; settlements=[122,167; 167,148]	Need mine, sorry	 	 
382	17:47:00:717	ariachiba	clay=0; ore=0; sheep=4; wheat=2; wood=1; unknown=0; knights=0; dev-cards=1	roads=[120,171; 171,188; 188,172; 172,156; 156,154; 154,137]; settlements=[120,171; 171,205; 205,156]	None	 	 
383	17:47:18:229	Kittles	clay=0; ore=2; sheep=1; wheat=0; wood=4; unknown=0; knights=1; dev-cards=1	roads=[169,116; 116,100]; settlements=[169,116]	yes ore	 	 
384	17:47:27:966	Rainbow	clay=0; ore=1; sheep=3; wheat=6; wood=1; unknown=0; knights=1; dev-cards=0	roads=[68,69; 69,86; 86,52; 52,70; 70,71]; settlements=[84,86; 86,52]	wot du wnt?	 	 
385	17:47:34:884	Kittles	clay=0; ore=2; sheep=1; wheat=0; wood=4; unknown=0; knights=1; dev-cards=1	roads=[169,116; 116,100]; settlements=[169,116]	wheat	 	 
386	17:47:37:908	Rainbow	clay=0; ore=1; sheep=3; wheat=6; wood=1; unknown=0; knights=1; dev-cards=0	roads=[68,69; 69,86; 86,52; 52,70; 70,71]; settlements=[84,86; 86,52]	ok	 	 
387	17:47:50:492	Server	 		Rainbow made an offer to trade 1 wheat for 1 ore.	 	 
388	17:47:54:383	Server	 		Rainbow traded 1 wheat for 1 ore from Kittles.	 	 
389	17:49:07:834	Server	 		inca rolled a 3 and a 6.	 	 
390	17:49:07:836	Server	 		inca gets 1 wheat, 1 wood. ariachiba gets 1 wheat. Kittles gets 1 wood.	 	 
391	17:50:14:165	inca	clay=0; ore=0; sheep=2; wheat=2; wood=3; unknown=0; knights=1; dev-cards=3	roads=[105,150; 150,166; 166,133; 133,132; 132,131; 131,114]; settlements=[122,167; 167,148]	touche	 	 
392	17:50:17:536	Server	 		ariachiba rolled a 2 and a 2.	 	 
393	17:50:17:538	Server	 		ariachiba gets 1 sheep. Kittles gets 1 sheep. Rainbow gets 2 wheat.	 	 
394	17:50:36:875	Server	 		ariachiba traded 2 sheep for 1 ore from a port.	 	 
395	17:51:26:030	Server	 		Kittles rolled a 3 and a 4.	 	 
396	17:53:07:347	Server	 		Rainbow rolled a 4 and a 4.	 	 
397	17:53:07:348	Server	 		ariachiba gets 2 wheat. Rainbow gets 2 wheat.	 	 
398	17:53:28:254	Rainbow	clay=0; ore=2; sheep=1; wheat=4; wood=1; unknown=0; knights=1; dev-cards=0	roads=[68,69; 69,86; 86,52; 52,70; 70,71]; settlements=[84,86; 86,52]	plz sum1 giv me clay	 	 
399	17:53:36:063	inca	clay=0; ore=0; sheep=2; wheat=2; wood=3; unknown=0; knights=1; dev-cards=3	roads=[105,150; 150,166; 166,133; 133,132; 132,131; 131,114]; settlements=[122,167; 167,148]	still have none, sorry	 	 
400	17:53:48:109	ariachiba	clay=0; ore=0; sheep=0; wheat=5; wood=1; unknown=0; knights=1; dev-cards=1	roads=[120,171; 171,188; 188,172; 172,156; 156,154; 154,137]; settlements=[120,171; 171,205; 205,156]	Yeah, haven't gotten clay in a while...	 	 
401	17:53:48:806	Kittles	clay=0; ore=1; sheep=2; wheat=1; wood=2; unknown=0; knights=2; dev-cards=0	roads=[169,116; 116,100]; settlements=[169,116]	no clay	 	 
402	17:53:54:303	Rainbow	clay=0; ore=2; sheep=1; wheat=4; wood=1; unknown=0; knights=1; dev-cards=0	roads=[68,69; 69,86; 86,52; 52,70; 70,71]; settlements=[84,86; 86,52]	ok	 	 
403	17:54:19:087	Server	 		inca rolled a 5 and a 5.	 	 
404	17:54:19:089	Server	 		ariachiba gets 2 sheep. Kittles gets 1 wood. Rainbow gets 1 wood.	 	 
405	17:55:22:321	Server	 		ariachiba rolled a 6 and a 6.	 	 
406	17:55:22:323	Server	 		inca gets 1 ore.	 	 
407	17:55:45:880	ariachiba	clay=0; ore=1; sheep=2; wheat=5; wood=1; unknown=0; knights=2; dev-cards=0	roads=[120,171; 171,188; 188,172; 172,156; 156,154; 154,137]; settlements=[120,171; 171,205; 205,156]	Does anyone need wheat?	 	 
408	17:55:49:866	Kittles	clay=0; ore=1; sheep=2; wheat=1; wood=3; unknown=0; knights=2; dev-cards=0	roads=[169,116; 116,100]; settlements=[169,116]	no	 	 
409	17:55:51:075	inca	clay=0; ore=1; sheep=2; wheat=2; wood=3; unknown=0; knights=1; dev-cards=3	roads=[105,150; 150,166; 166,133; 133,132; 132,131; 131,114]; settlements=[122,167; 167,148]	Not me	 	 
410	17:56:15:576	inca	clay=0; ore=1; sheep=2; wheat=2; wood=3; unknown=0; knights=1; dev-cards=3	roads=[105,150; 150,166; 166,133; 133,132; 132,131; 131,114]; settlements=[122,167; 167,148]	We must all have like the same resources	 	 
411	17:56:31:129	ariachiba	clay=0; ore=1; sheep=2; wheat=5; wood=1; unknown=0; knights=2; dev-cards=0	roads=[120,171; 171,188; 188,172; 172,156; 156,154; 154,137]; settlements=[120,171; 171,205; 205,156]	Yeah, not a lot of clay or ore in this game apparently!	 	 
412	17:56:44:722	Kittles	clay=0; ore=1; sheep=2; wheat=1; wood=3; unknown=0; knights=2; dev-cards=0	roads=[169,116; 116,100]; settlements=[169,116]	ove got 1 ore 2 sheep 1 wheat 3 wood	 	 
413	17:57:16:722	ariachiba	clay=0; ore=1; sheep=2; wheat=5; wood=1; unknown=0; knights=2; dev-cards=0	roads=[120,171; 171,188; 188,172; 172,156; 156,154; 154,137]; settlements=[120,171; 171,205; 205,156]	Ok.	 	 
414	17:57:29:694	Kittles	clay=0; ore=1; sheep=2; wheat=1; wood=3; unknown=0; knights=2; dev-cards=0	roads=[169,116; 116,100]; settlements=[169,116]	gotta go all, have fun	 	 
415	17:57:36:543	inca	clay=0; ore=1; sheep=2; wheat=2; wood=3; unknown=0; knights=1; dev-cards=3	roads=[105,150; 150,166; 166,133; 133,132; 132,131; 131,114]; settlements=[122,167; 167,148]	Uh	 	 
416	17:57:41:650	inca	clay=0; ore=1; sheep=2; wheat=2; wood=3; unknown=0; knights=1; dev-cards=3	roads=[105,150; 150,166; 166,133; 133,132; 132,131; 131,114]; settlements=[122,167; 167,148]	Doesn't that ruin the game?	 	 
417	17:57:44:444	ariachiba	clay=0; ore=0; sheep=1; wheat=4; wood=1; unknown=0; knights=2; dev-cards=1	roads=[120,171; 171,188; 188,172; 172,156; 156,154; 154,137]; settlements=[120,171; 171,205; 205,156]	Ooooooook?	 	 
418	17:58:14:928	inca	clay=0; ore=1; sheep=2; wheat=2; wood=3; unknown=0; knights=1; dev-cards=3	roads=[105,150; 150,166; 166,133; 133,132; 132,131; 131,114]; settlements=[122,167; 167,148]	We better wait for Markus before we do anything	 	 
419	17:58:38:234	Server	 		Rainbow rolled a 2 and a 5.	 	 
419.1	17:59:15:583	Markus	 	 	Oh, sorry, just continue.	 	 
420	17:59:23:429	inca	clay=0; ore=1; sheep=1; wheat=1; wood=1; unknown=0; knights=1; dev-cards=3	roads=[105,150; 150,166; 166,133; 133,132; 132,131; 131,114]; settlements=[122,167; 167,148]	OK	 	 
421	17:59:30:731	Rainbow	clay=0; ore=0; sheep=0; wheat=3; wood=3; unknown=0; knights=2; dev-cards=0	roads=[68,69; 69,86; 86,52; 52,70; 70,71]; settlements=[84,86; 86,52]	i need to leave soon too	 	 
421.1	17:59:49:166	Markus	 	 	Understandable. You can try to hurry up. ;*)	 	 
422	18:01:00:534	Rainbow	clay=0; ore=0; sheep=0; wheat=3; wood=3; unknown=0; knights=2; dev-cards=0	roads=[68,69; 69,86; 86,52; 52,70; 70,71]; settlements=[84,86; 86,52]	sheep?	 	 
423	18:01:02:966	Rainbow	clay=0; ore=0; sheep=0; wheat=3; wood=3; unknown=0; knights=2; dev-cards=0	roads=[68,69; 69,86; 86,52; 52,70; 70,71]; settlements=[84,86; 86,52]	nd sheep	 	 
424	18:01:08:965	inca	clay=0; ore=1; sheep=1; wheat=1; wood=1; unknown=0; knights=1; dev-cards=3	roads=[105,150; 150,166; 166,133; 133,132; 132,131; 131,114]; settlements=[122,167; 167,148]	Sorry, i have like nothing now	 	 
425	18:01:13:177	Rainbow	clay=0; ore=0; sheep=0; wheat=3; wood=3; unknown=0; knights=2; dev-cards=0	roads=[68,69; 69,86; 86,52; 52,70; 70,71]; settlements=[84,86; 86,52]	ok	 	 
426	18:01:22:512	Server	 		inca rolled a 4 and a 4.	 	 
427	18:01:22:514	Server	 		ariachiba gets 2 wheat.	 	 
428	18:01:38:250	Server	 		ariachiba rolled a 1 and a 1.	 	 
429	18:01:38:251	Server	 		inca gets 2 wood.	 	 
430	18:02:03:604	ariachiba	clay=0; ore=0; sheep=1; wheat=6; wood=0; unknown=0; knights=2; dev-cards=1	roads=[120,171; 171,188; 188,172; 172,156; 156,154; 154,137]; settlements=[120,171; 171,205; 205,156]	I will give wheat for anything else...	 	 
431	18:02:16:219	inca	clay=0; ore=0; sheep=0; wheat=0; wood=3; unknown=0; knights=1; dev-cards=4	roads=[105,150; 150,166; 166,133; 133,132; 132,131; 131,114]; settlements=[122,167; 167,148]	I'll give wood	 	 
432	18:02:23:367	ariachiba	clay=0; ore=0; sheep=1; wheat=6; wood=0; unknown=0; knights=2; dev-cards=1	roads=[120,171; 171,188; 188,172; 172,156; 156,154; 154,137]; settlements=[120,171; 171,205; 205,156]	Ok!	 	 
433	18:02:31:690	Server	 		ariachiba made an offer to trade 1 wheat for 1 wood.	 	 
434	18:02:33:449	Server	 		ariachiba traded 1 wheat for 1 wood from inca.	 	 
435	18:02:46:731	Server	 		Rainbow rolled a 5 and a 5.	 	 
436	18:02:46:733	Server	 		ariachiba gets 2 sheep. Rainbow gets 1 wood.	 	 
437	18:03:06:256	Server	 		inca rolled a 2 and a 4.	 	 
438	18:03:06:257	Server	 		inca gets 1 clay. ariachiba gets 1 clay. Rainbow gets 1 clay.	 	 
439	18:03:26:439	Server	 		ariachiba rolled a 4 and a 1.	 	 
440	18:03:26:440	Server	 		inca gets 1 ore, 1 sheep. ariachiba gets 1 sheep.	 	 
441	18:03:49:945	Server	 		ariachiba traded 2 sheep for 1 ore from a port.	 	 
442	18:04:03:446	Server	 		Rainbow rolled a 3 and a 1.	 	 
443	18:04:03:447	Server	 		ariachiba gets 1 sheep. Rainbow gets 2 wheat.	 	 
444	18:04:49:336	Rainbow	clay=1; ore=0; sheep=0; wheat=5; wood=4; unknown=0; knights=2; dev-cards=0	roads=[68,69; 69,86; 86,52; 52,70; 70,71]; settlements=[84,86; 86,52]	nd sheep	 	 
445	18:04:53:975	inca	clay=1; ore=1; sheep=1; wheat=1; wood=2; unknown=0; knights=1; dev-cards=4	roads=[105,150; 150,166; 166,133; 133,132; 132,131; 131,114]; settlements=[122,167; 167,148]	Need mine, sorry	 	 
446	18:05:06:327	ariachiba	clay=1; ore=0; sheep=2; wheat=4; wood=1; unknown=0; knights=2; dev-cards=2	roads=[120,171; 171,188; 188,172; 172,156; 156,154; 154,137]; settlements=[120,171; 171,205; 205,156]	What are you offering?	 	 
447	18:05:16:209	Rainbow	clay=1; ore=0; sheep=0; wheat=5; wood=4; unknown=0; knights=2; dev-cards=0	roads=[68,69; 69,86; 86,52; 52,70; 70,71]; settlements=[84,86; 86,52]	wheat or wood	 	 
448	18:05:28:710	ariachiba	clay=1; ore=0; sheep=2; wheat=4; wood=1; unknown=0; knights=2; dev-cards=2	roads=[120,171; 171,188; 188,172; 172,156; 156,154; 154,137]; settlements=[120,171; 171,205; 205,156]	I'll give a sheep for a wood.	 	 
449	18:05:32:823	Rainbow	clay=1; ore=0; sheep=0; wheat=5; wood=4; unknown=0; knights=2; dev-cards=0	roads=[68,69; 69,86; 86,52; 52,70; 70,71]; settlements=[84,86; 86,52]	ok	 	 
450	18:05:43:617	Server	 		Rainbow made an offer to trade 1 wood for 1 sheep.	 	 
451	18:05:46:987	Server	 		Rainbow traded 1 wood for 1 sheep from ariachiba.	 	 
452	18:05:53:511	Server	 		inca rolled a 1 and a 4.	 	 
453	18:05:53:512	Server	 		inca gets 1 ore, 1 sheep. ariachiba gets 1 sheep.	 	 
454	18:05:59:160	Server	 		inca built a settlement.	 	 
455	18:06:43:012	Server	 		ariachiba rolled a 3 and a 6.	 	 
456	18:06:43:013	Server	 		inca gets 1 wheat, 1 wood. ariachiba gets 1 wheat.	 	 
457	18:07:14:808	Rainbow	clay=0; ore=0; sheep=1; wheat=5; wood=3; unknown=0; knights=2; dev-cards=0	roads=[68,69; 69,86; 86,52; 52,70; 70,71]; settlements=[84,86; 86,52]	got clay any1?	 	 
458	18:07:20:523	inca	clay=1; ore=1; sheep=1; wheat=1; wood=2; unknown=0; knights=2; dev-cards=3	roads=[105,150; 150,166; 166,133; 133,132; 132,131; 131,114]; settlements=[122,167; 167,148; 148,114]	need it, sorry	 	 
459	18:07:28:040	Server	 		ariachiba traded 2 sheep for 1 clay from a port.	 	 
460	18:07:30:795	Rainbow	clay=0; ore=0; sheep=1; wheat=5; wood=3; unknown=0; knights=2; dev-cards=0	roads=[68,69; 69,86; 86,52; 52,70; 70,71]; settlements=[84,86; 86,52]	sorry i keep asking	 	 
461	18:07:32:459	Server	 		ariachiba built a road.	 	 
462	18:07:35:555	Server	 		ariachiba built a road.	 	 
463	18:07:37:974	inca	clay=1; ore=1; sheep=1; wheat=1; wood=2; unknown=0; knights=2; dev-cards=3	roads=[105,150; 150,166; 166,133; 133,132; 132,131; 131,114]; settlements=[122,167; 167,148; 148,114]	haha no worries, you have to	 	 
464	18:07:47:351	Server	 		Rainbow rolled a 5 and a 3.	 	 
465	18:07:47:352	Server	 		ariachiba gets 2 wheat. Rainbow gets 2 wheat.	 	 
466	18:08:11:318	Rainbow	clay=0; ore=0; sheep=1; wheat=7; wood=3; unknown=0; knights=2; dev-cards=0	roads=[68,69; 69,86; 86,52; 52,70; 70,71]; settlements=[84,86; 86,52]	cn i get sheep?	 	 
467	18:08:20:053	inca	clay=1; ore=1; sheep=1; wheat=1; wood=2; unknown=0; knights=2; dev-cards=3	roads=[105,150; 150,166; 166,133; 133,132; 132,131; 131,114]; settlements=[122,167; 167,148; 148,114]	nope, sorry	 	 
468	18:08:27:190	ariachiba	clay=0; ore=1; sheep=0; wheat=7; wood=0; unknown=0; knights=3; dev-cards=1	roads=[120,171; 171,188; 188,172; 172,156; 156,154; 154,137; 137,140; 140,124]; settlements=[120,171; 171,205; 205,156]	I just turned my sheep into clay, sorry!	 	 
469	18:08:34:059	Rainbow	clay=0; ore=0; sheep=1; wheat=7; wood=3; unknown=0; knights=2; dev-cards=0	roads=[68,69; 69,86; 86,52; 52,70; 70,71]; settlements=[84,86; 86,52]	ok	 	 
470	18:08:34:126	ariachiba	clay=0; ore=1; sheep=0; wheat=7; wood=0; unknown=0; knights=3; dev-cards=1	roads=[120,171; 171,188; 188,172; 172,156; 156,154; 154,137; 137,140; 140,124]; settlements=[120,171; 171,205; 205,156]	Gotta love Catan alchemy	 	 
471	18:08:44:963	Server	 		inca rolled a 4 and a 6.	 	 
472	18:08:44:964	Server	 		ariachiba gets 2 sheep. Rainbow gets 1 wood.	 	 
473	18:08:53:563	Server	 		inca built a road.	 	 
474	18:09:05:349	Rainbow	clay=0; ore=0; sheep=1; wheat=7; wood=4; unknown=0; knights=2; dev-cards=0	roads=[68,69; 69,86; 86,52; 52,70; 70,71]; settlements=[84,86; 86,52]	btw i need to go in few mins	 	 
475	18:09:05:626	Server	 		inca built a road.	 	 
476	18:09:14:957	Rainbow	clay=0; ore=0; sheep=1; wheat=7; wood=4; unknown=0; knights=2; dev-cards=0	roads=[68,69; 69,86; 86,52; 52,70; 70,71]; settlements=[84,86; 86,52]	do i still get paid fot his?	 	 
477	18:09:17:574	Server	 		inca built a settlement.	 	 
478	18:09:19:414	Rainbow	clay=0; ore=0; sheep=1; wheat=7; wood=4; unknown=0; knights=2; dev-cards=0	roads=[68,69; 69,86; 86,52; 52,70; 70,71]; settlements=[84,86; 86,52]	*this	 	 
479	18:09:34:974	inca	clay=0; ore=1; sheep=0; wheat=0; wood=1; unknown=0; knights=2; dev-cards=2	roads=[105,150; 150,166; 166,133; 133,132; 132,131; 131,114; 114,98; 98,82]; settlements=[122,167; 167,148; 148,114; 114,82]	(i hope) we will be finishing very soon	 	 
480	18:09:41:444	ariachiba	clay=0; ore=1; sheep=2; wheat=7; wood=0; unknown=0; knights=3; dev-cards=1	roads=[120,171; 171,188; 188,172; 172,156; 156,154; 154,137; 137,140; 140,124]; settlements=[120,171; 171,205; 205,156]	Yeah, me too	 	 
481	18:09:57:142	Server	 		ariachiba rolled a 5 and a 1.	 	 
482	18:09:57:143	Server	 		inca gets 1 clay. ariachiba gets 1 clay. Rainbow gets 1 clay.	 	 
482.1	18:10:09:586	Markus	 	 	You'll get paid.	 	 
483	18:10:14:009	ariachiba	clay=1; ore=1; sheep=2; wheat=7; wood=0; unknown=0; knights=3; dev-cards=1	roads=[120,171; 171,188; 188,172; 172,156; 156,154; 154,137; 137,140; 140,124]; settlements=[120,171; 171,205; 205,156]	Anyone have ore?	 	 
484	18:10:18:163	Rainbow	clay=1; ore=0; sheep=1; wheat=7; wood=4; unknown=0; knights=2; dev-cards=0	roads=[68,69; 69,86; 86,52; 52,70; 70,71]; settlements=[84,86; 86,52]	thank you	 	 
485	18:10:37:930	Rainbow	clay=1; ore=0; sheep=1; wheat=7; wood=4; unknown=0; knights=2; dev-cards=0	roads=[68,69; 69,86; 86,52; 52,70; 70,71]; settlements=[84,86; 86,52]	where do we go to get our compensation?	 	 
486	18:10:50:297	inca	clay=1; ore=1; sheep=0; wheat=0; wood=1; unknown=0; knights=2; dev-cards=2	roads=[105,150; 150,166; 166,133; 133,132; 132,131; 131,114; 114,98; 98,82]; settlements=[122,167; 167,148; 148,114; 114,82]	not me aria, sorry	 	 
487	18:10:55:586	Server	 		ariachiba traded 2 sheep for 1 ore from a port.	 	 
487.1	18:10:56:978	Markus	 	 	Informatics Forum 3.24.	 	 
488	18:10:59:391	ariachiba	clay=1; ore=2; sheep=0; wheat=7; wood=0; unknown=0; knights=3; dev-cards=1	roads=[120,171; 171,188; 188,172; 172,156; 156,154; 154,137; 137,140; 140,124]; settlements=[120,171; 171,205; 205,156]	k, thanks	 	 
489	18:11:07:249	Server	 		ariachiba traded 4 wheat for 1 ore from the bank.	 	 
490	18:11:11:131	Server	 		ariachiba built a city.	 	 
491	18:11:21:640	Server	 		Rainbow rolled a 5 and a 1.	 	 
492	18:11:21:641	Server	 		inca gets 1 clay. ariachiba gets 1 clay. Rainbow gets 1 clay.	 	 
493	18:11:34:432	Server	 		Rainbow built a settlement.	 	 
494	18:11:47:498	Server	 		Rainbow built a road.	 	 
495	18:11:54:856	Server	 		inca rolled a 3 and a 3.	 	 
496	18:11:54:858	Server	 		inca gets 1 clay. ariachiba gets 1 clay. Rainbow gets 2 clay.	 	 
497	18:11:59:059	Server	 		inca built a road.	 	 
498	18:12:00:016	Server	 		inca built a road.	 	 
499	18:12:11:768	Rainbow	clay=2; ore=0; sheep=0; wheat=6; wood=2; unknown=0; knights=2; dev-cards=0	roads=[68,69; 69,86; 86,52; 52,70; 70,71; 71,102]; settlements=[84,86; 86,52; 52,88]	this room is in the informatics building im gessing?	 	 
500	18:12:21:615	Rainbow	clay=2; ore=0; sheep=0; wheat=6; wood=2; unknown=0; knights=2; dev-cards=0	roads=[68,69; 69,86; 86,52; 52,70; 70,71; 71,102]; settlements=[84,86; 86,52; 52,88]	ths nice one in george square?	 	 
500.1	18:12:21:833	Markus	 	 	yes.	 	 
501	18:12:30:019	Rainbow	clay=2; ore=0; sheep=0; wheat=6; wood=2; unknown=0; knights=2; dev-cards=0	roads=[68,69; 69,86; 86,52; 52,70; 70,71; 71,102]; settlements=[84,86; 86,52; 52,88]	ok great	 	 
502	18:12:40:137	Server	 		ariachiba rolled a 3 and a 3.	 	 
503	18:12:40:138	Server	 		inca gets 1 clay. ariachiba gets 1 clay. Rainbow gets 2 clay.	 	 
504	18:12:47:836	Server	 		ariachiba built a road.	 	 
505	18:12:49:105	inca	clay=4; ore=1; sheep=0; wheat=0; wood=0; unknown=0; knights=2; dev-cards=1	roads=[105,150; 150,166; 166,133; 133,132; 132,131; 131,114; 114,98; 98,82; 82,66; 66,50]; settlements=[122,167; 167,148; 148,114; 114,82]	we're really nearly done	 	 
506	18:12:52:302	Server	 		ariachiba built a road.	 	 
507	18:13:08:932	Rainbow	clay=4; ore=0; sheep=0; wheat=6; wood=0; unknown=0; knights=2; dev-cards=0	roads=[68,69; 69,86; 86,52; 52,70; 70,71; 71,102]; settlements=[84,86; 86,52; 52,88]	how du know? it seems neverending	 	 
508	18:13:11:631	Server	 		ariachiba built a road.	 	 
509	18:13:19:802	Server	 		Rainbow rolled a 1 and a 1.	 	 
510	18:13:19:803	Server	 		inca gets 2 wood.	 	 
511	18:13:23:272	inca	clay=4; ore=1; sheep=0; wheat=0; wood=2; unknown=0; knights=2; dev-cards=1	roads=[105,150; 150,166; 166,133; 133,132; 132,131; 131,114; 114,98; 98,82; 82,66; 66,50]; settlements=[122,167; 167,148; 148,114; 114,82]	me and aria are near 10	 	 
512	18:13:29:082	Rainbow	clay=4; ore=0; sheep=0; wheat=6; wood=0; unknown=0; knights=2; dev-cards=0	roads=[68,69; 69,86; 86,52; 52,70; 70,71; 71,102]; settlements=[84,86; 86,52; 52,88]	oooh	 	 
513	18:13:30:677	Rainbow	clay=4; ore=0; sheep=0; wheat=6; wood=0; unknown=0; knights=2; dev-cards=0	roads=[68,69; 69,86; 86,52; 52,70; 70,71; 71,102]; settlements=[84,86; 86,52; 52,88]	ryt	 	 
514	18:14:14:344	Server	 		inca rolled a 4 and a 3.	 	 
515	18:14:42:671	Server	 		inca built a road.	 	 
516	18:14:47:983	Server	 		ariachiba rolled a 1 and a 1.	 	 
517	18:14:47:984	Server	 		inca gets 2 wood.	 	 
518	18:15:00:070	Server	 		Rainbow rolled a 3 and a 6.	 	 
519	18:15:00:072	Server	 		inca gets 1 wheat, 1 wood. ariachiba gets 1 wheat.	 	 
520	18:15:28:457	Server	 		inca rolled a 2 and a 4.	 	 
521	18:15:28:459	Server	 		inca gets 1 clay. ariachiba gets 1 clay. Rainbow gets 2 clay.	 	 
522	18:15:38:624	Server	 		inca traded 3 wood for 1 sheep from a port.	 	 
523	18:15:53:739	Server	 		inca built a road.	 	 
524	18:16:01:647	Server	 		ariachiba rolled a 5 and a 4.	 	 
525	18:16:01:648	Server	 		inca gets 1 wheat, 1 wood. ariachiba gets 1 wheat.	 	 
526	18:16:16:484	Server	 		Rainbow rolled a 6 and a 5.	 	 
527	18:16:16:485	Server	 		ariachiba gets 1 wood. Rainbow gets 1 clay.	 	 
528	18:18:06:550	Server	 		inca rolled a 5 and a 4.	 	 
529	18:18:06:551	Server	 		inca gets 1 wheat, 1 wood. ariachiba gets 1 wheat.	 	 
530	18:18:21:448	Rainbow	clay=6; ore=0; sheep=0; wheat=2; wood=0; unknown=0; knights=2; dev-cards=0	roads=[68,69; 69,86; 86,52; 52,70; 70,71; 71,102]; settlements=[84,86; 86,52; 52,88]	ok guys hav to leav nw	 	 
531	18:18:26:845	Rainbow	clay=6; ore=0; sheep=0; wheat=2; wood=0; unknown=0; knights=2; dev-cards=0	roads=[68,69; 69,86; 86,52; 52,70; 70,71; 71,102]; settlements=[84,86; 86,52; 52,88]	bye	 	 
532	18:18:31:240	Server	 		ariachiba rolled a 5 and a 4.	 	 
533	18:18:31:242	Server	 		inca gets 1 wheat, 1 wood. ariachiba gets 1 wheat.	 	 
534	18:18:35:672	inca	clay=3; ore=0; sheep=0; wheat=4; wood=3; unknown=0; knights=2; dev-cards=2	roads=[105,150; 150,166; 166,133; 133,132; 132,131; 131,114; 114,98; 98,82; 82,66; 66,50; 50,182; 182,199]; settlements=[122,167; 167,148; 148,114; 114,82]	seriuosly, i'm one resrouce from winning	 	 
535	18:18:48:040	ariachiba	clay=2; ore=0; sheep=0; wheat=4; wood=1; unknown=0; knights=3; dev-cards=0	roads=[120,171; 171,188; 188,172; 172,156; 156,154; 154,137; 137,140; 140,124; 124,107; 107,90; 90,73]; settlements=[120,205; 205,156]	Fair enough....	 	 
536	18:18:48:483	Rainbow	clay=6; ore=0; sheep=0; wheat=2; wood=0; unknown=0; knights=2; dev-cards=0	roads=[68,69; 69,86; 86,52; 52,70; 70,71; 71,102]; settlements=[84,86; 86,52; 52,88]	i really need to leav	 	 
537	18:18:52:954	Rainbow	clay=6; ore=0; sheep=0; wheat=2; wood=0; unknown=0; knights=2; dev-cards=0	roads=[68,69; 69,86; 86,52; 52,70; 70,71; 71,102]; settlements=[84,86; 86,52; 52,88]	sorry	 	 
538	18:19:00:406	Server	 		ariachiba built a road.	 	 
539	18:19:05:671	inca	clay=3; ore=0; sheep=0; wheat=4; wood=3; unknown=0; knights=2; dev-cards=2	roads=[105,150; 150,166; 166,133; 133,132; 132,131; 131,114; 114,98; 98,82; 82,66; 66,50; 50,182; 182,199]; settlements=[122,167; 167,148; 148,114; 114,82]	ah well	 	 
540	18:19:12:423	Server	 		inca rolled a 4 and a 3.	 	 
541	18:20:01:455	inca	clay=2; ore=0; sheep=0; wheat=2; wood=1; unknown=0; knights=2; dev-cards=2	roads=[105,150; 150,166; 166,133; 133,132; 132,131; 131,114; 114,98; 98,82; 82,66; 66,50; 50,182; 182,199]; settlements=[122,167; 167,148; 148,114; 114,82]	I can't move the robber, I think the game's stuck	 	 
541.1	18:20:15:742	Markus	 	 	OK, just a moment	 	 
542	18:20:27:736	inca	clay=2; ore=0; sheep=0; wheat=2; wood=1; unknown=0; knights=2; dev-cards=2	roads=[105,150; 150,166; 166,133; 133,132; 132,131; 131,114; 114,98; 98,82; 82,66; 66,50; 50,182; 182,199]; settlements=[122,167; 167,148; 148,114; 114,82]	Cheers	 	 
542.1	18:20:38:758	Markus	 	 	Now?	 	 
543	18:20:45:143	inca	clay=2; ore=0; sheep=0; wheat=3; wood=1; unknown=0; knights=2; dev-cards=2	roads=[105,150; 150,166; 166,133; 133,132; 132,131; 131,114; 114,98; 98,82; 82,66; 66,50; 50,182; 182,199]; settlements=[122,167; 167,148; 148,114; 114,82]	Yep, thanks for that	 	 
544	18:20:46:593	Server	 		ariachiba rolled a 4 and a 2.	 	 
545	18:20:46:594	Server	 		inca gets 1 clay. ariachiba gets 1 clay.	 	 
546	18:21:04:363	Server	 		inca rolled a 5 and a 2.	 	 
547	18:21:16:528	Server	 		inca traded 3 clay for 1 sheep from a port.	 	 
548	18:21:36:721	Server	 		inca built a road.	 	 
549	18:21:41:945	Server	 		ariachiba rolled a 2 and a 6.	 	 
550	18:21:41:946	Server	 		No player gets anything.	 	 
551	18:21:48:594	Server	 		inca rolled a 2 and a 6.	 	 
552	18:21:48:595	Server	 		No player gets anything.	 	 
553	18:21:54:270	Server	 		ariachiba rolled a 5 and a 5.	 	 
554	18:21:54:271	Server	 		inca gets 1 wood. ariachiba gets 3 sheep.	 	 
555	18:22:06:308	Server	 		ariachiba traded 2 sheep for 1 ore from a port.	 	 
556	18:22:12:181	Server	 		inca rolled a 1 and a 1.	 	 
557	18:22:12:182	Server	 		inca gets 2 wood.	 	 
558	18:22:54:256	Server	 		ariachiba rolled a 3 and a 3.	 	 
559	18:22:54:257	Server	 		inca gets 1 clay. ariachiba gets 1 clay.	 	 
560	18:23:17:665	Server	 		inca rolled a 2 and a 4.	 	 
561	18:23:17:666	Server	 		inca gets 1 clay. ariachiba gets 1 clay.	 	 
562	18:23:25:705	Server	 		inca built a road.	 	 
563	18:23:33:136	Server	 		ariachiba rolled a 6 and a 2.	 	 
564	18:23:33:137	Server	 		No player gets anything.	 	 
565	18:23:39:425	Server	 		inca rolled a 2 and a 6.	 	 
566	18:23:39:426	Server	 		No player gets anything.	 	 
567	18:23:53:864	Server	 		ariachiba rolled a 2 and a 2.	 	 
568	18:23:53:865	Server	 		ariachiba gets 2 sheep.	 	 
569	18:24:01:706	Server	 		inca rolled a 2 and a 3.	 	 
570	18:24:01:707	Server	 		inca gets 2 ore, 1 sheep. ariachiba gets 1 sheep.	 	 
571	18:24:20:530	Server	 		ariachiba rolled a 3 and a 5.	 	 
572	18:24:20:531	Server	 		No player gets anything.	 	 
573	18:24:29:490	Server	 		ariachiba traded 2 sheep for 1 ore from a port.	 	 
574	18:24:35:673	Server	 		inca rolled a 3 and a 1.	 	 
575	18:24:35:673	Server	 		ariachiba gets 2 sheep.	 	 
576	18:25:08:041	Server	 		ariachiba rolled a 2 and a 3.	 	 
577	18:25:08:042	Server	 		inca gets 2 ore, 1 sheep. ariachiba gets 1 sheep.	 	 
578	18:25:34:659	inca	clay=2; ore=2; sheep=2; wheat=1; wood=2; unknown=0; knights=5; dev-cards=1	roads=[105,150; 150,166; 166,133; 133,132; 132,131; 131,114; 114,98; 98,82; 82,66; 66,50; 50,182; 182,199; 199,200; 200,184]; settlements=[122,167; 167,148; 148,114; 114,82]	Great game, well played aria	 	 
578.1	18:25:35:796	Markus	 	 	Well don!	 	 
579	18:25:41:661	ariachiba	clay=2; ore=0; sheep=2; wheat=1; wood=0; unknown=0; knights=4; dev-cards=0	roads=[120,171; 171,188; 188,172; 172,156; 156,154; 154,137; 137,140; 140,124; 124,107; 107,90; 90,73; 73,56]; settlements=[120,205; 205,156]	Yep, good game inca!	 	 
579.1	18:25:42:140	Markus	 	 	*done	 	 
580	18:25:43:734	inca	clay=2; ore=2; sheep=2; wheat=1; wood=2; unknown=0; knights=5; dev-cards=1	roads=[105,150; 150,166; 166,133; 133,132; 132,131; 131,114; 114,98; 98,82; 82,66; 66,50; 50,182; 182,199; 199,200; 200,184]; settlements=[122,167; 167,148; 148,114; 114,82]	Cheers!	 	 
581	18:25:50:888	ariachiba	clay=2; ore=0; sheep=2; wheat=1; wood=0; unknown=0; knights=4; dev-cards=0	roads=[120,171; 171,188; 188,172; 172,156; 156,154; 154,137; 137,140; 140,124; 124,107; 107,90; 90,73; 73,56]; settlements=[120,205; 205,156]	Marcus, what time is good to come to your office?	 	 
582	18:25:55:257	ariachiba	clay=2; ore=0; sheep=2; wheat=1; wood=0; unknown=0; knights=4; dev-cards=0	roads=[120,171; 171,188; 188,172; 172,156; 156,154; 154,137; 137,140; 140,124; 124,107; 107,90; 90,73; 73,56]; settlements=[120,205; 205,156]	Sorry, Markus	 	 
582.1	18:25:56:972	Markus	 	 	Please fill in your questionnaires.	 	 
583	18:26:01:998	inca	clay=2; ore=2; sheep=2; wheat=1; wood=2; unknown=0; knights=5; dev-cards=1	roads=[105,150; 150,166; 166,133; 133,132; 132,131; 131,114; 114,98; 98,82; 82,66; 66,50; 50,182; 182,199; 199,200; 200,184]; settlements=[122,167; 167,148; 148,114; 114,82]	Will do	 	 
583.1	18:26:13:444	Markus	 	 	I'm here tomorrow morning, but not the rest of the week.	 	 
584	18:26:22:080	ariachiba	clay=2; ore=0; sheep=2; wheat=1; wood=0; unknown=0; knights=4; dev-cards=0	roads=[120,171; 171,188; 188,172; 172,156; 156,154; 154,137; 137,140; 140,124; 124,107; 107,90; 90,73; 73,56]; settlements=[120,205; 205,156]	Ok.	 	 
584.1	18:26:24:044	Markus	 	 	But my office mate Jonanthan can give you your compensation.	 	 
584.2	18:26:29:140	Markus	 	 	If you prefer that.	 	 
585	18:26:29:459	ariachiba	clay=2; ore=0; sheep=2; wheat=1; wood=0; unknown=0; knights=4; dev-cards=0	roads=[120,171; 171,188; 188,172; 172,156; 156,154; 154,137; 137,140; 140,124; 124,107; 107,90; 90,73; 73,56]; settlements=[120,205; 205,156]	Where is the questionnaire?	 	 
585.1	18:26:37:316	Markus	 	 	Should be attached to the last email.	 	 
586	18:27:08:355	ariachiba	clay=2; ore=0; sheep=2; wheat=1; wood=0; unknown=0; knights=4; dev-cards=0	roads=[120,171; 171,188; 188,172; 172,156; 156,154; 154,137; 137,140; 140,124; 124,107; 107,90; 90,73; 73,56]; settlements=[120,205; 205,156]	I have a link to your website, and to instructions on how to play the game...	 	 
587	18:27:29:148	ariachiba	clay=2; ore=0; sheep=2; wheat=1; wood=0; unknown=0; knights=4; dev-cards=0	roads=[120,171; 171,188; 188,172; 172,156; 156,154; 154,137; 137,140; 140,124; 124,107; 107,90; 90,73; 73,56]; settlements=[120,205; 205,156]	Oh!  Never mind.	 	 
587.1	18:27:38:803	Markus	 	 	Let me know if you can't find it.	 	 
587.2	18:27:44:844	Markus	 	 	But it's not imperative.	 	 
587.3	18:27:52:547	Markus	 	 	Just helpful for us.	 	 
588	18:28:20:115	ariachiba	clay=2; ore=0; sheep=2; wheat=1; wood=0; unknown=0; knights=4; dev-cards=0	roads=[120,171; 171,188; 188,172; 172,156; 156,154; 154,137; 137,140; 140,124; 124,107; 107,90; 90,73; 73,56]; settlements=[120,205; 205,156]	It's opened in a file I can't modify with rather strange formatting...	 	 
589	18:28:28:345	ariachiba	clay=2; ore=0; sheep=2; wheat=1; wood=0; unknown=0; knights=4; dev-cards=0	roads=[120,171; 171,188; 188,172; 172,156; 156,154; 154,137; 137,140; 140,124; 124,107; 107,90; 90,73; 73,56]; settlements=[120,205; 205,156]	Is there a recommended program for it?	 	 
590	18:28:33:025	inca	clay=2; ore=2; sheep=2; wheat=1; wood=2; unknown=0; knights=5; dev-cards=1	roads=[105,150; 150,166; 166,133; 133,132; 132,131; 131,114; 114,98; 98,82; 82,66; 66,50; 50,182; 182,199; 199,200; 200,184]; settlements=[122,167; 167,148; 148,114; 114,82]	Same here	 	 
590.1	18:28:54:699	Markus	 	 	Any word processor should do.	 	 
590.2	18:29:01:771	Markus	 	 	I can send you a text file, if you want.	 	 
591	18:29:52:073	ariachiba	clay=2; ore=0; sheep=2; wheat=1; wood=0; unknown=0; knights=4; dev-cards=0	roads=[120,171; 171,188; 188,172; 172,156; 156,154; 154,137; 137,140; 140,124; 124,107; 107,90; 90,73; 73,56]; settlements=[120,205; 205,156]	I think I've got it in Word now.	 	 
592	18:33:34:739	ariachiba	clay=2; ore=0; sheep=2; wheat=1; wood=0; unknown=0; knights=4; dev-cards=0	roads=[120,171; 171,188; 188,172; 172,156; 156,154; 154,137; 137,140; 140,124; 124,107; 107,90; 90,73; 73,56]; settlements=[120,205; 205,156]	Ok, Thanks Markus, I'll come around tomorrow morning.	 	 
593	18:33:38:120	ariachiba	clay=2; ore=0; sheep=2; wheat=1; wood=0; unknown=0; knights=4; dev-cards=0	roads=[120,171; 171,188; 188,172; 172,156; 156,154; 154,137; 137,140; 140,124; 124,107; 107,90; 90,73; 73,56]; settlements=[120,205; 205,156]	Have a good evening!	 	 
594	18:33:46:253	inca	clay=2; ore=2; sheep=2; wheat=1; wood=2; unknown=0; knights=5; dev-cards=1	roads=[105,150; 150,166; 166,133; 133,132; 132,131; 131,114; 114,98; 98,82; 82,66; 66,50; 50,182; 182,199; 199,200; 200,184]; settlements=[122,167; 167,148; 148,114; 114,82]	See you!	 	 
595	18:34:20:801	inca	clay=2; ore=2; sheep=2; wheat=1; wood=2; unknown=0; knights=5; dev-cards=1	roads=[105,150; 150,166; 166,133; 133,132; 132,131; 131,114; 114,98; 98,82; 82,66; 66,50; 50,182; 182,199; 199,200; 200,184]; settlements=[122,167; 167,148; 148,114; 114,82]	I can't come tomorrow morning, will try and come on Wednesday	 	 
595.1	18:35:31:617	Markus	 	 	OK, that's fine.	 	 
596	18:35:41:840	inca	clay=2; ore=2; sheep=2; wheat=1; wood=2; unknown=0; knights=5; dev-cards=1	roads=[105,150; 150,166; 166,133; 133,132; 132,131; 131,114; 114,98; 98,82; 82,66; 66,50; 50,182; 182,199; 199,200; 200,184]; settlements=[122,167; 167,148; 148,114; 114,82]	Thanks for everything	 	 
597	18:35:43:416	inca	clay=2; ore=2; sheep=2; wheat=1; wood=2; unknown=0; knights=5; dev-cards=1	roads=[105,150; 150,166; 166,133; 133,132; 132,131; 131,114; 114,98; 98,82; 82,66; 66,50; 50,182; 182,199; 199,200; 200,184]; settlements=[122,167; 167,148; 148,114; 114,82]	See you!	 	 
