ID	Timestamp	Emitter	Resources	Buildups	Text	Annotation	Comment
1	20:05:35:685	sabercat	clay=0; ore=0; sheep=0; wheat=0; wood=0; unknown=0; knights=0; dev-cards=0		btw, are we playing without the others?	 	 
2	20:06:16:945	IG	clay=0; ore=0; sheep=0; wheat=0; wood=0; unknown=0; knights=0; dev-cards=0		Not sure.	 	 
3	20:06:28:788	sabercat	clay=0; ore=0; sheep=0; wheat=0; wood=0; unknown=0; knights=0; dev-cards=0		well, we should...	 	 
4	20:06:41:767	IG	clay=0; ore=0; sheep=0; wheat=0; wood=0; unknown=0; knights=0; dev-cards=0		Maybe give till ten past  and then just go for it?	 	 
5	20:06:55:452	sabercat	clay=0; ore=0; sheep=0; wheat=0; wood=0; unknown=0; knights=0; dev-cards=0		(they said they would be here... and I dont have much time ... that sounds okay	 	 
6	20:07:03:193	skinnylinny	clay=0; ore=0; sheep=0; wheat=0; wood=0; unknown=0; knights=0; dev-cards=0		Sorry about that	 	 
7	20:07:08:823	skinnylinny	clay=0; ore=0; sheep=0; wheat=0; wood=0; unknown=0; knights=0; dev-cards=0		Had trouble getting the client to start	 	 
8	20:07:23:450	sabercat	clay=0; ore=0; sheep=0; wheat=0; wood=0; unknown=0; knights=0; dev-cards=0		who is the last one?	 	 
9	20:07:28:045	skinnylinny	clay=0; ore=0; sheep=0; wheat=0; wood=0; unknown=0; knights=0; dev-cards=0		James Linehan	 	 
10	20:07:37:981	skinnylinny	clay=0; ore=0; sheep=0; wheat=0; wood=0; unknown=0; knights=0; dev-cards=0		Who's who? I'm assuming IG is Ivan?	 	 
11	20:08:08:566	sabercat	clay=0; ore=0; sheep=0; wheat=0; wood=0; unknown=0; knights=0; dev-cards=0		sabercat is Martina	 	 
12	20:08:18:572	skinnylinny	clay=0; ore=0; sheep=0; wheat=0; wood=0; unknown=0; knights=0; dev-cards=0		OK :)	 	 
13	20:08:22:086	IG	clay=0; ore=0; sheep=0; wheat=0; wood=0; unknown=0; knights=0; dev-cards=0		That's me	 	 
14	20:09:21:632	skinnylinny	clay=0; ore=0; sheep=0; wheat=0; wood=0; unknown=0; knights=0; dev-cards=0		Right, so, who're we waiting for?	 	 
15	20:09:27:380	sabercat	clay=0; ore=0; sheep=0; wheat=0; wood=0; unknown=0; knights=0; dev-cards=0		starting at 15?	 	 
16	20:09:39:174	skinnylinny	clay=0; ore=0; sheep=0; wheat=0; wood=0; unknown=0; knights=0; dev-cards=0		Sure	 	 
17	20:10:35:546	skinnylinny	clay=0; ore=0; sheep=0; wheat=0; wood=0; unknown=0; knights=0; dev-cards=0		Are we waiting for Amy?	 	 
18	20:11:00:496	IG	clay=0; ore=0; sheep=0; wheat=0; wood=0; unknown=0; knights=0; dev-cards=0		Looks like it. Someone want to drop her an email?	 	 
19	20:11:06:229	skinnylinny	clay=0; ore=0; sheep=0; wheat=0; wood=0; unknown=0; knights=0; dev-cards=0		Sure	 	 
20	20:12:37:351	skinnylinny	clay=0; ore=0; sheep=0; wheat=0; wood=0; unknown=0; knights=0; dev-cards=0		Have done	 	 
21	20:13:08:160	sabercat	clay=0; ore=0; sheep=0; wheat=0; wood=0; unknown=0; knights=0; dev-cards=0		okay, 2 more minutes	 	 
22	20:15:21:710	IG	clay=0; ore=0; sheep=0; wheat=0; wood=0; unknown=0; knights=0; dev-cards=0		Shall we?	 	 
23	20:15:25:757	skinnylinny	clay=0; ore=0; sheep=0; wheat=0; wood=0; unknown=0; knights=0; dev-cards=0		Right, it's quarter past	 	 
24	20:15:28:129	skinnylinny	clay=0; ore=0; sheep=0; wheat=0; wood=0; unknown=0; knights=0; dev-cards=0		Sure.	 	 
25	20:15:56:845	Server	 		sabercat built a settlement.	 	 
26	20:16:01:384	Server	 		sabercat built a road.	 	 
27	20:16:19:430	Server	 		IG built a settlement.	 	 
28	20:16:29:336	Server	 		IG built a road.	 	 
29	20:17:01:820	Server	 		skinnylinny built a settlement.	 	 
30	20:17:09:221	Server	 		skinnylinny built a road.	 	 
31	20:17:10:896	Server	 		skinnylinny built a settlement.	 	 
32	20:17:16:237	Server	 		skinnylinny built a road.	 	 
33	20:17:54:513	Server	 		IG built a settlement.	 	 
34	20:17:54:991	Server	 		IG built a road.	 	 
35	20:18:07:513	Server	 		sabercat built a settlement.	 	 
36	20:18:24:015	Server	 		sabercat built a road.	 	 
37	20:18:28:348	Server	 		sabercat rolled a 3 and a 1.	 	 
38	20:18:28:350	Server	 		IG gets 1 wheat.	 	 
39	20:18:47:900	Server	 		IG rolled a 5 and a 4.	 	 
40	20:18:47:902	Server	 		sabercat gets 1 wood.	 	 
41	20:19:29:104	Server	 		skinnylinny rolled a 6 and a 4.	 	 
42	20:19:29:107	Server	 		sabercat gets 1 wheat. skinnylinny gets 1 sheep.	 	 
43	20:19:54:288	Server	 		skinnylinny built a road.	 	 
44	20:20:07:287	Server	 		sabercat rolled a 4 and a 4.	 	 
45	20:20:07:289	Server	 		sabercat gets 1 sheep. IG gets 1 ore. skinnylinny gets 1 ore.	 	 
46	20:20:21:753	sabercat	clay=0; ore=1; sheep=2; wheat=2; wood=1; unknown=0; knights=0; dev-cards=0	roads=[88,122]; settlements=[88,139]	anyone can trade clay?	 	 
47	20:20:44:670	skinnylinny	clay=0; ore=1; sheep=2; wheat=0; wood=0; unknown=0; knights=0; dev-cards=0	roads=[100,69; 69,52]; settlements=[116,86]	Nope, sorry	 	 
48	20:20:48:137	IG	clay=0; ore=2; sheep=1; wheat=2; wood=0; unknown=0; knights=0; dev-cards=0	roads=[103,84]; settlements=[120,84]	sorry	 	 
49	20:21:03:437	Server	 		IG rolled a 1 and a 5.	 	 
50	20:21:03:439	Server	 		sabercat gets 1 clay. IG gets 1 clay. skinnylinny gets 1 clay.	 	 
51	20:21:31:184	sabercat	clay=1; ore=0; sheep=1; wheat=1; wood=1; unknown=0; knights=0; dev-cards=1	roads=[88,122]; settlements=[88,139]	everyone got it now :D	 	 
52	20:21:37:329	skinnylinny	clay=1; ore=1; sheep=2; wheat=0; wood=0; unknown=0; knights=0; dev-cards=0	roads=[100,69; 69,52]; settlements=[116,86]	Yup	 	 
53	20:21:37:525	IG	clay=1; ore=2; sheep=1; wheat=2; wood=0; unknown=0; knights=0; dev-cards=0	roads=[103,84]; settlements=[120,84]	Anyone got wood to trade?	 	 
54	20:21:43:628	sabercat	clay=1; ore=0; sheep=1; wheat=1; wood=1; unknown=0; knights=0; dev-cards=1	roads=[88,122]; settlements=[88,139]	nope	 	 
55	20:21:49:149	skinnylinny	clay=1; ore=1; sheep=2; wheat=0; wood=0; unknown=0; knights=0; dev-cards=0	roads=[100,69; 69,52]; settlements=[116,86]	No wood, sorry	 	 
56	20:22:03:127	Server	 		skinnylinny rolled a 2 and a 5.	 	 
57	20:22:40:485	skinnylinny	clay=1; ore=1; sheep=2; wheat=0; wood=0; unknown=0; knights=0; dev-cards=0	roads=[100,69; 69,52]; settlements=[116,86]	Anyone got any wheat?	 	 
58	20:22:55:796	sabercat	clay=1; ore=0; sheep=1; wheat=1; wood=1; unknown=0; knights=0; dev-cards=1	roads=[88,122]; settlements=[88,139]	yes, but wont trade	 	 
59	20:23:00:782	skinnylinny	clay=1; ore=1; sheep=2; wheat=0; wood=0; unknown=0; knights=0; dev-cards=0	roads=[100,69; 69,52]; settlements=[116,86]	Fair enough :P	 	 
60	20:23:02:498	sabercat	clay=1; ore=0; sheep=1; wheat=1; wood=1; unknown=0; knights=0; dev-cards=1	roads=[88,122]; settlements=[88,139]	sorry :(	 	 
61	20:23:04:155	IG	clay=1; ore=1; sheep=0; wheat=1; wood=0; unknown=0; knights=0; dev-cards=1	roads=[103,84]; settlements=[120,84]	What are you offering?	 	 
62	20:23:16:367	skinnylinny	clay=1; ore=1; sheep=2; wheat=0; wood=0; unknown=0; knights=0; dev-cards=0	roads=[100,69; 69,52]; settlements=[116,86]	Sheep?	 	 
63	20:23:26:486	IG	clay=1; ore=1; sheep=0; wheat=1; wood=0; unknown=0; knights=0; dev-cards=1	roads=[103,84]; settlements=[120,84]	Nah, sorry	 	 
64	20:23:39:985	skinnylinny	clay=1; ore=1; sheep=2; wheat=0; wood=0; unknown=0; knights=0; dev-cards=0	roads=[100,69; 69,52]; settlements=[116,86]	What would you be looking for?	 	 
65	20:23:43:706	IG	clay=1; ore=1; sheep=0; wheat=1; wood=0; unknown=0; knights=0; dev-cards=1	roads=[103,84]; settlements=[120,84]	wood	 	 
66	20:23:52:877	skinnylinny	clay=1; ore=1; sheep=2; wheat=0; wood=0; unknown=0; knights=0; dev-cards=0	roads=[100,69; 69,52]; settlements=[116,86]	I don't have any, sorry. Never mind.	 	 
67	20:23:58:415	Server	 		sabercat rolled a 2 and a 6.	 	 
68	20:23:58:418	Server	 		sabercat gets 1 sheep. IG gets 1 ore. skinnylinny gets 1 ore.	 	 
69	20:24:10:243	Server	 		sabercat built a road.	 	 
70	20:24:20:430	Server	 		IG rolled a 1 and a 6.	 	 
71	20:25:30:455	Server	 		skinnylinny rolled a 1 and a 1.	 	 
72	20:25:30:457	Server	 		No player gets anything.	 	 
73	20:25:44:235	Server	 		sabercat rolled a 1 and a 5.	 	 
74	20:25:44:238	Server	 		sabercat gets 1 clay. IG gets 1 clay. skinnylinny gets 1 clay.	 	 
75	20:26:08:994	sabercat	clay=1; ore=0; sheep=2; wheat=1; wood=0; unknown=0; knights=0; dev-cards=1	roads=[88,122; 122,139]; settlements=[88,139]	anyone has any wood?	 	 
76	20:26:20:939	skinnylinny	clay=2; ore=2; sheep=2; wheat=0; wood=0; unknown=0; knights=0; dev-cards=0	roads=[100,69; 69,52]; settlements=[116,86]	Nope, sorry.	 	 
77	20:26:28:385	IG	clay=2; ore=2; sheep=0; wheat=1; wood=0; unknown=0; knights=0; dev-cards=1	roads=[103,84]; settlements=[120,84]	haha no, seems to be a very clay-heavy game this	 	 
78	20:26:34:462	Server	 		IG rolled a 5 and a 5.	 	 
79	20:26:34:464	Server	 		sabercat gets 1 wheat. skinnylinny gets 1 sheep.	 	 
80	20:27:06:766	IG	clay=2; ore=2; sheep=0; wheat=1; wood=0; unknown=0; knights=0; dev-cards=1	roads=[103,84]; settlements=[120,84]	trading 1 ore for one sheep?	 	 
81	20:27:21:927	sabercat	clay=1; ore=0; sheep=2; wheat=2; wood=0; unknown=0; knights=0; dev-cards=1	roads=[88,122; 122,139]; settlements=[88,139]	hmm..	 	 
82	20:27:43:865	sabercat	clay=1; ore=0; sheep=2; wheat=2; wood=0; unknown=0; knights=0; dev-cards=1	roads=[88,122; 122,139]; settlements=[88,139]	which are you offering?	 	 
83	20:27:46:864	IG	clay=2; ore=2; sheep=0; wheat=1; wood=0; unknown=0; knights=0; dev-cards=1	roads=[103,84]; settlements=[120,84]	ore	 	 
84	20:27:54:405	skinnylinny	clay=2; ore=2; sheep=3; wheat=0; wood=0; unknown=0; knights=0; dev-cards=0	roads=[100,69; 69,52]; settlements=[116,86]	I could do that	 	 
85	20:27:55:803	sabercat	clay=1; ore=0; sheep=2; wheat=2; wood=0; unknown=0; knights=0; dev-cards=1	roads=[88,122; 122,139]; settlements=[88,139]	okay, you need to offer more	 	 
86	20:28:00:137	sabercat	clay=1; ore=0; sheep=2; wheat=2; wood=0; unknown=0; knights=0; dev-cards=1	roads=[88,122; 122,139]; settlements=[88,139]	:D	 	 
87	20:28:28:136	Server	 		IG made an offer to trade 1 ore for 1 sheep.	 	 
88	20:28:32:856	Server	 		IG traded 1 ore for 1 sheep from skinnylinny.	 	 
89	20:28:39:425	IG	clay=2; ore=1; sheep=1; wheat=1; wood=0; unknown=0; knights=0; dev-cards=1	roads=[103,84]; settlements=[120,84]	awesome, cheers	 	 
90	20:28:40:112	skinnylinny	clay=2; ore=3; sheep=2; wheat=0; wood=0; unknown=0; knights=0; dev-cards=0	roads=[100,69; 69,52]; settlements=[116,86]	Excellent!	 	 
91	20:28:50:923	Server	 		skinnylinny rolled a 2 and a 4.	 	 
92	20:28:50:925	Server	 		sabercat gets 1 clay. IG gets 1 clay. skinnylinny gets 1 clay.	 	 
93	20:29:53:315	Server	 		sabercat rolled a 4 and a 3.	 	 
94	20:30:35:331	skinnylinny	clay=1; ore=1; sheep=2; wheat=0; wood=0; unknown=0; knights=0; dev-cards=0	roads=[100,69; 69,52]; settlements=[116,86]	No worries	 	 
95	20:30:43:277	skinnylinny	clay=1; ore=1; sheep=2; wheat=0; wood=0; unknown=0; knights=0; dev-cards=0	roads=[100,69; 69,52]; settlements=[116,86]	Gah, lost four resources because of the robber	 	 
96	20:30:48:821	sabercat	clay=3; ore=0; sheep=2; wheat=2; wood=0; unknown=0; knights=0; dev-cards=1	roads=[88,122; 122,139]; settlements=[88,139]	sorry	 	 
97	20:30:52:790	sabercat	clay=3; ore=0; sheep=2; wheat=2; wood=0; unknown=0; knights=0; dev-cards=1	roads=[88,122; 122,139]; settlements=[88,139]	:(	 	 
98	20:30:55:107	skinnylinny	clay=1; ore=1; sheep=2; wheat=0; wood=0; unknown=0; knights=0; dev-cards=0	roads=[100,69; 69,52]; settlements=[116,86]	Not your fault :P	 	 
99	20:31:05:493	sabercat	clay=3; ore=0; sheep=2; wheat=2; wood=0; unknown=0; knights=0; dev-cards=1	roads=[88,122; 122,139]; settlements=[88,139]	anyone has ore?	 	 
100	20:31:09:200	sabercat	clay=3; ore=0; sheep=2; wheat=2; wood=0; unknown=0; knights=0; dev-cards=1	roads=[88,122; 122,139]; settlements=[88,139]	or wood?	 	 
101	20:31:23:733	skinnylinny	clay=1; ore=1; sheep=2; wheat=0; wood=0; unknown=0; knights=0; dev-cards=0	roads=[100,69; 69,52]; settlements=[116,86]	I *had* ore	 	 
102	20:31:27:079	sabercat	clay=3; ore=0; sheep=2; wheat=2; wood=0; unknown=0; knights=0; dev-cards=1	roads=[88,122; 122,139]; settlements=[88,139]	:D	 	 
103	20:31:27:912	skinnylinny	clay=1; ore=1; sheep=2; wheat=0; wood=0; unknown=0; knights=0; dev-cards=0	roads=[100,69; 69,52]; settlements=[116,86]	:P	 	 
104	20:31:33:119	IG	clay=2; ore=0; sheep=0; wheat=0; wood=0; unknown=0; knights=0; dev-cards=2	roads=[103,84]; settlements=[120,84]	Sorry	 	 
105	20:31:38:626	skinnylinny	clay=1; ore=1; sheep=2; wheat=0; wood=0; unknown=0; knights=0; dev-cards=0	roads=[100,69; 69,52]; settlements=[116,86]	And nobody's got wood yet - watch the top!	 	 
106	20:32:03:475	sabercat	clay=3; ore=0; sheep=2; wheat=2; wood=0; unknown=0; knights=0; dev-cards=1	roads=[88,122; 122,139]; settlements=[88,139]	I got it in the beginning...	 
107	20:32:11:934	Server	 		IG rolled a 5 and a 1.	 	 
108	20:32:11:936	Server	 		sabercat gets 1 clay. IG gets 1 clay. skinnylinny gets 1 clay.	 	 
109	20:32:22:412	sabercat	clay=3; ore=0; sheep=2; wheat=2; wood=0; unknown=0; knights=0; dev-cards=1	roads=[88,122; 122,139]; settlements=[88,139]	well done!	 	 
110	20:32:23:408	IG	clay=4; ore=0; sheep=0; wheat=0; wood=0; unknown=0; knights=1; dev-cards=1	roads=[103,84]; settlements=[120,84]	More clay!	 	 
111	20:32:38:931	Server	 		skinnylinny rolled a 4 and a 6.	 	 
112	20:32:38:933	Server	 		sabercat gets 1 wheat. skinnylinny gets 1 sheep.	 	 
113	20:32:41:296	IG	clay=4; ore=0; sheep=0; wheat=0; wood=0; unknown=0; knights=1; dev-cards=1	roads=[103,84]; settlements=[120,84]	Christ.	 	 
114	20:33:15:151	sabercat	clay=3; ore=0; sheep=2; wheat=3; wood=0; unknown=0; knights=0; dev-cards=1	roads=[88,122; 122,139]; settlements=[88,139]	I want clay for sheep or wheat, anyone?	 	 
115	20:33:18:710	Server	 		sabercat rolled a 5 and a 3.	 	 
116	20:33:18:712	Server	 		sabercat gets 1 sheep. IG gets 1 ore. skinnylinny gets 1 ore.	 	 
117	20:33:32:843	skinnylinny	clay=2; ore=2; sheep=3; wheat=0; wood=0; unknown=0; knights=0; dev-cards=0	roads=[100,69; 69,52]; settlements=[116,86]	I'll give you a clay for a wheat	 	 
118	20:33:46:167	skinnylinny	clay=2; ore=2; sheep=3; wheat=0; wood=0; unknown=0; knights=0; dev-cards=0	roads=[100,69; 69,52]; settlements=[116,86]	or two for two if you want	 	 
119	20:34:00:200	Server	 		sabercat made an offer to trade 1 wheat for 1 clay.	 	 
120	20:34:05:847	Server	 		sabercat traded 1 wheat for 1 clay from skinnylinny.	 	 
121	20:34:29:903	Server	 		sabercat traded 4 clay for 1 ore from the bank.	 	 
122	20:34:46:706	Server	 		IG rolled a 4 and a 4.	 	 
123	20:34:46:708	Server	 		sabercat gets 1 sheep. IG gets 1 ore. skinnylinny gets 1 ore.	 	 
124	20:35:01:676	IG	clay=4; ore=2; sheep=0; wheat=0; wood=0; unknown=0; knights=1; dev-cards=1	roads=[103,84]; settlements=[120,84]	Need sheep. Have ore/clay	 	 
125	20:35:09:792	sabercat	clay=0; ore=0; sheep=3; wheat=1; wood=0; unknown=0; knights=0; dev-cards=2	roads=[88,122; 122,139]; settlements=[88,139]	sheep for ore	 	 
126	20:35:16:372	skinnylinny	clay=1; ore=3; sheep=3; wheat=1; wood=0; unknown=0; knights=0; dev-cards=0	roads=[100,69; 69,52]; settlements=[116,86]	sheep for clay	 	 
127	20:35:20:439	sabercat	clay=0; ore=0; sheep=3; wheat=1; wood=0; unknown=0; knights=0; dev-cards=2	roads=[88,122; 122,139]; settlements=[88,139]	:D	 	 
128	20:35:27:883	IG	clay=4; ore=2; sheep=0; wheat=0; wood=0; unknown=0; knights=1; dev-cards=1	roads=[103,84]; settlements=[120,84]	right right	 	 
129	20:35:41:860	Server	 		IG made an offer to trade 1 ore for 1 sheep.	 	 
130	20:35:45:954	Server	 		IG traded 1 ore for 1 sheep from sabercat.	 	 
131	20:35:53:189	Server	 		IG made an offer to trade 1 clay for 1 sheep.	 	 
132	20:35:53:761	sabercat	clay=0; ore=1; sheep=2; wheat=1; wood=0; unknown=0; knights=0; dev-cards=2	roads=[88,122; 122,139]; settlements=[88,139]	thanks	 	 
133	20:36:00:417	Server	 		IG traded 1 clay for 1 sheep from skinnylinny.	 	 
134	20:36:05:301	IG	clay=3; ore=1; sheep=2; wheat=0; wood=0; unknown=0; knights=1; dev-cards=1	roads=[103,84]; settlements=[120,84]	Cheers guys	 	 
135	20:36:07:006	skinnylinny	clay=2; ore=3; sheep=2; wheat=1; wood=0; unknown=0; knights=0; dev-cards=0	roads=[100,69; 69,52]; settlements=[116,86]	thank you	 	 
136	20:36:17:586	Server	 		skinnylinny rolled a 2 and a 2.	 	 
137	20:36:17:588	Server	 		IG gets 1 wheat.	 	 
138	20:37:42:594	skinnylinny	clay=2; ore=2; sheep=1; wheat=0; wood=0; unknown=0; knights=0; dev-cards=1	roads=[100,69; 69,52]; settlements=[116,86]	Hmmm,can I not play a card immediately I buy it?	 	 
139	20:37:47:759	sabercat	clay=0; ore=1; sheep=2; wheat=1; wood=0; unknown=0; knights=0; dev-cards=2	roads=[88,122; 122,139]; settlements=[88,139]	nope	 	 
140	20:37:53:844	sabercat	clay=0; ore=1; sheep=2; wheat=1; wood=0; unknown=0; knights=0; dev-cards=2	roads=[88,122; 122,139]; settlements=[88,139]	have to wait one round	 	 
141	20:37:55:167	skinnylinny	clay=2; ore=2; sheep=1; wheat=0; wood=0; unknown=0; knights=0; dev-cards=1	roads=[100,69; 69,52]; settlements=[116,86]	Next turn?	 	 
142	20:37:58:291	skinnylinny	clay=2; ore=2; sheep=1; wheat=0; wood=0; unknown=0; knights=0; dev-cards=1	roads=[100,69; 69,52]; settlements=[116,86]	Ahhhh ok, thanks	 	 
143	20:38:11:971	Server	 		sabercat rolled a 2 and a 5.	 	 
144	20:39:12:075	Server	 		IG rolled a 5 and a 5.	 	 
145	20:39:12:077	Server	 		sabercat gets 1 wheat. skinnylinny gets 1 sheep.	 	 
146	20:40:21:785	Server	 		skinnylinny rolled a 5 and a 3.	 	 
147	20:40:21:787	Server	 		sabercat gets 1 sheep. IG gets 1 ore. skinnylinny gets 1 ore.	 	 
148	20:40:36:967	Server	 		skinnylinny built a settlement.	 	 
149	20:40:49:842	Server	 		sabercat rolled a 1 and a 4.	 	 
150	20:40:49:843	Server	 		sabercat gets 1 ore. IG gets 1 ore.	 	 
151	20:41:43:707	Server	 		IG rolled a 4 and a 5.	 	 
152	20:41:43:709	Server	 		No player gets anything.	 	 
153	20:41:56:313	Server	 		skinnylinny rolled a 3 and a 2.	 	 
154	20:41:56:315	Server	 		sabercat gets 1 ore. IG gets 1 ore. skinnylinny gets 1 wood.	 	 
155	20:42:06:847	Server	 		skinnylinny built a road.	 	 
156	20:42:19:628	sabercat	clay=0; ore=1; sheep=2; wheat=0; wood=0; unknown=0; knights=1; dev-cards=3	roads=[88,122; 122,139]; settlements=[88,139]	you are so lucky to have wood!	 	 
157	20:42:25:360	skinnylinny	clay=0; ore=2; sheep=0; wheat=0; wood=0; unknown=0; knights=0; dev-cards=0	roads=[100,69; 69,52; 52,101]; settlements=[116,86; 86,52]	Hehehehe	 	 
158	20:42:32:843	Server	 		sabercat rolled a 2 and a 3.	 	 
159	20:42:32:845	Server	 		sabercat gets 1 ore. IG gets 1 ore. skinnylinny gets 1 wood.	 	 
160	20:42:36:136	skinnylinny	clay=0; ore=2; sheep=0; wheat=0; wood=1; unknown=0; knights=0; dev-cards=0	roads=[100,69; 69,52; 52,101]; settlements=[116,86; 86,52]	Now I just need to roll elevens	 	 
161	20:43:11:537	sabercat	clay=0; ore=3; sheep=2; wheat=0; wood=0; unknown=0; knights=2; dev-cards=2	roads=[88,122; 122,139]; settlements=[88,139]	will you trade wood?	 	 
162	20:43:15:163	skinnylinny	clay=0; ore=1; sheep=0; wheat=0; wood=1; unknown=0; knights=0; dev-cards=0	roads=[100,69; 69,52; 52,101]; settlements=[116,86; 86,52]	Oi! No stealing! :P	 	 
163	20:43:27:130	sabercat	clay=0; ore=3; sheep=2; wheat=0; wood=0; unknown=0; knights=2; dev-cards=2	roads=[88,122; 122,139]; settlements=[88,139]	(I didnt!)	 	 
164	20:43:37:214	sabercat	clay=0; ore=3; sheep=2; wheat=0; wood=0; unknown=0; knights=2; dev-cards=2	roads=[88,122; 122,139]; settlements=[88,139]	okay, anyone will trade wheat?	 	 
165	20:43:48:427	sabercat	clay=0; ore=3; sheep=2; wheat=0; wood=0; unknown=0; knights=2; dev-cards=2	roads=[88,122; 122,139]; settlements=[88,139]	for ore or sheep?	 	 
166	20:43:50:995	skinnylinny	clay=0; ore=1; sheep=0; wheat=0; wood=1; unknown=0; knights=0; dev-cards=0	roads=[100,69; 69,52; 52,101]; settlements=[116,86; 86,52]	Sorry, nope.	 	 
167	20:43:58:714	IG	clay=3; ore=5; sheep=1; wheat=0; wood=0; unknown=0; knights=3; dev-cards=0	roads=[103,84]; settlements=[120,84]	got no weat, sorry	 	 
168	20:44:06:454	Server	 		IG rolled a 5 and a 6.	 	 
169	20:44:06:456	Server	 		IG gets 1 clay. skinnylinny gets 2 wood.	 	 
170	20:44:48:206	skinnylinny	clay=0; ore=1; sheep=0; wheat=0; wood=3; unknown=0; knights=0; dev-cards=0	roads=[100,69; 69,52; 52,101]; settlements=[116,86; 86,52]	:D	 	 
171	20:44:52:872	IG	clay=4; ore=5; sheep=1; wheat=0; wood=0; unknown=0; knights=3; dev-cards=0	roads=[103,84]; settlements=[120,84]	Hey, so wanna trade that wood?	 	 
172	20:45:02:313	skinnylinny	clay=0; ore=1; sheep=0; wheat=0; wood=3; unknown=0; knights=0; dev-cards=0	roads=[100,69; 69,52; 52,101]; settlements=[116,86; 86,52]	Hehehe for what?	 	 
173	20:45:09:892	IG	clay=4; ore=5; sheep=1; wheat=0; wood=0; unknown=0; knights=3; dev-cards=0	roads=[103,84]; settlements=[120,84]	Clay, ore, sheep?	 	 
174	20:45:18:071	skinnylinny	clay=0; ore=1; sheep=0; wheat=0; wood=3; unknown=0; knights=0; dev-cards=0	roads=[100,69; 69,52; 52,101]; settlements=[116,86; 86,52]	Hmmmm	 	 
175	20:45:26:811	skinnylinny	clay=0; ore=1; sheep=0; wheat=0; wood=3; unknown=0; knights=0; dev-cards=0	roads=[100,69; 69,52; 52,101]; settlements=[116,86; 86,52]	No wheat?	 	 
176	20:45:29:731	IG	clay=4; ore=5; sheep=1; wheat=0; wood=0; unknown=0; knights=3; dev-cards=0	roads=[103,84]; settlements=[120,84]	sorry	 	 
177	20:45:37:686	IG	clay=4; ore=5; sheep=1; wheat=0; wood=0; unknown=0; knights=3; dev-cards=0	roads=[103,84]; settlements=[120,84]	can give you2:1 on clay and ore	 	 
178	20:45:50:167	skinnylinny	clay=0; ore=1; sheep=0; wheat=0; wood=3; unknown=0; knights=0; dev-cards=0	roads=[100,69; 69,52; 52,101]; settlements=[116,86; 86,52]	2 clay = 1 wood?	 	 
179	20:45:56:879	IG	clay=4; ore=5; sheep=1; wheat=0; wood=0; unknown=0; knights=3; dev-cards=0	roads=[103,84]; settlements=[120,84]	aye	 	 
180	20:45:59:443	skinnylinny	clay=0; ore=1; sheep=0; wheat=0; wood=3; unknown=0; knights=0; dev-cards=0	roads=[100,69; 69,52; 52,101]; settlements=[116,86; 86,52]	Done	 	 
181	20:46:11:754	Server	 		IG made an offer to trade 2 clay for 1 wood.	 	 
182	20:46:15:847	Server	 		IG traded 2 clay for 1 wood from skinnylinny.	 	 
183	20:46:23:535	IG	clay=2; ore=5; sheep=1; wheat=0; wood=1; unknown=0; knights=3; dev-cards=0	roads=[103,84]; settlements=[120,84]	awesome	 	 
184	20:46:27:859	skinnylinny	clay=2; ore=1; sheep=0; wheat=0; wood=2; unknown=0; knights=0; dev-cards=0	roads=[100,69; 69,52; 52,101]; settlements=[116,86; 86,52]	Thanking you	 	 
185	20:46:33:260	Server	 		IG traded 4 ore for 1 wood from the bank.	 	 
186	20:46:48:206	Server	 		IG built a road.	 	 
187	20:46:52:757	Server	 		IG built a road.	 	 
188	20:47:00:993	skinnylinny	clay=2; ore=1; sheep=0; wheat=0; wood=2; unknown=0; knights=0; dev-cards=0	roads=[100,69; 69,52; 52,101]; settlements=[116,86; 86,52]	Oh, you {censored}!	 	 
189	20:47:03:279	Server	 		skinnylinny rolled a 6 and a 2.	 	 
190	20:47:03:281	Server	 		sabercat gets 1 sheep.	 	 
191	20:47:09:448	IG	clay=0; ore=1; sheep=1; wheat=0; wood=0; unknown=0; knights=3; dev-cards=0	roads=[103,84; 84,102; 102,118]; settlements=[120,84]	Haha	 	 
192	20:47:23:854	IG	clay=0; ore=1; sheep=1; wheat=0; wood=0; unknown=0; knights=3; dev-cards=0	roads=[103,84; 84,102; 102,118]; settlements=[120,84]	Sorry bout that	 	 
193	20:47:38:149	skinnylinny	clay=2; ore=1; sheep=0; wheat=0; wood=2; unknown=0; knights=0; dev-cards=0	roads=[100,69; 69,52; 52,101]; settlements=[116,86; 86,52]	Should've known, shouldn't I?	 	 
194	20:48:10:434	Server	 		skinnylinny built a road.	 	 
195	20:48:10:663	IG	clay=0; ore=1; sheep=1; wheat=0; wood=0; unknown=0; knights=3; dev-cards=0	roads=[103,84; 84,102; 102,118]; settlements=[120,84]	weeell...	 	 
196	20:48:13:685	Server	 		skinnylinny built a road.	 	 
197	20:48:23:682	Server	 		sabercat rolled a 5 and a 4.	 	 
198	20:48:23:684	Server	 		sabercat gets 1 wood.	 	 
199	20:48:40:680	sabercat	clay=0; ore=3; sheep=3; wheat=0; wood=1; unknown=0; knights=2; dev-cards=2	roads=[88,122; 122,139]; settlements=[88,139]	anyone any clay?	 	 
200	20:48:47:143	IG	clay=0; ore=1; sheep=1; wheat=0; wood=0; unknown=0; knights=3; dev-cards=0	roads=[103,84; 84,102; 102,118]; settlements=[120,84]	nope	 	 
201	20:48:50:477	skinnylinny	clay=0; ore=1; sheep=0; wheat=0; wood=0; unknown=0; knights=0; dev-cards=0	roads=[100,69; 69,52; 52,101; 101,116; 116,133]; settlements=[116,86; 86,52]	Sorry	 	 
202	20:48:50:854	sabercat	clay=0; ore=3; sheep=3; wheat=0; wood=1; unknown=0; knights=2; dev-cards=2	roads=[88,122; 122,139]; settlements=[88,139]	for ore or sheep?	 	 
203	20:48:54:338	sabercat	clay=0; ore=3; sheep=3; wheat=0; wood=1; unknown=0; knights=2; dev-cards=2	roads=[88,122; 122,139]; settlements=[88,139]	okay...	 	 
204	20:49:04:275	Server	 		IG rolled a 1 and a 1.	 	 
205	20:49:04:276	Server	 		No player gets anything.	 	 
206	20:49:16:260	Server	 		skinnylinny rolled a 1 and a 1.	 	 
207	20:49:16:261	Server	 		No player gets anything.	 	 
208	20:49:26:453	Server	 		sabercat rolled a 3 and a 6.	 	 
209	20:49:26:455	Server	 		sabercat gets 1 wood.	 	 
210	20:49:47:321	sabercat	clay=0; ore=3; sheep=3; wheat=0; wood=2; unknown=0; knights=2; dev-cards=2	roads=[88,122; 122,139]; settlements=[88,139]	do you have ore?	 	 
211	20:49:51:883	sabercat	clay=0; ore=3; sheep=3; wheat=0; wood=2; unknown=0; knights=2; dev-cards=2	roads=[88,122; 122,139]; settlements=[88,139]	for sheep?	 	 
212	20:49:52:148	skinnylinny	clay=0; ore=1; sheep=0; wheat=0; wood=0; unknown=0; knights=0; dev-cards=0	roads=[100,69; 69,52; 52,101; 101,116; 116,133]; settlements=[116,86; 86,52]	I do	 	 
213	20:49:53:230	IG	clay=0; ore=1; sheep=1; wheat=0; wood=0; unknown=0; knights=3; dev-cards=0	roads=[103,84; 84,102; 102,118]; settlements=[120,84]	ive got one	 	 
214	20:50:02:805	skinnylinny	clay=0; ore=1; sheep=0; wheat=0; wood=0; unknown=0; knights=0; dev-cards=0	roads=[100,69; 69,52; 52,101; 101,116; 116,133]; settlements=[116,86; 86,52]	I have ore, but would prefer wood	 	 
215	20:50:09:257	sabercat	clay=0; ore=3; sheep=3; wheat=0; wood=2; unknown=0; knights=2; dev-cards=2	roads=[88,122; 122,139]; settlements=[88,139]	:D	 	 
216	20:50:13:118	IG	clay=0; ore=1; sheep=1; wheat=0; wood=0; unknown=0; knights=3; dev-cards=0	roads=[103,84; 84,102; 102,118]; settlements=[120,84]	haha, surprisingly enough, same here	 	 
217	20:50:15:545	skinnylinny	clay=0; ore=1; sheep=0; wheat=0; wood=0; unknown=0; knights=0; dev-cards=0	roads=[100,69; 69,52; 52,101; 101,116; 116,133]; settlements=[116,86; 86,52]	got wood for ore?	 	 
218	20:50:17:878	skinnylinny	clay=0; ore=1; sheep=0; wheat=0; wood=0; unknown=0; knights=0; dev-cards=0	roads=[100,69; 69,52; 52,101; 101,116; 116,133]; settlements=[116,86; 86,52]	:P	 	 
219	20:50:23:858	sabercat	clay=0; ore=3; sheep=3; wheat=0; wood=2; unknown=0; knights=2; dev-cards=2	roads=[88,122; 122,139]; settlements=[88,139]	no way...	 	 
220	20:50:31:640	Server	 		IG rolled a 6 and a 5.	 	 
221	20:50:31:642	Server	 		IG gets 1 clay. skinnylinny gets 2 wood.	 	 
222	20:50:43:739	IG	clay=1; ore=1; sheep=1; wheat=0; wood=0; unknown=0; knights=3; dev-cards=0	roads=[103,84; 84,102; 102,118]; settlements=[120,84]	Ugh!	 	 
223	20:50:58:870	sabercat	clay=0; ore=3; sheep=3; wheat=0; wood=2; unknown=0; knights=2; dev-cards=2	roads=[88,122; 122,139]; settlements=[88,139]	theres your wood!	 	 
224	20:51:00:826	sabercat	clay=0; ore=3; sheep=3; wheat=0; wood=2; unknown=0; knights=2; dev-cards=2	roads=[88,122; 122,139]; settlements=[88,139]	:D	 	 
225	20:51:06:042	skinnylinny	clay=0; ore=1; sheep=0; wheat=0; wood=2; unknown=0; knights=0; dev-cards=0	roads=[100,69; 69,52; 52,101; 101,116; 116,133]; settlements=[116,86; 86,52]	:D	 	 
226	20:51:07:814	IG	clay=1; ore=1; sheep=1; wheat=0; wood=0; unknown=0; knights=3; dev-cards=0	roads=[103,84; 84,102; 102,118]; settlements=[120,84]	but where's mine?	 	 
227	20:51:14:907	Server	 		skinnylinny rolled a 4 and a 2.	 	 
228	20:51:14:908	Server	 		sabercat gets 1 clay. IG gets 1 clay. skinnylinny gets 1 clay.	 	 
229	20:51:23:118	sabercat	clay=1; ore=3; sheep=3; wheat=0; wood=2; unknown=0; knights=2; dev-cards=2	roads=[88,122; 122,139]; settlements=[88,139]	theres my clay!	 	 
230	20:52:00:920	Server	 		skinnylinny built a road.	 	 
231	20:52:24:494	Server	 		sabercat rolled a 6 and a 4.	 	 
232	20:52:24:495	Server	 		sabercat gets 1 wheat. skinnylinny gets 1 sheep.	 	 
233	20:52:33:527	skinnylinny	clay=0; ore=1; sheep=1; wheat=0; wood=1; unknown=0; knights=0; dev-cards=0	roads=[100,69; 69,52; 52,101; 101,116; 116,133; 133,150]; settlements=[116,86; 86,52]	Baaaa!	 	 
234	20:52:39:505	sabercat	clay=1; ore=3; sheep=3; wheat=1; wood=2; unknown=0; knights=2; dev-cards=2	roads=[88,122; 122,139]; settlements=[88,139]	anyone has clay?	 	 
235	20:52:43:193	IG	clay=2; ore=1; sheep=1; wheat=0; wood=0; unknown=0; knights=3; dev-cards=0	roads=[103,84; 84,102; 102,118]; settlements=[120,84]	yo	 	 
236	20:52:48:300	IG	clay=2; ore=1; sheep=1; wheat=0; wood=0; unknown=0; knights=3; dev-cards=0	roads=[103,84; 84,102; 102,118]; settlements=[120,84]	what are you offering?	 	 
237	20:52:54:017	sabercat	clay=1; ore=3; sheep=3; wheat=1; wood=2; unknown=0; knights=2; dev-cards=2	roads=[88,122; 122,139]; settlements=[88,139]	for ore? sheep?	 	 
238	20:53:02:310	IG	clay=2; ore=1; sheep=1; wheat=0; wood=0; unknown=0; knights=3; dev-cards=0	roads=[103,84; 84,102; 102,118]; settlements=[120,84]	wood only im afraid	 	 
239	20:53:11:297	sabercat	clay=1; ore=3; sheep=3; wheat=1; wood=2; unknown=0; knights=2; dev-cards=2	roads=[88,122; 122,139]; settlements=[88,139]	ore and sheep?	 	 
240	20:53:20:049	IG	clay=2; ore=1; sheep=1; wheat=0; wood=0; unknown=0; knights=3; dev-cards=0	roads=[103,84; 84,102; 102,118]; settlements=[120,84]	sorry	 	 
241	20:53:55:687	skinnylinny	clay=0; ore=1; sheep=1; wheat=0; wood=1; unknown=0; knights=0; dev-cards=0	roads=[100,69; 69,52; 52,101; 101,116; 116,133; 133,150]; settlements=[116,86; 86,52]	...who was that?	 	 
242	20:53:57:724	Server	 		sabercat built a road.	 	 
243	20:54:14:070	Server	 		IG rolled a 1 and a 2.	 	 
244	20:54:14:071	Server	 		IG gets 1 sheep. skinnylinny gets 1 sheep.	 	 
245	20:54:29:768	IG	clay=2; ore=1; sheep=2; wheat=0; wood=0; unknown=0; knights=3; dev-cards=0	roads=[103,84; 84,102; 102,118]; settlements=[120,84]	anyone got wheat?	 	 
246	20:54:32:666	sabercat	clay=0; ore=2; sheep=2; wheat=0; wood=1; unknown=0; knights=2; dev-cards=3	roads=[88,122; 122,139; 139,156]; settlements=[88,139]	no idea, but he joined league 1 minute ago as well	 	 
247	20:54:36:355	sabercat	clay=0; ore=2; sheep=2; wheat=0; wood=1; unknown=0; knights=2; dev-cards=3	roads=[88,122; 122,139; 139,156]; settlements=[88,139]	nope	 	 
248	20:55:00:743	skinnylinny	clay=0; ore=1; sheep=2; wheat=0; wood=1; unknown=0; knights=0; dev-cards=0	roads=[100,69; 69,52; 52,101; 101,116; 116,133; 133,150]; settlements=[116,86; 86,52]	Yeah, I just heard that too (flatmate's in league 1)	 	 
249	20:55:08:756	sabercat	clay=0; ore=2; sheep=2; wheat=0; wood=1; unknown=0; knights=2; dev-cards=3	roads=[88,122; 122,139; 139,156]; settlements=[88,139]	:D	 	 
250	20:55:14:329	skinnylinny	clay=0; ore=1; sheep=2; wheat=0; wood=1; unknown=0; knights=0; dev-cards=0	roads=[100,69; 69,52; 52,101; 101,116; 116,133; 133,150]; settlements=[116,86; 86,52]	:D	 	 
251	20:55:29:557	Server	 		skinnylinny rolled a 5 and a 2.	 	 
252	20:56:00:640	Server	 		sabercat rolled a 4 and a 1.	 	 
253	20:56:00:641	Server	 		sabercat gets 1 ore. IG gets 1 ore. skinnylinny gets 1 wood.	 	 
254	20:56:20:050	sabercat	clay=0; ore=3; sheep=2; wheat=0; wood=1; unknown=0; knights=2; dev-cards=3	roads=[88,122; 122,139; 139,156]; settlements=[88,139]	still no clay for ore?	 	 
255	20:56:28:609	IG	clay=2; ore=2; sheep=2; wheat=0; wood=0; unknown=0; knights=3; dev-cards=0	roads=[103,84; 84,102; 102,118]; settlements=[120,84]	nah	 	 
256	20:56:34:838	Server	 		IG rolled a 3 and a 1.	 	 
257	20:56:34:839	Server	 		IG gets 1 wheat. skinnylinny gets 1 wheat.	 	 
258	20:56:56:088	IG	clay=2; ore=2; sheep=2; wheat=1; wood=0; unknown=0; knights=3; dev-cards=0	roads=[103,84; 84,102; 102,118]; settlements=[120,84]	will trade anything for wood	 	 
259	20:57:11:832	skinnylinny	clay=0; ore=1; sheep=2; wheat=1; wood=2; unknown=0; knights=0; dev-cards=0	roads=[100,69; 69,52; 52,101; 101,116; 116,133; 133,150]; settlements=[116,86; 86,52]	IG: one clay for one wood?	 	 
260	20:57:17:437	IG	clay=2; ore=2; sheep=2; wheat=1; wood=0; unknown=0; knights=3; dev-cards=0	roads=[103,84; 84,102; 102,118]; settlements=[120,84]	done	 	 
261	20:57:29:170	Server	 		IG made an offer to trade 1 clay for 1 wood.	 	 
262	20:57:34:912	Server	 		IG traded 1 clay for 1 wood from skinnylinny.	 	 
263	20:57:47:690	IG	clay=1; ore=2; sheep=2; wheat=1; wood=1; unknown=0; knights=3; dev-cards=0	roads=[103,84; 84,102; 102,118]; settlements=[120,84]	cool	 	 
264	20:58:14:659	Server	 		IG built a road.	 	 
265	20:58:21:388	Server	 		skinnylinny rolled a 5 and a 1.	 	 
266	20:58:21:388	Server	 		sabercat gets 1 clay. IG gets 1 clay. skinnylinny gets 1 clay.	 	 
267	20:58:32:917	Server	 		skinnylinny built a settlement.	 
268	20:59:20:121	Server	 		sabercat rolled a 1 and a 1.	 	 
269	20:59:20:122	Server	 		skinnylinny gets 1 wheat.	 	 
270	20:59:39:700	sabercat	clay=1; ore=3; sheep=2; wheat=0; wood=1; unknown=0; knights=2; dev-cards=3	roads=[88,122; 122,139; 139,156]; settlements=[88,139]	skinnylinny : trade wheat	 	 
271	20:59:41:879	sabercat	clay=1; ore=3; sheep=2; wheat=0; wood=1; unknown=0; knights=2; dev-cards=3	roads=[88,122; 122,139; 139,156]; settlements=[88,139]	?	 	 
272	21:00:35:220	skinnylinny	clay=1; ore=1; sheep=1; wheat=1; wood=0; unknown=0; knights=0; dev-cards=0	roads=[100,69; 69,52; 52,101; 101,116; 116,133; 133,150]; settlements=[116,86; 86,52; 52,167]	sabercat: What would you offer?	 	 
273	21:00:50:536	sabercat	clay=1; ore=3; sheep=2; wheat=0; wood=1; unknown=0; knights=2; dev-cards=3	roads=[88,122; 122,139; 139,156]; settlements=[88,139]	2x ore	 	 
274	21:01:01:211	skinnylinny	clay=1; ore=1; sheep=1; wheat=1; wood=0; unknown=0; knights=0; dev-cards=0	roads=[100,69; 69,52; 52,101; 101,116; 116,133; 133,150]; settlements=[116,86; 86,52; 52,167]	Done	 	 
275	21:01:11:905	Server	 		sabercat made an offer to trade 2 ore for 1 wheat.	 	 
276	21:01:16:916	Server	 		sabercat traded 2 ore for 1 wheat from skinnylinny.	 	 
277	21:01:23:156	Server	 		sabercat built a settlement.	 	 
278	21:01:31:956	Server	 		IG rolled a 6 and a 3.	 	 
279	21:01:31:957	Server	 		sabercat gets 1 wood. skinnylinny gets 1 clay.	 	 
280	21:01:33:602	sabercat	clay=0; ore=1; sheep=1; wheat=0; wood=1; unknown=0; knights=2; dev-cards=3	roads=[88,122; 122,139; 139,156]; settlements=[88,139; 139,173]	thanks!	 	 
281	21:01:47:781	skinnylinny	clay=2; ore=3; sheep=1; wheat=0; wood=0; unknown=0; knights=0; dev-cards=0	roads=[100,69; 69,52; 52,101; 101,116; 116,133; 133,150]; settlements=[116,86; 86,52; 52,167]	You're welcome :)	 	 
282	21:01:54:568	Server	 		skinnylinny rolled a 5 and a 6.	 	 
283	21:01:54:569	Server	 		IG gets 1 clay. skinnylinny gets 2 wood.	 	 
284	21:02:42:839	skinnylinny	clay=2; ore=3; sheep=1; wheat=0; wood=2; unknown=0; knights=0; dev-cards=0	roads=[100,69; 69,52; 52,101; 101,116; 116,133; 133,150]; settlements=[116,86; 86,52; 52,167]	Don't suppose anyone wants to give me a wheat in exchange for wood or sheep or clay do they?	 	 
285	21:03:00:568	sabercat	clay=0; ore=1; sheep=1; wheat=0; wood=1; unknown=0; knights=2; dev-cards=3	roads=[88,122; 122,139; 139,156]; settlements=[88,139; 139,173]	no wheat...	 	 
286	21:03:09:248	IG	clay=2; ore=1; sheep=1; wheat=0; wood=0; unknown=0; knights=3; dev-cards=1	roads=[103,84; 84,102; 102,118; 118,135]; settlements=[120,84]	same	 	 
287	21:03:13:579	skinnylinny	clay=2; ore=3; sheep=1; wheat=0; wood=2; unknown=0; knights=0; dev-cards=0	roads=[100,69; 69,52; 52,101; 101,116; 116,133; 133,150]; settlements=[116,86; 86,52; 52,167]	Hmmm, oh well.	 	 
288	21:03:18:909	Server	 		sabercat rolled a 2 and a 6.	 	 
289	21:03:18:910	Server	 		sabercat gets 2 sheep. IG gets 1 ore. skinnylinny gets 1 ore.	 	 
290	21:03:37:149	Server	 		sabercat traded 2 sheep for 1 wheat from a port.	 	 
291	21:04:07:956	Server	 		IG rolled a 3 and a 4.	 	 
292	21:04:49:599	skinnylinny	clay=0; ore=3; sheep=0; wheat=0; wood=1; unknown=0; knights=0; dev-cards=0	roads=[100,69; 69,52; 52,101; 101,116; 116,133; 133,150]; settlements=[116,86; 86,52; 52,167]	Grrrrr	 	 
293	21:05:07:074	skinnylinny	clay=0; ore=3; sheep=0; wheat=0; wood=1; unknown=0; knights=0; dev-cards=0	roads=[100,69; 69,52; 52,101; 101,116; 116,133; 133,150]; settlements=[116,86; 86,52; 52,167]	I don't like this die	 	 
294	21:05:24:555	sabercat	clay=0; ore=0; sheep=0; wheat=0; wood=1; unknown=0; knights=2; dev-cards=4	roads=[88,122; 122,139; 139,156]; settlements=[88,139; 139,173]	:D well... its biased	 	 
295	21:05:28:651	Server	 		skinnylinny rolled a 5 and a 6.	 	 
296	21:05:28:651	Server	 		IG gets 1 clay. skinnylinny gets 2 wood.	 	 
297	21:05:38:185	IG	clay=3; ore=3; sheep=1; wheat=0; wood=1; unknown=0; knights=4; dev-cards=0	roads=[103,84; 84,102; 102,118; 118,135]; settlements=[120,84]	It hates you I'm afraid	 	 
298	21:05:44:119	skinnylinny	clay=0; ore=3; sheep=0; wheat=0; wood=2; unknown=0; knights=0; dev-cards=0	roads=[100,69; 69,52; 52,101; 101,116; 116,133; 133,150]; settlements=[116,86; 86,52; 52,167]	Seemingly so!	 	 
299	21:05:50:244	Server	 		sabercat rolled a 1 and a 5.	 	 
300	21:05:50:245	Server	 		sabercat gets 1 clay. IG gets 1 clay. skinnylinny gets 1 clay, 1 wheat.	 	 
301	21:05:58:338	Server	 		sabercat built a road.	 	 
302	21:06:09:977	Server	 		IG rolled a 6 and a 1.	 	 
303	21:06:27:474	IG	clay=2; ore=1; sheep=1; wheat=0; wood=1; unknown=0; knights=4; dev-cards=0	roads=[103,84; 84,102; 102,118; 118,135]; settlements=[120,84]	I feel your pain	 	 
304	21:06:56:456	Server	 		IG built a road.	 	 
305	21:07:06:167	Server	 		skinnylinny rolled a 6 and a 3.	 	 
306	21:07:06:168	Server	 		sabercat gets 1 wood. skinnylinny gets 1 clay.	 	 
307	21:07:32:092	Server	 		skinnylinny built a road.	 	 
308	21:07:36:466	Server	 		skinnylinny built a road.	 	 
309	21:07:42:112	sabercat	clay=0; ore=0; sheep=0; wheat=0; wood=1; unknown=0; knights=2; dev-cards=4	roads=[88,122; 122,139; 139,156; 156,105]; settlements=[88,139; 139,173]	the cat pic is gorgeous!	 	 
310	21:07:44:538	skinnylinny	clay=0; ore=2; sheep=0; wheat=1; wood=0; unknown=0; knights=0; dev-cards=0	roads=[100,69; 69,52; 52,101; 101,116; 116,133; 133,150; 150,167; 167,184]; settlements=[116,86; 86,52; 52,167]	:D	 	 
311	21:08:16:984	Server	 		sabercat rolled a 1 and a 3.	 	 
312	21:08:16:984	Server	 		IG gets 1 wheat. skinnylinny gets 1 wheat.	 	 
313	21:08:28:111	Server	 		IG rolled a 1 and a 5.	 	 
314	21:08:28:112	Server	 		sabercat gets 1 clay. IG gets 1 clay. skinnylinny gets 1 clay, 1 wheat.	 	 
315	21:08:46:408	IG	clay=2; ore=2; sheep=1; wheat=1; wood=0; unknown=0; knights=4; dev-cards=0	roads=[103,84; 84,102; 102,118; 118,135; 135,152]; settlements=[120,84]	need wood [as ever]	 	 
316	21:08:54:587	skinnylinny	clay=1; ore=2; sheep=0; wheat=3; wood=0; unknown=0; knights=0; dev-cards=0	roads=[100,69; 69,52; 52,101; 101,116; 116,133; 133,150; 150,167; 167,184]; settlements=[116,86; 86,52; 52,167]	Heh, need an ore	 	 
317	21:09:06:158	IG	clay=2; ore=2; sheep=1; wheat=1; wood=0; unknown=0; knights=4; dev-cards=0	roads=[103,84; 84,102; 102,118; 118,135; 135,152]; settlements=[120,84]	done	 	 
318	21:09:14:275	Server	 		IG made an offer to trade 1 ore for 1 wood.	 	 
319	21:09:15:503	skinnylinny	clay=1; ore=2; sheep=0; wheat=3; wood=0; unknown=0; knights=0; dev-cards=0	roads=[100,69; 69,52; 52,101; 101,116; 116,133; 133,150; 150,167; 167,184]; settlements=[116,86; 86,52; 52,167]	I don't have wood	 	 
320	21:09:22:799	IG	clay=2; ore=2; sheep=1; wheat=1; wood=0; unknown=0; knights=4; dev-cards=0	roads=[103,84; 84,102; 102,118; 118,135; 135,152]; settlements=[120,84]	haha i see	 	 
321	21:09:29:014	sabercat	clay=1; ore=0; sheep=0; wheat=0; wood=1; unknown=0; knights=2; dev-cards=4	roads=[88,122; 122,139; 139,156; 156,105]; settlements=[88,139; 139,173]	:D	 	 
322	21:09:45:181	Server	 		skinnylinny rolled a 4 and a 1.	 	 
323	21:09:45:182	Server	 		sabercat gets 1 ore. IG gets 1 ore. skinnylinny gets 1 wood.	 	 
324	21:09:55:749	skinnylinny	clay=1; ore=2; sheep=0; wheat=3; wood=1; unknown=0; knights=0; dev-cards=0	roads=[100,69; 69,52; 52,101; 101,116; 116,133; 133,150; 150,167; 167,184]; settlements=[116,86; 86,52; 52,167]	Oh	 	 
325	21:09:56:959	Server	 		sabercat rolled a 2 and a 3.	 	 
326	21:09:56:960	Server	 		sabercat gets 1 ore. IG gets 1 ore. skinnylinny gets 1 wood.	 	 
327	21:09:57:302	skinnylinny	clay=1; ore=2; sheep=0; wheat=3; wood=2; unknown=0; knights=0; dev-cards=0	roads=[100,69; 69,52; 52,101; 101,116; 116,133; 133,150; 150,167; 167,184]; settlements=[116,86; 86,52; 52,167]	Bother	 	 
328	21:10:02:946	sabercat	clay=1; ore=2; sheep=0; wheat=0; wood=1; unknown=0; knights=2; dev-cards=4	roads=[88,122; 122,139; 139,156; 156,105]; settlements=[88,139; 139,173]	have ore...	 	 
329	21:10:04:531	skinnylinny	clay=1; ore=2; sheep=0; wheat=3; wood=2; unknown=0; knights=0; dev-cards=0	roads=[100,69; 69,52; 52,101; 101,116; 116,133; 133,150; 150,167; 167,184]; settlements=[116,86; 86,52; 52,167]	Was about to offer IG a wood for an ore	 	 
330	21:10:14:369	sabercat	clay=1; ore=2; sheep=0; wheat=0; wood=1; unknown=0; knights=2; dev-cards=4	roads=[88,122; 122,139; 139,156; 156,105]; settlements=[88,139; 139,173]	:D	 	 
331	21:10:30:484	skinnylinny	clay=1; ore=2; sheep=0; wheat=3; wood=2; unknown=0; knights=0; dev-cards=0	roads=[100,69; 69,52; 52,101; 101,116; 116,133; 133,150; 150,167; 167,184]; settlements=[116,86; 86,52; 52,167]	Never mind	 	 
332	21:10:36:001	IG	clay=2; ore=4; sheep=1; wheat=1; wood=0; unknown=0; knights=4; dev-cards=0	roads=[103,84; 84,102; 102,118; 118,135; 135,152]; settlements=[120,84]	will do on my turn if your up for it	 	 
333	21:10:40:135	skinnylinny	clay=1; ore=2; sheep=0; wheat=3; wood=2; unknown=0; knights=0; dev-cards=0	roads=[100,69; 69,52; 52,101; 101,116; 116,133; 133,150; 150,167; 167,184]; settlements=[116,86; 86,52; 52,167]	Please	 	 
334	21:10:40:844	sabercat	clay=1; ore=2; sheep=0; wheat=0; wood=1; unknown=0; knights=2; dev-cards=4	roads=[88,122; 122,139; 139,156; 156,105]; settlements=[88,139; 139,173]	give me the wood and I will give you ore... and if you give me wood and clay you get two ores	 	 
335	21:10:53:117	skinnylinny	clay=1; ore=2; sheep=0; wheat=3; wood=2; unknown=0; knights=0; dev-cards=0	roads=[100,69; 69,52; 52,101; 101,116; 116,133; 133,150; 150,167; 167,184]; settlements=[116,86; 86,52; 52,167]	:D	 	 
336	21:11:00:064	IG	clay=2; ore=4; sheep=1; wheat=1; wood=0; unknown=0; knights=4; dev-cards=0	roads=[103,84; 84,102; 102,118; 118,135; 135,152]; settlements=[120,84]	ugh	 	 
337	21:11:04:404	sabercat	clay=1; ore=2; sheep=0; wheat=0; wood=1; unknown=0; knights=2; dev-cards=4	roads=[88,122; 122,139; 139,156; 156,105]; settlements=[88,139; 139,173]	:D	 	 
338	21:11:07:454	skinnylinny	clay=1; ore=2; sheep=0; wheat=3; wood=2; unknown=0; knights=0; dev-cards=0	roads=[100,69; 69,52; 52,101; 101,116; 116,133; 133,150; 150,167; 167,184]; settlements=[116,86; 86,52; 52,167]	OK	 	 
339	21:11:08:697	IG	clay=2; ore=4; sheep=1; wheat=1; wood=0; unknown=0; knights=4; dev-cards=0	roads=[103,84; 84,102; 102,118; 118,135; 135,152]; settlements=[120,84]	two ores for a wood from my end...	 	 
340	21:11:22:839	Server	 		sabercat made an offer to trade 2 ore for 1 clay, 1 wood.	 	 
341	21:11:23:131	skinnylinny	clay=1; ore=2; sheep=0; wheat=3; wood=2; unknown=0; knights=0; dev-cards=0	roads=[100,69; 69,52; 52,101; 101,116; 116,133; 133,150; 150,167; 167,184]; settlements=[116,86; 86,52; 52,167]	How about an ore and a sheep for a wood?	 	 
342	21:11:29:064	sabercat	clay=1; ore=2; sheep=0; wheat=0; wood=1; unknown=0; knights=2; dev-cards=4	roads=[88,122; 122,139; 139,156; 156,105]; settlements=[88,139; 139,173]	no sheep	 	 
343	21:11:35:234	skinnylinny	clay=1; ore=2; sheep=0; wheat=3; wood=2; unknown=0; knights=0; dev-cards=0	roads=[100,69; 69,52; 52,101; 101,116; 116,133; 133,150; 150,167; 167,184]; settlements=[116,86; 86,52; 52,167]	IG?	 	 
344	21:11:41:396	IG	clay=2; ore=4; sheep=1; wheat=1; wood=0; unknown=0; knights=4; dev-cards=0	roads=[103,84; 84,102; 102,118; 118,135; 135,152]; settlements=[120,84]	sure	 	 
345	21:11:44:397	Server	 		sabercat traded 2 ore for 1 clay, 1 wood from skinnylinny.	 	 
346	21:11:53:989	Server	 		sabercat built a road.	 	 
347	21:12:10:139	Server	 		sabercat built a road.	 
348	21:12:18:716	Server	 		IG rolled a 2 and a 4.	 	 
349	21:12:18:717	Server	 		sabercat gets 1 clay. IG gets 1 clay. skinnylinny gets 1 clay, 1 wheat.	 	 
350	21:12:33:462	Server	 		IG made an offer to trade 1 ore, 1 sheep for 1 wood.	 	 
351	21:12:46:949	Server	 		IG traded 1 ore, 1 sheep for 1 wood from skinnylinny.	 	 
352	21:12:54:916	IG	clay=3; ore=3; sheep=0; wheat=1; wood=1; unknown=0; knights=4; dev-cards=0	roads=[103,84; 84,102; 102,118; 118,135; 135,152]; settlements=[120,84]	cheers	 	 
353	21:13:00:283	skinnylinny	clay=1; ore=5; sheep=1; wheat=4; wood=0; unknown=0; knights=0; dev-cards=0	roads=[100,69; 69,52; 52,101; 101,116; 116,133; 133,150; 150,167; 167,184]; settlements=[116,86; 86,52; 52,167]	No worries :D	 	 
354	21:13:08:322	skinnylinny	clay=1; ore=5; sheep=1; wheat=4; wood=0; unknown=0; knights=0; dev-cards=0	roads=[100,69; 69,52; 52,101; 101,116; 116,133; 133,150; 150,167; 167,184]; settlements=[116,86; 86,52; 52,167]	Now hope that I don't roll a 7!	 	 
355	21:13:16:474	sabercat	clay=1; ore=0; sheep=0; wheat=0; wood=0; unknown=0; knights=2; dev-cards=4	roads=[88,122; 122,139; 139,156; 156,105; 105,71; 71,54]; settlements=[88,139; 139,173]	:D good luck	 	 
356	21:13:20:892	skinnylinny	clay=1; ore=5; sheep=1; wheat=4; wood=0; unknown=0; knights=0; dev-cards=0	roads=[100,69; 69,52; 52,101; 101,116; 116,133; 133,150; 150,167; 167,184]; settlements=[116,86; 86,52; 52,167]	Thanks :D	 	 
357	21:13:25:646	Server	 		IG built a road.	 	 
358	21:13:33:661	Server	 		skinnylinny rolled a 6 and a 5.	 	 
359	21:13:33:661	Server	 		IG gets 1 clay.	 	 
360	21:13:43:124	Server	 		skinnylinny built a city.	 	 
361	21:14:11:500	Server	 		sabercat rolled a 1 and a 5.	 	 
362	21:14:11:501	Server	 		sabercat gets 1 clay. IG gets 1 clay. skinnylinny gets 1 clay, 1 wheat.	 	 
363	21:14:20:066	Server	 		IG rolled a 4 and a 1.	 	 
364	21:14:20:066	Server	 		sabercat gets 1 ore. IG gets 1 ore. skinnylinny gets 2 wood.	 	 
365	21:14:45:036	Server	 		IG traded 4 ore for 1 wood from the bank.	 	 
366	21:15:03:262	Server	 		IG built a road.	 	 
367	21:15:15:023	Server	 		skinnylinny rolled a 3 and a 4.	 	 
368	21:15:22:874	sabercat	clay=2; ore=1; sheep=0; wheat=0; wood=0; unknown=0; knights=2; dev-cards=4	roads=[88,122; 122,139; 139,156; 156,105; 105,71; 71,54]; settlements=[88,139; 139,173]	:D	 	 
369	21:15:28:840	sabercat	clay=2; ore=1; sheep=0; wheat=0; wood=0; unknown=0; knights=2; dev-cards=4	roads=[88,122; 122,139; 139,156; 156,105; 105,71; 71,54]; settlements=[88,139; 139,173]	well... you did it!	 	 
370	21:15:33:758	skinnylinny	clay=2; ore=1; sheep=0; wheat=2; wood=2; unknown=0; knights=0; dev-cards=1	roads=[100,69; 69,52; 52,101; 101,116; 116,133; 133,150; 150,167; 167,184]; settlements=[86,52; 52,167]	I did!	 	 
371	21:15:41:539	skinnylinny	clay=2; ore=1; sheep=0; wheat=2; wood=2; unknown=0; knights=0; dev-cards=1	roads=[100,69; 69,52; 52,101; 101,116; 116,133; 133,150; 150,167; 167,184]; settlements=[86,52; 52,167]	Now, let's get that pesky robber out of the way	 	 
372	21:16:03:023	sabercat	clay=2; ore=1; sheep=0; wheat=0; wood=0; unknown=0; knights=2; dev-cards=4	roads=[88,122; 122,139; 139,156; 156,105; 105,71; 71,54]; settlements=[88,139; 139,173]	yeah, your 11 seemed to be... stuck... for a while	 	 
373	21:16:37:616	Server	 		skinnylinny built a road.	 	 
374	21:16:43:323	Server	 		skinnylinny built a road.	 	 
375	21:16:59:220	Server	 		sabercat rolled a 4 and a 3.	 	 
376	21:17:51:702	Server	 		IG rolled a 4 and a 4.	 	 
377	21:17:51:703	Server	 		sabercat gets 2 sheep. IG gets 1 ore. skinnylinny gets 2 ore.	 	 
378	21:18:09:053	IG	clay=3; ore=1; sheep=0; wheat=1; wood=0; unknown=0; knights=4; dev-cards=0	roads=[103,84; 84,102; 102,118; 118,135; 135,152; 152,169; 169,170]; settlements=[120,84]	giving clay for sheep	 	 
379	21:18:19:764	sabercat	clay=2; ore=2; sheep=2; wheat=0; wood=0; unknown=0; knights=2; dev-cards=4	roads=[88,122; 122,139; 139,156; 156,105; 105,71; 71,54]; settlements=[88,139; 139,173]	no sheep	 	 
380	21:18:21:562	skinnylinny	clay=0; ore=2; sheep=0; wheat=2; wood=0; unknown=0; knights=1; dev-cards=0	roads=[100,69; 69,52; 52,101; 101,116; 116,133; 133,150; 150,167; 167,184; 184,200; 200,199]; settlements=[86,52; 52,167]	Not got any, sorry	 	 
381	21:18:29:984	IG	clay=3; ore=1; sheep=0; wheat=1; wood=0; unknown=0; knights=4; dev-cards=0	roads=[103,84; 84,102; 102,118; 118,135; 135,152; 152,169; 169,170]; settlements=[120,84]	clay/ore for wood?	 	 
382	21:19:02:558	sabercat	clay=2; ore=2; sheep=2; wheat=0; wood=0; unknown=0; knights=2; dev-cards=4	roads=[88,122; 122,139; 139,156; 156,105; 105,71; 71,54]; settlements=[88,139; 139,173]	yeah..	 	 
383	21:19:15:716	IG	clay=3; ore=1; sheep=0; wheat=1; wood=0; unknown=0; knights=4; dev-cards=0	roads=[103,84; 84,102; 102,118; 118,135; 135,152; 152,169; 169,170]; settlements=[120,84]	which?	 	 
384	21:19:23:602	sabercat	clay=2; ore=2; sheep=2; wheat=0; wood=0; unknown=0; knights=2; dev-cards=4	roads=[88,122; 122,139; 139,156; 156,105; 105,71; 71,54]; settlements=[88,139; 139,173]	ore?	 	 
385	21:19:28:548	sabercat	clay=2; ore=2; sheep=2; wheat=0; wood=0; unknown=0; knights=2; dev-cards=4	roads=[88,122; 122,139; 139,156; 156,105; 105,71; 71,54]; settlements=[88,139; 139,173]	:D	 	 
386	21:19:35:551	Server	 		IG made an offer to trade 1 ore for 1 wood.	 	 
387	21:19:46:968	sabercat	clay=2; ore=2; sheep=2; wheat=0; wood=0; unknown=0; knights=2; dev-cards=4	roads=[88,122; 122,139; 139,156; 156,105; 105,71; 71,54]; settlements=[88,139; 139,173]	I dont have wood...	 	 
388	21:19:47:474	skinnylinny	clay=0; ore=2; sheep=0; wheat=2; wood=0; unknown=0; knights=1; dev-cards=0	roads=[100,69; 69,52; 52,101; 101,116; 116,133; 133,150; 150,167; 167,184; 184,200; 200,199]; settlements=[86,52; 52,167]	I have no wood, sorry	 	 
389	21:19:51:099	sabercat	clay=2; ore=2; sheep=2; wheat=0; wood=0; unknown=0; knights=2; dev-cards=4	roads=[88,122; 122,139; 139,156; 156,105; 105,71; 71,54]; settlements=[88,139; 139,173]	:D	 	 
390	21:19:55:250	IG	clay=3; ore=1; sheep=0; wheat=1; wood=0; unknown=0; knights=4; dev-cards=0	roads=[103,84; 84,102; 102,118; 118,135; 135,152; 152,169; 169,170]; settlements=[120,84]	haha nevrermind then	 	 
391	21:20:02:424	Server	 		skinnylinny rolled a 1 and a 4.	 	 
392	21:20:02:424	Server	 		sabercat gets 1 ore. IG gets 1 ore. skinnylinny gets 2 wood.	 	 
393	21:21:00:498	skinnylinny	clay=0; ore=2; sheep=0; wheat=2; wood=2; unknown=0; knights=1; dev-cards=0	roads=[100,69; 69,52; 52,101; 101,116; 116,133; 133,150; 150,167; 167,184; 184,200; 200,199]; settlements=[86,52; 52,167]	Shall we extend?	 	 
394	21:21:06:901	sabercat	clay=2; ore=3; sheep=2; wheat=0; wood=0; unknown=0; knights=2; dev-cards=4	roads=[88,122; 122,139; 139,156; 156,105; 105,71; 71,54]; settlements=[88,139; 139,173]	yeah	 	 
395	21:21:08:221	IG	clay=3; ore=2; sheep=0; wheat=1; wood=0; unknown=0; knights=4; dev-cards=0	roads=[103,84; 84,102; 102,118; 118,135; 135,152; 152,169; 169,170]; settlements=[120,84]	yea	 	 
396	21:21:17:588	sabercat	clay=2; ore=3; sheep=2; wheat=0; wood=0; unknown=0; knights=2; dev-cards=4	roads=[88,122; 122,139; 139,156; 156,105; 105,71; 71,54]; settlements=[88,139; 139,173]	*ADDTIME*	 	 
397	21:21:23:931	skinnylinny	clay=0; ore=2; sheep=0; wheat=2; wood=2; unknown=0; knights=1; dev-cards=0	roads=[100,69; 69,52; 52,101; 101,116; 116,133; 133,150; 150,167; 167,184; 184,200; 200,199]; settlements=[86,52; 52,167]	ADDTIME	 	 
398	21:21:26:846	sabercat	clay=2; ore=3; sheep=2; wheat=0; wood=0; unknown=0; knights=2; dev-cards=4	roads=[88,122; 122,139; 139,156; 156,105; 105,71; 71,54]; settlements=[88,139; 139,173]	:D	 	 
399	21:21:28:594	sabercat	clay=2; ore=3; sheep=2; wheat=0; wood=0; unknown=0; knights=2; dev-cards=4	roads=[88,122; 122,139; 139,156; 156,105; 105,71; 71,54]; settlements=[88,139; 139,173]	nice	 	 
400	21:21:31:356	skinnylinny	clay=0; ore=2; sheep=0; wheat=2; wood=2; unknown=0; knights=1; dev-cards=0	roads=[100,69; 69,52; 52,101; 101,116; 116,133; 133,150; 150,167; 167,184; 184,200; 200,199]; settlements=[86,52; 52,167]	Right	 	 
401	21:21:35:227	skinnylinny	clay=0; ore=2; sheep=0; wheat=2; wood=2; unknown=0; knights=1; dev-cards=0	roads=[100,69; 69,52; 52,101; 101,116; 116,133; 133,150; 150,167; 167,184; 184,200; 200,199]; settlements=[86,52; 52,167]	Who wanted wood?	 	 
402	21:21:38:144	sabercat	clay=2; ore=3; sheep=2; wheat=0; wood=0; unknown=0; knights=2; dev-cards=4	roads=[88,122; 122,139; 139,156; 156,105; 105,71; 71,54]; settlements=[88,139; 139,173]	hope its not necessary though	 	 
403	21:21:39:299	IG	clay=3; ore=2; sheep=0; wheat=1; wood=0; unknown=0; knights=4; dev-cards=0	roads=[103,84; 84,102; 102,118; 118,135; 135,152; 152,169; 169,170]; settlements=[120,84]	me	 	 
404	21:21:42:203	sabercat	clay=2; ore=3; sheep=2; wheat=0; wood=0; unknown=0; knights=2; dev-cards=4	roads=[88,122; 122,139; 139,156; 156,105; 105,71; 71,54]; settlements=[88,139; 139,173]	I did	 	 
405	21:21:52:084	skinnylinny	clay=0; ore=2; sheep=0; wheat=2; wood=2; unknown=0; knights=1; dev-cards=0	roads=[100,69; 69,52; 52,101; 101,116; 116,133; 133,150; 150,167; 167,184; 184,200; 200,199]; settlements=[86,52; 52,167]	Hmmm	 	 
406	21:21:56:036	IG	clay=3; ore=2; sheep=0; wheat=1; wood=0; unknown=0; knights=4; dev-cards=0	roads=[103,84; 84,102; 102,118; 118,135; 135,152; 152,169; 169,170]; settlements=[120,84]	What do you want for it	 	 
407	21:21:57:014	skinnylinny	clay=0; ore=2; sheep=0; wheat=2; wood=2; unknown=0; knights=1; dev-cards=0	roads=[100,69; 69,52; 52,101; 101,116; 116,133; 133,150; 150,167; 167,184; 184,200; 200,199]; settlements=[86,52; 52,167]	Either of you have sheep?	 	 
408	21:22:01:291	IG	clay=3; ore=2; sheep=0; wheat=1; wood=0; unknown=0; knights=4; dev-cards=0	roads=[103,84; 84,102; 102,118; 118,135; 135,152; 152,169; 169,170]; settlements=[120,84]	Sorry	 	 
409	21:22:05:373	skinnylinny	clay=0; ore=2; sheep=0; wheat=2; wood=2; unknown=0; knights=1; dev-cards=0	roads=[100,69; 69,52; 52,101; 101,116; 116,133; 133,150; 150,167; 167,184; 184,200; 200,199]; settlements=[86,52; 52,167]	Sorry, meant ore	 	 
410	21:22:09:480	sabercat	clay=2; ore=3; sheep=2; wheat=0; wood=0; unknown=0; knights=2; dev-cards=4	roads=[88,122; 122,139; 139,156; 156,105; 105,71; 71,54]; settlements=[88,139; 139,173]	two wood for sheep?	 	 
411	21:22:11:499	IG	clay=3; ore=2; sheep=0; wheat=1; wood=0; unknown=0; knights=4; dev-cards=0	roads=[103,84; 84,102; 102,118; 118,135; 135,152; 152,169; 169,170]; settlements=[120,84]	i got that]	 	 
412	21:22:26:442	IG	clay=3; ore=2; sheep=0; wheat=1; wood=0; unknown=0; knights=4; dev-cards=0	roads=[103,84; 84,102; 102,118; 118,135; 135,152; 152,169; 169,170]; settlements=[120,84]	ore for wood	 	 
413	21:22:27:473	IG	clay=3; ore=2; sheep=0; wheat=1; wood=0; unknown=0; knights=4; dev-cards=0	roads=[103,84; 84,102; 102,118; 118,135; 135,152; 152,169; 169,170]; settlements=[120,84]	?	 	 
414	21:22:31:156	sabercat	clay=2; ore=3; sheep=2; wheat=0; wood=0; unknown=0; knights=2; dev-cards=4	roads=[88,122; 122,139; 139,156; 156,105; 105,71; 71,54]; settlements=[88,139; 139,173]	got ore too	 	 
415	21:22:35:908	skinnylinny	clay=0; ore=2; sheep=0; wheat=2; wood=2; unknown=0; knights=1; dev-cards=0	roads=[100,69; 69,52; 52,101; 101,116; 116,133; 133,150; 150,167; 167,184; 184,200; 200,199]; settlements=[86,52; 52,167]	Ore for wood... One each?	 	 
416	21:22:41:759	IG	clay=3; ore=2; sheep=0; wheat=1; wood=0; unknown=0; knights=4; dev-cards=0	roads=[103,84; 84,102; 102,118; 118,135; 135,152; 152,169; 169,170]; settlements=[120,84]	sure	 	 
417	21:22:41:859	sabercat	clay=2; ore=3; sheep=2; wheat=0; wood=0; unknown=0; knights=2; dev-cards=4	roads=[88,122; 122,139; 139,156; 156,105; 105,71; 71,54]; settlements=[88,139; 139,173]	okay	 	 
418	21:22:46:905	skinnylinny	clay=0; ore=2; sheep=0; wheat=2; wood=2; unknown=0; knights=1; dev-cards=0	roads=[100,69; 69,52; 52,101; 101,116; 116,133; 133,150; 150,167; 167,184; 184,200; 200,199]; settlements=[86,52; 52,167]	As in, one ore per wood, one wood per person?	 	 
419	21:22:52:451	sabercat	clay=2; ore=3; sheep=2; wheat=0; wood=0; unknown=0; knights=2; dev-cards=4	roads=[88,122; 122,139; 139,156; 156,105; 105,71; 71,54]; settlements=[88,139; 139,173]	:)	 	 
420	21:22:54:149	sabercat	clay=2; ore=3; sheep=2; wheat=0; wood=0; unknown=0; knights=2; dev-cards=4	roads=[88,122; 122,139; 139,156; 156,105; 105,71; 71,54]; settlements=[88,139; 139,173]	yes	 	 
421	21:23:16:843	Server	 		skinnylinny made an offer to trade 1 wood for 1 ore.	 	 
422	21:23:23:376	Server	 		skinnylinny traded 1 wood for 1 ore from IG.	 	 
423	21:23:34:485	Server	 		skinnylinny made an offer to trade 1 wood for 1 ore.	 	 
424	21:23:41:630	Server	 		skinnylinny built a city.	 	 
425	21:23:43:715	Server	 		skinnylinny traded 1 wood for 1 ore from sabercat.	 	 
426	21:23:59:916	skinnylinny	clay=0; ore=1; sheep=0; wheat=0; wood=0; unknown=0; knights=1; dev-cards=0	roads=[100,69; 69,52; 52,101; 101,116; 116,133; 133,150; 150,167; 167,184; 184,200; 200,199]; settlements=[52,167]; cities=[116,86]	Awesome, thanks to both of you	 	 
427	21:24:04:771	Server	 		sabercat rolled a 5 and a 4.	 	 
428	21:24:04:772	Server	 		sabercat gets 1 wood. skinnylinny gets 1 clay.	 	 
429	21:24:08:735	IG	clay=3; ore=1; sheep=0; wheat=1; wood=1; unknown=0; knights=4; dev-cards=0	roads=[103,84; 84,102; 102,118; 118,135; 135,152; 152,169; 169,170]; settlements=[120,84]	no worries	 	 
430	21:24:56:995	sabercat	clay=2; ore=2; sheep=2; wheat=0; wood=2; unknown=0; knights=2; dev-cards=4	roads=[88,122; 122,139; 139,156; 156,105; 105,71; 71,54]; settlements=[88,139; 139,173]	anyone has ore? :D	 	 
431	21:25:04:481	IG	clay=3; ore=1; sheep=0; wheat=1; wood=1; unknown=0; knights=4; dev-cards=0	roads=[103,84; 84,102; 102,118; 118,135; 135,152; 152,169; 169,170]; settlements=[120,84]	yea, you got sheep?	 	 
432	21:25:15:811	sabercat	clay=2; ore=2; sheep=2; wheat=0; wood=2; unknown=0; knights=2; dev-cards=4	roads=[88,122; 122,139; 139,156; 156,105; 105,71; 71,54]; settlements=[88,139; 139,173]	nope... wood?	 	 
433	21:25:23:371	IG	clay=3; ore=1; sheep=0; wheat=1; wood=1; unknown=0; knights=4; dev-cards=0	roads=[103,84; 84,102; 102,118; 118,135; 135,152; 152,169; 169,170]; settlements=[120,84]	go on then	 	 
434	21:25:25:080	skinnylinny	clay=1; ore=1; sheep=0; wheat=0; wood=0; unknown=0; knights=1; dev-cards=0	roads=[100,69; 69,52; 52,101; 101,116; 116,133; 133,150; 150,167; 167,184; 184,200; 200,199]; settlements=[52,167]; cities=[116,86]	I have ore, would trade for wood	 	 
435	21:25:46:180	Server	 		sabercat made an offer to trade 1 wood for 1 ore.	 	 
436	21:25:50:855	Server	 		sabercat traded 1 wood for 1 ore from IG.	 	 
437	21:25:54:808	IG	clay=3; ore=0; sheep=0; wheat=1; wood=2; unknown=0; knights=4; dev-cards=0	roads=[103,84; 84,102; 102,118; 118,135; 135,152; 152,169; 169,170]; settlements=[120,84]	cheers	 	 
438	21:25:59:167	sabercat	clay=2; ore=3; sheep=2; wheat=0; wood=1; unknown=0; knights=2; dev-cards=4	roads=[88,122; 122,139; 139,156; 156,105; 105,71; 71,54]; settlements=[88,139; 139,173]	:)	 	 
439	21:26:13:001	Server	 		sabercat traded 2 sheep for 1 wheat from a port.	 	 
440	21:26:26:924	Server	 		IG rolled a 3 and a 2.	 	 
441	21:26:26:925	Server	 		sabercat gets 1 ore. IG gets 1 ore. skinnylinny gets 2 wood.	 	 
442	21:26:34:738	IG	clay=3; ore=1; sheep=0; wheat=1; wood=2; unknown=0; knights=4; dev-cards=0	roads=[103,84; 84,102; 102,118; 118,135; 135,152; 152,169; 169,170]; settlements=[120,84]	need sheep!	 	 
443	21:26:41:699	sabercat	clay=2; ore=4; sheep=0; wheat=1; wood=1; unknown=0; knights=2; dev-cards=4	roads=[88,122; 122,139; 139,156; 156,105; 105,71; 71,54]; settlements=[88,139; 139,173]	have none	 	 
444	21:26:48:812	skinnylinny	clay=1; ore=1; sheep=0; wheat=0; wood=2; unknown=0; knights=1; dev-cards=0	roads=[100,69; 69,52; 52,101; 101,116; 116,133; 133,150; 150,167; 167,184; 184,200; 200,199]; settlements=[52,167]; cities=[116,86]	Sorry	 	 
445	21:27:05:059	sabercat	clay=2; ore=4; sheep=0; wheat=1; wood=1; unknown=0; knights=2; dev-cards=4	roads=[88,122; 122,139; 139,156; 156,105; 105,71; 71,54]; settlements=[88,139; 139,173]	roll 8!	 	 
446	21:27:11:540	Server	 		IG built a road.	 	 
447	21:27:17:107	Server	 		IG built a road.	 	 
448	21:27:38:276	Server	 		skinnylinny rolled a 1 and a 3.	 	 
449	21:27:38:276	Server	 		IG gets 1 wheat. skinnylinny gets 1 wheat.	 	 
450	21:28:20:455	skinnylinny	clay=1; ore=1; sheep=0; wheat=1; wood=2; unknown=0; knights=1; dev-cards=0	roads=[100,69; 69,52; 52,101; 101,116; 116,133; 133,150; 150,167; 167,184; 184,200; 200,199]; settlements=[52,167]; cities=[116,86]	Argh	 	 
451	21:28:26:520	skinnylinny	clay=1; ore=1; sheep=0; wheat=1; wood=2; unknown=0; knights=1; dev-cards=0	roads=[100,69; 69,52; 52,101; 101,116; 116,133; 133,150; 150,167; 167,184; 184,200; 200,199]; settlements=[52,167]; cities=[116,86]	How do I trade with a port?	 	 
452	21:28:38:928	sabercat	clay=2; ore=4; sheep=0; wheat=1; wood=1; unknown=0; knights=2; dev-cards=4	roads=[88,122; 122,139; 139,156; 156,105; 105,71; 71,54]; settlements=[88,139; 139,173]	trade with bank/port	 	 
453	21:28:47:965	skinnylinny	clay=1; ore=1; sheep=0; wheat=1; wood=2; unknown=0; knights=1; dev-cards=0	roads=[100,69; 69,52; 52,101; 101,116; 116,133; 133,150; 150,167; 167,184; 184,200; 200,199]; settlements=[52,167]; cities=[116,86]	Yes	 	 
454	21:28:52:481	skinnylinny	clay=1; ore=1; sheep=0; wheat=1; wood=2; unknown=0; knights=1; dev-cards=0	roads=[100,69; 69,52; 52,101; 101,116; 116,133; 133,150; 150,167; 167,184; 184,200; 200,199]; settlements=[52,167]; cities=[116,86]	I can't get it to accept	 	 
455	21:28:57:287	sabercat	clay=2; ore=4; sheep=0; wheat=1; wood=1; unknown=0; knights=2; dev-cards=4	roads=[88,122; 122,139; 139,156; 156,105; 105,71; 71,54]; settlements=[88,139; 139,173]	you have to have four resources of a kind	 	 
456	21:29:04:904	skinnylinny	clay=1; ore=1; sheep=0; wheat=1; wood=2; unknown=0; knights=1; dev-cards=0	roads=[100,69; 69,52; 52,101; 101,116; 116,133; 133,150; 150,167; 167,184; 184,200; 200,199]; settlements=[52,167]; cities=[116,86]	wood port	 	 
457	21:29:15:181	Server	 		skinnylinny traded 2 wood for 1 sheep from a port.	 	 
458	21:29:17:399	sabercat	clay=2; ore=4; sheep=0; wheat=1; wood=1; unknown=0; knights=2; dev-cards=4	roads=[88,122; 122,139; 139,156; 156,105; 105,71; 71,54]; settlements=[88,139; 139,173]	hm...	 	 
459	21:29:22:584	skinnylinny	clay=1; ore=1; sheep=1; wheat=1; wood=0; unknown=0; knights=1; dev-cards=0	roads=[100,69; 69,52; 52,101; 101,116; 116,133; 133,150; 150,167; 167,184; 184,200; 200,199]; settlements=[52,167]; cities=[116,86]	Ah	 	 
460	21:29:22:969	sabercat	clay=2; ore=4; sheep=0; wheat=1; wood=1; unknown=0; knights=2; dev-cards=4	roads=[88,122; 122,139; 139,156; 156,105; 105,71; 71,54]; settlements=[88,139; 139,173]	3:1 maybe?	 	 
461	21:29:23:897	skinnylinny	clay=1; ore=1; sheep=1; wheat=1; wood=0; unknown=0; knights=1; dev-cards=0	roads=[100,69; 69,52; 52,101; 101,116; 116,133; 133,150; 150,167; 167,184; 184,200; 200,199]; settlements=[52,167]; cities=[116,86]	Did it	 	 
462	21:29:28:321	sabercat	clay=2; ore=4; sheep=0; wheat=1; wood=1; unknown=0; knights=2; dev-cards=4	roads=[88,122; 122,139; 139,156; 156,105; 105,71; 71,54]; settlements=[88,139; 139,173]	good :D	 	 
462.1	21:29:57:201	yiin	 	 	can i join	 	 
463	21:30:00:362	Server	 		sabercat rolled a 4 and a 2.	 	 
464	21:30:00:363	Server	 		sabercat gets 1 clay. IG gets 1 clay. skinnylinny gets 2 clay, 1 wheat.	 	 
465	21:30:09:626	IG	clay=2; ore=1; sheep=0; wheat=2; wood=0; unknown=0; knights=4; dev-cards=0	roads=[103,84; 84,102; 102,118; 118,135; 135,152; 152,169; 169,170; 170,171; 171,188]; settlements=[120,84]	um not really?	 	 
466	21:30:26:782	sabercat	clay=3; ore=4; sheep=0; wheat=1; wood=1; unknown=0; knights=2; dev-cards=4	roads=[88,122; 122,139; 139,156; 156,105; 105,71; 71,54]; settlements=[88,139; 139,173]	anyone has wheat?	 	 
467	21:30:38:323	IG	clay=2; ore=1; sheep=0; wheat=2; wood=0; unknown=0; knights=4; dev-cards=0	roads=[103,84; 84,102; 102,118; 118,135; 135,152; 152,169; 169,170; 170,171; 171,188]; settlements=[120,84]	yea	 	 
468	21:30:47:565	sabercat	clay=3; ore=4; sheep=0; wheat=1; wood=1; unknown=0; knights=2; dev-cards=4	roads=[88,122; 122,139; 139,156; 156,105; 105,71; 71,54]; settlements=[88,139; 139,173]	what do you need?	 	 
469	21:30:55:301	IG	clay=2; ore=1; sheep=0; wheat=2; wood=0; unknown=0; knights=4; dev-cards=0	roads=[103,84; 84,102; 102,118; 118,135; 135,152; 152,169; 169,170; 170,171; 171,188]; settlements=[120,84]	wood or sheep	 	 
470	21:31:06:456	Server	 		sabercat made an offer to trade 1 wood for 1 wheat.	 	 
471	21:31:10:995	Server	 		sabercat traded 1 wood for 1 wheat from IG.	 	 
472	21:31:43:478	Server	 		sabercat built a city.	 	 
473	21:31:52:444	Server	 		IG rolled a 4 and a 6.	 	 
474	21:31:52:444	Server	 		sabercat gets 2 wheat.	 	 
475	21:32:00:475	sabercat	clay=3; ore=1; sheep=0; wheat=2; wood=0; unknown=0; knights=2; dev-cards=4	roads=[88,122; 122,139; 139,156; 156,105; 105,71; 71,54]; settlements=[88,173]	thanks	 	 
476	21:32:08:059	IG	clay=2; ore=1; sheep=0; wheat=1; wood=1; unknown=0; knights=4; dev-cards=0	roads=[103,84; 84,102; 102,118; 118,135; 135,152; 152,169; 169,170; 170,171; 171,188]; settlements=[120,84]	need sheep...	 	 
477	21:32:14:302	sabercat	clay=3; ore=1; sheep=0; wheat=2; wood=0; unknown=0; knights=2; dev-cards=4	roads=[88,122; 122,139; 139,156; 156,105; 105,71; 71,54]; settlements=[88,173]	have none	 	 
478	21:32:24:285	sabercat	clay=3; ore=1; sheep=0; wheat=2; wood=0; unknown=0; knights=2; dev-cards=4	roads=[88,122; 122,139; 139,156; 156,105; 105,71; 71,54]; settlements=[88,173]	sorry	 	 
479	21:32:34:473	Server	 		IG built a road.	 	 
480	21:32:37:475	skinnylinny	clay=3; ore=0; sheep=0; wheat=1; wood=0; unknown=0; knights=1; dev-cards=1	roads=[100,69; 69,52; 52,101; 101,116; 116,133; 133,150; 150,167; 167,184; 184,200; 200,199]; settlements=[52,167]; cities=[116,86]	Who is yiin?	 	 
481	21:32:45:696	IG	clay=1; ore=1; sheep=0; wheat=1; wood=0; unknown=0; knights=4; dev-cards=0	roads=[103,84; 84,102; 102,118; 118,135; 135,152; 152,169; 169,170; 170,171; 171,188; 188,204]; settlements=[120,84]	no ides	 	 
482	21:32:51:156	IG	clay=1; ore=1; sheep=0; wheat=1; wood=0; unknown=0; knights=4; dev-cards=0	roads=[103,84; 84,102; 102,118; 118,135; 135,152; 152,169; 169,170; 170,171; 171,188; 188,204]; settlements=[120,84]	*idea	 	 
483	21:32:56:358	sabercat	clay=3; ore=1; sheep=0; wheat=2; wood=0; unknown=0; knights=2; dev-cards=4	roads=[88,122; 122,139; 139,156; 156,105; 105,71; 71,54]; settlements=[88,173]	no idea, but he should go away for good!	 	 
484	21:33:26:043	Server	 		skinnylinny rolled a 1 and a 2.	 	 
485	21:33:26:044	Server	 		IG gets 1 sheep. skinnylinny gets 2 sheep.	 	 
486	21:33:38:586	sabercat	clay=3; ore=1; sheep=0; wheat=2; wood=0; unknown=0; knights=2; dev-cards=4	roads=[88,122; 122,139; 139,156; 156,105; 105,71; 71,54]; settlements=[88,173]	theres your sheep :)	 	 
487	21:34:02:239	skinnylinny	clay=3; ore=0; sheep=2; wheat=1; wood=0; unknown=0; knights=1; dev-cards=1	roads=[100,69; 69,52; 52,101; 101,116; 116,133; 133,150; 150,167; 167,184; 184,200; 200,199]; settlements=[52,167]; cities=[116,86]	Does anyone have any wood?	 	 
488	21:34:06:715	sabercat	clay=3; ore=1; sheep=0; wheat=2; wood=0; unknown=0; knights=2; dev-cards=4	roads=[88,122; 122,139; 139,156; 156,105; 105,71; 71,54]; settlements=[88,173]	nope	 	 
489	21:34:13:808	IG	clay=1; ore=1; sheep=1; wheat=1; wood=0; unknown=0; knights=4; dev-cards=0	roads=[103,84; 84,102; 102,118; 118,135; 135,152; 152,169; 169,170; 170,171; 171,188; 188,204]; settlements=[120,84]	sorry	 	 
490	21:34:43:256	skinnylinny	clay=3; ore=0; sheep=2; wheat=1; wood=0; unknown=0; knights=1; dev-cards=1	roads=[100,69; 69,52; 52,101; 101,116; 116,133; 133,150; 150,167; 167,184; 184,200; 200,199]; settlements=[52,167]; cities=[116,86]	Or does anyone have any ore they'd give me for a clay or a sheep?	 	 
491	21:34:56:841	sabercat	clay=3; ore=1; sheep=0; wheat=2; wood=0; unknown=0; knights=2; dev-cards=4	roads=[88,122; 122,139; 139,156; 156,105; 105,71; 71,54]; settlements=[88,173]	nope	 	 
492	21:34:59:937	IG	clay=1; ore=1; sheep=1; wheat=1; wood=0; unknown=0; knights=4; dev-cards=0	roads=[103,84; 84,102; 102,118; 118,135; 135,152; 152,169; 169,170; 170,171; 171,188; 188,204]; settlements=[120,84]	nah	 	 
493	21:35:09:515	skinnylinny	clay=3; ore=0; sheep=2; wheat=1; wood=0; unknown=0; knights=1; dev-cards=1	roads=[100,69; 69,52; 52,101; 101,116; 116,133; 133,150; 150,167; 167,184; 184,200; 200,199]; settlements=[52,167]; cities=[116,86]	*sigh*	 	 
494	21:35:18:822	Server	 		sabercat rolled a 2 and a 6.	 	 
495	21:35:18:823	Server	 		sabercat gets 3 sheep. IG gets 1 ore. skinnylinny gets 2 ore.	 	 
496	21:35:26:758	sabercat	clay=3; ore=1; sheep=3; wheat=2; wood=0; unknown=0; knights=2; dev-cards=4	roads=[88,122; 122,139; 139,156; 156,105; 105,71; 71,54]; settlements=[88,173]	yes!	 	 
497	21:35:28:231	sabercat	clay=3; ore=1; sheep=3; wheat=2; wood=0; unknown=0; knights=2; dev-cards=4	roads=[88,122; 122,139; 139,156; 156,105; 105,71; 71,54]; settlements=[88,173]	:D	 	 
498	21:35:56:375	sabercat	clay=3; ore=1; sheep=3; wheat=2; wood=0; unknown=0; knights=2; dev-cards=4	roads=[88,122; 122,139; 139,156; 156,105; 105,71; 71,54]; settlements=[88,173]	anyone has ore? for sheep? or clay?	 	 
499	21:36:09:065	IG	clay=1; ore=2; sheep=1; wheat=1; wood=0; unknown=0; knights=4; dev-cards=0	roads=[103,84; 84,102; 102,118; 118,135; 135,152; 152,169; 169,170; 170,171; 171,188; 188,204]; settlements=[120,84]	only for wood	 	 
500	21:36:14:205	sabercat	clay=3; ore=1; sheep=3; wheat=2; wood=0; unknown=0; knights=2; dev-cards=4	roads=[88,122; 122,139; 139,156; 156,105; 105,71; 71,54]; settlements=[88,173]	okay..	 	 
501	21:36:19:941	sabercat	clay=3; ore=1; sheep=3; wheat=2; wood=0; unknown=0; knights=2; dev-cards=4	roads=[88,122; 122,139; 139,156; 156,105; 105,71; 71,54]; settlements=[88,173]	how about clay for sheep:	 	 
502	21:36:29:785	sabercat	clay=3; ore=1; sheep=3; wheat=2; wood=0; unknown=0; knights=2; dev-cards=4	roads=[88,122; 122,139; 139,156; 156,105; 105,71; 71,54]; settlements=[88,173]	yiin GO AWAY!	 	 
503	21:36:38:499	IG	clay=1; ore=2; sheep=1; wheat=1; wood=0; unknown=0; knights=4; dev-cards=0	roads=[103,84; 84,102; 102,118; 118,135; 135,152; 152,169; 169,170; 170,171; 171,188; 188,204]; settlements=[120,84]	haha nice	 	 
504	21:36:52:484	IG	clay=1; ore=2; sheep=1; wheat=1; wood=0; unknown=0; knights=4; dev-cards=0	roads=[103,84; 84,102; 102,118; 118,135; 135,152; 152,169; 169,170; 170,171; 171,188; 188,204]; settlements=[120,84]	and sorry, no clay for sheep	 	 
505	21:37:00:441	sabercat	clay=3; ore=1; sheep=3; wheat=2; wood=0; unknown=0; knights=2; dev-cards=4	roads=[88,122; 122,139; 139,156; 156,105; 105,71; 71,54]; settlements=[88,173]	skinnylinny?	 	 
506	21:37:07:035	skinnylinny	clay=3; ore=2; sheep=2; wheat=1; wood=0; unknown=0; knights=1; dev-cards=1	roads=[100,69; 69,52; 52,101; 101,116; 116,133; 133,150; 150,167; 167,184; 184,200; 200,199]; settlements=[52,167]; cities=[116,86]	No thanks	 	 
507	21:37:24:794	Server	 		sabercat traded 2 sheep for 1 ore from a port.	 	 
508	21:37:35:597	Server	 		IG rolled a 1 and a 5.	 	 
509	21:37:35:597	Server	 		sabercat gets 1 clay. IG gets 1 clay. skinnylinny gets 2 clay, 1 wheat.	 	 
510	21:37:50:987	skinnylinny	clay=5; ore=2; sheep=2; wheat=2; wood=0; unknown=0; knights=1; dev-cards=1	roads=[100,69; 69,52; 52,101; 101,116; 116,133; 133,150; 150,167; 167,184; 184,200; 200,199]; settlements=[52,167]; cities=[116,86]	Anyone need any clay? :P	 	 
511	21:37:54:177	IG	clay=2; ore=2; sheep=1; wheat=1; wood=0; unknown=0; knights=4; dev-cards=0	roads=[103,84; 84,102; 102,118; 118,135; 135,152; 152,169; 169,170; 170,171; 171,188; 188,204]; settlements=[120,84]	so I need wood...	 	 
512	21:38:03:047	skinnylinny	clay=5; ore=2; sheep=2; wheat=2; wood=0; unknown=0; knights=1; dev-cards=1	roads=[100,69; 69,52; 52,101; 101,116; 116,133; 133,150; 150,167; 167,184; 184,200; 200,199]; settlements=[52,167]; cities=[116,86]	Sorry, not got any	 	 
513	21:38:12:734	sabercat	clay=4; ore=2; sheep=1; wheat=2; wood=0; unknown=0; knights=2; dev-cards=4	roads=[88,122; 122,139; 139,156; 156,105; 105,71; 71,54]; settlements=[88,173]	nope... none here :(	 	 
514	21:38:18:841	IG	clay=2; ore=2; sheep=1; wheat=1; wood=0; unknown=0; knights=4; dev-cards=0	roads=[103,84; 84,102; 102,118; 118,135; 135,152; 152,169; 169,170; 170,171; 171,188; 188,204]; settlements=[120,84]	oh well	 	 
515	21:38:39:025	Server	 		skinnylinny rolled a 1 and a 2.	 	 
516	21:38:39:025	Server	 		IG gets 1 sheep. skinnylinny gets 2 sheep.	 	 
517	21:39:34:049	Server	 		skinnylinny traded 4 clay for 1 wood from the bank.	 	 
518	21:39:39:156	Server	 		skinnylinny built a road.	 	 
519	21:39:46:755	Server	 		sabercat rolled a 1 and a 4.	 	 
520	21:39:46:756	Server	 		sabercat gets 2 ore. IG gets 1 ore. skinnylinny gets 2 wood.	 
521	21:40:00:962	sabercat	clay=4; ore=4; sheep=1; wheat=2; wood=0; unknown=0; knights=2; dev-cards=4	roads=[88,122; 122,139; 139,156; 156,105; 105,71; 71,54]; settlements=[88,173]	skinnylinny	 	 
522	21:40:06:196	sabercat	clay=4; ore=4; sheep=1; wheat=2; wood=0; unknown=0; knights=2; dev-cards=4	roads=[88,122; 122,139; 139,156; 156,105; 105,71; 71,54]; settlements=[88,173]	som wood please?	 	 
523	21:40:14:372	skinnylinny	clay=0; ore=0; sheep=2; wheat=0; wood=2; unknown=0; knights=1; dev-cards=3	roads=[100,69; 69,52; 52,101; 101,116; 116,133; 133,150; 150,167; 167,184; 184,200; 200,199; 199,182]; settlements=[52,167]; cities=[116,86]	sabercat: What are you offering?	 	 
524	21:40:17:677	IG	clay=2; ore=3; sheep=2; wheat=1; wood=0; unknown=0; knights=4; dev-cards=0	roads=[103,84; 84,102; 102,118; 118,135; 135,152; 152,169; 169,170; 170,171; 171,188; 188,204]; settlements=[120,84]	hey, I want wood as well	 	 
525	21:40:24:129	sabercat	clay=4; ore=4; sheep=1; wheat=2; wood=0; unknown=0; knights=2; dev-cards=4	roads=[88,122; 122,139; 139,156; 156,105; 105,71; 71,54]; settlements=[88,173]	ore and clay	 	 
526	21:40:26:763	IG	clay=2; ore=3; sheep=2; wheat=1; wood=0; unknown=0; knights=4; dev-cards=0	roads=[103,84; 84,102; 102,118; 118,135; 135,152; 152,169; 169,170; 170,171; 171,188; 188,204]; settlements=[120,84]	offering 2 ore for one wood	 	 
527	21:40:45:017	skinnylinny	clay=0; ore=0; sheep=2; wheat=0; wood=2; unknown=0; knights=1; dev-cards=3	roads=[100,69; 69,52; 52,101; 101,116; 116,133; 133,150; 150,167; 167,184; 184,200; 200,199; 199,182]; settlements=[52,167]; cities=[116,86]	If anyone offers me one ore and one wheat they can have a wood	 	 
528	21:40:58:825	IG	clay=2; ore=3; sheep=2; wheat=1; wood=0; unknown=0; knights=4; dev-cards=0	roads=[103,84; 84,102; 102,118; 118,135; 135,152; 152,169; 169,170; 170,171; 171,188; 188,204]; settlements=[120,84]	go on then	 	 
529	21:41:03:878	sabercat	clay=4; ore=4; sheep=1; wheat=2; wood=0; unknown=0; knights=2; dev-cards=4	roads=[88,122; 122,139; 139,156; 156,105; 105,71; 71,54]; settlements=[88,173]	okay, can anyone give me clay?	 	 
530	21:41:13:666	sabercat	clay=4; ore=4; sheep=1; wheat=2; wood=0; unknown=0; knights=2; dev-cards=4	roads=[88,122; 122,139; 139,156; 156,105; 105,71; 71,54]; settlements=[88,173]	for ore?	 	 
531	21:41:18:180	IG	clay=2; ore=3; sheep=2; wheat=1; wood=0; unknown=0; knights=4; dev-cards=0	roads=[103,84; 84,102; 102,118; 118,135; 135,152; 152,169; 169,170; 170,171; 171,188; 188,204]; settlements=[120,84]	for what	 	 
532	21:41:18:505	sabercat	clay=4; ore=4; sheep=1; wheat=2; wood=0; unknown=0; knights=2; dev-cards=4	roads=[88,122; 122,139; 139,156; 156,105; 105,71; 71,54]; settlements=[88,173]	please	 	 
533	21:41:18:635	skinnylinny	clay=0; ore=0; sheep=2; wheat=0; wood=2; unknown=0; knights=1; dev-cards=3	roads=[100,69; 69,52; 52,101; 101,116; 116,133; 133,150; 150,167; 167,184; 184,200; 200,199; 199,182]; settlements=[52,167]; cities=[116,86]	IG, on your turn	 	 
534	21:41:22:623	IG	clay=2; ore=3; sheep=2; wheat=1; wood=0; unknown=0; knights=4; dev-cards=0	roads=[103,84; 84,102; 102,118; 118,135; 135,152; 152,169; 169,170; 170,171; 171,188; 188,204]; settlements=[120,84]	gotcha	 	 
535	21:41:35:059	sabercat	clay=4; ore=4; sheep=1; wheat=2; wood=0; unknown=0; knights=2; dev-cards=4	roads=[88,122; 122,139; 139,156; 156,105; 105,71; 71,54]; settlements=[88,173]	which one?	 	 
536	21:41:40:673	sabercat	clay=4; ore=4; sheep=1; wheat=2; wood=0; unknown=0; knights=2; dev-cards=4	roads=[88,122; 122,139; 139,156; 156,105; 105,71; 71,54]; settlements=[88,173]	are we trading?	 	 
537	21:41:49:055	IG	clay=2; ore=3; sheep=2; wheat=1; wood=0; unknown=0; knights=4; dev-cards=0	roads=[103,84; 84,102; 102,118; 118,135; 135,152; 152,169; 169,170; 170,171; 171,188; 188,204]; settlements=[120,84]	im trading with skinny next turn	 	 
538	21:42:00:393	sabercat	clay=4; ore=4; sheep=1; wheat=2; wood=0; unknown=0; knights=2; dev-cards=4	roads=[88,122; 122,139; 139,156; 156,105; 105,71; 71,54]; settlements=[88,173]	skinny, give me clay for ore?	 	 
539	21:42:23:938	sabercat	clay=4; ore=4; sheep=1; wheat=2; wood=0; unknown=0; knights=2; dev-cards=4	roads=[88,122; 122,139; 139,156; 156,105; 105,71; 71,54]; settlements=[88,173]	please?	 	 
540	21:42:29:611	skinnylinny	clay=0; ore=0; sheep=2; wheat=0; wood=2; unknown=0; knights=1; dev-cards=3	roads=[100,69; 69,52; 52,101; 101,116; 116,133; 133,150; 150,167; 167,184; 184,200; 200,199; 199,182]; settlements=[52,167]; cities=[116,86]	I have no clay	 	 
541	21:42:41:380	sabercat	clay=4; ore=4; sheep=1; wheat=2; wood=0; unknown=0; knights=2; dev-cards=4	roads=[88,122; 122,139; 139,156; 156,105; 105,71; 71,54]; settlements=[88,173]	incredible!	 	 
542	21:42:48:660	Server	 		sabercat built a city.	 	 
543	21:43:08:035	Server	 		IG rolled a 2 and a 5.	 	 
544	21:43:51:427	skinnylinny	clay=0; ore=0; sheep=2; wheat=0; wood=2; unknown=0; knights=1; dev-cards=3	roads=[100,69; 69,52; 52,101; 101,116; 116,133; 133,150; 150,167; 167,184; 184,200; 200,199; 199,182]; settlements=[52,167]; cities=[116,86]	Does that mean you won't trade with me, IG?	 	 
545	21:43:59:407	sabercat	clay=4; ore=1; sheep=1; wheat=0; wood=0; unknown=0; knights=2; dev-cards=4	roads=[88,122; 122,139; 139,156; 156,105; 105,71; 71,54]; cities=[139,88]	:D	 	 
546	21:44:07:250	IG	clay=1; ore=1; sheep=1; wheat=1; wood=0; unknown=0; knights=4; dev-cards=0	roads=[103,84; 84,102; 102,118; 118,135; 135,152; 152,169; 169,170; 170,171; 171,188; 188,204]; settlements=[120,84]	looks like it	 	 
547	21:44:33:378	IG	clay=1; ore=1; sheep=1; wheat=1; wood=1; unknown=0; knights=4; dev-cards=0	roads=[103,84; 84,102; 102,118; 118,135; 135,152; 152,169; 169,170; 170,171; 171,188; 188,204]; settlements=[120,84]	actually...	 	 
548	21:44:37:002	skinnylinny	clay=0; ore=0; sheep=2; wheat=0; wood=1; unknown=0; knights=1; dev-cards=3	roads=[100,69; 69,52; 52,101; 101,116; 116,133; 133,150; 150,167; 167,184; 184,200; 200,199; 199,182]; settlements=[52,167]; cities=[116,86]	:P	 	 
549	21:44:47:869	sabercat	clay=4; ore=1; sheep=1; wheat=0; wood=0; unknown=0; knights=2; dev-cards=4	roads=[88,122; 122,139; 139,156; 156,105; 105,71; 71,54]; cities=[139,88]	you got what you needed?	 	 
550	21:44:48:270	Server	 		IG made an offer to trade 1 ore, 1 wheat for 1 wood.	 	 
551	21:45:16:359	Server	 		skinnylinny rolled a 1 and a 3.	 	 
552	21:45:16:360	Server	 		IG gets 1 wheat. skinnylinny gets 1 wheat.	 	 
553	21:45:36:820	sabercat	clay=4; ore=1; sheep=1; wheat=0; wood=0; unknown=0; knights=2; dev-cards=4	roads=[88,122; 122,139; 139,156; 156,105; 105,71; 71,54]; cities=[139,88]	why would you throw four?	 	 
554	21:45:41:297	sabercat	clay=4; ore=1; sheep=1; wheat=0; wood=0; unknown=0; knights=2; dev-cards=4	roads=[88,122; 122,139; 139,156; 156,105; 105,71; 71,54]; cities=[139,88]	or roll..	 	 
555	21:45:45:068	skinnylinny	clay=0; ore=0; sheep=2; wheat=1; wood=1; unknown=0; knights=1; dev-cards=3	roads=[100,69; 69,52; 52,101; 101,116; 116,133; 133,150; 150,167; 167,184; 184,200; 200,199; 199,182]; settlements=[52,167]; cities=[116,86]	:P	 	 
556	21:45:51:841	sabercat	clay=4; ore=1; sheep=1; wheat=0; wood=0; unknown=0; knights=2; dev-cards=4	roads=[88,122; 122,139; 139,156; 156,105; 105,71; 71,54]; cities=[139,88]	":D I dont need four"""	 	 
557	21:45:54:142	sabercat	clay=4; ore=1; sheep=1; wheat=0; wood=0; unknown=0; knights=2; dev-cards=4	roads=[88,122; 122,139; 139,156; 156,105; 105,71; 71,54]; cities=[139,88]	!!!	 	 
558	21:45:55:674	sabercat	clay=4; ore=1; sheep=1; wheat=0; wood=0; unknown=0; knights=2; dev-cards=4	roads=[88,122; 122,139; 139,156; 156,105; 105,71; 71,54]; cities=[139,88]	:D	 	 
559	21:46:04:340	skinnylinny	clay=0; ore=0; sheep=2; wheat=1; wood=1; unknown=0; knights=1; dev-cards=3	roads=[100,69; 69,52; 52,101; 101,116; 116,133; 133,150; 150,167; 167,184; 184,200; 200,199; 199,182]; settlements=[52,167]; cities=[116,86]	I need an ore...	 	 
560	21:46:10:017	skinnylinny	clay=0; ore=0; sheep=2; wheat=1; wood=1; unknown=0; knights=1; dev-cards=3	roads=[100,69; 69,52; 52,101; 101,116; 116,133; 133,150; 150,167; 167,184; 184,200; 200,199; 199,182]; settlements=[52,167]; cities=[116,86]	Anyone got one for a sheep?	 	 
561	21:46:11:095	IG	clay=1; ore=1; sheep=1; wheat=2; wood=1; unknown=0; knights=4; dev-cards=0	roads=[103,84; 84,102; 102,118; 118,135; 135,152; 152,169; 169,170; 170,171; 171,188; 188,204]; settlements=[120,84]	what are you offfering?	 	 
562	21:46:20:301	IG	clay=1; ore=1; sheep=1; wheat=2; wood=1; unknown=0; knights=4; dev-cards=0	roads=[103,84; 84,102; 102,118; 118,135; 135,152; 152,169; 169,170; 170,171; 171,188; 188,204]; settlements=[120,84]	na	 	 
563	21:46:20:784	skinnylinny	clay=0; ore=0; sheep=2; wheat=1; wood=1; unknown=0; knights=1; dev-cards=3	roads=[100,69; 69,52; 52,101; 101,116; 116,133; 133,150; 150,167; 167,184; 184,200; 200,199; 199,182]; settlements=[52,167]; cities=[116,86]	Or another wood...	 	 
564	21:46:25:554	IG	clay=1; ore=1; sheep=1; wheat=2; wood=1; unknown=0; knights=4; dev-cards=0	roads=[103,84; 84,102; 102,118; 118,135; 135,152; 152,169; 169,170; 170,171; 171,188; 188,204]; settlements=[120,84]	haha deal	 	 
565	21:47:01:643	Server	 		skinnylinny made an offer to trade 1 wood for 1 ore.	 	 
566	21:47:17:123	Server	 		skinnylinny traded 1 wood for 1 ore from sabercat.	 	 
567	21:47:24:544	skinnylinny	clay=0; ore=1; sheep=2; wheat=1; wood=0; unknown=0; knights=1; dev-cards=3	roads=[100,69; 69,52; 52,101; 101,116; 116,133; 133,150; 150,167; 167,184; 184,200; 200,199; 199,182]; settlements=[52,167]; cities=[116,86]	Oh!	 	 
568	21:47:26:159	skinnylinny	clay=0; ore=1; sheep=2; wheat=1; wood=0; unknown=0; knights=1; dev-cards=3	roads=[100,69; 69,52; 52,101; 101,116; 116,133; 133,150; 150,167; 167,184; 184,200; 200,199; 199,182]; settlements=[52,167]; cities=[116,86]	Whoops	 	 
569	21:47:29:140	skinnylinny	clay=0; ore=1; sheep=2; wheat=1; wood=0; unknown=0; knights=1; dev-cards=3	roads=[100,69; 69,52; 52,101; 101,116; 116,133; 133,150; 150,167; 167,184; 184,200; 200,199; 199,182]; settlements=[52,167]; cities=[116,86]	Sorry!	 	 
570	21:47:29:428	sabercat	clay=4; ore=0; sheep=1; wheat=0; wood=1; unknown=0; knights=2; dev-cards=4	roads=[88,122; 122,139; 139,156; 156,105; 105,71; 71,54]; cities=[139,88]	:D	 	 
571	21:47:29:493	IG	clay=1; ore=1; sheep=1; wheat=2; wood=1; unknown=0; knights=4; dev-cards=0	roads=[103,84; 84,102; 102,118; 118,135; 135,152; 152,169; 169,170; 170,171; 171,188; 188,204]; settlements=[120,84]	wait, what?	 	 
572	21:47:31:830	sabercat	clay=4; ore=0; sheep=1; wheat=0; wood=1; unknown=0; knights=2; dev-cards=4	roads=[88,122; 122,139; 139,156; 156,105; 105,71; 71,54]; cities=[139,88]	:D	 	 
573	21:47:35:439	sabercat	clay=4; ore=0; sheep=1; wheat=0; wood=1; unknown=0; knights=2; dev-cards=4	roads=[88,122; 122,139; 139,156; 156,105; 105,71; 71,54]; cities=[139,88]	thanks!	 	 
574	21:48:10:254	IG	clay=1; ore=0; sheep=1; wheat=2; wood=1; unknown=0; knights=4; dev-cards=0	roads=[103,84; 84,102; 102,118; 118,135; 135,152; 152,169; 169,170; 170,171; 171,188; 188,204]; settlements=[120,84]	ugh	 	 
575	21:48:17:380	Server	 		sabercat rolled a 2 and a 1.	 	 
576	21:48:17:381	Server	 		IG gets 1 sheep. skinnylinny gets 2 sheep.	 	 
577	21:48:39:467	sabercat	clay=4; ore=0; sheep=1; wheat=0; wood=1; unknown=0; knights=2; dev-cards=4	roads=[88,122; 122,139; 139,156; 156,105; 105,71; 71,54]; cities=[139,88]	skinny	 	 
578	21:48:46:683	sabercat	clay=4; ore=0; sheep=1; wheat=0; wood=1; unknown=0; knights=2; dev-cards=4	roads=[88,122; 122,139; 139,156; 156,105; 105,71; 71,54]; cities=[139,88]	I need 2 sheep...	 	 
579	21:48:47:137	skinnylinny	clay=0; ore=1; sheep=3; wheat=0; wood=0; unknown=0; knights=2; dev-cards=3	roads=[100,69; 69,52; 52,101; 101,116; 116,133; 133,150; 150,167; 167,184; 184,200; 200,199; 199,182]; settlements=[52,167]; cities=[116,86]	Yes?	 	 
580	21:48:53:042	skinnylinny	clay=0; ore=1; sheep=3; wheat=0; wood=0; unknown=0; knights=2; dev-cards=3	roads=[100,69; 69,52; 52,101; 101,116; 116,133; 133,150; 150,167; 167,184; 184,200; 200,199; 199,182]; settlements=[52,167]; cities=[116,86]	What do you want for them?	 	 
581	21:48:56:827	sabercat	clay=4; ore=0; sheep=1; wheat=0; wood=1; unknown=0; knights=2; dev-cards=4	roads=[88,122; 122,139; 139,156; 156,105; 105,71; 71,54]; cities=[139,88]	can you trade for 3 clays	 	 
582	21:48:59:025	skinnylinny	clay=0; ore=1; sheep=3; wheat=0; wood=0; unknown=0; knights=2; dev-cards=3	roads=[100,69; 69,52; 52,101; 101,116; 116,133; 133,150; 150,167; 167,184; 184,200; 200,199; 199,182]; settlements=[52,167]; cities=[116,86]	*want them for	 	 
583	21:49:30:772	skinnylinny	clay=0; ore=1; sheep=3; wheat=0; wood=0; unknown=0; knights=2; dev-cards=3	roads=[100,69; 69,52; 52,101; 101,116; 116,133; 133,150; 150,167; 167,184; 184,200; 200,199; 199,182]; settlements=[52,167]; cities=[116,86]	I'll give you two sheep for 2 clay or for a clay and a wheat or a clay and a wood	 	 
584	21:49:42:725	sabercat	clay=4; ore=0; sheep=1; wheat=0; wood=1; unknown=0; knights=2; dev-cards=4	roads=[88,122; 122,139; 139,156; 156,105; 105,71; 71,54]; cities=[139,88]	dont have the other...	 	 
585	21:49:46:332	skinnylinny	clay=0; ore=1; sheep=3; wheat=0; wood=0; unknown=0; knights=2; dev-cards=3	roads=[100,69; 69,52; 52,101; 101,116; 116,133; 133,150; 150,167; 167,184; 184,200; 200,199; 199,182]; settlements=[52,167]; cities=[116,86]	Hmmm	 	 
586	21:49:50:912	skinnylinny	clay=0; ore=1; sheep=3; wheat=0; wood=0; unknown=0; knights=2; dev-cards=3	roads=[100,69; 69,52; 52,101; 101,116; 116,133; 133,150; 150,167; 167,184; 184,200; 200,199; 199,182]; settlements=[52,167]; cities=[116,86]	2 sheep for 2 clay?	 	 
587	21:49:56:596	sabercat	clay=4; ore=0; sheep=1; wheat=0; wood=1; unknown=0; knights=2; dev-cards=4	roads=[88,122; 122,139; 139,156; 156,105; 105,71; 71,54]; cities=[139,88]	okay :D	 	 
588	21:50:12:712	Server	 		sabercat made an offer to trade 2 clay for 2 sheep.	 	 
589	21:50:15:842	Server	 		sabercat traded 2 clay for 2 sheep from skinnylinny.	 	 
590	21:50:32:766	sabercat	clay=2; ore=0; sheep=3; wheat=0; wood=1; unknown=0; knights=2; dev-cards=4	roads=[88,122; 122,139; 139,156; 156,105; 105,71; 71,54]; cities=[139,88]	btw... originally, I was offering 3 clay..	 	 
591	21:50:41:553	Server	 		sabercat traded 2 sheep for 1 wheat from a port.	 	 
592	21:50:45:656	Server	 		sabercat built a settlement.	 	 
593	21:50:56:162	skinnylinny	clay=2; ore=1; sheep=1; wheat=0; wood=0; unknown=0; knights=2; dev-cards=3	roads=[100,69; 69,52; 52,101; 101,116; 116,133; 133,150; 150,167; 167,184; 184,200; 200,199; 199,182]; settlements=[52,167]; cities=[116,86]	Ah!	 	 
594	21:51:00:022	sabercat	clay=1; ore=0; sheep=0; wheat=0; wood=0; unknown=0; knights=2; dev-cards=4	roads=[88,122; 122,139; 139,156; 156,105; 105,71; 71,54]; settlements=[173,54]; cities=[139,88]	:D	 	 
595	21:51:03:143	IG	clay=1; ore=0; sheep=2; wheat=2; wood=1; unknown=0; knights=4; dev-cards=0	roads=[103,84; 84,102; 102,118; 118,135; 135,152; 152,169; 169,170; 170,171; 171,188; 188,204]; settlements=[120,84]	damn!	 	 
596	21:51:06:118	skinnylinny	clay=2; ore=1; sheep=1; wheat=0; wood=0; unknown=0; knights=2; dev-cards=3	roads=[100,69; 69,52; 52,101; 101,116; 116,133; 133,150; 150,167; 167,184; 184,200; 200,199; 199,182]; settlements=[52,167]; cities=[116,86]	I didn't want three clay	 	 
597	21:51:16:021	IG	clay=1; ore=0; sheep=2; wheat=2; wood=1; unknown=0; knights=4; dev-cards=0	roads=[103,84; 84,102; 102,118; 118,135; 135,152; 152,169; 169,170; 170,171; 171,188; 188,204]; settlements=[120,84]	didn't even see that coming. Nice one.	 	 
598	21:51:18:325	sabercat	clay=1; ore=0; sheep=0; wheat=0; wood=0; unknown=0; knights=2; dev-cards=4	roads=[88,122; 122,139; 139,156; 156,105; 105,71; 71,54]; settlements=[173,54]; cities=[139,88]	yeah, but would be better than two...	 	 
599	21:51:20:734	skinnylinny	clay=2; ore=1; sheep=1; wheat=0; wood=0; unknown=0; knights=2; dev-cards=3	roads=[100,69; 69,52; 52,101; 101,116; 116,133; 133,150; 150,167; 167,184; 184,200; 200,199; 199,182]; settlements=[52,167]; cities=[116,86]	Nor did I!	 	 
600	21:51:22:111	sabercat	clay=1; ore=0; sheep=0; wheat=0; wood=0; unknown=0; knights=2; dev-cards=4	roads=[88,122; 122,139; 139,156; 156,105; 105,71; 71,54]; settlements=[173,54]; cities=[139,88]	thanks	 	 
601	21:51:35:233	skinnylinny	clay=2; ore=1; sheep=1; wheat=0; wood=0; unknown=0; knights=2; dev-cards=3	roads=[100,69; 69,52; 52,101; 101,116; 116,133; 133,150; 150,167; 167,184; 184,200; 200,199; 199,182]; settlements=[52,167]; cities=[116,86]	Congrats!	 	 
602	21:51:38:699	IG	clay=1; ore=0; sheep=2; wheat=2; wood=1; unknown=0; knights=4; dev-cards=0	roads=[103,84; 84,102; 102,118; 118,135; 135,152; 152,169; 169,170; 170,171; 171,188; 188,204]; settlements=[120,84]	anyway, good game guys.	 	 
603	21:51:42:442	sabercat	clay=1; ore=0; sheep=0; wheat=0; wood=0; unknown=0; knights=2; dev-cards=4	roads=[88,122; 122,139; 139,156; 156,105; 105,71; 71,54]; settlements=[173,54]; cities=[139,88]	I hve built the buildings really badly in the beginning	 	 
604	21:51:49:629	sabercat	clay=1; ore=0; sheep=0; wheat=0; wood=0; unknown=0; knights=2; dev-cards=4	roads=[88,122; 122,139; 139,156; 156,105; 105,71; 71,54]; settlements=[173,54]; cities=[139,88]	so... a surprise here too..	 	 
605	21:51:51:356	sabercat	clay=1; ore=0; sheep=0; wheat=0; wood=0; unknown=0; knights=2; dev-cards=4	roads=[88,122; 122,139; 139,156; 156,105; 105,71; 71,54]; settlements=[173,54]; cities=[139,88]	"""D"	 	 
606	21:51:52:139	skinnylinny	clay=2; ore=1; sheep=1; wheat=0; wood=0; unknown=0; knights=2; dev-cards=3	roads=[100,69; 69,52; 52,101; 101,116; 116,133; 133,150; 150,167; 167,184; 184,200; 200,199; 199,182]; settlements=[52,167]; cities=[116,86]	Right	 	 
607	21:51:53:057	IG	clay=1; ore=0; sheep=2; wheat=2; wood=1; unknown=0; knights=4; dev-cards=0	roads=[103,84; 84,102; 102,118; 118,135; 135,152; 152,169; 169,170; 170,171; 171,188; 188,204]; settlements=[120,84]	What happens now? Do we play more?	 	 
608	21:51:53:317	skinnylinny	clay=2; ore=1; sheep=1; wheat=0; wood=0; unknown=0; knights=2; dev-cards=3	roads=[100,69; 69,52; 52,101; 101,116; 116,133; 133,150; 150,167; 167,184; 184,200; 200,199; 199,182]; settlements=[52,167]; cities=[116,86]	So	 	 
609	21:52:00:219	skinnylinny	clay=2; ore=1; sheep=1; wheat=0; wood=0; unknown=0; knights=2; dev-cards=3	roads=[100,69; 69,52; 52,101; 101,116; 116,133; 133,150; 150,167; 167,184; 184,200; 200,199; 199,182]; settlements=[52,167]; cities=[116,86]	Amy said she can do tomorrow night	 	 
610	21:52:04:723	skinnylinny	clay=2; ore=1; sheep=1; wheat=0; wood=0; unknown=0; knights=2; dev-cards=3	roads=[100,69; 69,52; 52,101; 101,116; 116,133; 133,150; 150,167; 167,184; 184,200; 200,199; 199,182]; settlements=[52,167]; cities=[116,86]	Can either of you?	 	 
611	21:52:06:858	IG	clay=1; ore=0; sheep=2; wheat=2; wood=1; unknown=0; knights=4; dev-cards=0	roads=[103,84; 84,102; 102,118; 118,135; 135,152; 152,169; 169,170; 170,171; 171,188; 188,204]; settlements=[120,84]	yea	 	 
612	21:52:10:135	IG	clay=1; ore=0; sheep=2; wheat=2; wood=1; unknown=0; knights=4; dev-cards=0	roads=[103,84; 84,102; 102,118; 118,135; 135,152; 152,169; 169,170; 170,171; 171,188; 188,204]; settlements=[120,84]	same time?	 	 
613	21:52:10:938	sabercat	clay=1; ore=0; sheep=0; wheat=0; wood=0; unknown=0; knights=2; dev-cards=4	roads=[88,122; 122,139; 139,156; 156,105; 105,71; 71,54]; settlements=[173,54]; cities=[139,88]	yeah	 	 
614	21:52:13:773	sabercat	clay=1; ore=0; sheep=0; wheat=0; wood=0; unknown=0; knights=2; dev-cards=4	roads=[88,122; 122,139; 139,156; 156,105; 105,71; 71,54]; settlements=[173,54]; cities=[139,88]	ok	 	 
615	21:52:20:954	skinnylinny	clay=2; ore=1; sheep=1; wheat=0; wood=0; unknown=0; knights=2; dev-cards=3	roads=[100,69; 69,52; 52,101; 101,116; 116,133; 133,150; 150,167; 167,184; 184,200; 200,199; 199,182]; settlements=[52,167]; cities=[116,86]	OK, I'll send out a group email	 	 
616	21:52:29:254	sabercat	clay=1; ore=0; sheep=0; wheat=0; wood=0; unknown=0; knights=2; dev-cards=4	roads=[88,122; 122,139; 139,156; 156,105; 105,71; 71,54]; settlements=[173,54]; cities=[139,88]	thanks guys	 	 
617	21:52:31:825	IG	clay=1; ore=0; sheep=2; wheat=2; wood=1; unknown=0; knights=4; dev-cards=0	roads=[103,84; 84,102; 102,118; 118,135; 135,152; 152,169; 169,170; 170,171; 171,188; 188,204]; settlements=[120,84]	good stuff. see you guys tomorrow :)	 	 
618	21:52:34:579	skinnylinny	clay=2; ore=1; sheep=1; wheat=0; wood=0; unknown=0; knights=2; dev-cards=3	roads=[100,69; 69,52; 52,101; 101,116; 116,133; 133,150; 150,167; 167,184; 184,200; 200,199; 199,182]; settlements=[52,167]; cities=[116,86]	Indeed, thanks all	 	 
619	21:52:37:363	sabercat	clay=1; ore=0; sheep=0; wheat=0; wood=0; unknown=0; knights=2; dev-cards=4	roads=[88,122; 122,139; 139,156; 156,105; 105,71; 71,54]; settlements=[173,54]; cities=[139,88]	"""0"	 	 
620	21:52:41:998	skinnylinny	clay=2; ore=1; sheep=1; wheat=0; wood=0; unknown=0; knights=2; dev-cards=3	roads=[100,69; 69,52; 52,101; 101,116; 116,133; 133,150; 150,167; 167,184; 184,200; 200,199; 199,182]; settlements=[52,167]; cities=[116,86]	What time?	 	 
621	21:52:46:489	sabercat	clay=1; ore=0; sheep=0; wheat=0; wood=0; unknown=0; knights=2; dev-cards=4	roads=[88,122; 122,139; 139,156; 156,105; 105,71; 71,54]; settlements=[173,54]; cities=[139,88]	8 pm	 	 
